mtllib seefern_body.mtl
usemtl baked
v 0.000000 0.880000 0.000000
v 0.000000 0.880000 0.000000
v 0.000000 0.874484 -0.013351
v 0.000000 0.880000 0.000000
v -0.006676 0.874484 -0.011563
v 0.000000 0.874484 -0.013351
v 0.000000 0.880000 0.000000
v 0.000000 0.880000 0.000000
v -0.006676 0.874484 -0.011563
v 0.000000 0.880000 0.000000
v -0.011563 0.874484 -0.006676
v -0.006676 0.874484 -0.011563
v 0.000000 0.880000 0.000000
v 0.000000 0.880000 0.000000
v -0.011563 0.874484 -0.006676
v 0.000000 0.880000 0.000000
v -0.013351 0.874484 -0.000000
v -0.011563 0.874484 -0.006676
v 0.000000 0.880000 0.000000
v 0.000000 0.880000 0.000000
v -0.013351 0.874484 -0.000000
v 0.000000 0.880000 0.000000
v -0.011563 0.874484 0.006676
v -0.013351 0.874484 -0.000000
v 0.000000 0.880000 0.000000
v 0.000000 0.880000 0.000000
v -0.011563 0.874484 0.006676
v 0.000000 0.880000 0.000000
v -0.006676 0.874484 0.011563
v -0.011563 0.874484 0.006676
v 0.000000 0.880000 0.000000
v 0.000000 0.880000 0.000000
v -0.006676 0.874484 0.011563
v 0.000000 0.880000 0.000000
v -0.000000 0.874484 0.013351
v -0.006676 0.874484 0.011563
v 0.000000 0.880000 0.000000
v 0.000000 0.880000 0.000000
v -0.000000 0.874484 0.013351
v 0.000000 0.880000 0.000000
v 0.006676 0.874484 0.011563
v -0.000000 0.874484 0.013351
v 0.000000 0.880000 0.000000
v 0.000000 0.880000 0.000000
v 0.006676 0.874484 0.011563
v 0.000000 0.880000 0.000000
v 0.011563 0.874484 0.006676
v 0.006676 0.874484 0.011563
v 0.000000 0.880000 0.000000
v 0.000000 0.880000 0.000000
v 0.011563 0.874484 0.006676
v 0.000000 0.880000 0.000000
v 0.013351 0.874484 0.000000
v 0.011563 0.874484 0.006676
v 0.000000 0.880000 0.000000
v 0.000000 0.880000 0.000000
v 0.013351 0.874484 0.000000
v 0.000000 0.880000 0.000000
v 0.011563 0.874484 -0.006676
v 0.013351 0.874484 0.000000
v 0.000000 0.880000 0.000000
v 0.000000 0.880000 0.000000
v 0.011563 0.874484 -0.006676
v 0.000000 0.880000 0.000000
v 0.006676 0.874484 -0.011563
v 0.011563 0.874484 -0.006676
v 0.000000 0.880000 0.000000
v 0.000000 0.880000 0.000000
v 0.006676 0.874484 -0.011563
v 0.000000 0.880000 0.000000
v 0.000000 0.874484 -0.013351
v 0.006676 0.874484 -0.011563
v 0.000000 0.874484 -0.013351
v -0.006676 0.874484 -0.011563
v 0.000000 0.858213 -0.026033
v -0.006676 0.874484 -0.011563
v -0.013017 0.858213 -0.022545
v 0.000000 0.858213 -0.026033
v -0.006676 0.874484 -0.011563
v -0.011563 0.874484 -0.006676
v -0.013017 0.858213 -0.022545
v -0.011563 0.874484 -0.006676
v -0.022545 0.858213 -0.013017
v -0.013017 0.858213 -0.022545
v -0.011563 0.874484 -0.006676
v -0.013351 0.874484 -0.000000
v -0.022545 0.858213 -0.013017
v -0.013351 0.874484 -0.000000
v -0.026033 0.858213 -0.000000
v -0.022545 0.858213 -0.013017
v -0.013351 0.874484 -0.000000
v -0.011563 0.874484 0.006676
v -0.026033 0.858213 -0.000000
v -0.011563 0.874484 0.006676
v -0.022545 0.858213 0.013017
v -0.026033 0.858213 -0.000000
v -0.011563 0.874484 0.006676
v -0.006676 0.874484 0.011563
v -0.022545 0.858213 0.013017
v -0.006676 0.874484 0.011563
v -0.013017 0.858213 0.022545
v -0.022545 0.858213 0.013017
v -0.006676 0.874484 0.011563
v -0.000000 0.874484 0.013351
v -0.013017 0.858213 0.022545
v -0.000000 0.874484 0.013351
v -0.000000 0.858213 0.026033
v -0.013017 0.858213 0.022545
v -0.000000 0.874484 0.013351
v 0.006676 0.874484 0.011563
v -0.000000 0.858213 0.026033
v 0.006676 0.874484 0.011563
v 0.013017 0.858213 0.022545
v -0.000000 0.858213 0.026033
v 0.006676 0.874484 0.011563
v 0.011563 0.874484 0.006676
v 0.013017 0.858213 0.022545
v 0.011563 0.874484 0.006676
v 0.022545 0.858213 0.013017
v 0.013017 0.858213 0.022545
v 0.011563 0.874484 0.006676
v 0.013351 0.874484 0.000000
v 0.022545 0.858213 0.013017
v 0.013351 0.874484 0.000000
v 0.026033 0.858213 0.000000
v 0.022545 0.858213 0.013017
v 0.013351 0.874484 0.000000
v 0.011563 0.874484 -0.006676
v 0.026033 0.858213 0.000000
v 0.011563 0.874484 -0.006676
v 0.022545 0.858213 -0.013017
v 0.026033 0.858213 0.000000
v 0.011563 0.874484 -0.006676
v 0.006676 0.874484 -0.011563
v 0.022545 0.858213 -0.013017
v 0.006676 0.874484 -0.011563
v 0.013017 0.858213 -0.022545
v 0.022545 0.858213 -0.013017
v 0.006676 0.874484 -0.011563
v 0.000000 0.874484 -0.013351
v 0.013017 0.858213 -0.022545
v 0.000000 0.874484 -0.013351
v 0.000000 0.858213 -0.026033
v 0.013017 0.858213 -0.022545
v 0.000000 0.858213 -0.026033
v -0.013017 0.858213 -0.022545
v 0.000000 0.832003 -0.037409
v -0.013017 0.858213 -0.022545
v -0.018705 0.832003 -0.032397
v 0.000000 0.832003 -0.037409
v -0.013017 0.858213 -0.022545
v -0.022545 0.858213 -0.013017
v -0.018705 0.832003 -0.032397
v -0.022545 0.858213 -0.013017
v -0.032397 0.832003 -0.018705
v -0.018705 0.832003 -0.032397
v -0.022545 0.858213 -0.013017
v -0.026033 0.858213 -0.000000
v -0.032397 0.832003 -0.018705
v -0.026033 0.858213 -0.000000
v -0.037409 0.832003 -0.000000
v -0.032397 0.832003 -0.018705
v -0.026033 0.858213 -0.000000
v -0.022545 0.858213 0.013017
v -0.037409 0.832003 -0.000000
v -0.022545 0.858213 0.013017
v -0.032397 0.832003 0.018705
v -0.037409 0.832003 -0.000000
v -0.022545 0.858213 0.013017
v -0.013017 0.858213 0.022545
v -0.032397 0.832003 0.018705
v -0.013017 0.858213 0.022545
v -0.018705 0.832003 0.032397
v -0.032397 0.832003 0.018705
v -0.013017 0.858213 0.022545
v -0.000000 0.858213 0.026033
v -0.018705 0.832003 0.032397
v -0.000000 0.858213 0.026033
v -0.000000 0.832003 0.037409
v -0.018705 0.832003 0.032397
v -0.000000 0.858213 0.026033
v 0.013017 0.858213 0.022545
v -0.000000 0.832003 0.037409
v 0.013017 0.858213 0.022545
v 0.018705 0.832003 0.032397
v -0.000000 0.832003 0.037409
v 0.013017 0.858213 0.022545
v 0.022545 0.858213 0.013017
v 0.018705 0.832003 0.032397
v 0.022545 0.858213 0.013017
v 0.032397 0.832003 0.018705
v 0.018705 0.832003 0.032397
v 0.022545 0.858213 0.013017
v 0.026033 0.858213 0.000000
v 0.032397 0.832003 0.018705
v 0.026033 0.858213 0.000000
v 0.037409 0.832003 0.000000
v 0.032397 0.832003 0.018705
v 0.026033 0.858213 0.000000
v 0.022545 0.858213 -0.013017
v 0.037409 0.832003 0.000000
v 0.022545 0.858213 -0.013017
v 0.032397 0.832003 -0.018705
v 0.037409 0.832003 0.000000
v 0.022545 0.858213 -0.013017
v 0.013017 0.858213 -0.022545
v 0.032397 0.832003 -0.018705
v 0.013017 0.858213 -0.022545
v 0.018705 0.832003 -0.032397
v 0.032397 0.832003 -0.018705
v 0.013017 0.858213 -0.022545
v 0.000000 0.858213 -0.026033
v 0.018705 0.832003 -0.032397
v 0.000000 0.858213 -0.026033
v 0.000000 0.832003 -0.037409
v 0.018705 0.832003 -0.032397
v 0.000000 0.832003 -0.037409
v -0.018705 0.832003 -0.032397
v 0.000000 0.797168 -0.046910
v -0.018705 0.832003 -0.032397
v -0.023455 0.797168 -0.040625
v 0.000000 0.797168 -0.046910
v -0.018705 0.832003 -0.032397
v -0.032397 0.832003 -0.018705
v -0.023455 0.797168 -0.040625
v -0.032397 0.832003 -0.018705
v -0.040625 0.797168 -0.023455
v -0.023455 0.797168 -0.040625
v -0.032397 0.832003 -0.018705
v -0.037409 0.832003 -0.000000
v -0.040625 0.797168 -0.023455
v -0.037409 0.832003 -0.000000
v -0.046910 0.797168 -0.000000
v -0.040625 0.797168 -0.023455
v -0.037409 0.832003 -0.000000
v -0.032397 0.832003 0.018705
v -0.046910 0.797168 -0.000000
v -0.032397 0.832003 0.018705
v -0.040625 0.797168 0.023455
v -0.046910 0.797168 -0.000000
v -0.032397 0.832003 0.018705
v -0.018705 0.832003 0.032397
v -0.040625 0.797168 0.023455
v -0.018705 0.832003 0.032397
v -0.023455 0.797168 0.040625
v -0.040625 0.797168 0.023455
v -0.018705 0.832003 0.032397
v -0.000000 0.832003 0.037409
v -0.023455 0.797168 0.040625
v -0.000000 0.832003 0.037409
v -0.000000 0.797168 0.046910
v -0.023455 0.797168 0.040625
v -0.000000 0.832003 0.037409
v 0.018705 0.832003 0.032397
v -0.000000 0.797168 0.046910
v 0.018705 0.832003 0.032397
v 0.023455 0.797168 0.040625
v -0.000000 0.797168 0.046910
v 0.018705 0.832003 0.032397
v 0.032397 0.832003 0.018705
v 0.023455 0.797168 0.040625
v 0.032397 0.832003 0.018705
v 0.040625 0.797168 0.023455
v 0.023455 0.797168 0.040625
v 0.032397 0.832003 0.018705
v 0.037409 0.832003 0.000000
v 0.040625 0.797168 0.023455
v 0.037409 0.832003 0.000000
v 0.046910 0.797168 0.000000
v 0.040625 0.797168 0.023455
v 0.037409 0.832003 0.000000
v 0.032397 0.832003 -0.018705
v 0.046910 0.797168 0.000000
v 0.032397 0.832003 -0.018705
v 0.040625 0.797168 -0.023455
v 0.046910 0.797168 0.000000
v 0.032397 0.832003 -0.018705
v 0.018705 0.832003 -0.032397
v 0.040625 0.797168 -0.023455
v 0.018705 0.832003 -0.032397
v 0.023455 0.797168 -0.040625
v 0.040625 0.797168 -0.023455
v 0.018705 0.832003 -0.032397
v 0.000000 0.832003 -0.037409
v 0.023455 0.797168 -0.040625
v 0.000000 0.832003 -0.037409
v 0.000000 0.797168 -0.046910
v 0.023455 0.797168 -0.040625
v 0.000000 0.797168 -0.046910
v -0.023455 0.797168 -0.040625
v 0.000000 0.755454 -0.054058
v -0.023455 0.797168 -0.040625
v -0.027029 0.755454 -0.046816
v 0.000000 0.755454 -0.054058
v -0.023455 0.797168 -0.040625
v -0.040625 0.797168 -0.023455
v -0.027029 0.755454 -0.046816
v -0.040625 0.797168 -0.023455
v -0.046816 0.755454 -0.027029
v -0.027029 0.755454 -0.046816
v -0.040625 0.797168 -0.023455
v -0.046910 0.797168 -0.000000
v -0.046816 0.755454 -0.027029
v -0.046910 0.797168 -0.000000
v -0.054058 0.755454 -0.000000
v -0.046816 0.755454 -0.027029
v -0.046910 0.797168 -0.000000
v -0.040625 0.797168 0.023455
v -0.054058 0.755454 -0.000000
v -0.040625 0.797168 0.023455
v -0.046816 0.755454 0.027029
v -0.054058 0.755454 -0.000000
v -0.040625 0.797168 0.023455
v -0.023455 0.797168 0.040625
v -0.046816 0.755454 0.027029
v -0.023455 0.797168 0.040625
v -0.027029 0.755454 0.046816
v -0.046816 0.755454 0.027029
v -0.023455 0.797168 0.040625
v -0.000000 0.797168 0.046910
v -0.027029 0.755454 0.046816
v -0.000000 0.797168 0.046910
v -0.000000 0.755454 0.054058
v -0.027029 0.755454 0.046816
v -0.000000 0.797168 0.046910
v 0.023455 0.797168 0.040625
v -0.000000 0.755454 0.054058
v 0.023455 0.797168 0.040625
v 0.027029 0.755454 0.046816
v -0.000000 0.755454 0.054058
v 0.023455 0.797168 0.040625
v 0.040625 0.797168 0.023455
v 0.027029 0.755454 0.046816
v 0.040625 0.797168 0.023455
v 0.046816 0.755454 0.027029
v 0.027029 0.755454 0.046816
v 0.040625 0.797168 0.023455
v 0.046910 0.797168 0.000000
v 0.046816 0.755454 0.027029
v 0.046910 0.797168 0.000000
v 0.054058 0.755454 0.000000
v 0.046816 0.755454 0.027029
v 0.046910 0.797168 0.000000
v 0.040625 0.797168 -0.023455
v 0.054058 0.755454 0.000000
v 0.040625 0.797168 -0.023455
v 0.046816 0.755454 -0.027029
v 0.054058 0.755454 0.000000
v 0.040625 0.797168 -0.023455
v 0.023455 0.797168 -0.040625
v 0.046816 0.755454 -0.027029
v 0.023455 0.797168 -0.040625
v 0.027029 0.755454 -0.046816
v 0.046816 0.755454 -0.027029
v 0.023455 0.797168 -0.040625
v 0.000000 0.797168 -0.046910
v 0.027029 0.755454 -0.046816
v 0.000000 0.797168 -0.046910
v 0.000000 0.755454 -0.054058
v 0.027029 0.755454 -0.046816
v 0.000000 0.755454 -0.054058
v -0.027029 0.755454 -0.046816
v 0.000000 0.708955 -0.058496
v -0.027029 0.755454 -0.046816
v -0.029248 0.708955 -0.050659
v 0.000000 0.708955 -0.058496
v -0.027029 0.755454 -0.046816
v -0.046816 0.755454 -0.027029
v -0.029248 0.708955 -0.050659
v -0.046816 0.755454 -0.027029
v -0.050659 0.708955 -0.029248
v -0.029248 0.708955 -0.050659
v -0.046816 0.755454 -0.027029
v -0.054058 0.755454 -0.000000
v -0.050659 0.708955 -0.029248
v -0.054058 0.755454 -0.000000
v -0.058496 0.708955 -0.000000
v -0.050659 0.708955 -0.029248
v -0.054058 0.755454 -0.000000
v -0.046816 0.755454 0.027029
v -0.058496 0.708955 -0.000000
v -0.046816 0.755454 0.027029
v -0.050659 0.708955 0.029248
v -0.058496 0.708955 -0.000000
v -0.046816 0.755454 0.027029
v -0.027029 0.755454 0.046816
v -0.050659 0.708955 0.029248
v -0.027029 0.755454 0.046816
v -0.029248 0.708955 0.050659
v -0.050659 0.708955 0.029248
v -0.027029 0.755454 0.046816
v -0.000000 0.755454 0.054058
v -0.029248 0.708955 0.050659
v -0.000000 0.755454 0.054058
v -0.000000 0.708955 0.058496
v -0.029248 0.708955 0.050659
v -0.000000 0.755454 0.054058
v 0.027029 0.755454 0.046816
v -0.000000 0.708955 0.058496
v 0.027029 0.755454 0.046816
v 0.029248 0.708955 0.050659
v -0.000000 0.708955 0.058496
v 0.027029 0.755454 0.046816
v 0.046816 0.755454 0.027029
v 0.029248 0.708955 0.050659
v 0.046816 0.755454 0.027029
v 0.050659 0.708955 0.029248
v 0.029248 0.708955 0.050659
v 0.046816 0.755454 0.027029
v 0.054058 0.755454 0.000000
v 0.050659 0.708955 0.029248
v 0.054058 0.755454 0.000000
v 0.058496 0.708955 0.000000
v 0.050659 0.708955 0.029248
v 0.054058 0.755454 0.000000
v 0.046816 0.755454 -0.027029
v 0.058496 0.708955 0.000000
v 0.046816 0.755454 -0.027029
v 0.050659 0.708955 -0.029248
v 0.058496 0.708955 0.000000
v 0.046816 0.755454 -0.027029
v 0.027029 0.755454 -0.046816
v 0.050659 0.708955 -0.029248
v 0.027029 0.755454 -0.046816
v 0.029248 0.708955 -0.050659
v 0.050659 0.708955 -0.029248
v 0.027029 0.755454 -0.046816
v 0.000000 0.755454 -0.054058
v 0.029248 0.708955 -0.050659
v 0.000000 0.755454 -0.054058
v 0.000000 0.708955 -0.058496
v 0.029248 0.708955 -0.050659
v 0.000000 0.708955 -0.058496
v -0.029248 0.708955 -0.050659
v 0.000000 0.660000 -0.060000
v -0.029248 0.708955 -0.050659
v -0.030000 0.660000 -0.051962
v 0.000000 0.660000 -0.060000
v -0.029248 0.708955 -0.050659
v -0.050659 0.708955 -0.029248
v -0.030000 0.660000 -0.051962
v -0.050659 0.708955 -0.029248
v -0.051962 0.660000 -0.030000
v -0.030000 0.660000 -0.051962
v -0.050659 0.708955 -0.029248
v -0.058496 0.708955 -0.000000
v -0.051962 0.660000 -0.030000
v -0.058496 0.708955 -0.000000
v -0.060000 0.660000 -0.000000
v -0.051962 0.660000 -0.030000
v -0.058496 0.708955 -0.000000
v -0.050659 0.708955 0.029248
v -0.060000 0.660000 -0.000000
v -0.050659 0.708955 0.029248
v -0.051962 0.660000 0.030000
v -0.060000 0.660000 -0.000000
v -0.050659 0.708955 0.029248
v -0.029248 0.708955 0.050659
v -0.051962 0.660000 0.030000
v -0.029248 0.708955 0.050659
v -0.030000 0.660000 0.051962
v -0.051962 0.660000 0.030000
v -0.029248 0.708955 0.050659
v -0.000000 0.708955 0.058496
v -0.030000 0.660000 0.051962
v -0.000000 0.708955 0.058496
v -0.000000 0.660000 0.060000
v -0.030000 0.660000 0.051962
v -0.000000 0.708955 0.058496
v 0.029248 0.708955 0.050659
v -0.000000 0.660000 0.060000
v 0.029248 0.708955 0.050659
v 0.030000 0.660000 0.051962
v -0.000000 0.660000 0.060000
v 0.029248 0.708955 0.050659
v 0.050659 0.708955 0.029248
v 0.030000 0.660000 0.051962
v 0.050659 0.708955 0.029248
v 0.051962 0.660000 0.030000
v 0.030000 0.660000 0.051962
v 0.050659 0.708955 0.029248
v 0.058496 0.708955 0.000000
v 0.051962 0.660000 0.030000
v 0.058496 0.708955 0.000000
v 0.060000 0.660000 0.000000
v 0.051962 0.660000 0.030000
v 0.058496 0.708955 0.000000
v 0.050659 0.708955 -0.029248
v 0.060000 0.660000 0.000000
v 0.050659 0.708955 -0.029248
v 0.051962 0.660000 -0.030000
v 0.060000 0.660000 0.000000
v 0.050659 0.708955 -0.029248
v 0.029248 0.708955 -0.050659
v 0.051962 0.660000 -0.030000
v 0.029248 0.708955 -0.050659
v 0.030000 0.660000 -0.051962
v 0.051962 0.660000 -0.030000
v 0.029248 0.708955 -0.050659
v 0.000000 0.708955 -0.058496
v 0.030000 0.660000 -0.051962
v 0.000000 0.708955 -0.058496
v 0.000000 0.660000 -0.060000
v 0.030000 0.660000 -0.051962
v 0.000000 0.660000 -0.060000
v -0.030000 0.660000 -0.051962
v 0.000000 0.597143 -0.060000
v -0.030000 0.660000 -0.051962
v -0.030000 0.597143 -0.051962
v 0.000000 0.597143 -0.060000
v -0.030000 0.660000 -0.051962
v -0.051962 0.660000 -0.030000
v -0.030000 0.597143 -0.051962
v -0.051962 0.660000 -0.030000
v -0.051962 0.597143 -0.030000
v -0.030000 0.597143 -0.051962
v -0.051962 0.660000 -0.030000
v -0.060000 0.660000 -0.000000
v -0.051962 0.597143 -0.030000
v -0.060000 0.660000 -0.000000
v -0.060000 0.597143 -0.000000
v -0.051962 0.597143 -0.030000
v -0.060000 0.660000 -0.000000
v -0.051962 0.660000 0.030000
v -0.060000 0.597143 -0.000000
v -0.051962 0.660000 0.030000
v -0.051962 0.597143 0.030000
v -0.060000 0.597143 -0.000000
v -0.051962 0.660000 0.030000
v -0.030000 0.660000 0.051962
v -0.051962 0.597143 0.030000
v -0.030000 0.660000 0.051962
v -0.030000 0.597143 0.051962
v -0.051962 0.597143 0.030000
v -0.030000 0.660000 0.051962
v -0.000000 0.660000 0.060000
v -0.030000 0.597143 0.051962
v -0.000000 0.660000 0.060000
v -0.000000 0.597143 0.060000
v -0.030000 0.597143 0.051962
v -0.000000 0.660000 0.060000
v 0.030000 0.660000 0.051962
v -0.000000 0.597143 0.060000
v 0.030000 0.660000 0.051962
v 0.030000 0.597143 0.051962
v -0.000000 0.597143 0.060000
v 0.030000 0.660000 0.051962
v 0.051962 0.660000 0.030000
v 0.030000 0.597143 0.051962
v 0.051962 0.660000 0.030000
v 0.051962 0.597143 0.030000
v 0.030000 0.597143 0.051962
v 0.051962 0.660000 0.030000
v 0.060000 0.660000 0.000000
v 0.051962 0.597143 0.030000
v 0.060000 0.660000 0.000000
v 0.060000 0.597143 0.000000
v 0.051962 0.597143 0.030000
v 0.060000 0.660000 0.000000
v 0.051962 0.660000 -0.030000
v 0.060000 0.597143 0.000000
v 0.051962 0.660000 -0.030000
v 0.051962 0.597143 -0.030000
v 0.060000 0.597143 0.000000
v 0.051962 0.660000 -0.030000
v 0.030000 0.660000 -0.051962
v 0.051962 0.597143 -0.030000
v 0.030000 0.660000 -0.051962
v 0.030000 0.597143 -0.051962
v 0.051962 0.597143 -0.030000
v 0.030000 0.660000 -0.051962
v 0.000000 0.660000 -0.060000
v 0.030000 0.597143 -0.051962
v 0.000000 0.660000 -0.060000
v 0.000000 0.597143 -0.060000
v 0.030000 0.597143 -0.051962
v 0.000000 0.597143 -0.060000
v -0.030000 0.597143 -0.051962
v 0.000000 0.534286 -0.060000
v -0.030000 0.597143 -0.051962
v -0.030000 0.534286 -0.051962
v 0.000000 0.534286 -0.060000
v -0.030000 0.597143 -0.051962
v -0.051962 0.597143 -0.030000
v -0.030000 0.534286 -0.051962
v -0.051962 0.597143 -0.030000
v -0.051962 0.534286 -0.030000
v -0.030000 0.534286 -0.051962
v -0.051962 0.597143 -0.030000
v -0.060000 0.597143 -0.000000
v -0.051962 0.534286 -0.030000
v -0.060000 0.597143 -0.000000
v -0.060000 0.534286 -0.000000
v -0.051962 0.534286 -0.030000
v -0.060000 0.597143 -0.000000
v -0.051962 0.597143 0.030000
v -0.060000 0.534286 -0.000000
v -0.051962 0.597143 0.030000
v -0.051962 0.534286 0.030000
v -0.060000 0.534286 -0.000000
v -0.051962 0.597143 0.030000
v -0.030000 0.597143 0.051962
v -0.051962 0.534286 0.030000
v -0.030000 0.597143 0.051962
v -0.030000 0.534286 0.051962
v -0.051962 0.534286 0.030000
v -0.030000 0.597143 0.051962
v -0.000000 0.597143 0.060000
v -0.030000 0.534286 0.051962
v -0.000000 0.597143 0.060000
v -0.000000 0.534286 0.060000
v -0.030000 0.534286 0.051962
v -0.000000 0.597143 0.060000
v 0.030000 0.597143 0.051962
v -0.000000 0.534286 0.060000
v 0.030000 0.597143 0.051962
v 0.030000 0.534286 0.051962
v -0.000000 0.534286 0.060000
v 0.030000 0.597143 0.051962
v 0.051962 0.597143 0.030000
v 0.030000 0.534286 0.051962
v 0.051962 0.597143 0.030000
v 0.051962 0.534286 0.030000
v 0.030000 0.534286 0.051962
v 0.051962 0.597143 0.030000
v 0.060000 0.597143 0.000000
v 0.051962 0.534286 0.030000
v 0.060000 0.597143 0.000000
v 0.060000 0.534286 0.000000
v 0.051962 0.534286 0.030000
v 0.060000 0.597143 0.000000
v 0.051962 0.597143 -0.030000
v 0.060000 0.534286 0.000000
v 0.051962 0.597143 -0.030000
v 0.051962 0.534286 -0.030000
v 0.060000 0.534286 0.000000
v 0.051962 0.597143 -0.030000
v 0.030000 0.597143 -0.051962
v 0.051962 0.534286 -0.030000
v 0.030000 0.597143 -0.051962
v 0.030000 0.534286 -0.051962
v 0.051962 0.534286 -0.030000
v 0.030000 0.597143 -0.051962
v 0.000000 0.597143 -0.060000
v 0.030000 0.534286 -0.051962
v 0.000000 0.597143 -0.060000
v 0.000000 0.534286 -0.060000
v 0.030000 0.534286 -0.051962
v 0.000000 0.534286 -0.060000
v -0.030000 0.534286 -0.051962
v 0.000000 0.471429 -0.060000
v -0.030000 0.534286 -0.051962
v -0.030000 0.471429 -0.051962
v 0.000000 0.471429 -0.060000
v -0.030000 0.534286 -0.051962
v -0.051962 0.534286 -0.030000
v -0.030000 0.471429 -0.051962
v -0.051962 0.534286 -0.030000
v -0.051962 0.471429 -0.030000
v -0.030000 0.471429 -0.051962
v -0.051962 0.534286 -0.030000
v -0.060000 0.534286 -0.000000
v -0.051962 0.471429 -0.030000
v -0.060000 0.534286 -0.000000
v -0.060000 0.471429 -0.000000
v -0.051962 0.471429 -0.030000
v -0.060000 0.534286 -0.000000
v -0.051962 0.534286 0.030000
v -0.060000 0.471429 -0.000000
v -0.051962 0.534286 0.030000
v -0.051962 0.471429 0.030000
v -0.060000 0.471429 -0.000000
v -0.051962 0.534286 0.030000
v -0.030000 0.534286 0.051962
v -0.051962 0.471429 0.030000
v -0.030000 0.534286 0.051962
v -0.030000 0.471429 0.051962
v -0.051962 0.471429 0.030000
v -0.030000 0.534286 0.051962
v -0.000000 0.534286 0.060000
v -0.030000 0.471429 0.051962
v -0.000000 0.534286 0.060000
v -0.000000 0.471429 0.060000
v -0.030000 0.471429 0.051962
v -0.000000 0.534286 0.060000
v 0.030000 0.534286 0.051962
v -0.000000 0.471429 0.060000
v 0.030000 0.534286 0.051962
v 0.030000 0.471429 0.051962
v -0.000000 0.471429 0.060000
v 0.030000 0.534286 0.051962
v 0.051962 0.534286 0.030000
v 0.030000 0.471429 0.051962
v 0.051962 0.534286 0.030000
v 0.051962 0.471429 0.030000
v 0.030000 0.471429 0.051962
v 0.051962 0.534286 0.030000
v 0.060000 0.534286 0.000000
v 0.051962 0.471429 0.030000
v 0.060000 0.534286 0.000000
v 0.060000 0.471429 0.000000
v 0.051962 0.471429 0.030000
v 0.060000 0.534286 0.000000
v 0.051962 0.534286 -0.030000
v 0.060000 0.471429 0.000000
v 0.051962 0.534286 -0.030000
v 0.051962 0.471429 -0.030000
v 0.060000 0.471429 0.000000
v 0.051962 0.534286 -0.030000
v 0.030000 0.534286 -0.051962
v 0.051962 0.471429 -0.030000
v 0.030000 0.534286 -0.051962
v 0.030000 0.471429 -0.051962
v 0.051962 0.471429 -0.030000
v 0.030000 0.534286 -0.051962
v 0.000000 0.534286 -0.060000
v 0.030000 0.471429 -0.051962
v 0.000000 0.534286 -0.060000
v 0.000000 0.471429 -0.060000
v 0.030000 0.471429 -0.051962
v 0.000000 0.471429 -0.060000
v -0.030000 0.471429 -0.051962
v 0.000000 0.408571 -0.060000
v -0.030000 0.471429 -0.051962
v -0.030000 0.408571 -0.051962
v 0.000000 0.408571 -0.060000
v -0.030000 0.471429 -0.051962
v -0.051962 0.471429 -0.030000
v -0.030000 0.408571 -0.051962
v -0.051962 0.471429 -0.030000
v -0.051962 0.408571 -0.030000
v -0.030000 0.408571 -0.051962
v -0.051962 0.471429 -0.030000
v -0.060000 0.471429 -0.000000
v -0.051962 0.408571 -0.030000
v -0.060000 0.471429 -0.000000
v -0.060000 0.408571 -0.000000
v -0.051962 0.408571 -0.030000
v -0.060000 0.471429 -0.000000
v -0.051962 0.471429 0.030000
v -0.060000 0.408571 -0.000000
v -0.051962 0.471429 0.030000
v -0.051962 0.408571 0.030000
v -0.060000 0.408571 -0.000000
v -0.051962 0.471429 0.030000
v -0.030000 0.471429 0.051962
v -0.051962 0.408571 0.030000
v -0.030000 0.471429 0.051962
v -0.030000 0.408571 0.051962
v -0.051962 0.408571 0.030000
v -0.030000 0.471429 0.051962
v -0.000000 0.471429 0.060000
v -0.030000 0.408571 0.051962
v -0.000000 0.471429 0.060000
v -0.000000 0.408571 0.060000
v -0.030000 0.408571 0.051962
v -0.000000 0.471429 0.060000
v 0.030000 0.471429 0.051962
v -0.000000 0.408571 0.060000
v 0.030000 0.471429 0.051962
v 0.030000 0.408571 0.051962
v -0.000000 0.408571 0.060000
v 0.030000 0.471429 0.051962
v 0.051962 0.471429 0.030000
v 0.030000 0.408571 0.051962
v 0.051962 0.471429 0.030000
v 0.051962 0.408571 0.030000
v 0.030000 0.408571 0.051962
v 0.051962 0.471429 0.030000
v 0.060000 0.471429 0.000000
v 0.051962 0.408571 0.030000
v 0.060000 0.471429 0.000000
v 0.060000 0.408571 0.000000
v 0.051962 0.408571 0.030000
v 0.060000 0.471429 0.000000
v 0.051962 0.471429 -0.030000
v 0.060000 0.408571 0.000000
v 0.051962 0.471429 -0.030000
v 0.051962 0.408571 -0.030000
v 0.060000 0.408571 0.000000
v 0.051962 0.471429 -0.030000
v 0.030000 0.471429 -0.051962
v 0.051962 0.408571 -0.030000
v 0.030000 0.471429 -0.051962
v 0.030000 0.408571 -0.051962
v 0.051962 0.408571 -0.030000
v 0.030000 0.471429 -0.051962
v 0.000000 0.471429 -0.060000
v 0.030000 0.408571 -0.051962
v 0.000000 0.471429 -0.060000
v 0.000000 0.408571 -0.060000
v 0.030000 0.408571 -0.051962
v 0.000000 0.408571 -0.060000
v -0.030000 0.408571 -0.051962
v 0.000000 0.345714 -0.060000
v -0.030000 0.408571 -0.051962
v -0.030000 0.345714 -0.051962
v 0.000000 0.345714 -0.060000
v -0.030000 0.408571 -0.051962
v -0.051962 0.408571 -0.030000
v -0.030000 0.345714 -0.051962
v -0.051962 0.408571 -0.030000
v -0.051962 0.345714 -0.030000
v -0.030000 0.345714 -0.051962
v -0.051962 0.408571 -0.030000
v -0.060000 0.408571 -0.000000
v -0.051962 0.345714 -0.030000
v -0.060000 0.408571 -0.000000
v -0.060000 0.345714 -0.000000
v -0.051962 0.345714 -0.030000
v -0.060000 0.408571 -0.000000
v -0.051962 0.408571 0.030000
v -0.060000 0.345714 -0.000000
v -0.051962 0.408571 0.030000
v -0.051962 0.345714 0.030000
v -0.060000 0.345714 -0.000000
v -0.051962 0.408571 0.030000
v -0.030000 0.408571 0.051962
v -0.051962 0.345714 0.030000
v -0.030000 0.408571 0.051962
v -0.030000 0.345714 0.051962
v -0.051962 0.345714 0.030000
v -0.030000 0.408571 0.051962
v -0.000000 0.408571 0.060000
v -0.030000 0.345714 0.051962
v -0.000000 0.408571 0.060000
v -0.000000 0.345714 0.060000
v -0.030000 0.345714 0.051962
v -0.000000 0.408571 0.060000
v 0.030000 0.408571 0.051962
v -0.000000 0.345714 0.060000
v 0.030000 0.408571 0.051962
v 0.030000 0.345714 0.051962
v -0.000000 0.345714 0.060000
v 0.030000 0.408571 0.051962
v 0.051962 0.408571 0.030000
v 0.030000 0.345714 0.051962
v 0.051962 0.408571 0.030000
v 0.051962 0.345714 0.030000
v 0.030000 0.345714 0.051962
v 0.051962 0.408571 0.030000
v 0.060000 0.408571 0.000000
v 0.051962 0.345714 0.030000
v 0.060000 0.408571 0.000000
v 0.060000 0.345714 0.000000
v 0.051962 0.345714 0.030000
v 0.060000 0.408571 0.000000
v 0.051962 0.408571 -0.030000
v 0.060000 0.345714 0.000000
v 0.051962 0.408571 -0.030000
v 0.051962 0.345714 -0.030000
v 0.060000 0.345714 0.000000
v 0.051962 0.408571 -0.030000
v 0.030000 0.408571 -0.051962
v 0.051962 0.345714 -0.030000
v 0.030000 0.408571 -0.051962
v 0.030000 0.345714 -0.051962
v 0.051962 0.345714 -0.030000
v 0.030000 0.408571 -0.051962
v 0.000000 0.408571 -0.060000
v 0.030000 0.345714 -0.051962
v 0.000000 0.408571 -0.060000
v 0.000000 0.345714 -0.060000
v 0.030000 0.345714 -0.051962
v 0.000000 0.345714 -0.060000
v -0.030000 0.345714 -0.051962
v 0.000000 0.282857 -0.060000
v -0.030000 0.345714 -0.051962
v -0.030000 0.282857 -0.051962
v 0.000000 0.282857 -0.060000
v -0.030000 0.345714 -0.051962
v -0.051962 0.345714 -0.030000
v -0.030000 0.282857 -0.051962
v -0.051962 0.345714 -0.030000
v -0.051962 0.282857 -0.030000
v -0.030000 0.282857 -0.051962
v -0.051962 0.345714 -0.030000
v -0.060000 0.345714 -0.000000
v -0.051962 0.282857 -0.030000
v -0.060000 0.345714 -0.000000
v -0.060000 0.282857 -0.000000
v -0.051962 0.282857 -0.030000
v -0.060000 0.345714 -0.000000
v -0.051962 0.345714 0.030000
v -0.060000 0.282857 -0.000000
v -0.051962 0.345714 0.030000
v -0.051962 0.282857 0.030000
v -0.060000 0.282857 -0.000000
v -0.051962 0.345714 0.030000
v -0.030000 0.345714 0.051962
v -0.051962 0.282857 0.030000
v -0.030000 0.345714 0.051962
v -0.030000 0.282857 0.051962
v -0.051962 0.282857 0.030000
v -0.030000 0.345714 0.051962
v -0.000000 0.345714 0.060000
v -0.030000 0.282857 0.051962
v -0.000000 0.345714 0.060000
v -0.000000 0.282857 0.060000
v -0.030000 0.282857 0.051962
v -0.000000 0.345714 0.060000
v 0.030000 0.345714 0.051962
v -0.000000 0.282857 0.060000
v 0.030000 0.345714 0.051962
v 0.030000 0.282857 0.051962
v -0.000000 0.282857 0.060000
v 0.030000 0.345714 0.051962
v 0.051962 0.345714 0.030000
v 0.030000 0.282857 0.051962
v 0.051962 0.345714 0.030000
v 0.051962 0.282857 0.030000
v 0.030000 0.282857 0.051962
v 0.051962 0.345714 0.030000
v 0.060000 0.345714 0.000000
v 0.051962 0.282857 0.030000
v 0.060000 0.345714 0.000000
v 0.060000 0.282857 0.000000
v 0.051962 0.282857 0.030000
v 0.060000 0.345714 0.000000
v 0.051962 0.345714 -0.030000
v 0.060000 0.282857 0.000000
v 0.051962 0.345714 -0.030000
v 0.051962 0.282857 -0.030000
v 0.060000 0.282857 0.000000
v 0.051962 0.345714 -0.030000
v 0.030000 0.345714 -0.051962
v 0.051962 0.282857 -0.030000
v 0.030000 0.345714 -0.051962
v 0.030000 0.282857 -0.051962
v 0.051962 0.282857 -0.030000
v 0.030000 0.345714 -0.051962
v 0.000000 0.345714 -0.060000
v 0.030000 0.282857 -0.051962
v 0.000000 0.345714 -0.060000
v 0.000000 0.282857 -0.060000
v 0.030000 0.282857 -0.051962
v 0.000000 0.282857 -0.060000
v -0.030000 0.282857 -0.051962
v 0.000000 0.220000 -0.060000
v -0.030000 0.282857 -0.051962
v -0.030000 0.220000 -0.051962
v 0.000000 0.220000 -0.060000
v -0.030000 0.282857 -0.051962
v -0.051962 0.282857 -0.030000
v -0.030000 0.220000 -0.051962
v -0.051962 0.282857 -0.030000
v -0.051962 0.220000 -0.030000
v -0.030000 0.220000 -0.051962
v -0.051962 0.282857 -0.030000
v -0.060000 0.282857 -0.000000
v -0.051962 0.220000 -0.030000
v -0.060000 0.282857 -0.000000
v -0.060000 0.220000 -0.000000
v -0.051962 0.220000 -0.030000
v -0.060000 0.282857 -0.000000
v -0.051962 0.282857 0.030000
v -0.060000 0.220000 -0.000000
v -0.051962 0.282857 0.030000
v -0.051962 0.220000 0.030000
v -0.060000 0.220000 -0.000000
v -0.051962 0.282857 0.030000
v -0.030000 0.282857 0.051962
v -0.051962 0.220000 0.030000
v -0.030000 0.282857 0.051962
v -0.030000 0.220000 0.051962
v -0.051962 0.220000 0.030000
v -0.030000 0.282857 0.051962
v -0.000000 0.282857 0.060000
v -0.030000 0.220000 0.051962
v -0.000000 0.282857 0.060000
v -0.000000 0.220000 0.060000
v -0.030000 0.220000 0.051962
v -0.000000 0.282857 0.060000
v 0.030000 0.282857 0.051962
v -0.000000 0.220000 0.060000
v 0.030000 0.282857 0.051962
v 0.030000 0.220000 0.051962
v -0.000000 0.220000 0.060000
v 0.030000 0.282857 0.051962
v 0.051962 0.282857 0.030000
v 0.030000 0.220000 0.051962
v 0.051962 0.282857 0.030000
v 0.051962 0.220000 0.030000
v 0.030000 0.220000 0.051962
v 0.051962 0.282857 0.030000
v 0.060000 0.282857 0.000000
v 0.051962 0.220000 0.030000
v 0.060000 0.282857 0.000000
v 0.060000 0.220000 0.000000
v 0.051962 0.220000 0.030000
v 0.060000 0.282857 0.000000
v 0.051962 0.282857 -0.030000
v 0.060000 0.220000 0.000000
v 0.051962 0.282857 -0.030000
v 0.051962 0.220000 -0.030000
v 0.060000 0.220000 0.000000
v 0.051962 0.282857 -0.030000
v 0.030000 0.282857 -0.051962
v 0.051962 0.220000 -0.030000
v 0.030000 0.282857 -0.051962
v 0.030000 0.220000 -0.051962
v 0.051962 0.220000 -0.030000
v 0.030000 0.282857 -0.051962
v 0.000000 0.282857 -0.060000
v 0.030000 0.220000 -0.051962
v 0.000000 0.282857 -0.060000
v 0.000000 0.220000 -0.060000
v 0.030000 0.220000 -0.051962
v 0.000000 0.220000 -0.060000
v -0.030000 0.220000 -0.051962
v 0.000000 0.171045 -0.058496
v -0.030000 0.220000 -0.051962
v -0.029248 0.171045 -0.050659
v 0.000000 0.171045 -0.058496
v -0.030000 0.220000 -0.051962
v -0.051962 0.220000 -0.030000
v -0.029248 0.171045 -0.050659
v -0.051962 0.220000 -0.030000
v -0.050659 0.171045 -0.029248
v -0.029248 0.171045 -0.050659
v -0.051962 0.220000 -0.030000
v -0.060000 0.220000 -0.000000
v -0.050659 0.171045 -0.029248
v -0.060000 0.220000 -0.000000
v -0.058496 0.171045 -0.000000
v -0.050659 0.171045 -0.029248
v -0.060000 0.220000 -0.000000
v -0.051962 0.220000 0.030000
v -0.058496 0.171045 -0.000000
v -0.051962 0.220000 0.030000
v -0.050659 0.171045 0.029248
v -0.058496 0.171045 -0.000000
v -0.051962 0.220000 0.030000
v -0.030000 0.220000 0.051962
v -0.050659 0.171045 0.029248
v -0.030000 0.220000 0.051962
v -0.029248 0.171045 0.050659
v -0.050659 0.171045 0.029248
v -0.030000 0.220000 0.051962
v -0.000000 0.220000 0.060000
v -0.029248 0.171045 0.050659
v -0.000000 0.220000 0.060000
v -0.000000 0.171045 0.058496
v -0.029248 0.171045 0.050659
v -0.000000 0.220000 0.060000
v 0.030000 0.220000 0.051962
v -0.000000 0.171045 0.058496
v 0.030000 0.220000 0.051962
v 0.029248 0.171045 0.050659
v -0.000000 0.171045 0.058496
v 0.030000 0.220000 0.051962
v 0.051962 0.220000 0.030000
v 0.029248 0.171045 0.050659
v 0.051962 0.220000 0.030000
v 0.050659 0.171045 0.029248
v 0.029248 0.171045 0.050659
v 0.051962 0.220000 0.030000
v 0.060000 0.220000 0.000000
v 0.050659 0.171045 0.029248
v 0.060000 0.220000 0.000000
v 0.058496 0.171045 0.000000
v 0.050659 0.171045 0.029248
v 0.060000 0.220000 0.000000
v 0.051962 0.220000 -0.030000
v 0.058496 0.171045 0.000000
v 0.051962 0.220000 -0.030000
v 0.050659 0.171045 -0.029248
v 0.058496 0.171045 0.000000
v 0.051962 0.220000 -0.030000
v 0.030000 0.220000 -0.051962
v 0.050659 0.171045 -0.029248
v 0.030000 0.220000 -0.051962
v 0.029248 0.171045 -0.050659
v 0.050659 0.171045 -0.029248
v 0.030000 0.220000 -0.051962
v 0.000000 0.220000 -0.060000
v 0.029248 0.171045 -0.050659
v 0.000000 0.220000 -0.060000
v 0.000000 0.171045 -0.058496
v 0.029248 0.171045 -0.050659
v 0.000000 0.171045 -0.058496
v -0.029248 0.171045 -0.050659
v 0.000000 0.124546 -0.054058
v -0.029248 0.171045 -0.050659
v -0.027029 0.124546 -0.046816
v 0.000000 0.124546 -0.054058
v -0.029248 0.171045 -0.050659
v -0.050659 0.171045 -0.029248
v -0.027029 0.124546 -0.046816
v -0.050659 0.171045 -0.029248
v -0.046816 0.124546 -0.027029
v -0.027029 0.124546 -0.046816
v -0.050659 0.171045 -0.029248
v -0.058496 0.171045 -0.000000
v -0.046816 0.124546 -0.027029
v -0.058496 0.171045 -0.000000
v -0.054058 0.124546 -0.000000
v -0.046816 0.124546 -0.027029
v -0.058496 0.171045 -0.000000
v -0.050659 0.171045 0.029248
v -0.054058 0.124546 -0.000000
v -0.050659 0.171045 0.029248
v -0.046816 0.124546 0.027029
v -0.054058 0.124546 -0.000000
v -0.050659 0.171045 0.029248
v -0.029248 0.171045 0.050659
v -0.046816 0.124546 0.027029
v -0.029248 0.171045 0.050659
v -0.027029 0.124546 0.046816
v -0.046816 0.124546 0.027029
v -0.029248 0.171045 0.050659
v -0.000000 0.171045 0.058496
v -0.027029 0.124546 0.046816
v -0.000000 0.171045 0.058496
v -0.000000 0.124546 0.054058
v -0.027029 0.124546 0.046816
v -0.000000 0.171045 0.058496
v 0.029248 0.171045 0.050659
v -0.000000 0.124546 0.054058
v 0.029248 0.171045 0.050659
v 0.027029 0.124546 0.046816
v -0.000000 0.124546 0.054058
v 0.029248 0.171045 0.050659
v 0.050659 0.171045 0.029248
v 0.027029 0.124546 0.046816
v 0.050659 0.171045 0.029248
v 0.046816 0.124546 0.027029
v 0.027029 0.124546 0.046816
v 0.050659 0.171045 0.029248
v 0.058496 0.171045 0.000000
v 0.046816 0.124546 0.027029
v 0.058496 0.171045 0.000000
v 0.054058 0.124546 0.000000
v 0.046816 0.124546 0.027029
v 0.058496 0.171045 0.000000
v 0.050659 0.171045 -0.029248
v 0.054058 0.124546 0.000000
v 0.050659 0.171045 -0.029248
v 0.046816 0.124546 -0.027029
v 0.054058 0.124546 0.000000
v 0.050659 0.171045 -0.029248
v 0.029248 0.171045 -0.050659
v 0.046816 0.124546 -0.027029
v 0.029248 0.171045 -0.050659
v 0.027029 0.124546 -0.046816
v 0.046816 0.124546 -0.027029
v 0.029248 0.171045 -0.050659
v 0.000000 0.171045 -0.058496
v 0.027029 0.124546 -0.046816
v 0.000000 0.171045 -0.058496
v 0.000000 0.124546 -0.054058
v 0.027029 0.124546 -0.046816
v 0.000000 0.124546 -0.054058
v -0.027029 0.124546 -0.046816
v 0.000000 0.082832 -0.046910
v -0.027029 0.124546 -0.046816
v -0.023455 0.082832 -0.040625
v 0.000000 0.082832 -0.046910
v -0.027029 0.124546 -0.046816
v -0.046816 0.124546 -0.027029
v -0.023455 0.082832 -0.040625
v -0.046816 0.124546 -0.027029
v -0.040625 0.082832 -0.023455
v -0.023455 0.082832 -0.040625
v -0.046816 0.124546 -0.027029
v -0.054058 0.124546 -0.000000
v -0.040625 0.082832 -0.023455
v -0.054058 0.124546 -0.000000
v -0.046910 0.082832 -0.000000
v -0.040625 0.082832 -0.023455
v -0.054058 0.124546 -0.000000
v -0.046816 0.124546 0.027029
v -0.046910 0.082832 -0.000000
v -0.046816 0.124546 0.027029
v -0.040625 0.082832 0.023455
v -0.046910 0.082832 -0.000000
v -0.046816 0.124546 0.027029
v -0.027029 0.124546 0.046816
v -0.040625 0.082832 0.023455
v -0.027029 0.124546 0.046816
v -0.023455 0.082832 0.040625
v -0.040625 0.082832 0.023455
v -0.027029 0.124546 0.046816
v -0.000000 0.124546 0.054058
v -0.023455 0.082832 0.040625
v -0.000000 0.124546 0.054058
v -0.000000 0.082832 0.046910
v -0.023455 0.082832 0.040625
v -0.000000 0.124546 0.054058
v 0.027029 0.124546 0.046816
v -0.000000 0.082832 0.046910
v 0.027029 0.124546 0.046816
v 0.023455 0.082832 0.040625
v -0.000000 0.082832 0.046910
v 0.027029 0.124546 0.046816
v 0.046816 0.124546 0.027029
v 0.023455 0.082832 0.040625
v 0.046816 0.124546 0.027029
v 0.040625 0.082832 0.023455
v 0.023455 0.082832 0.040625
v 0.046816 0.124546 0.027029
v 0.054058 0.124546 0.000000
v 0.040625 0.082832 0.023455
v 0.054058 0.124546 0.000000
v 0.046910 0.082832 0.000000
v 0.040625 0.082832 0.023455
v 0.054058 0.124546 0.000000
v 0.046816 0.124546 -0.027029
v 0.046910 0.082832 0.000000
v 0.046816 0.124546 -0.027029
v 0.040625 0.082832 -0.023455
v 0.046910 0.082832 0.000000
v 0.046816 0.124546 -0.027029
v 0.027029 0.124546 -0.046816
v 0.040625 0.082832 -0.023455
v 0.027029 0.124546 -0.046816
v 0.023455 0.082832 -0.040625
v 0.040625 0.082832 -0.023455
v 0.027029 0.124546 -0.046816
v 0.000000 0.124546 -0.054058
v 0.023455 0.082832 -0.040625
v 0.000000 0.124546 -0.054058
v 0.000000 0.082832 -0.046910
v 0.023455 0.082832 -0.040625
v 0.000000 0.082832 -0.046910
v -0.023455 0.082832 -0.040625
v 0.000000 0.047997 -0.037409
v -0.023455 0.082832 -0.040625
v -0.018705 0.047997 -0.032397
v 0.000000 0.047997 -0.037409
v -0.023455 0.082832 -0.040625
v -0.040625 0.082832 -0.023455
v -0.018705 0.047997 -0.032397
v -0.040625 0.082832 -0.023455
v -0.032397 0.047997 -0.018705
v -0.018705 0.047997 -0.032397
v -0.040625 0.082832 -0.023455
v -0.046910 0.082832 -0.000000
v -0.032397 0.047997 -0.018705
v -0.046910 0.082832 -0.000000
v -0.037409 0.047997 -0.000000
v -0.032397 0.047997 -0.018705
v -0.046910 0.082832 -0.000000
v -0.040625 0.082832 0.023455
v -0.037409 0.047997 -0.000000
v -0.040625 0.082832 0.023455
v -0.032397 0.047997 0.018705
v -0.037409 0.047997 -0.000000
v -0.040625 0.082832 0.023455
v -0.023455 0.082832 0.040625
v -0.032397 0.047997 0.018705
v -0.023455 0.082832 0.040625
v -0.018705 0.047997 0.032397
v -0.032397 0.047997 0.018705
v -0.023455 0.082832 0.040625
v -0.000000 0.082832 0.046910
v -0.018705 0.047997 0.032397
v -0.000000 0.082832 0.046910
v -0.000000 0.047997 0.037409
v -0.018705 0.047997 0.032397
v -0.000000 0.082832 0.046910
v 0.023455 0.082832 0.040625
v -0.000000 0.047997 0.037409
v 0.023455 0.082832 0.040625
v 0.018705 0.047997 0.032397
v -0.000000 0.047997 0.037409
v 0.023455 0.082832 0.040625
v 0.040625 0.082832 0.023455
v 0.018705 0.047997 0.032397
v 0.040625 0.082832 0.023455
v 0.032397 0.047997 0.018705
v 0.018705 0.047997 0.032397
v 0.040625 0.082832 0.023455
v 0.046910 0.082832 0.000000
v 0.032397 0.047997 0.018705
v 0.046910 0.082832 0.000000
v 0.037409 0.047997 0.000000
v 0.032397 0.047997 0.018705
v 0.046910 0.082832 0.000000
v 0.040625 0.082832 -0.023455
v 0.037409 0.047997 0.000000
v 0.040625 0.082832 -0.023455
v 0.032397 0.047997 -0.018705
v 0.037409 0.047997 0.000000
v 0.040625 0.082832 -0.023455
v 0.023455 0.082832 -0.040625
v 0.032397 0.047997 -0.018705
v 0.023455 0.082832 -0.040625
v 0.018705 0.047997 -0.032397
v 0.032397 0.047997 -0.018705
v 0.023455 0.082832 -0.040625
v 0.000000 0.082832 -0.046910
v 0.018705 0.047997 -0.032397
v 0.000000 0.082832 -0.046910
v 0.000000 0.047997 -0.037409
v 0.018705 0.047997 -0.032397
v 0.000000 0.047997 -0.037409
v -0.018705 0.047997 -0.032397
v 0.000000 0.021787 -0.026033
v -0.018705 0.047997 -0.032397
v -0.013017 0.021787 -0.022545
v 0.000000 0.021787 -0.026033
v -0.018705 0.047997 -0.032397
v -0.032397 0.047997 -0.018705
v -0.013017 0.021787 -0.022545
v -0.032397 0.047997 -0.018705
v -0.022545 0.021787 -0.013017
v -0.013017 0.021787 -0.022545
v -0.032397 0.047997 -0.018705
v -0.037409 0.047997 -0.000000
v -0.022545 0.021787 -0.013017
v -0.037409 0.047997 -0.000000
v -0.026033 0.021787 -0.000000
v -0.022545 0.021787 -0.013017
v -0.037409 0.047997 -0.000000
v -0.032397 0.047997 0.018705
v -0.026033 0.021787 -0.000000
v -0.032397 0.047997 0.018705
v -0.022545 0.021787 0.013017
v -0.026033 0.021787 -0.000000
v -0.032397 0.047997 0.018705
v -0.018705 0.047997 0.032397
v -0.022545 0.021787 0.013017
v -0.018705 0.047997 0.032397
v -0.013017 0.021787 0.022545
v -0.022545 0.021787 0.013017
v -0.018705 0.047997 0.032397
v -0.000000 0.047997 0.037409
v -0.013017 0.021787 0.022545
v -0.000000 0.047997 0.037409
v -0.000000 0.021787 0.026033
v -0.013017 0.021787 0.022545
v -0.000000 0.047997 0.037409
v 0.018705 0.047997 0.032397
v -0.000000 0.021787 0.026033
v 0.018705 0.047997 0.032397
v 0.013017 0.021787 0.022545
v -0.000000 0.021787 0.026033
v 0.018705 0.047997 0.032397
v 0.032397 0.047997 0.018705
v 0.013017 0.021787 0.022545
v 0.032397 0.047997 0.018705
v 0.022545 0.021787 0.013017
v 0.013017 0.021787 0.022545
v 0.032397 0.047997 0.018705
v 0.037409 0.047997 0.000000
v 0.022545 0.021787 0.013017
v 0.037409 0.047997 0.000000
v 0.026033 0.021787 0.000000
v 0.022545 0.021787 0.013017
v 0.037409 0.047997 0.000000
v 0.032397 0.047997 -0.018705
v 0.026033 0.021787 0.000000
v 0.032397 0.047997 -0.018705
v 0.022545 0.021787 -0.013017
v 0.026033 0.021787 0.000000
v 0.032397 0.047997 -0.018705
v 0.018705 0.047997 -0.032397
v 0.022545 0.021787 -0.013017
v 0.018705 0.047997 -0.032397
v 0.013017 0.021787 -0.022545
v 0.022545 0.021787 -0.013017
v 0.018705 0.047997 -0.032397
v 0.000000 0.047997 -0.037409
v 0.013017 0.021787 -0.022545
v 0.000000 0.047997 -0.037409
v 0.000000 0.021787 -0.026033
v 0.013017 0.021787 -0.022545
v 0.000000 0.021787 -0.026033
v -0.013017 0.021787 -0.022545
v 0.000000 0.005516 -0.013351
v -0.013017 0.021787 -0.022545
v -0.006676 0.005516 -0.011563
v 0.000000 0.005516 -0.013351
v -0.013017 0.021787 -0.022545
v -0.022545 0.021787 -0.013017
v -0.006676 0.005516 -0.011563
v -0.022545 0.021787 -0.013017
v -0.011563 0.005516 -0.006676
v -0.006676 0.005516 -0.011563
v -0.022545 0.021787 -0.013017
v -0.026033 0.021787 -0.000000
v -0.011563 0.005516 -0.006676
v -0.026033 0.021787 -0.000000
v -0.013351 0.005516 -0.000000
v -0.011563 0.005516 -0.006676
v -0.026033 0.021787 -0.000000
v -0.022545 0.021787 0.013017
v -0.013351 0.005516 -0.000000
v -0.022545 0.021787 0.013017
v -0.011563 0.005516 0.006676
v -0.013351 0.005516 -0.000000
v -0.022545 0.021787 0.013017
v -0.013017 0.021787 0.022545
v -0.011563 0.005516 0.006676
v -0.013017 0.021787 0.022545
v -0.006676 0.005516 0.011563
v -0.011563 0.005516 0.006676
v -0.013017 0.021787 0.022545
v -0.000000 0.021787 0.026033
v -0.006676 0.005516 0.011563
v -0.000000 0.021787 0.026033
v -0.000000 0.005516 0.013351
v -0.006676 0.005516 0.011563
v -0.000000 0.021787 0.026033
v 0.013017 0.021787 0.022545
v -0.000000 0.005516 0.013351
v 0.013017 0.021787 0.022545
v 0.006676 0.005516 0.011563
v -0.000000 0.005516 0.013351
v 0.013017 0.021787 0.022545
v 0.022545 0.021787 0.013017
v 0.006676 0.005516 0.011563
v 0.022545 0.021787 0.013017
v 0.011563 0.005516 0.006676
v 0.006676 0.005516 0.011563
v 0.022545 0.021787 0.013017
v 0.026033 0.021787 0.000000
v 0.011563 0.005516 0.006676
v 0.026033 0.021787 0.000000
v 0.013351 0.005516 0.000000
v 0.011563 0.005516 0.006676
v 0.026033 0.021787 0.000000
v 0.022545 0.021787 -0.013017
v 0.013351 0.005516 0.000000
v 0.022545 0.021787 -0.013017
v 0.011563 0.005516 -0.006676
v 0.013351 0.005516 0.000000
v 0.022545 0.021787 -0.013017
v 0.013017 0.021787 -0.022545
v 0.011563 0.005516 -0.006676
v 0.013017 0.021787 -0.022545
v 0.006676 0.005516 -0.011563
v 0.011563 0.005516 -0.006676
v 0.013017 0.021787 -0.022545
v 0.000000 0.021787 -0.026033
v 0.006676 0.005516 -0.011563
v 0.000000 0.021787 -0.026033
v 0.000000 0.005516 -0.013351
v 0.006676 0.005516 -0.011563
v 0.000000 0.005516 -0.013351
v -0.006676 0.005516 -0.011563
v 0.000000 0.000000 0.000000
v -0.006676 0.005516 -0.011563
v 0.000000 0.000000 0.000000
v 0.000000 0.000000 0.000000
v -0.006676 0.005516 -0.011563
v -0.011563 0.005516 -0.006676
v 0.000000 0.000000 0.000000
v -0.011563 0.005516 -0.006676
v 0.000000 0.000000 0.000000
v 0.000000 0.000000 0.000000
v -0.011563 0.005516 -0.006676
v -0.013351 0.005516 -0.000000
v 0.000000 0.000000 0.000000
v -0.013351 0.005516 -0.000000
v 0.000000 0.000000 0.000000
v 0.000000 0.000000 0.000000
v -0.013351 0.005516 -0.000000
v -0.011563 0.005516 0.006676
v 0.000000 0.000000 0.000000
v -0.011563 0.005516 0.006676
v 0.000000 0.000000 0.000000
v 0.000000 0.000000 0.000000
v -0.011563 0.005516 0.006676
v -0.006676 0.005516 0.011563
v 0.000000 0.000000 0.000000
v -0.006676 0.005516 0.011563
v 0.000000 0.000000 0.000000
v 0.000000 0.000000 0.000000
v -0.006676 0.005516 0.011563
v -0.000000 0.005516 0.013351
v 0.000000 0.000000 0.000000
v -0.000000 0.005516 0.013351
v 0.000000 0.000000 0.000000
v 0.000000 0.000000 0.000000
v -0.000000 0.005516 0.013351
v 0.006676 0.005516 0.011563
v 0.000000 0.000000 0.000000
v 0.006676 0.005516 0.011563
v 0.000000 0.000000 0.000000
v 0.000000 0.000000 0.000000
v 0.006676 0.005516 0.011563
v 0.011563 0.005516 0.006676
v 0.000000 0.000000 0.000000
v 0.011563 0.005516 0.006676
v 0.000000 0.000000 0.000000
v 0.000000 0.000000 0.000000
v 0.011563 0.005516 0.006676
v 0.013351 0.005516 0.000000
v 0.000000 0.000000 0.000000
v 0.013351 0.005516 0.000000
v 0.000000 0.000000 0.000000
v 0.000000 0.000000 0.000000
v 0.013351 0.005516 0.000000
v 0.011563 0.005516 -0.006676
v 0.000000 0.000000 0.000000
v 0.011563 0.005516 -0.006676
v 0.000000 0.000000 0.000000
v 0.000000 0.000000 0.000000
v 0.011563 0.005516 -0.006676
v 0.006676 0.005516 -0.011563
v 0.000000 0.000000 0.000000
v 0.006676 0.005516 -0.011563
v 0.000000 0.000000 0.000000
v 0.000000 0.000000 0.000000
v 0.006676 0.005516 -0.011563
v 0.000000 0.005516 -0.013351
v 0.000000 0.000000 0.000000
v 0.000000 0.005516 -0.013351
v 0.000000 0.000000 0.000000
v 0.000000 0.000000 0.000000
v -0.555788 0.951085 0.088115
v -0.555788 0.951085 0.088115
v -0.553248 0.948332 0.077378
v -0.555788 0.951085 0.088115
v -0.558798 0.943642 0.078519
v -0.553248 0.948332 0.077378
v -0.555788 0.951085 0.088115
v -0.555788 0.951085 0.088115
v -0.558798 0.943642 0.078519
v -0.555788 0.951085 0.088115
v -0.562649 0.939834 0.082002
v -0.558798 0.943642 0.078519
v -0.555788 0.951085 0.088115
v -0.555788 0.951085 0.088115
v -0.562649 0.939834 0.082002
v -0.555788 0.951085 0.088115
v -0.563768 0.937929 0.086895
v -0.562649 0.939834 0.082002
v -0.555788 0.951085 0.088115
v -0.555788 0.951085 0.088115
v -0.563768 0.937929 0.086895
v -0.555788 0.951085 0.088115
v -0.561856 0.938437 0.091886
v -0.563768 0.937929 0.086895
v -0.555788 0.951085 0.088115
v -0.555788 0.951085 0.088115
v -0.561856 0.938437 0.091886
v -0.555788 0.951085 0.088115
v -0.557425 0.941221 0.095638
v -0.561856 0.938437 0.091886
v -0.555788 0.951085 0.088115
v -0.555788 0.951085 0.088115
v -0.557425 0.941221 0.095638
v -0.555788 0.951085 0.088115
v -0.551663 0.945537 0.097145
v -0.557425 0.941221 0.095638
v -0.555788 0.951085 0.088115
v -0.555788 0.951085 0.088115
v -0.551663 0.945537 0.097145
v -0.555788 0.951085 0.088115
v -0.546113 0.950227 0.096004
v -0.551663 0.945537 0.097145
v -0.555788 0.951085 0.088115
v -0.555788 0.951085 0.088115
v -0.546113 0.950227 0.096004
v -0.555788 0.951085 0.088115
v -0.542263 0.954035 0.092521
v -0.546113 0.950227 0.096004
v -0.555788 0.951085 0.088115
v -0.555788 0.951085 0.088115
v -0.542263 0.954035 0.092521
v -0.555788 0.951085 0.088115
v -0.541144 0.955940 0.087628
v -0.542263 0.954035 0.092521
v -0.555788 0.951085 0.088115
v -0.555788 0.951085 0.088115
v -0.541144 0.955940 0.087628
v -0.555788 0.951085 0.088115
v -0.543055 0.955432 0.082637
v -0.541144 0.955940 0.087628
v -0.555788 0.951085 0.088115
v -0.555788 0.951085 0.088115
v -0.543055 0.955432 0.082637
v -0.555788 0.951085 0.088115
v -0.547486 0.952647 0.078885
v -0.543055 0.955432 0.082637
v -0.555788 0.951085 0.088115
v -0.555788 0.951085 0.088115
v -0.547486 0.952647 0.078885
v -0.555788 0.951085 0.088115
v -0.553248 0.948332 0.077378
v -0.547486 0.952647 0.078885
v -0.553248 0.948332 0.077378
v -0.558798 0.943642 0.078519
v -0.544172 0.937416 0.065471
v -0.558798 0.943642 0.078519
v -0.554994 0.928271 0.067695
v -0.544172 0.937416 0.065471
v -0.558798 0.943642 0.078519
v -0.562649 0.939834 0.082002
v -0.554994 0.928271 0.067695
v -0.562649 0.939834 0.082002
v -0.562501 0.920846 0.074488
v -0.554994 0.928271 0.067695
v -0.562649 0.939834 0.082002
v -0.563768 0.937929 0.086895
v -0.562501 0.920846 0.074488
v -0.563768 0.937929 0.086895
v -0.564684 0.917131 0.084028
v -0.562501 0.920846 0.074488
v -0.563768 0.937929 0.086895
v -0.561856 0.938437 0.091886
v -0.564684 0.917131 0.084028
v -0.561856 0.938437 0.091886
v -0.560956 0.918121 0.093760
v -0.564684 0.917131 0.084028
v -0.561856 0.938437 0.091886
v -0.557425 0.941221 0.095638
v -0.560956 0.918121 0.093760
v -0.557425 0.941221 0.095638
v -0.552317 0.923552 0.101075
v -0.560956 0.918121 0.093760
v -0.557425 0.941221 0.095638
v -0.551663 0.945537 0.097145
v -0.552317 0.923552 0.101075
v -0.551663 0.945537 0.097145
v -0.541082 0.931967 0.104014
v -0.552317 0.923552 0.101075
v -0.551663 0.945537 0.097145
v -0.546113 0.950227 0.096004
v -0.541082 0.931967 0.104014
v -0.546113 0.950227 0.096004
v -0.530260 0.941112 0.101790
v -0.541082 0.931967 0.104014
v -0.546113 0.950227 0.096004
v -0.542263 0.954035 0.092521
v -0.530260 0.941112 0.101790
v -0.542263 0.954035 0.092521
v -0.522752 0.948536 0.094997
v -0.530260 0.941112 0.101790
v -0.542263 0.954035 0.092521
v -0.541144 0.955940 0.087628
v -0.522752 0.948536 0.094997
v -0.541144 0.955940 0.087628
v -0.520570 0.952251 0.085457
v -0.522752 0.948536 0.094997
v -0.541144 0.955940 0.087628
v -0.543055 0.955432 0.082637
v -0.520570 0.952251 0.085457
v -0.543055 0.955432 0.082637
v -0.524298 0.951261 0.075725
v -0.520570 0.952251 0.085457
v -0.543055 0.955432 0.082637
v -0.547486 0.952647 0.078885
v -0.524298 0.951261 0.075725
v -0.547486 0.952647 0.078885
v -0.532937 0.945831 0.068410
v -0.524298 0.951261 0.075725
v -0.547486 0.952647 0.078885
v -0.553248 0.948332 0.077378
v -0.532937 0.945831 0.068410
v -0.553248 0.948332 0.077378
v -0.544172 0.937416 0.065471
v -0.532937 0.945831 0.068410
v -0.544172 0.937416 0.065471
v -0.554994 0.928271 0.067695
v -0.529015 0.918884 0.052991
v -0.554994 0.928271 0.067695
v -0.544565 0.905743 0.056188
v -0.529015 0.918884 0.052991
v -0.554994 0.928271 0.067695
v -0.562501 0.920846 0.074488
v -0.544565 0.905743 0.056188
v -0.562501 0.920846 0.074488
v -0.555354 0.895073 0.065949
v -0.544565 0.905743 0.056188
v -0.562501 0.920846 0.074488
v -0.564684 0.917131 0.084028
v -0.555354 0.895073 0.065949
v -0.564684 0.917131 0.084028
v -0.558490 0.889735 0.079659
v -0.555354 0.895073 0.065949
v -0.564684 0.917131 0.084028
v -0.560956 0.918121 0.093760
v -0.558490 0.889735 0.079659
v -0.560956 0.918121 0.093760
v -0.553134 0.891158 0.093643
v -0.558490 0.889735 0.079659
v -0.560956 0.918121 0.093760
v -0.552317 0.923552 0.101075
v -0.553134 0.891158 0.093643
v -0.552317 0.923552 0.101075
v -0.540720 0.898961 0.104155
v -0.553134 0.891158 0.093643
v -0.552317 0.923552 0.101075
v -0.541082 0.931967 0.104014
v -0.540720 0.898961 0.104155
v -0.541082 0.931967 0.104014
v -0.524574 0.911054 0.108379
v -0.540720 0.898961 0.104155
v -0.541082 0.931967 0.104014
v -0.530260 0.941112 0.101790
v -0.524574 0.911054 0.108379
v -0.530260 0.941112 0.101790
v -0.509024 0.924195 0.105182
v -0.524574 0.911054 0.108379
v -0.530260 0.941112 0.101790
v -0.522752 0.948536 0.094997
v -0.509024 0.924195 0.105182
v -0.522752 0.948536 0.094997
v -0.498235 0.934864 0.095421
v -0.509024 0.924195 0.105182
v -0.522752 0.948536 0.094997
v -0.520570 0.952251 0.085457
v -0.498235 0.934864 0.095421
v -0.520570 0.952251 0.085457
v -0.495098 0.940202 0.081711
v -0.498235 0.934864 0.095421
v -0.520570 0.952251 0.085457
v -0.524298 0.951261 0.075725
v -0.495098 0.940202 0.081711
v -0.524298 0.951261 0.075725
v -0.500455 0.938779 0.067727
v -0.495098 0.940202 0.081711
v -0.524298 0.951261 0.075725
v -0.532937 0.945831 0.068410
v -0.500455 0.938779 0.067727
v -0.532937 0.945831 0.068410
v -0.512869 0.930976 0.057215
v -0.500455 0.938779 0.067727
v -0.532937 0.945831 0.068410
v -0.544172 0.937416 0.065471
v -0.512869 0.930976 0.057215
v -0.544172 0.937416 0.065471
v -0.529015 0.918884 0.052991
v -0.512869 0.930976 0.057215
v -0.529015 0.918884 0.052991
v -0.544565 0.905743 0.056188
v -0.508536 0.893666 0.040565
v -0.544565 0.905743 0.056188
v -0.528036 0.877187 0.044575
v -0.508536 0.893666 0.040565
v -0.544565 0.905743 0.056188
v -0.555354 0.895073 0.065949
v -0.528036 0.877187 0.044575
v -0.555354 0.895073 0.065949
v -0.541564 0.863808 0.056814
v -0.528036 0.877187 0.044575
v -0.555354 0.895073 0.065949
v -0.558490 0.889735 0.079659
v -0.541564 0.863808 0.056814
v -0.558490 0.889735 0.079659
v -0.545497 0.857114 0.074005
v -0.541564 0.863808 0.056814
v -0.558490 0.889735 0.079659
v -0.553134 0.891158 0.093643
v -0.545497 0.857114 0.074005
v -0.553134 0.891158 0.093643
v -0.538780 0.858899 0.091541
v -0.545497 0.857114 0.074005
v -0.553134 0.891158 0.093643
v -0.540720 0.898961 0.104155
v -0.538780 0.858899 0.091541
v -0.540720 0.898961 0.104155
v -0.523213 0.868684 0.104723
v -0.538780 0.858899 0.091541
v -0.540720 0.898961 0.104155
v -0.524574 0.911054 0.108379
v -0.523213 0.868684 0.104723
v -0.524574 0.911054 0.108379
v -0.502968 0.883847 0.110019
v -0.523213 0.868684 0.104723
v -0.524574 0.911054 0.108379
v -0.509024 0.924195 0.105182
v -0.502968 0.883847 0.110019
v -0.509024 0.924195 0.105182
v -0.483468 0.900326 0.106010
v -0.502968 0.883847 0.110019
v -0.509024 0.924195 0.105182
v -0.498235 0.934864 0.095421
v -0.483468 0.900326 0.106010
v -0.498235 0.934864 0.095421
v -0.469939 0.913705 0.093770
v -0.483468 0.900326 0.106010
v -0.498235 0.934864 0.095421
v -0.495098 0.940202 0.081711
v -0.469939 0.913705 0.093770
v -0.495098 0.940202 0.081711
v -0.466006 0.920399 0.076579
v -0.469939 0.913705 0.093770
v -0.495098 0.940202 0.081711
v -0.500455 0.938779 0.067727
v -0.466006 0.920399 0.076579
v -0.500455 0.938779 0.067727
v -0.472723 0.918614 0.059043
v -0.466006 0.920399 0.076579
v -0.500455 0.938779 0.067727
v -0.512869 0.930976 0.057215
v -0.472723 0.918614 0.059043
v -0.512869 0.930976 0.057215
v -0.488290 0.908829 0.045861
v -0.472723 0.918614 0.059043
v -0.512869 0.930976 0.057215
v -0.529015 0.918884 0.052991
v -0.488290 0.908829 0.045861
v -0.529015 0.918884 0.052991
v -0.508536 0.893666 0.040565
v -0.488290 0.908829 0.045861
v -0.508536 0.893666 0.040565
v -0.528036 0.877187 0.044575
v -0.483763 0.863026 0.028816
v -0.528036 0.877187 0.044575
v -0.506234 0.844036 0.033436
v -0.483763 0.863026 0.028816
v -0.528036 0.877187 0.044575
v -0.541564 0.863808 0.056814
v -0.506234 0.844036 0.033436
v -0.541564 0.863808 0.056814
v -0.521824 0.828619 0.047541
v -0.506234 0.844036 0.033436
v -0.541564 0.863808 0.056814
v -0.545497 0.857114 0.074005
v -0.521824 0.828619 0.047541
v -0.545497 0.857114 0.074005
v -0.526356 0.820905 0.067352
v -0.521824 0.828619 0.047541
v -0.545497 0.857114 0.074005
v -0.538780 0.858899 0.091541
v -0.526356 0.820905 0.067352
v -0.538780 0.858899 0.091541
v -0.518616 0.822961 0.087560
v -0.526356 0.820905 0.067352
v -0.538780 0.858899 0.091541
v -0.523213 0.868684 0.104723
v -0.518616 0.822961 0.087560
v -0.523213 0.868684 0.104723
v -0.500677 0.834237 0.102750
v -0.518616 0.822961 0.087560
v -0.523213 0.868684 0.104723
v -0.502968 0.883847 0.110019
v -0.500677 0.834237 0.102750
v -0.502968 0.883847 0.110019
v -0.477346 0.851711 0.108853
v -0.500677 0.834237 0.102750
v -0.502968 0.883847 0.110019
v -0.483468 0.900326 0.106010
v -0.477346 0.851711 0.108853
v -0.483468 0.900326 0.106010
v -0.454875 0.870701 0.104233
v -0.477346 0.851711 0.108853
v -0.483468 0.900326 0.106010
v -0.469939 0.913705 0.093770
v -0.454875 0.870701 0.104233
v -0.469939 0.913705 0.093770
v -0.439284 0.886118 0.090128
v -0.454875 0.870701 0.104233
v -0.469939 0.913705 0.093770
v -0.466006 0.920399 0.076579
v -0.439284 0.886118 0.090128
v -0.466006 0.920399 0.076579
v -0.434752 0.893832 0.070318
v -0.439284 0.886118 0.090128
v -0.466006 0.920399 0.076579
v -0.472723 0.918614 0.059043
v -0.434752 0.893832 0.070318
v -0.472723 0.918614 0.059043
v -0.442493 0.891776 0.050110
v -0.434752 0.893832 0.070318
v -0.472723 0.918614 0.059043
v -0.488290 0.908829 0.045861
v -0.442493 0.891776 0.050110
v -0.488290 0.908829 0.045861
v -0.460432 0.880500 0.034919
v -0.442493 0.891776 0.050110
v -0.488290 0.908829 0.045861
v -0.508536 0.893666 0.040565
v -0.460432 0.880500 0.034919
v -0.508536 0.893666 0.040565
v -0.483763 0.863026 0.028816
v -0.460432 0.880500 0.034919
v -0.483763 0.863026 0.028816
v -0.506234 0.844036 0.033436
v -0.455937 0.828501 0.018333
v -0.506234 0.844036 0.033436
v -0.480253 0.807952 0.023332
v -0.455937 0.828501 0.018333
v -0.506234 0.844036 0.033436
v -0.521824 0.828619 0.047541
v -0.480253 0.807952 0.023332
v -0.521824 0.828619 0.047541
v -0.497123 0.791269 0.038595
v -0.480253 0.807952 0.023332
v -0.521824 0.828619 0.047541
v -0.526356 0.820905 0.067352
v -0.497123 0.791269 0.038595
v -0.526356 0.820905 0.067352
v -0.502027 0.782922 0.060031
v -0.497123 0.791269 0.038595
v -0.526356 0.820905 0.067352
v -0.518616 0.822961 0.087560
v -0.502027 0.782922 0.060031
v -0.518616 0.822961 0.087560
v -0.493651 0.785147 0.081898
v -0.502027 0.782922 0.060031
v -0.518616 0.822961 0.087560
v -0.500677 0.834237 0.102750
v -0.493651 0.785147 0.081898
v -0.500677 0.834237 0.102750
v -0.474240 0.797349 0.098336
v -0.493651 0.785147 0.081898
v -0.500677 0.834237 0.102750
v -0.477346 0.851711 0.108853
v -0.474240 0.797349 0.098336
v -0.477346 0.851711 0.108853
v -0.448994 0.816257 0.104940
v -0.474240 0.797349 0.098336
v -0.477346 0.851711 0.108853
v -0.454875 0.870701 0.104233
v -0.448994 0.816257 0.104940
v -0.454875 0.870701 0.104233
v -0.424678 0.836806 0.099941
v -0.448994 0.816257 0.104940
v -0.454875 0.870701 0.104233
v -0.439284 0.886118 0.090128
v -0.424678 0.836806 0.099941
v -0.439284 0.886118 0.090128
v -0.407808 0.853489 0.084678
v -0.424678 0.836806 0.099941
v -0.439284 0.886118 0.090128
v -0.434752 0.893832 0.070318
v -0.407808 0.853489 0.084678
v -0.434752 0.893832 0.070318
v -0.402904 0.861836 0.063241
v -0.407808 0.853489 0.084678
v -0.434752 0.893832 0.070318
v -0.442493 0.891776 0.050110
v -0.402904 0.861836 0.063241
v -0.442493 0.891776 0.050110
v -0.411280 0.859611 0.041374
v -0.402904 0.861836 0.063241
v -0.442493 0.891776 0.050110
v -0.460432 0.880500 0.034919
v -0.411280 0.859611 0.041374
v -0.460432 0.880500 0.034919
v -0.430691 0.847409 0.024937
v -0.411280 0.859611 0.041374
v -0.460432 0.880500 0.034919
v -0.483763 0.863026 0.028816
v -0.430691 0.847409 0.024937
v -0.483763 0.863026 0.028816
v -0.455937 0.828501 0.018333
v -0.430691 0.847409 0.024937
v -0.455937 0.828501 0.018333
v -0.480253 0.807952 0.023332
v -0.426455 0.791822 0.009640
v -0.480253 0.807952 0.023332
v -0.451396 0.770745 0.014768
v -0.426455 0.791822 0.009640
v -0.480253 0.807952 0.023332
v -0.497123 0.791269 0.038595
v -0.451396 0.770745 0.014768
v -0.497123 0.791269 0.038595
v -0.468700 0.753633 0.030424
v -0.451396 0.770745 0.014768
v -0.497123 0.791269 0.038595
v -0.502027 0.782922 0.060031
v -0.468700 0.753633 0.030424
v -0.502027 0.782922 0.060031
v -0.473730 0.745071 0.052412
v -0.468700 0.753633 0.030424
v -0.502027 0.782922 0.060031
v -0.493651 0.785147 0.081898
v -0.473730 0.745071 0.052412
v -0.493651 0.785147 0.081898
v -0.465139 0.747353 0.074841
v -0.473730 0.745071 0.052412
v -0.493651 0.785147 0.081898
v -0.474240 0.797349 0.098336
v -0.465139 0.747353 0.074841
v -0.474240 0.797349 0.098336
v -0.445228 0.759869 0.091701
v -0.465139 0.747353 0.074841
v -0.474240 0.797349 0.098336
v -0.448994 0.816257 0.104940
v -0.445228 0.759869 0.091701
v -0.448994 0.816257 0.104940
v -0.419333 0.779263 0.098475
v -0.445228 0.759869 0.091701
v -0.448994 0.816257 0.104940
v -0.424678 0.836806 0.099941
v -0.419333 0.779263 0.098475
v -0.424678 0.836806 0.099941
v -0.394392 0.800340 0.093347
v -0.419333 0.779263 0.098475
v -0.424678 0.836806 0.099941
v -0.407808 0.853489 0.084678
v -0.394392 0.800340 0.093347
v -0.407808 0.853489 0.084678
v -0.377088 0.817452 0.077692
v -0.394392 0.800340 0.093347
v -0.407808 0.853489 0.084678
v -0.402904 0.861836 0.063241
v -0.377088 0.817452 0.077692
v -0.402904 0.861836 0.063241
v -0.372057 0.826014 0.055704
v -0.377088 0.817452 0.077692
v -0.402904 0.861836 0.063241
v -0.411280 0.859611 0.041374
v -0.372057 0.826014 0.055704
v -0.411280 0.859611 0.041374
v -0.380649 0.823732 0.033275
v -0.372057 0.826014 0.055704
v -0.411280 0.859611 0.041374
v -0.430691 0.847409 0.024937
v -0.380649 0.823732 0.033275
v -0.430691 0.847409 0.024937
v -0.400560 0.811216 0.016414
v -0.380649 0.823732 0.033275
v -0.430691 0.847409 0.024937
v -0.455937 0.828501 0.018333
v -0.400560 0.811216 0.016414
v -0.455937 0.828501 0.018333
v -0.426455 0.791822 0.009640
v -0.400560 0.811216 0.016414
v -0.426455 0.791822 0.009640
v -0.451396 0.770745 0.014768
v -0.388485 0.744524 -0.000090
v -0.451396 0.770745 0.014768
v -0.413426 0.723447 0.005037
v -0.388485 0.744524 -0.000090
v -0.451396 0.770745 0.014768
v -0.468700 0.753633 0.030424
v -0.413426 0.723447 0.005037
v -0.468700 0.753633 0.030424
v -0.430730 0.706335 0.020693
v -0.413426 0.723447 0.005037
v -0.468700 0.753633 0.030424
v -0.473730 0.745071 0.052412
v -0.430730 0.706335 0.020693
v -0.473730 0.745071 0.052412
v -0.435760 0.697773 0.042681
v -0.430730 0.706335 0.020693
v -0.473730 0.745071 0.052412
v -0.465139 0.747353 0.074841
v -0.435760 0.697773 0.042681
v -0.465139 0.747353 0.074841
v -0.427169 0.700055 0.065110
v -0.435760 0.697773 0.042681
v -0.465139 0.747353 0.074841
v -0.445228 0.759869 0.091701
v -0.427169 0.700055 0.065110
v -0.445228 0.759869 0.091701
v -0.407258 0.712571 0.081970
v -0.427169 0.700055 0.065110
v -0.445228 0.759869 0.091701
v -0.419333 0.779263 0.098475
v -0.407258 0.712571 0.081970
v -0.419333 0.779263 0.098475
v -0.381363 0.731965 0.088744
v -0.407258 0.712571 0.081970
v -0.419333 0.779263 0.098475
v -0.394392 0.800340 0.093347
v -0.381363 0.731965 0.088744
v -0.394392 0.800340 0.093347
v -0.356422 0.753042 0.083616
v -0.381363 0.731965 0.088744
v -0.394392 0.800340 0.093347
v -0.377088 0.817452 0.077692
v -0.356422 0.753042 0.083616
v -0.377088 0.817452 0.077692
v -0.339118 0.770154 0.067961
v -0.356422 0.753042 0.083616
v -0.377088 0.817452 0.077692
v -0.372057 0.826014 0.055704
v -0.339118 0.770154 0.067961
v -0.372057 0.826014 0.055704
v -0.334088 0.778716 0.045973
v -0.339118 0.770154 0.067961
v -0.372057 0.826014 0.055704
v -0.380649 0.823732 0.033275
v -0.334088 0.778716 0.045973
v -0.380649 0.823732 0.033275
v -0.342679 0.776434 0.023544
v -0.334088 0.778716 0.045973
v -0.380649 0.823732 0.033275
v -0.400560 0.811216 0.016414
v -0.342679 0.776434 0.023544
v -0.400560 0.811216 0.016414
v -0.362590 0.763919 0.006683
v -0.342679 0.776434 0.023544
v -0.400560 0.811216 0.016414
v -0.426455 0.791822 0.009640
v -0.362590 0.763919 0.006683
v -0.426455 0.791822 0.009640
v -0.388485 0.744524 -0.000090
v -0.362590 0.763919 0.006683
v -0.388485 0.744524 -0.000090
v -0.413426 0.723447 0.005037
v -0.350515 0.697226 -0.009821
v -0.413426 0.723447 0.005037
v -0.375457 0.676149 -0.004693
v -0.350515 0.697226 -0.009821
v -0.413426 0.723447 0.005037
v -0.430730 0.706335 0.020693
v -0.375457 0.676149 -0.004693
v -0.430730 0.706335 0.020693
v -0.392761 0.659037 0.010962
v -0.375457 0.676149 -0.004693
v -0.430730 0.706335 0.020693
v -0.435760 0.697773 0.042681
v -0.392761 0.659037 0.010962
v -0.435760 0.697773 0.042681
v -0.397791 0.650475 0.032950
v -0.392761 0.659037 0.010962
v -0.435760 0.697773 0.042681
v -0.427169 0.700055 0.065110
v -0.397791 0.650475 0.032950
v -0.427169 0.700055 0.065110
v -0.389200 0.652758 0.055379
v -0.397791 0.650475 0.032950
v -0.427169 0.700055 0.065110
v -0.407258 0.712571 0.081970
v -0.389200 0.652758 0.055379
v -0.407258 0.712571 0.081970
v -0.369289 0.665273 0.072240
v -0.389200 0.652758 0.055379
v -0.407258 0.712571 0.081970
v -0.381363 0.731965 0.088744
v -0.369289 0.665273 0.072240
v -0.381363 0.731965 0.088744
v -0.343394 0.684667 0.079013
v -0.369289 0.665273 0.072240
v -0.381363 0.731965 0.088744
v -0.356422 0.753042 0.083616
v -0.343394 0.684667 0.079013
v -0.356422 0.753042 0.083616
v -0.318452 0.705744 0.073886
v -0.343394 0.684667 0.079013
v -0.356422 0.753042 0.083616
v -0.339118 0.770154 0.067961
v -0.318452 0.705744 0.073886
v -0.339118 0.770154 0.067961
v -0.301148 0.722857 0.058230
v -0.318452 0.705744 0.073886
v -0.339118 0.770154 0.067961
v -0.334088 0.778716 0.045973
v -0.301148 0.722857 0.058230
v -0.334088 0.778716 0.045973
v -0.296118 0.731418 0.036242
v -0.301148 0.722857 0.058230
v -0.334088 0.778716 0.045973
v -0.342679 0.776434 0.023544
v -0.296118 0.731418 0.036242
v -0.342679 0.776434 0.023544
v -0.304709 0.729136 0.013813
v -0.296118 0.731418 0.036242
v -0.342679 0.776434 0.023544
v -0.362590 0.763919 0.006683
v -0.304709 0.729136 0.013813
v -0.362590 0.763919 0.006683
v -0.324620 0.716621 -0.003047
v -0.304709 0.729136 0.013813
v -0.362590 0.763919 0.006683
v -0.388485 0.744524 -0.000090
v -0.324620 0.716621 -0.003047
v -0.388485 0.744524 -0.000090
v -0.350515 0.697226 -0.009821
v -0.324620 0.716621 -0.003047
v -0.350515 0.697226 -0.009821
v -0.375457 0.676149 -0.004693
v -0.312546 0.649928 -0.019552
v -0.375457 0.676149 -0.004693
v -0.337487 0.628851 -0.014424
v -0.312546 0.649928 -0.019552
v -0.375457 0.676149 -0.004693
v -0.392761 0.659037 0.010962
v -0.337487 0.628851 -0.014424
v -0.392761 0.659037 0.010962
v -0.354791 0.611739 0.001231
v -0.337487 0.628851 -0.014424
v -0.392761 0.659037 0.010962
v -0.397791 0.650475 0.032950
v -0.354791 0.611739 0.001231
v -0.397791 0.650475 0.032950
v -0.359821 0.603177 0.023219
v -0.354791 0.611739 0.001231
v -0.397791 0.650475 0.032950
v -0.389200 0.652758 0.055379
v -0.359821 0.603177 0.023219
v -0.389200 0.652758 0.055379
v -0.351230 0.605460 0.045648
v -0.359821 0.603177 0.023219
v -0.389200 0.652758 0.055379
v -0.369289 0.665273 0.072240
v -0.351230 0.605460 0.045648
v -0.369289 0.665273 0.072240
v -0.331319 0.617975 0.062509
v -0.351230 0.605460 0.045648
v -0.369289 0.665273 0.072240
v -0.343394 0.684667 0.079013
v -0.331319 0.617975 0.062509
v -0.343394 0.684667 0.079013
v -0.305424 0.637370 0.069283
v -0.331319 0.617975 0.062509
v -0.343394 0.684667 0.079013
v -0.318452 0.705744 0.073886
v -0.305424 0.637370 0.069283
v -0.318452 0.705744 0.073886
v -0.280483 0.658447 0.064155
v -0.305424 0.637370 0.069283
v -0.318452 0.705744 0.073886
v -0.301148 0.722857 0.058230
v -0.280483 0.658447 0.064155
v -0.301148 0.722857 0.058230
v -0.263179 0.675559 0.048499
v -0.280483 0.658447 0.064155
v -0.301148 0.722857 0.058230
v -0.296118 0.731418 0.036242
v -0.263179 0.675559 0.048499
v -0.296118 0.731418 0.036242
v -0.258148 0.684121 0.026511
v -0.263179 0.675559 0.048499
v -0.296118 0.731418 0.036242
v -0.304709 0.729136 0.013813
v -0.258148 0.684121 0.026511
v -0.304709 0.729136 0.013813
v -0.266740 0.681838 0.004082
v -0.258148 0.684121 0.026511
v -0.304709 0.729136 0.013813
v -0.324620 0.716621 -0.003047
v -0.266740 0.681838 0.004082
v -0.324620 0.716621 -0.003047
v -0.286651 0.669323 -0.012778
v -0.266740 0.681838 0.004082
v -0.324620 0.716621 -0.003047
v -0.350515 0.697226 -0.009821
v -0.286651 0.669323 -0.012778
v -0.350515 0.697226 -0.009821
v -0.312546 0.649928 -0.019552
v -0.286651 0.669323 -0.012778
v -0.312546 0.649928 -0.019552
v -0.337487 0.628851 -0.014424
v -0.274576 0.602630 -0.029283
v -0.337487 0.628851 -0.014424
v -0.299517 0.581553 -0.024155
v -0.274576 0.602630 -0.029283
v -0.337487 0.628851 -0.014424
v -0.354791 0.611739 0.001231
v -0.299517 0.581553 -0.024155
v -0.354791 0.611739 0.001231
v -0.316821 0.564441 -0.008499
v -0.299517 0.581553 -0.024155
v -0.354791 0.611739 0.001231
v -0.359821 0.603177 0.023219
v -0.316821 0.564441 -0.008499
v -0.359821 0.603177 0.023219
v -0.321851 0.555879 0.013489
v -0.316821 0.564441 -0.008499
v -0.359821 0.603177 0.023219
v -0.351230 0.605460 0.045648
v -0.321851 0.555879 0.013489
v -0.351230 0.605460 0.045648
v -0.313260 0.558162 0.035918
v -0.321851 0.555879 0.013489
v -0.351230 0.605460 0.045648
v -0.331319 0.617975 0.062509
v -0.313260 0.558162 0.035918
v -0.331319 0.617975 0.062509
v -0.293349 0.570677 0.052778
v -0.313260 0.558162 0.035918
v -0.331319 0.617975 0.062509
v -0.305424 0.637370 0.069283
v -0.293349 0.570677 0.052778
v -0.305424 0.637370 0.069283
v -0.267454 0.590072 0.059552
v -0.293349 0.570677 0.052778
v -0.305424 0.637370 0.069283
v -0.280483 0.658447 0.064155
v -0.267454 0.590072 0.059552
v -0.280483 0.658447 0.064155
v -0.242513 0.611149 0.054424
v -0.267454 0.590072 0.059552
v -0.280483 0.658447 0.064155
v -0.263179 0.675559 0.048499
v -0.242513 0.611149 0.054424
v -0.263179 0.675559 0.048499
v -0.225209 0.628261 0.038769
v -0.242513 0.611149 0.054424
v -0.263179 0.675559 0.048499
v -0.258148 0.684121 0.026511
v -0.225209 0.628261 0.038769
v -0.258148 0.684121 0.026511
v -0.220179 0.636823 0.016781
v -0.225209 0.628261 0.038769
v -0.258148 0.684121 0.026511
v -0.266740 0.681838 0.004082
v -0.220179 0.636823 0.016781
v -0.266740 0.681838 0.004082
v -0.228770 0.634540 -0.005648
v -0.220179 0.636823 0.016781
v -0.266740 0.681838 0.004082
v -0.286651 0.669323 -0.012778
v -0.228770 0.634540 -0.005648
v -0.286651 0.669323 -0.012778
v -0.248681 0.622025 -0.022509
v -0.228770 0.634540 -0.005648
v -0.286651 0.669323 -0.012778
v -0.312546 0.649928 -0.019552
v -0.248681 0.622025 -0.022509
v -0.312546 0.649928 -0.019552
v -0.274576 0.602630 -0.029283
v -0.248681 0.622025 -0.022509
v -0.274576 0.602630 -0.029283
v -0.299517 0.581553 -0.024155
v -0.236606 0.555333 -0.039013
v -0.299517 0.581553 -0.024155
v -0.261548 0.534256 -0.033886
v -0.236606 0.555333 -0.039013
v -0.299517 0.581553 -0.024155
v -0.316821 0.564441 -0.008499
v -0.261548 0.534256 -0.033886
v -0.316821 0.564441 -0.008499
v -0.278852 0.517143 -0.018230
v -0.261548 0.534256 -0.033886
v -0.316821 0.564441 -0.008499
v -0.321851 0.555879 0.013489
v -0.278852 0.517143 -0.018230
v -0.321851 0.555879 0.013489
v -0.283882 0.508582 0.003758
v -0.278852 0.517143 -0.018230
v -0.321851 0.555879 0.013489
v -0.313260 0.558162 0.035918
v -0.283882 0.508582 0.003758
v -0.313260 0.558162 0.035918
v -0.275291 0.510864 0.026187
v -0.283882 0.508582 0.003758
v -0.313260 0.558162 0.035918
v -0.293349 0.570677 0.052778
v -0.275291 0.510864 0.026187
v -0.293349 0.570677 0.052778
v -0.255380 0.523379 0.043047
v -0.275291 0.510864 0.026187
v -0.293349 0.570677 0.052778
v -0.267454 0.590072 0.059552
v -0.255380 0.523379 0.043047
v -0.267454 0.590072 0.059552
v -0.229485 0.542774 0.049821
v -0.255380 0.523379 0.043047
v -0.267454 0.590072 0.059552
v -0.242513 0.611149 0.054424
v -0.229485 0.542774 0.049821
v -0.242513 0.611149 0.054424
v -0.204543 0.563851 0.044693
v -0.229485 0.542774 0.049821
v -0.242513 0.611149 0.054424
v -0.225209 0.628261 0.038769
v -0.204543 0.563851 0.044693
v -0.225209 0.628261 0.038769
v -0.187239 0.580963 0.029038
v -0.204543 0.563851 0.044693
v -0.225209 0.628261 0.038769
v -0.220179 0.636823 0.016781
v -0.187239 0.580963 0.029038
v -0.220179 0.636823 0.016781
v -0.182209 0.589525 0.007050
v -0.187239 0.580963 0.029038
v -0.220179 0.636823 0.016781
v -0.228770 0.634540 -0.005648
v -0.182209 0.589525 0.007050
v -0.228770 0.634540 -0.005648
v -0.190800 0.587242 -0.015379
v -0.182209 0.589525 0.007050
v -0.228770 0.634540 -0.005648
v -0.248681 0.622025 -0.022509
v -0.190800 0.587242 -0.015379
v -0.248681 0.622025 -0.022509
v -0.210711 0.574727 -0.032240
v -0.190800 0.587242 -0.015379
v -0.248681 0.622025 -0.022509
v -0.274576 0.602630 -0.029283
v -0.210711 0.574727 -0.032240
v -0.274576 0.602630 -0.029283
v -0.236606 0.555333 -0.039013
v -0.210711 0.574727 -0.032240
v -0.236606 0.555333 -0.039013
v -0.261548 0.534256 -0.033886
v -0.198637 0.508035 -0.048744
v -0.261548 0.534256 -0.033886
v -0.223578 0.486958 -0.043616
v -0.198637 0.508035 -0.048744
v -0.261548 0.534256 -0.033886
v -0.278852 0.517143 -0.018230
v -0.223578 0.486958 -0.043616
v -0.278852 0.517143 -0.018230
v -0.240882 0.469846 -0.027961
v -0.223578 0.486958 -0.043616
v -0.278852 0.517143 -0.018230
v -0.283882 0.508582 0.003758
v -0.240882 0.469846 -0.027961
v -0.283882 0.508582 0.003758
v -0.245912 0.461284 -0.005973
v -0.240882 0.469846 -0.027961
v -0.283882 0.508582 0.003758
v -0.275291 0.510864 0.026187
v -0.245912 0.461284 -0.005973
v -0.275291 0.510864 0.026187
v -0.237321 0.463566 0.016456
v -0.245912 0.461284 -0.005973
v -0.275291 0.510864 0.026187
v -0.255380 0.523379 0.043047
v -0.237321 0.463566 0.016456
v -0.255380 0.523379 0.043047
v -0.217410 0.476081 0.033317
v -0.237321 0.463566 0.016456
v -0.255380 0.523379 0.043047
v -0.229485 0.542774 0.049821
v -0.217410 0.476081 0.033317
v -0.229485 0.542774 0.049821
v -0.191515 0.495476 0.040090
v -0.217410 0.476081 0.033317
v -0.229485 0.542774 0.049821
v -0.204543 0.563851 0.044693
v -0.191515 0.495476 0.040090
v -0.204543 0.563851 0.044693
v -0.166574 0.516553 0.034963
v -0.191515 0.495476 0.040090
v -0.204543 0.563851 0.044693
v -0.187239 0.580963 0.029038
v -0.166574 0.516553 0.034963
v -0.187239 0.580963 0.029038
v -0.149270 0.533665 0.019307
v -0.166574 0.516553 0.034963
v -0.187239 0.580963 0.029038
v -0.182209 0.589525 0.007050
v -0.149270 0.533665 0.019307
v -0.182209 0.589525 0.007050
v -0.144239 0.542227 -0.002681
v -0.149270 0.533665 0.019307
v -0.182209 0.589525 0.007050
v -0.190800 0.587242 -0.015379
v -0.144239 0.542227 -0.002681
v -0.190800 0.587242 -0.015379
v -0.152831 0.539945 -0.025110
v -0.144239 0.542227 -0.002681
v -0.190800 0.587242 -0.015379
v -0.210711 0.574727 -0.032240
v -0.152831 0.539945 -0.025110
v -0.210711 0.574727 -0.032240
v -0.172742 0.527429 -0.041970
v -0.152831 0.539945 -0.025110
v -0.210711 0.574727 -0.032240
v -0.236606 0.555333 -0.039013
v -0.172742 0.527429 -0.041970
v -0.236606 0.555333 -0.039013
v -0.198637 0.508035 -0.048744
v -0.172742 0.527429 -0.041970
v -0.198637 0.508035 -0.048744
v -0.223578 0.486958 -0.043616
v -0.160667 0.460737 -0.058475
v -0.223578 0.486958 -0.043616
v -0.185608 0.439660 -0.053347
v -0.160667 0.460737 -0.058475
v -0.223578 0.486958 -0.043616
v -0.240882 0.469846 -0.027961
v -0.185608 0.439660 -0.053347
v -0.240882 0.469846 -0.027961
v -0.202912 0.422548 -0.037692
v -0.185608 0.439660 -0.053347
v -0.240882 0.469846 -0.027961
v -0.245912 0.461284 -0.005973
v -0.202912 0.422548 -0.037692
v -0.245912 0.461284 -0.005973
v -0.207943 0.413986 -0.015704
v -0.202912 0.422548 -0.037692
v -0.245912 0.461284 -0.005973
v -0.237321 0.463566 0.016456
v -0.207943 0.413986 -0.015704
v -0.237321 0.463566 0.016456
v -0.199351 0.416268 0.006725
v -0.207943 0.413986 -0.015704
v -0.237321 0.463566 0.016456
v -0.217410 0.476081 0.033317
v -0.199351 0.416268 0.006725
v -0.217410 0.476081 0.033317
v -0.179440 0.428784 0.023586
v -0.199351 0.416268 0.006725
v -0.217410 0.476081 0.033317
v -0.191515 0.495476 0.040090
v -0.179440 0.428784 0.023586
v -0.191515 0.495476 0.040090
v -0.153545 0.448178 0.030360
v -0.179440 0.428784 0.023586
v -0.191515 0.495476 0.040090
v -0.166574 0.516553 0.034963
v -0.153545 0.448178 0.030360
v -0.166574 0.516553 0.034963
v -0.128604 0.469255 0.025232
v -0.153545 0.448178 0.030360
v -0.166574 0.516553 0.034963
v -0.149270 0.533665 0.019307
v -0.128604 0.469255 0.025232
v -0.149270 0.533665 0.019307
v -0.111300 0.486367 0.009576
v -0.128604 0.469255 0.025232
v -0.149270 0.533665 0.019307
v -0.144239 0.542227 -0.002681
v -0.111300 0.486367 0.009576
v -0.144239 0.542227 -0.002681
v -0.106270 0.494929 -0.012412
v -0.111300 0.486367 0.009576
v -0.144239 0.542227 -0.002681
v -0.152831 0.539945 -0.025110
v -0.106270 0.494929 -0.012412
v -0.152831 0.539945 -0.025110
v -0.114861 0.492647 -0.034841
v -0.106270 0.494929 -0.012412
v -0.152831 0.539945 -0.025110
v -0.172742 0.527429 -0.041970
v -0.114861 0.492647 -0.034841
v -0.172742 0.527429 -0.041970
v -0.134772 0.480132 -0.051701
v -0.114861 0.492647 -0.034841
v -0.172742 0.527429 -0.041970
v -0.198637 0.508035 -0.048744
v -0.134772 0.480132 -0.051701
v -0.198637 0.508035 -0.048744
v -0.160667 0.460737 -0.058475
v -0.134772 0.480132 -0.051701
v -0.160667 0.460737 -0.058475
v -0.185608 0.439660 -0.053347
v -0.131006 0.423743 -0.064940
v -0.185608 0.439660 -0.053347
v -0.155322 0.403194 -0.059941
v -0.131006 0.423743 -0.064940
v -0.185608 0.439660 -0.053347
v -0.202912 0.422548 -0.037692
v -0.155322 0.403194 -0.059941
v -0.202912 0.422548 -0.037692
v -0.172192 0.386511 -0.044678
v -0.155322 0.403194 -0.059941
v -0.202912 0.422548 -0.037692
v -0.207943 0.413986 -0.015704
v -0.172192 0.386511 -0.044678
v -0.207943 0.413986 -0.015704
v -0.177096 0.378164 -0.023241
v -0.172192 0.386511 -0.044678
v -0.207943 0.413986 -0.015704
v -0.199351 0.416268 0.006725
v -0.177096 0.378164 -0.023241
v -0.199351 0.416268 0.006725
v -0.168720 0.380389 -0.001374
v -0.177096 0.378164 -0.023241
v -0.199351 0.416268 0.006725
v -0.179440 0.428784 0.023586
v -0.168720 0.380389 -0.001374
v -0.179440 0.428784 0.023586
v -0.149309 0.392591 0.015063
v -0.168720 0.380389 -0.001374
v -0.179440 0.428784 0.023586
v -0.153545 0.448178 0.030360
v -0.149309 0.392591 0.015063
v -0.153545 0.448178 0.030360
v -0.124063 0.411499 0.021667
v -0.149309 0.392591 0.015063
v -0.153545 0.448178 0.030360
v -0.128604 0.469255 0.025232
v -0.124063 0.411499 0.021667
v -0.128604 0.469255 0.025232
v -0.099747 0.432048 0.016668
v -0.124063 0.411499 0.021667
v -0.128604 0.469255 0.025232
v -0.111300 0.486367 0.009576
v -0.099747 0.432048 0.016668
v -0.111300 0.486367 0.009576
v -0.082877 0.448731 0.001405
v -0.099747 0.432048 0.016668
v -0.111300 0.486367 0.009576
v -0.106270 0.494929 -0.012412
v -0.082877 0.448731 0.001405
v -0.106270 0.494929 -0.012412
v -0.077973 0.457078 -0.020031
v -0.082877 0.448731 0.001405
v -0.106270 0.494929 -0.012412
v -0.114861 0.492647 -0.034841
v -0.077973 0.457078 -0.020031
v -0.114861 0.492647 -0.034841
v -0.086349 0.454853 -0.041898
v -0.077973 0.457078 -0.020031
v -0.114861 0.492647 -0.034841
v -0.134772 0.480132 -0.051701
v -0.086349 0.454853 -0.041898
v -0.134772 0.480132 -0.051701
v -0.105760 0.442651 -0.058336
v -0.086349 0.454853 -0.041898
v -0.134772 0.480132 -0.051701
v -0.160667 0.460737 -0.058475
v -0.105760 0.442651 -0.058336
v -0.160667 0.460737 -0.058475
v -0.131006 0.423743 -0.064940
v -0.105760 0.442651 -0.058336
v -0.131006 0.423743 -0.064940
v -0.155322 0.403194 -0.059941
v -0.102654 0.388289 -0.068853
v -0.155322 0.403194 -0.059941
v -0.125125 0.369299 -0.064233
v -0.102654 0.388289 -0.068853
v -0.155322 0.403194 -0.059941
v -0.172192 0.386511 -0.044678
v -0.125125 0.369299 -0.064233
v -0.172192 0.386511 -0.044678
v -0.140716 0.353882 -0.050128
v -0.125125 0.369299 -0.064233
v -0.172192 0.386511 -0.044678
v -0.177096 0.378164 -0.023241
v -0.140716 0.353882 -0.050128
v -0.177096 0.378164 -0.023241
v -0.145248 0.346168 -0.030318
v -0.140716 0.353882 -0.050128
v -0.177096 0.378164 -0.023241
v -0.168720 0.380389 -0.001374
v -0.145248 0.346168 -0.030318
v -0.168720 0.380389 -0.001374
v -0.137507 0.348224 -0.010110
v -0.145248 0.346168 -0.030318
v -0.168720 0.380389 -0.001374
v -0.149309 0.392591 0.015063
v -0.137507 0.348224 -0.010110
v -0.149309 0.392591 0.015063
v -0.119568 0.359500 0.005081
v -0.137507 0.348224 -0.010110
v -0.149309 0.392591 0.015063
v -0.124063 0.411499 0.021667
v -0.119568 0.359500 0.005081
v -0.124063 0.411499 0.021667
v -0.096237 0.376974 0.011184
v -0.119568 0.359500 0.005081
v -0.124063 0.411499 0.021667
v -0.099747 0.432048 0.016668
v -0.096237 0.376974 0.011184
v -0.099747 0.432048 0.016668
v -0.073766 0.395964 0.006564
v -0.096237 0.376974 0.011184
v -0.099747 0.432048 0.016668
v -0.082877 0.448731 0.001405
v -0.073766 0.395964 0.006564
v -0.082877 0.448731 0.001405
v -0.058176 0.411381 -0.007541
v -0.073766 0.395964 0.006564
v -0.082877 0.448731 0.001405
v -0.077973 0.457078 -0.020031
v -0.058176 0.411381 -0.007541
v -0.077973 0.457078 -0.020031
v -0.053644 0.419095 -0.027352
v -0.058176 0.411381 -0.007541
v -0.077973 0.457078 -0.020031
v -0.086349 0.454853 -0.041898
v -0.053644 0.419095 -0.027352
v -0.086349 0.454853 -0.041898
v -0.061384 0.417039 -0.047560
v -0.053644 0.419095 -0.027352
v -0.086349 0.454853 -0.041898
v -0.105760 0.442651 -0.058336
v -0.061384 0.417039 -0.047560
v -0.105760 0.442651 -0.058336
v -0.079323 0.405763 -0.062750
v -0.061384 0.417039 -0.047560
v -0.105760 0.442651 -0.058336
v -0.131006 0.423743 -0.064940
v -0.079323 0.405763 -0.062750
v -0.131006 0.423743 -0.064940
v -0.102654 0.388289 -0.068853
v -0.079323 0.405763 -0.062750
v -0.102654 0.388289 -0.068853
v -0.125125 0.369299 -0.064233
v -0.077032 0.356153 -0.070019
v -0.125125 0.369299 -0.064233
v -0.096532 0.339674 -0.066010
v -0.077032 0.356153 -0.070019
v -0.125125 0.369299 -0.064233
v -0.140716 0.353882 -0.050128
v -0.096532 0.339674 -0.066010
v -0.140716 0.353882 -0.050128
v -0.110061 0.326295 -0.053770
v -0.096532 0.339674 -0.066010
v -0.140716 0.353882 -0.050128
v -0.145248 0.346168 -0.030318
v -0.110061 0.326295 -0.053770
v -0.145248 0.346168 -0.030318
v -0.113994 0.319601 -0.036579
v -0.110061 0.326295 -0.053770
v -0.145248 0.346168 -0.030318
v -0.137507 0.348224 -0.010110
v -0.113994 0.319601 -0.036579
v -0.137507 0.348224 -0.010110
v -0.107277 0.321386 -0.019043
v -0.113994 0.319601 -0.036579
v -0.137507 0.348224 -0.010110
v -0.119568 0.359500 0.005081
v -0.107277 0.321386 -0.019043
v -0.119568 0.359500 0.005081
v -0.091710 0.331171 -0.005861
v -0.107277 0.321386 -0.019043
v -0.119568 0.359500 0.005081
v -0.096237 0.376974 0.011184
v -0.091710 0.331171 -0.005861
v -0.096237 0.376974 0.011184
v -0.071464 0.346334 -0.000565
v -0.091710 0.331171 -0.005861
v -0.096237 0.376974 0.011184
v -0.073766 0.395964 0.006564
v -0.071464 0.346334 -0.000565
v -0.073766 0.395964 0.006564
v -0.051964 0.362813 -0.004575
v -0.071464 0.346334 -0.000565
v -0.073766 0.395964 0.006564
v -0.058176 0.411381 -0.007541
v -0.051964 0.362813 -0.004575
v -0.058176 0.411381 -0.007541
v -0.038436 0.376192 -0.016814
v -0.051964 0.362813 -0.004575
v -0.058176 0.411381 -0.007541
v -0.053644 0.419095 -0.027352
v -0.038436 0.376192 -0.016814
v -0.053644 0.419095 -0.027352
v -0.034503 0.382886 -0.034005
v -0.038436 0.376192 -0.016814
v -0.053644 0.419095 -0.027352
v -0.061384 0.417039 -0.047560
v -0.034503 0.382886 -0.034005
v -0.061384 0.417039 -0.047560
v -0.041220 0.381101 -0.051541
v -0.034503 0.382886 -0.034005
v -0.061384 0.417039 -0.047560
v -0.079323 0.405763 -0.062750
v -0.041220 0.381101 -0.051541
v -0.079323 0.405763 -0.062750
v -0.056787 0.371316 -0.064723
v -0.041220 0.381101 -0.051541
v -0.079323 0.405763 -0.062750
v -0.102654 0.388289 -0.068853
v -0.056787 0.371316 -0.064723
v -0.102654 0.388289 -0.068853
v -0.077032 0.356153 -0.070019
v -0.056787 0.371316 -0.064723
v -0.077032 0.356153 -0.070019
v -0.096532 0.339674 -0.066010
v -0.055426 0.328946 -0.068379
v -0.096532 0.339674 -0.066010
v -0.070976 0.315805 -0.065182
v -0.055426 0.328946 -0.068379
v -0.096532 0.339674 -0.066010
v -0.110061 0.326295 -0.053770
v -0.070976 0.315805 -0.065182
v -0.110061 0.326295 -0.053770
v -0.081765 0.305136 -0.055421
v -0.070976 0.315805 -0.065182
v -0.110061 0.326295 -0.053770
v -0.113994 0.319601 -0.036579
v -0.081765 0.305136 -0.055421
v -0.113994 0.319601 -0.036579
v -0.084902 0.299798 -0.041711
v -0.081765 0.305136 -0.055421
v -0.113994 0.319601 -0.036579
v -0.107277 0.321386 -0.019043
v -0.084902 0.299798 -0.041711
v -0.107277 0.321386 -0.019043
v -0.079545 0.301221 -0.027727
v -0.084902 0.299798 -0.041711
v -0.107277 0.321386 -0.019043
v -0.091710 0.331171 -0.005861
v -0.079545 0.301221 -0.027727
v -0.091710 0.331171 -0.005861
v -0.067131 0.309024 -0.017215
v -0.079545 0.301221 -0.027727
v -0.091710 0.331171 -0.005861
v -0.071464 0.346334 -0.000565
v -0.067131 0.309024 -0.017215
v -0.071464 0.346334 -0.000565
v -0.050985 0.321116 -0.012991
v -0.067131 0.309024 -0.017215
v -0.071464 0.346334 -0.000565
v -0.051964 0.362813 -0.004575
v -0.050985 0.321116 -0.012991
v -0.051964 0.362813 -0.004575
v -0.035435 0.334257 -0.016188
v -0.050985 0.321116 -0.012991
v -0.051964 0.362813 -0.004575
v -0.038436 0.376192 -0.016814
v -0.035435 0.334257 -0.016188
v -0.038436 0.376192 -0.016814
v -0.024646 0.344927 -0.025949
v -0.035435 0.334257 -0.016188
v -0.038436 0.376192 -0.016814
v -0.034503 0.382886 -0.034005
v -0.024646 0.344927 -0.025949
v -0.034503 0.382886 -0.034005
v -0.021510 0.350265 -0.039659
v -0.024646 0.344927 -0.025949
v -0.034503 0.382886 -0.034005
v -0.041220 0.381101 -0.051541
v -0.021510 0.350265 -0.039659
v -0.041220 0.381101 -0.051541
v -0.026866 0.348842 -0.053643
v -0.021510 0.350265 -0.039659
v -0.041220 0.381101 -0.051541
v -0.056787 0.371316 -0.064723
v -0.026866 0.348842 -0.053643
v -0.056787 0.371316 -0.064723
v -0.039280 0.341039 -0.064155
v -0.026866 0.348842 -0.053643
v -0.056787 0.371316 -0.064723
v -0.077032 0.356153 -0.070019
v -0.039280 0.341039 -0.064155
v -0.077032 0.356153 -0.070019
v -0.055426 0.328946 -0.068379
v -0.039280 0.341039 -0.064155
v -0.055426 0.328946 -0.068379
v -0.070976 0.315805 -0.065182
v -0.038918 0.308033 -0.064014
v -0.070976 0.315805 -0.065182
v -0.049740 0.298888 -0.061790
v -0.038918 0.308033 -0.064014
v -0.070976 0.315805 -0.065182
v -0.081765 0.305136 -0.055421
v -0.049740 0.298888 -0.061790
v -0.081765 0.305136 -0.055421
v -0.057247 0.291464 -0.054997
v -0.049740 0.298888 -0.061790
v -0.081765 0.305136 -0.055421
v -0.084902 0.299798 -0.041711
v -0.057247 0.291464 -0.054997
v -0.084902 0.299798 -0.041711
v -0.059430 0.287749 -0.045457
v -0.057247 0.291464 -0.054997
v -0.084902 0.299798 -0.041711
v -0.079545 0.301221 -0.027727
v -0.059430 0.287749 -0.045457
v -0.079545 0.301221 -0.027727
v -0.055702 0.288739 -0.035725
v -0.059430 0.287749 -0.045457
v -0.079545 0.301221 -0.027727
v -0.067131 0.309024 -0.017215
v -0.055702 0.288739 -0.035725
v -0.067131 0.309024 -0.017215
v -0.047063 0.294169 -0.028410
v -0.055702 0.288739 -0.035725
v -0.067131 0.309024 -0.017215
v -0.050985 0.321116 -0.012991
v -0.047063 0.294169 -0.028410
v -0.050985 0.321116 -0.012991
v -0.035828 0.302584 -0.025471
v -0.047063 0.294169 -0.028410
v -0.050985 0.321116 -0.012991
v -0.035435 0.334257 -0.016188
v -0.035828 0.302584 -0.025471
v -0.035435 0.334257 -0.016188
v -0.025006 0.311729 -0.027695
v -0.035828 0.302584 -0.025471
v -0.035435 0.334257 -0.016188
v -0.024646 0.344927 -0.025949
v -0.025006 0.311729 -0.027695
v -0.024646 0.344927 -0.025949
v -0.017498 0.319154 -0.034488
v -0.025006 0.311729 -0.027695
v -0.024646 0.344927 -0.025949
v -0.021510 0.350265 -0.039659
v -0.017498 0.319154 -0.034488
v -0.021510 0.350265 -0.039659
v -0.015316 0.322869 -0.044028
v -0.017498 0.319154 -0.034488
v -0.021510 0.350265 -0.039659
v -0.026866 0.348842 -0.053643
v -0.015316 0.322869 -0.044028
v -0.026866 0.348842 -0.053643
v -0.019044 0.321879 -0.053760
v -0.015316 0.322869 -0.044028
v -0.026866 0.348842 -0.053643
v -0.039280 0.341039 -0.064155
v -0.019044 0.321879 -0.053760
v -0.039280 0.341039 -0.064155
v -0.027683 0.316448 -0.061075
v -0.019044 0.321879 -0.053760
v -0.039280 0.341039 -0.064155
v -0.055426 0.328946 -0.068379
v -0.027683 0.316448 -0.061075
v -0.055426 0.328946 -0.068379
v -0.038918 0.308033 -0.064014
v -0.027683 0.316448 -0.061075
v -0.038918 0.308033 -0.064014
v -0.049740 0.298888 -0.061790
v -0.028337 0.294463 -0.057145
v -0.049740 0.298888 -0.061790
v -0.033887 0.289773 -0.056004
v -0.028337 0.294463 -0.057145
v -0.049740 0.298888 -0.061790
v -0.057247 0.291464 -0.054997
v -0.033887 0.289773 -0.056004
v -0.057247 0.291464 -0.054997
v -0.037737 0.285965 -0.052521
v -0.033887 0.289773 -0.056004
v -0.057247 0.291464 -0.054997
v -0.059430 0.287749 -0.045457
v -0.037737 0.285965 -0.052521
v -0.059430 0.287749 -0.045457
v -0.038856 0.284060 -0.047628
v -0.037737 0.285965 -0.052521
v -0.059430 0.287749 -0.045457
v -0.055702 0.288739 -0.035725
v -0.038856 0.284060 -0.047628
v -0.055702 0.288739 -0.035725
v -0.036945 0.284568 -0.042637
v -0.038856 0.284060 -0.047628
v -0.055702 0.288739 -0.035725
v -0.047063 0.294169 -0.028410
v -0.036945 0.284568 -0.042637
v -0.047063 0.294169 -0.028410
v -0.032514 0.287353 -0.038885
v -0.036945 0.284568 -0.042637
v -0.047063 0.294169 -0.028410
v -0.035828 0.302584 -0.025471
v -0.032514 0.287353 -0.038885
v -0.035828 0.302584 -0.025471
v -0.026752 0.291668 -0.037378
v -0.032514 0.287353 -0.038885
v -0.035828 0.302584 -0.025471
v -0.025006 0.311729 -0.027695
v -0.026752 0.291668 -0.037378
v -0.025006 0.311729 -0.027695
v -0.021202 0.296358 -0.038519
v -0.026752 0.291668 -0.037378
v -0.025006 0.311729 -0.027695
v -0.017498 0.319154 -0.034488
v -0.021202 0.296358 -0.038519
v -0.017498 0.319154 -0.034488
v -0.017351 0.300166 -0.042002
v -0.021202 0.296358 -0.038519
v -0.017498 0.319154 -0.034488
v -0.015316 0.322869 -0.044028
v -0.017351 0.300166 -0.042002
v -0.015316 0.322869 -0.044028
v -0.016232 0.302071 -0.046895
v -0.017351 0.300166 -0.042002
v -0.015316 0.322869 -0.044028
v -0.019044 0.321879 -0.053760
v -0.016232 0.302071 -0.046895
v -0.019044 0.321879 -0.053760
v -0.018144 0.301563 -0.051886
v -0.016232 0.302071 -0.046895
v -0.019044 0.321879 -0.053760
v -0.027683 0.316448 -0.061075
v -0.018144 0.301563 -0.051886
v -0.027683 0.316448 -0.061075
v -0.022574 0.298779 -0.055638
v -0.018144 0.301563 -0.051886
v -0.027683 0.316448 -0.061075
v -0.038918 0.308033 -0.064014
v -0.022574 0.298779 -0.055638
v -0.038918 0.308033 -0.064014
v -0.028337 0.294463 -0.057145
v -0.022574 0.298779 -0.055638
v -0.028337 0.294463 -0.057145
v -0.033887 0.289773 -0.056004
v -0.024212 0.288915 -0.048115
v -0.033887 0.289773 -0.056004
v -0.024212 0.288915 -0.048115
v -0.024212 0.288915 -0.048115
v -0.033887 0.289773 -0.056004
v -0.037737 0.285965 -0.052521
v -0.024212 0.288915 -0.048115
v -0.037737 0.285965 -0.052521
v -0.024212 0.288915 -0.048115
v -0.024212 0.288915 -0.048115
v -0.037737 0.285965 -0.052521
v -0.038856 0.284060 -0.047628
v -0.024212 0.288915 -0.048115
v -0.038856 0.284060 -0.047628
v -0.024212 0.288915 -0.048115
v -0.024212 0.288915 -0.048115
v -0.038856 0.284060 -0.047628
v -0.036945 0.284568 -0.042637
v -0.024212 0.288915 -0.048115
v -0.036945 0.284568 -0.042637
v -0.024212 0.288915 -0.048115
v -0.024212 0.288915 -0.048115
v -0.036945 0.284568 -0.042637
v -0.032514 0.287353 -0.038885
v -0.024212 0.288915 -0.048115
v -0.032514 0.287353 -0.038885
v -0.024212 0.288915 -0.048115
v -0.024212 0.288915 -0.048115
v -0.032514 0.287353 -0.038885
v -0.026752 0.291668 -0.037378
v -0.024212 0.288915 -0.048115
v -0.026752 0.291668 -0.037378
v -0.024212 0.288915 -0.048115
v -0.024212 0.288915 -0.048115
v -0.026752 0.291668 -0.037378
v -0.021202 0.296358 -0.038519
v -0.024212 0.288915 -0.048115
v -0.021202 0.296358 -0.038519
v -0.024212 0.288915 -0.048115
v -0.024212 0.288915 -0.048115
v -0.021202 0.296358 -0.038519
v -0.017351 0.300166 -0.042002
v -0.024212 0.288915 -0.048115
v -0.017351 0.300166 -0.042002
v -0.024212 0.288915 -0.048115
v -0.024212 0.288915 -0.048115
v -0.017351 0.300166 -0.042002
v -0.016232 0.302071 -0.046895
v -0.024212 0.288915 -0.048115
v -0.016232 0.302071 -0.046895
v -0.024212 0.288915 -0.048115
v -0.024212 0.288915 -0.048115
v -0.016232 0.302071 -0.046895
v -0.018144 0.301563 -0.051886
v -0.024212 0.288915 -0.048115
v -0.018144 0.301563 -0.051886
v -0.024212 0.288915 -0.048115
v -0.024212 0.288915 -0.048115
v -0.018144 0.301563 -0.051886
v -0.022574 0.298779 -0.055638
v -0.024212 0.288915 -0.048115
v -0.022574 0.298779 -0.055638
v -0.024212 0.288915 -0.048115
v -0.024212 0.288915 -0.048115
v -0.022574 0.298779 -0.055638
v -0.028337 0.294463 -0.057145
v -0.024212 0.288915 -0.048115
v -0.028337 0.294463 -0.057145
v -0.024212 0.288915 -0.048115
v -0.024212 0.288915 -0.048115
v -0.332124 1.231973 -0.173681
v -0.332124 1.231973 -0.173681
v -0.329304 1.224639 -0.182327
v -0.332124 1.231973 -0.173681
v -0.336714 1.222180 -0.181104
v -0.329304 1.224639 -0.182327
v -0.332124 1.231973 -0.173681
v -0.332124 1.231973 -0.173681
v -0.336714 1.222180 -0.181104
v -0.332124 1.231973 -0.173681
v -0.342350 1.220860 -0.177578
v -0.336714 1.222180 -0.181104
v -0.332124 1.231973 -0.173681
v -0.332124 1.231973 -0.173681
v -0.342350 1.220860 -0.177578
v -0.332124 1.231973 -0.173681
v -0.344701 1.221033 -0.172693
v -0.342350 1.220860 -0.177578
v -0.332124 1.231973 -0.173681
v -0.332124 1.231973 -0.173681
v -0.344701 1.221033 -0.172693
v -0.332124 1.231973 -0.173681
v -0.343137 1.222653 -0.167758
v -0.344701 1.221033 -0.172693
v -0.332124 1.231973 -0.173681
v -0.332124 1.231973 -0.173681
v -0.343137 1.222653 -0.167758
v -0.332124 1.231973 -0.173681
v -0.338078 1.225285 -0.164095
v -0.343137 1.222653 -0.167758
v -0.332124 1.231973 -0.173681
v -0.332124 1.231973 -0.173681
v -0.338078 1.225285 -0.164095
v -0.332124 1.231973 -0.173681
v -0.330879 1.228225 -0.162687
v -0.338078 1.225285 -0.164095
v -0.332124 1.231973 -0.173681
v -0.332124 1.231973 -0.173681
v -0.330879 1.228225 -0.162687
v -0.332124 1.231973 -0.173681
v -0.323468 1.230684 -0.163909
v -0.330879 1.228225 -0.162687
v -0.332124 1.231973 -0.173681
v -0.332124 1.231973 -0.173681
v -0.323468 1.230684 -0.163909
v -0.332124 1.231973 -0.173681
v -0.317832 1.232004 -0.167436
v -0.323468 1.230684 -0.163909
v -0.332124 1.231973 -0.173681
v -0.332124 1.231973 -0.173681
v -0.317832 1.232004 -0.167436
v -0.332124 1.231973 -0.173681
v -0.315481 1.231831 -0.172321
v -0.317832 1.232004 -0.167436
v -0.332124 1.231973 -0.173681
v -0.332124 1.231973 -0.173681
v -0.315481 1.231831 -0.172321
v -0.332124 1.231973 -0.173681
v -0.317045 1.230211 -0.177256
v -0.315481 1.231831 -0.172321
v -0.332124 1.231973 -0.173681
v -0.332124 1.231973 -0.173681
v -0.317045 1.230211 -0.177256
v -0.332124 1.231973 -0.173681
v -0.322105 1.227579 -0.180918
v -0.317045 1.230211 -0.177256
v -0.332124 1.231973 -0.173681
v -0.332124 1.231973 -0.173681
v -0.322105 1.227579 -0.180918
v -0.332124 1.231973 -0.173681
v -0.329304 1.224639 -0.182327
v -0.322105 1.227579 -0.180918
v -0.329304 1.224639 -0.182327
v -0.336714 1.222180 -0.181104
v -0.322561 1.206593 -0.188190
v -0.336714 1.222180 -0.181104
v -0.337010 1.201798 -0.185806
v -0.322561 1.206593 -0.188190
v -0.336714 1.222180 -0.181104
v -0.342350 1.220860 -0.177578
v -0.337010 1.201798 -0.185806
v -0.342350 1.220860 -0.177578
v -0.347999 1.199224 -0.178930
v -0.337010 1.201798 -0.185806
v -0.342350 1.220860 -0.177578
v -0.344701 1.221033 -0.172693
v -0.347999 1.199224 -0.178930
v -0.344701 1.221033 -0.172693
v -0.352583 1.199562 -0.169405
v -0.347999 1.199224 -0.178930
v -0.344701 1.221033 -0.172693
v -0.343137 1.222653 -0.167758
v -0.352583 1.199562 -0.169405
v -0.343137 1.222653 -0.167758
v -0.349534 1.202720 -0.159782
v -0.352583 1.199562 -0.169405
v -0.343137 1.222653 -0.167758
v -0.338078 1.225285 -0.164095
v -0.349534 1.202720 -0.159782
v -0.338078 1.225285 -0.164095
v -0.339669 1.207852 -0.152641
v -0.349534 1.202720 -0.159782
v -0.338078 1.225285 -0.164095
v -0.330879 1.228225 -0.162687
v -0.339669 1.207852 -0.152641
v -0.330879 1.228225 -0.162687
v -0.325631 1.213584 -0.149895
v -0.339669 1.207852 -0.152641
v -0.330879 1.228225 -0.162687
v -0.323468 1.230684 -0.163909
v -0.325631 1.213584 -0.149895
v -0.323468 1.230684 -0.163909
v -0.311182 1.218378 -0.152279
v -0.325631 1.213584 -0.149895
v -0.323468 1.230684 -0.163909
v -0.317832 1.232004 -0.167436
v -0.311182 1.218378 -0.152279
v -0.317832 1.232004 -0.167436
v -0.300193 1.220952 -0.159155
v -0.311182 1.218378 -0.152279
v -0.317832 1.232004 -0.167436
v -0.315481 1.231831 -0.172321
v -0.300193 1.220952 -0.159155
v -0.315481 1.231831 -0.172321
v -0.295609 1.220614 -0.168680
v -0.300193 1.220952 -0.159155
v -0.315481 1.231831 -0.172321
v -0.317045 1.230211 -0.177256
v -0.295609 1.220614 -0.168680
v -0.317045 1.230211 -0.177256
v -0.298658 1.217456 -0.178303
v -0.295609 1.220614 -0.168680
v -0.317045 1.230211 -0.177256
v -0.322105 1.227579 -0.180918
v -0.298658 1.217456 -0.178303
v -0.322105 1.227579 -0.180918
v -0.308523 1.212324 -0.185444
v -0.298658 1.217456 -0.178303
v -0.322105 1.227579 -0.180918
v -0.329304 1.224639 -0.182327
v -0.308523 1.212324 -0.185444
v -0.329304 1.224639 -0.182327
v -0.322561 1.206593 -0.188190
v -0.308523 1.212324 -0.185444
v -0.322561 1.206593 -0.188190
v -0.337010 1.201798 -0.185806
v -0.312233 1.178737 -0.190978
v -0.337010 1.201798 -0.185806
v -0.332996 1.171847 -0.187551
v -0.312233 1.178737 -0.190978
v -0.337010 1.201798 -0.185806
v -0.347999 1.199224 -0.178930
v -0.332996 1.171847 -0.187551
v -0.347999 1.199224 -0.178930
v -0.348787 1.168149 -0.177671
v -0.332996 1.171847 -0.187551
v -0.347999 1.199224 -0.178930
v -0.352583 1.199562 -0.169405
v -0.348787 1.168149 -0.177671
v -0.352583 1.199562 -0.169405
v -0.355374 1.168634 -0.163983
v -0.348787 1.168149 -0.177671
v -0.352583 1.199562 -0.169405
v -0.349534 1.202720 -0.159782
v -0.355374 1.168634 -0.163983
v -0.349534 1.202720 -0.159782
v -0.350993 1.173172 -0.150155
v -0.355374 1.168634 -0.163983
v -0.349534 1.202720 -0.159782
v -0.339669 1.207852 -0.152641
v -0.350993 1.173172 -0.150155
v -0.339669 1.207852 -0.152641
v -0.336817 1.180547 -0.139893
v -0.350993 1.173172 -0.150155
v -0.339669 1.207852 -0.152641
v -0.325631 1.213584 -0.149895
v -0.336817 1.180547 -0.139893
v -0.325631 1.213584 -0.149895
v -0.316644 1.188783 -0.135947
v -0.336817 1.180547 -0.139893
v -0.325631 1.213584 -0.149895
v -0.311182 1.218378 -0.152279
v -0.316644 1.188783 -0.135947
v -0.311182 1.218378 -0.152279
v -0.295881 1.195674 -0.139373
v -0.316644 1.188783 -0.135947
v -0.311182 1.218378 -0.152279
v -0.300193 1.220952 -0.159155
v -0.295881 1.195674 -0.139373
v -0.300193 1.220952 -0.159155
v -0.280090 1.199372 -0.149254
v -0.295881 1.195674 -0.139373
v -0.300193 1.220952 -0.159155
v -0.295609 1.220614 -0.168680
v -0.280090 1.199372 -0.149254
v -0.295609 1.220614 -0.168680
v -0.273503 1.198887 -0.162942
v -0.280090 1.199372 -0.149254
v -0.295609 1.220614 -0.168680
v -0.298658 1.217456 -0.178303
v -0.273503 1.198887 -0.162942
v -0.298658 1.217456 -0.178303
v -0.277884 1.194349 -0.176769
v -0.273503 1.198887 -0.162942
v -0.298658 1.217456 -0.178303
v -0.308523 1.212324 -0.185444
v -0.277884 1.194349 -0.176769
v -0.308523 1.212324 -0.185444
v -0.292060 1.186973 -0.187031
v -0.277884 1.194349 -0.176769
v -0.308523 1.212324 -0.185444
v -0.322561 1.206593 -0.188190
v -0.292060 1.186973 -0.187031
v -0.322561 1.206593 -0.188190
v -0.312233 1.178737 -0.190978
v -0.292060 1.186973 -0.187031
v -0.312233 1.178737 -0.190978
v -0.332996 1.171847 -0.187551
v -0.298837 1.142470 -0.190549
v -0.332996 1.171847 -0.187551
v -0.324873 1.133830 -0.186252
v -0.298837 1.142470 -0.190549
v -0.332996 1.171847 -0.187551
v -0.348787 1.168149 -0.177671
v -0.324873 1.133830 -0.186252
v -0.348787 1.168149 -0.177671
v -0.344675 1.129193 -0.173862
v -0.324873 1.133830 -0.186252
v -0.348787 1.168149 -0.177671
v -0.355374 1.168634 -0.163983
v -0.344675 1.129193 -0.173862
v -0.355374 1.168634 -0.163983
v -0.352935 1.129801 -0.156698
v -0.344675 1.129193 -0.173862
v -0.355374 1.168634 -0.163983
v -0.350993 1.173172 -0.150155
v -0.352935 1.129801 -0.156698
v -0.350993 1.173172 -0.150155
v -0.347441 1.135492 -0.139359
v -0.352935 1.129801 -0.156698
v -0.350993 1.173172 -0.150155
v -0.336817 1.180547 -0.139893
v -0.347441 1.135492 -0.139359
v -0.336817 1.180547 -0.139893
v -0.329665 1.144740 -0.126491
v -0.347441 1.135492 -0.139359
v -0.336817 1.180547 -0.139893
v -0.316644 1.188783 -0.135947
v -0.329665 1.144740 -0.126491
v -0.316644 1.188783 -0.135947
v -0.304369 1.155068 -0.121542
v -0.329665 1.144740 -0.126491
v -0.316644 1.188783 -0.135947
v -0.295881 1.195674 -0.139373
v -0.304369 1.155068 -0.121542
v -0.295881 1.195674 -0.139373
v -0.278333 1.163708 -0.125838
v -0.304369 1.155068 -0.121542
v -0.295881 1.195674 -0.139373
v -0.280090 1.199372 -0.149254
v -0.278333 1.163708 -0.125838
v -0.280090 1.199372 -0.149254
v -0.258531 1.168345 -0.138228
v -0.278333 1.163708 -0.125838
v -0.280090 1.199372 -0.149254
v -0.273503 1.198887 -0.162942
v -0.258531 1.168345 -0.138228
v -0.273503 1.198887 -0.162942
v -0.250271 1.167737 -0.155393
v -0.258531 1.168345 -0.138228
v -0.273503 1.198887 -0.162942
v -0.277884 1.194349 -0.176769
v -0.250271 1.167737 -0.155393
v -0.277884 1.194349 -0.176769
v -0.255765 1.162046 -0.172732
v -0.250271 1.167737 -0.155393
v -0.277884 1.194349 -0.176769
v -0.292060 1.186973 -0.187031
v -0.255765 1.162046 -0.172732
v -0.292060 1.186973 -0.187031
v -0.273541 1.152798 -0.185600
v -0.255765 1.162046 -0.172732
v -0.292060 1.186973 -0.187031
v -0.312233 1.178737 -0.190978
v -0.273541 1.152798 -0.185600
v -0.312233 1.178737 -0.190978
v -0.298837 1.142470 -0.190549
v -0.273541 1.152798 -0.185600
v -0.298837 1.142470 -0.190549
v -0.324873 1.133830 -0.186252
v -0.283046 1.099610 -0.186925
v -0.324873 1.133830 -0.186252
v -0.313050 1.089653 -0.181974
v -0.283046 1.099610 -0.186925
v -0.324873 1.133830 -0.186252
v -0.344675 1.129193 -0.173862
v -0.313050 1.089653 -0.181974
v -0.344675 1.129193 -0.173862
v -0.335868 1.084310 -0.167696
v -0.313050 1.089653 -0.181974
v -0.344675 1.129193 -0.173862
v -0.352935 1.129801 -0.156698
v -0.335868 1.084310 -0.167696
v -0.352935 1.129801 -0.156698
v -0.345387 1.085010 -0.147916
v -0.335868 1.084310 -0.167696
v -0.352935 1.129801 -0.156698
v -0.347441 1.135492 -0.139359
v -0.345387 1.085010 -0.147916
v -0.347441 1.135492 -0.139359
v -0.339056 1.091568 -0.127935
v -0.345387 1.085010 -0.147916
v -0.347441 1.135492 -0.139359
v -0.329665 1.144740 -0.126491
v -0.339056 1.091568 -0.127935
v -0.329665 1.144740 -0.126491
v -0.318571 1.102226 -0.113106
v -0.339056 1.091568 -0.127935
v -0.329665 1.144740 -0.126491
v -0.304369 1.155068 -0.121542
v -0.318571 1.102226 -0.113106
v -0.304369 1.155068 -0.121542
v -0.289421 1.114127 -0.107403
v -0.318571 1.102226 -0.113106
v -0.304369 1.155068 -0.121542
v -0.278333 1.163708 -0.125838
v -0.289421 1.114127 -0.107403
v -0.278333 1.163708 -0.125838
v -0.259417 1.124084 -0.112354
v -0.289421 1.114127 -0.107403
v -0.278333 1.163708 -0.125838
v -0.258531 1.168345 -0.138228
v -0.259417 1.124084 -0.112354
v -0.258531 1.168345 -0.138228
v -0.236598 1.129428 -0.126632
v -0.259417 1.124084 -0.112354
v -0.258531 1.168345 -0.138228
v -0.250271 1.167737 -0.155393
v -0.236598 1.129428 -0.126632
v -0.250271 1.167737 -0.155393
v -0.227079 1.128727 -0.146412
v -0.236598 1.129428 -0.126632
v -0.250271 1.167737 -0.155393
v -0.255765 1.162046 -0.172732
v -0.227079 1.128727 -0.146412
v -0.255765 1.162046 -0.172732
v -0.233410 1.122169 -0.166393
v -0.227079 1.128727 -0.146412
v -0.255765 1.162046 -0.172732
v -0.273541 1.152798 -0.185600
v -0.233410 1.122169 -0.166393
v -0.273541 1.152798 -0.185600
v -0.253896 1.111512 -0.181222
v -0.233410 1.122169 -0.166393
v -0.273541 1.152798 -0.185600
v -0.298837 1.142470 -0.190549
v -0.253896 1.111512 -0.181222
v -0.298837 1.142470 -0.190549
v -0.283046 1.099610 -0.186925
v -0.253896 1.111512 -0.181222
v -0.283046 1.099610 -0.186925
v -0.313050 1.089653 -0.181974
v -0.265650 1.052306 -0.180289
v -0.313050 1.089653 -0.181974
v -0.298118 1.041532 -0.174931
v -0.265650 1.052306 -0.180289
v -0.313050 1.089653 -0.181974
v -0.335868 1.084310 -0.167696
v -0.298118 1.041532 -0.174931
v -0.335868 1.084310 -0.167696
v -0.322809 1.035750 -0.159481
v -0.298118 1.041532 -0.174931
v -0.335868 1.084310 -0.167696
v -0.345387 1.085010 -0.147916
v -0.322809 1.035750 -0.159481
v -0.345387 1.085010 -0.147916
v -0.333110 1.036508 -0.138078
v -0.322809 1.035750 -0.159481
v -0.345387 1.085010 -0.147916
v -0.339056 1.091568 -0.127935
v -0.333110 1.036508 -0.138078
v -0.339056 1.091568 -0.127935
v -0.326259 1.043604 -0.116456
v -0.333110 1.036508 -0.138078
v -0.339056 1.091568 -0.127935
v -0.318571 1.102226 -0.113106
v -0.326259 1.043604 -0.116456
v -0.318571 1.102226 -0.113106
v -0.304092 1.055136 -0.100410
v -0.326259 1.043604 -0.116456
v -0.318571 1.102226 -0.113106
v -0.289421 1.114127 -0.107403
v -0.304092 1.055136 -0.100410
v -0.289421 1.114127 -0.107403
v -0.272549 1.068015 -0.094239
v -0.304092 1.055136 -0.100410
v -0.289421 1.114127 -0.107403
v -0.259417 1.124084 -0.112354
v -0.272549 1.068015 -0.094239
v -0.259417 1.124084 -0.112354
v -0.240082 1.078789 -0.099596
v -0.272549 1.068015 -0.094239
v -0.259417 1.124084 -0.112354
v -0.236598 1.129428 -0.126632
v -0.240082 1.078789 -0.099596
v -0.236598 1.129428 -0.126632
v -0.215390 1.084571 -0.115046
v -0.240082 1.078789 -0.099596
v -0.236598 1.129428 -0.126632
v -0.227079 1.128727 -0.146412
v -0.215390 1.084571 -0.115046
v -0.227079 1.128727 -0.146412
v -0.205090 1.083813 -0.136450
v -0.215390 1.084571 -0.115046
v -0.227079 1.128727 -0.146412
v -0.233410 1.122169 -0.166393
v -0.205090 1.083813 -0.136450
v -0.233410 1.122169 -0.166393
v -0.211941 1.076717 -0.158071
v -0.205090 1.083813 -0.136450
v -0.233410 1.122169 -0.166393
v -0.253896 1.111512 -0.181222
v -0.211941 1.076717 -0.158071
v -0.253896 1.111512 -0.181222
v -0.234108 1.065185 -0.174117
v -0.211941 1.076717 -0.158071
v -0.253896 1.111512 -0.181222
v -0.283046 1.099610 -0.186925
v -0.234108 1.065185 -0.174117
v -0.283046 1.099610 -0.186925
v -0.265650 1.052306 -0.180289
v -0.234108 1.065185 -0.174117
v -0.265650 1.052306 -0.180289
v -0.298118 1.041532 -0.174931
v -0.247524 1.002930 -0.170972
v -0.298118 1.041532 -0.174931
v -0.280826 0.991879 -0.165477
v -0.247524 1.002930 -0.170972
v -0.298118 1.041532 -0.174931
v -0.322809 1.035750 -0.159481
v -0.280826 0.991879 -0.165477
v -0.322809 1.035750 -0.159481
v -0.306153 0.985948 -0.149629
v -0.280826 0.991879 -0.165477
v -0.322809 1.035750 -0.159481
v -0.333110 1.036508 -0.138078
v -0.306153 0.985948 -0.149629
v -0.333110 1.036508 -0.138078
v -0.316718 0.986726 -0.127675
v -0.306153 0.985948 -0.149629
v -0.333110 1.036508 -0.138078
v -0.326259 1.043604 -0.116456
v -0.316718 0.986726 -0.127675
v -0.326259 1.043604 -0.116456
v -0.309691 0.994004 -0.105498
v -0.316718 0.986726 -0.127675
v -0.326259 1.043604 -0.116456
v -0.304092 1.055136 -0.100410
v -0.309691 0.994004 -0.105498
v -0.304092 1.055136 -0.100410
v -0.286954 1.005833 -0.089039
v -0.309691 0.994004 -0.105498
v -0.304092 1.055136 -0.100410
v -0.272549 1.068015 -0.094239
v -0.286954 1.005833 -0.089039
v -0.272549 1.068015 -0.094239
v -0.254600 1.019043 -0.082709
v -0.286954 1.005833 -0.089039
v -0.272549 1.068015 -0.094239
v -0.240082 1.078789 -0.099596
v -0.254600 1.019043 -0.082709
v -0.240082 1.078789 -0.099596
v -0.221298 1.030094 -0.088204
v -0.254600 1.019043 -0.082709
v -0.240082 1.078789 -0.099596
v -0.215390 1.084571 -0.115046
v -0.221298 1.030094 -0.088204
v -0.215390 1.084571 -0.115046
v -0.195971 1.036025 -0.104052
v -0.221298 1.030094 -0.088204
v -0.215390 1.084571 -0.115046
v -0.205090 1.083813 -0.136450
v -0.195971 1.036025 -0.104052
v -0.205090 1.083813 -0.136450
v -0.185406 1.035247 -0.126006
v -0.195971 1.036025 -0.104052
v -0.205090 1.083813 -0.136450
v -0.211941 1.076717 -0.158071
v -0.185406 1.035247 -0.126006
v -0.211941 1.076717 -0.158071
v -0.192433 1.027969 -0.148183
v -0.185406 1.035247 -0.126006
v -0.211941 1.076717 -0.158071
v -0.234108 1.065185 -0.174117
v -0.192433 1.027969 -0.148183
v -0.234108 1.065185 -0.174117
v -0.215170 1.016140 -0.164642
v -0.192433 1.027969 -0.148183
v -0.234108 1.065185 -0.174117
v -0.265650 1.052306 -0.180289
v -0.215170 1.016140 -0.164642
v -0.265650 1.052306 -0.180289
v -0.247524 1.002930 -0.170972
v -0.215170 1.016140 -0.164642
v -0.247524 1.002930 -0.170972
v -0.280826 0.991879 -0.165477
v -0.224363 0.939791 -0.157589
v -0.280826 0.991879 -0.165477
v -0.257665 0.928740 -0.152094
v -0.224363 0.939791 -0.157589
v -0.280826 0.991879 -0.165477
v -0.306153 0.985948 -0.149629
v -0.257665 0.928740 -0.152094
v -0.306153 0.985948 -0.149629
v -0.282992 0.922809 -0.136246
v -0.257665 0.928740 -0.152094
v -0.306153 0.985948 -0.149629
v -0.316718 0.986726 -0.127675
v -0.282992 0.922809 -0.136246
v -0.316718 0.986726 -0.127675
v -0.293557 0.923587 -0.114292
v -0.282992 0.922809 -0.136246
v -0.316718 0.986726 -0.127675
v -0.309691 0.994004 -0.105498
v -0.293557 0.923587 -0.114292
v -0.309691 0.994004 -0.105498
v -0.286530 0.930865 -0.092115
v -0.293557 0.923587 -0.114292
v -0.309691 0.994004 -0.105498
v -0.286954 1.005833 -0.089039
v -0.286530 0.930865 -0.092115
v -0.286954 1.005833 -0.089039
v -0.263793 0.942694 -0.075656
v -0.286530 0.930865 -0.092115
v -0.286954 1.005833 -0.089039
v -0.254600 1.019043 -0.082709
v -0.263793 0.942694 -0.075656
v -0.254600 1.019043 -0.082709
v -0.231439 0.955904 -0.069326
v -0.263793 0.942694 -0.075656
v -0.254600 1.019043 -0.082709
v -0.221298 1.030094 -0.088204
v -0.231439 0.955904 -0.069326
v -0.221298 1.030094 -0.088204
v -0.198137 0.966955 -0.074821
v -0.231439 0.955904 -0.069326
v -0.221298 1.030094 -0.088204
v -0.195971 1.036025 -0.104052
v -0.198137 0.966955 -0.074821
v -0.195971 1.036025 -0.104052
v -0.172811 0.972886 -0.090669
v -0.198137 0.966955 -0.074821
v -0.195971 1.036025 -0.104052
v -0.185406 1.035247 -0.126006
v -0.172811 0.972886 -0.090669
v -0.185406 1.035247 -0.126006
v -0.162245 0.972108 -0.112623
v -0.172811 0.972886 -0.090669
v -0.185406 1.035247 -0.126006
v -0.192433 1.027969 -0.148183
v -0.162245 0.972108 -0.112623
v -0.192433 1.027969 -0.148183
v -0.169272 0.964830 -0.134800
v -0.162245 0.972108 -0.112623
v -0.192433 1.027969 -0.148183
v -0.215170 1.016140 -0.164642
v -0.169272 0.964830 -0.134800
v -0.215170 1.016140 -0.164642
v -0.192009 0.953001 -0.151259
v -0.169272 0.964830 -0.134800
v -0.215170 1.016140 -0.164642
v -0.247524 1.002930 -0.170972
v -0.192009 0.953001 -0.151259
v -0.247524 1.002930 -0.170972
v -0.224363 0.939791 -0.157589
v -0.192009 0.953001 -0.151259
v -0.224363 0.939791 -0.157589
v -0.257665 0.928740 -0.152094
v -0.201203 0.876652 -0.144206
v -0.257665 0.928740 -0.152094
v -0.234505 0.865601 -0.138711
v -0.201203 0.876652 -0.144206
v -0.257665 0.928740 -0.152094
v -0.282992 0.922809 -0.136246
v -0.234505 0.865601 -0.138711
v -0.282992 0.922809 -0.136246
v -0.259832 0.859670 -0.122863
v -0.234505 0.865601 -0.138711
v -0.282992 0.922809 -0.136246
v -0.293557 0.923587 -0.114292
v -0.259832 0.859670 -0.122863
v -0.293557 0.923587 -0.114292
v -0.270397 0.860448 -0.100909
v -0.259832 0.859670 -0.122863
v -0.293557 0.923587 -0.114292
v -0.286530 0.930865 -0.092115
v -0.270397 0.860448 -0.100909
v -0.286530 0.930865 -0.092115
v -0.263370 0.867726 -0.078732
v -0.270397 0.860448 -0.100909
v -0.286530 0.930865 -0.092115
v -0.263793 0.942694 -0.075656
v -0.263370 0.867726 -0.078732
v -0.263793 0.942694 -0.075656
v -0.240633 0.879555 -0.062273
v -0.263370 0.867726 -0.078732
v -0.263793 0.942694 -0.075656
v -0.231439 0.955904 -0.069326
v -0.240633 0.879555 -0.062273
v -0.231439 0.955904 -0.069326
v -0.208279 0.892765 -0.055943
v -0.240633 0.879555 -0.062273
v -0.231439 0.955904 -0.069326
v -0.198137 0.966955 -0.074821
v -0.208279 0.892765 -0.055943
v -0.198137 0.966955 -0.074821
v -0.174977 0.903816 -0.061438
v -0.208279 0.892765 -0.055943
v -0.198137 0.966955 -0.074821
v -0.172811 0.972886 -0.090669
v -0.174977 0.903816 -0.061438
v -0.172811 0.972886 -0.090669
v -0.149650 0.909747 -0.077286
v -0.174977 0.903816 -0.061438
v -0.172811 0.972886 -0.090669
v -0.162245 0.972108 -0.112623
v -0.149650 0.909747 -0.077286
v -0.162245 0.972108 -0.112623
v -0.139085 0.908969 -0.099240
v -0.149650 0.909747 -0.077286
v -0.162245 0.972108 -0.112623
v -0.169272 0.964830 -0.134800
v -0.139085 0.908969 -0.099240
v -0.169272 0.964830 -0.134800
v -0.146112 0.901691 -0.121417
v -0.139085 0.908969 -0.099240
v -0.169272 0.964830 -0.134800
v -0.192009 0.953001 -0.151259
v -0.146112 0.901691 -0.121417
v -0.192009 0.953001 -0.151259
v -0.168849 0.889862 -0.137876
v -0.146112 0.901691 -0.121417
v -0.192009 0.953001 -0.151259
v -0.224363 0.939791 -0.157589
v -0.168849 0.889862 -0.137876
v -0.224363 0.939791 -0.157589
v -0.201203 0.876652 -0.144206
v -0.168849 0.889862 -0.137876
v -0.201203 0.876652 -0.144206
v -0.234505 0.865601 -0.138711
v -0.178042 0.813513 -0.130823
v -0.234505 0.865601 -0.138711
v -0.211344 0.802462 -0.125328
v -0.178042 0.813513 -0.130823
v -0.234505 0.865601 -0.138711
v -0.259832 0.859670 -0.122863
v -0.211344 0.802462 -0.125328
v -0.259832 0.859670 -0.122863
v -0.236671 0.796531 -0.109480
v -0.211344 0.802462 -0.125328
v -0.259832 0.859670 -0.122863
v -0.270397 0.860448 -0.100909
v -0.236671 0.796531 -0.109480
v -0.270397 0.860448 -0.100909
v -0.247236 0.797309 -0.087526
v -0.236671 0.796531 -0.109480
v -0.270397 0.860448 -0.100909
v -0.263370 0.867726 -0.078732
v -0.247236 0.797309 -0.087526
v -0.263370 0.867726 -0.078732
v -0.240209 0.804587 -0.065349
v -0.247236 0.797309 -0.087526
v -0.263370 0.867726 -0.078732
v -0.240633 0.879555 -0.062273
v -0.240209 0.804587 -0.065349
v -0.240633 0.879555 -0.062273
v -0.217472 0.816416 -0.048890
v -0.240209 0.804587 -0.065349
v -0.240633 0.879555 -0.062273
v -0.208279 0.892765 -0.055943
v -0.217472 0.816416 -0.048890
v -0.208279 0.892765 -0.055943
v -0.185118 0.829626 -0.042560
v -0.217472 0.816416 -0.048890
v -0.208279 0.892765 -0.055943
v -0.174977 0.903816 -0.061438
v -0.185118 0.829626 -0.042560
v -0.174977 0.903816 -0.061438
v -0.151816 0.840677 -0.048055
v -0.185118 0.829626 -0.042560
v -0.174977 0.903816 -0.061438
v -0.149650 0.909747 -0.077286
v -0.151816 0.840677 -0.048055
v -0.149650 0.909747 -0.077286
v -0.126489 0.846608 -0.063903
v -0.151816 0.840677 -0.048055
v -0.149650 0.909747 -0.077286
v -0.139085 0.908969 -0.099240
v -0.126489 0.846608 -0.063903
v -0.139085 0.908969 -0.099240
v -0.115924 0.845830 -0.085857
v -0.126489 0.846608 -0.063903
v -0.139085 0.908969 -0.099240
v -0.146112 0.901691 -0.121417
v -0.115924 0.845830 -0.085857
v -0.146112 0.901691 -0.121417
v -0.122951 0.838552 -0.108034
v -0.115924 0.845830 -0.085857
v -0.146112 0.901691 -0.121417
v -0.168849 0.889862 -0.137876
v -0.122951 0.838552 -0.108034
v -0.168849 0.889862 -0.137876
v -0.145688 0.826723 -0.124493
v -0.122951 0.838552 -0.108034
v -0.168849 0.889862 -0.137876
v -0.201203 0.876652 -0.144206
v -0.145688 0.826723 -0.124493
v -0.201203 0.876652 -0.144206
v -0.178042 0.813513 -0.130823
v -0.145688 0.826723 -0.124493
v -0.178042 0.813513 -0.130823
v -0.211344 0.802462 -0.125328
v -0.154882 0.750374 -0.117440
v -0.211344 0.802462 -0.125328
v -0.188184 0.739323 -0.111945
v -0.154882 0.750374 -0.117440
v -0.211344 0.802462 -0.125328
v -0.236671 0.796531 -0.109480
v -0.188184 0.739323 -0.111945
v -0.236671 0.796531 -0.109480
v -0.213511 0.733392 -0.096097
v -0.188184 0.739323 -0.111945
v -0.236671 0.796531 -0.109480
v -0.247236 0.797309 -0.087526
v -0.213511 0.733392 -0.096097
v -0.247236 0.797309 -0.087526
v -0.224076 0.734170 -0.074143
v -0.213511 0.733392 -0.096097
v -0.247236 0.797309 -0.087526
v -0.240209 0.804587 -0.065349
v -0.224076 0.734170 -0.074143
v -0.240209 0.804587 -0.065349
v -0.217049 0.741448 -0.051966
v -0.224076 0.734170 -0.074143
v -0.240209 0.804587 -0.065349
v -0.217472 0.816416 -0.048890
v -0.217049 0.741448 -0.051966
v -0.217472 0.816416 -0.048890
v -0.194312 0.753277 -0.035507
v -0.217049 0.741448 -0.051966
v -0.217472 0.816416 -0.048890
v -0.185118 0.829626 -0.042560
v -0.194312 0.753277 -0.035507
v -0.185118 0.829626 -0.042560
v -0.161958 0.766487 -0.029177
v -0.194312 0.753277 -0.035507
v -0.185118 0.829626 -0.042560
v -0.151816 0.840677 -0.048055
v -0.161958 0.766487 -0.029177
v -0.151816 0.840677 -0.048055
v -0.128656 0.777538 -0.034672
v -0.161958 0.766487 -0.029177
v -0.151816 0.840677 -0.048055
v -0.126489 0.846608 -0.063903
v -0.128656 0.777538 -0.034672
v -0.126489 0.846608 -0.063903
v -0.103329 0.783469 -0.050520
v -0.128656 0.777538 -0.034672
v -0.126489 0.846608 -0.063903
v -0.115924 0.845830 -0.085857
v -0.103329 0.783469 -0.050520
v -0.115924 0.845830 -0.085857
v -0.092764 0.782691 -0.072474
v -0.103329 0.783469 -0.050520
v -0.115924 0.845830 -0.085857
v -0.122951 0.838552 -0.108034
v -0.092764 0.782691 -0.072474
v -0.122951 0.838552 -0.108034
v -0.099791 0.775413 -0.094651
v -0.092764 0.782691 -0.072474
v -0.122951 0.838552 -0.108034
v -0.145688 0.826723 -0.124493
v -0.099791 0.775413 -0.094651
v -0.145688 0.826723 -0.124493
v -0.122528 0.763584 -0.111110
v -0.099791 0.775413 -0.094651
v -0.145688 0.826723 -0.124493
v -0.178042 0.813513 -0.130823
v -0.122528 0.763584 -0.111110
v -0.178042 0.813513 -0.130823
v -0.154882 0.750374 -0.117440
v -0.122528 0.763584 -0.111110
v -0.154882 0.750374 -0.117440
v -0.188184 0.739323 -0.111945
v -0.131721 0.687235 -0.104057
v -0.188184 0.739323 -0.111945
v -0.165023 0.676184 -0.098562
v -0.131721 0.687235 -0.104057
v -0.188184 0.739323 -0.111945
v -0.213511 0.733392 -0.096097
v -0.165023 0.676184 -0.098562
v -0.213511 0.733392 -0.096097
v -0.190350 0.670253 -0.082714
v -0.165023 0.676184 -0.098562
v -0.213511 0.733392 -0.096097
v -0.224076 0.734170 -0.074143
v -0.190350 0.670253 -0.082714
v -0.224076 0.734170 -0.074143
v -0.200915 0.671031 -0.060760
v -0.190350 0.670253 -0.082714
v -0.224076 0.734170 -0.074143
v -0.217049 0.741448 -0.051966
v -0.200915 0.671031 -0.060760
v -0.217049 0.741448 -0.051966
v -0.193888 0.678309 -0.038583
v -0.200915 0.671031 -0.060760
v -0.217049 0.741448 -0.051966
v -0.194312 0.753277 -0.035507
v -0.193888 0.678309 -0.038583
v -0.194312 0.753277 -0.035507
v -0.171151 0.690138 -0.022124
v -0.193888 0.678309 -0.038583
v -0.194312 0.753277 -0.035507
v -0.161958 0.766487 -0.029177
v -0.171151 0.690138 -0.022124
v -0.161958 0.766487 -0.029177
v -0.138797 0.703348 -0.015794
v -0.171151 0.690138 -0.022124
v -0.161958 0.766487 -0.029177
v -0.128656 0.777538 -0.034672
v -0.138797 0.703348 -0.015794
v -0.128656 0.777538 -0.034672
v -0.105495 0.714399 -0.021289
v -0.138797 0.703348 -0.015794
v -0.128656 0.777538 -0.034672
v -0.103329 0.783469 -0.050520
v -0.105495 0.714399 -0.021289
v -0.103329 0.783469 -0.050520
v -0.080168 0.720330 -0.037137
v -0.105495 0.714399 -0.021289
v -0.103329 0.783469 -0.050520
v -0.092764 0.782691 -0.072474
v -0.080168 0.720330 -0.037137
v -0.092764 0.782691 -0.072474
v -0.069603 0.719552 -0.059091
v -0.080168 0.720330 -0.037137
v -0.092764 0.782691 -0.072474
v -0.099791 0.775413 -0.094651
v -0.069603 0.719552 -0.059091
v -0.099791 0.775413 -0.094651
v -0.076630 0.712274 -0.081268
v -0.069603 0.719552 -0.059091
v -0.099791 0.775413 -0.094651
v -0.122528 0.763584 -0.111110
v -0.076630 0.712274 -0.081268
v -0.122528 0.763584 -0.111110
v -0.099367 0.700445 -0.097727
v -0.076630 0.712274 -0.081268
v -0.122528 0.763584 -0.111110
v -0.154882 0.750374 -0.117440
v -0.099367 0.700445 -0.097727
v -0.154882 0.750374 -0.117440
v -0.131721 0.687235 -0.104057
v -0.099367 0.700445 -0.097727
v -0.131721 0.687235 -0.104057
v -0.165023 0.676184 -0.098562
v -0.108561 0.624096 -0.090674
v -0.165023 0.676184 -0.098562
v -0.141863 0.613045 -0.085179
v -0.108561 0.624096 -0.090674
v -0.165023 0.676184 -0.098562
v -0.190350 0.670253 -0.082714
v -0.141863 0.613045 -0.085179
v -0.190350 0.670253 -0.082714
v -0.167189 0.607114 -0.069331
v -0.141863 0.613045 -0.085179
v -0.190350 0.670253 -0.082714
v -0.200915 0.671031 -0.060760
v -0.167189 0.607114 -0.069331
v -0.200915 0.671031 -0.060760
v -0.177755 0.607892 -0.047377
v -0.167189 0.607114 -0.069331
v -0.200915 0.671031 -0.060760
v -0.193888 0.678309 -0.038583
v -0.177755 0.607892 -0.047377
v -0.193888 0.678309 -0.038583
v -0.170728 0.615170 -0.025200
v -0.177755 0.607892 -0.047377
v -0.193888 0.678309 -0.038583
v -0.171151 0.690138 -0.022124
v -0.170728 0.615170 -0.025200
v -0.171151 0.690138 -0.022124
v -0.147991 0.626999 -0.008741
v -0.170728 0.615170 -0.025200
v -0.171151 0.690138 -0.022124
v -0.138797 0.703348 -0.015794
v -0.147991 0.626999 -0.008741
v -0.138797 0.703348 -0.015794
v -0.115637 0.640209 -0.002411
v -0.147991 0.626999 -0.008741
v -0.138797 0.703348 -0.015794
v -0.105495 0.714399 -0.021289
v -0.115637 0.640209 -0.002411
v -0.105495 0.714399 -0.021289
v -0.082335 0.651260 -0.007906
v -0.115637 0.640209 -0.002411
v -0.105495 0.714399 -0.021289
v -0.080168 0.720330 -0.037137
v -0.082335 0.651260 -0.007906
v -0.080168 0.720330 -0.037137
v -0.057008 0.657191 -0.023754
v -0.082335 0.651260 -0.007906
v -0.080168 0.720330 -0.037137
v -0.069603 0.719552 -0.059091
v -0.057008 0.657191 -0.023754
v -0.069603 0.719552 -0.059091
v -0.046443 0.656413 -0.045708
v -0.057008 0.657191 -0.023754
v -0.069603 0.719552 -0.059091
v -0.076630 0.712274 -0.081268
v -0.046443 0.656413 -0.045708
v -0.076630 0.712274 -0.081268
v -0.053470 0.649135 -0.067885
v -0.046443 0.656413 -0.045708
v -0.076630 0.712274 -0.081268
v -0.099367 0.700445 -0.097727
v -0.053470 0.649135 -0.067885
v -0.099367 0.700445 -0.097727
v -0.076207 0.637306 -0.084344
v -0.053470 0.649135 -0.067885
v -0.099367 0.700445 -0.097727
v -0.131721 0.687235 -0.104057
v -0.076207 0.637306 -0.084344
v -0.131721 0.687235 -0.104057
v -0.108561 0.624096 -0.090674
v -0.076207 0.637306 -0.084344
v -0.108561 0.624096 -0.090674
v -0.141863 0.613045 -0.085179
v -0.085400 0.560957 -0.077291
v -0.141863 0.613045 -0.085179
v -0.118702 0.549906 -0.071796
v -0.085400 0.560957 -0.077291
v -0.141863 0.613045 -0.085179
v -0.167189 0.607114 -0.069331
v -0.118702 0.549906 -0.071796
v -0.167189 0.607114 -0.069331
v -0.144029 0.543975 -0.055948
v -0.118702 0.549906 -0.071796
v -0.167189 0.607114 -0.069331
v -0.177755 0.607892 -0.047377
v -0.144029 0.543975 -0.055948
v -0.177755 0.607892 -0.047377
v -0.154594 0.544753 -0.033994
v -0.144029 0.543975 -0.055948
v -0.177755 0.607892 -0.047377
v -0.170728 0.615170 -0.025200
v -0.154594 0.544753 -0.033994
v -0.170728 0.615170 -0.025200
v -0.147567 0.552031 -0.011817
v -0.154594 0.544753 -0.033994
v -0.170728 0.615170 -0.025200
v -0.147991 0.626999 -0.008741
v -0.147567 0.552031 -0.011817
v -0.147991 0.626999 -0.008741
v -0.124830 0.563860 0.004642
v -0.147567 0.552031 -0.011817
v -0.147991 0.626999 -0.008741
v -0.115637 0.640209 -0.002411
v -0.124830 0.563860 0.004642
v -0.115637 0.640209 -0.002411
v -0.092476 0.577070 0.010972
v -0.124830 0.563860 0.004642
v -0.115637 0.640209 -0.002411
v -0.082335 0.651260 -0.007906
v -0.092476 0.577070 0.010972
v -0.082335 0.651260 -0.007906
v -0.059174 0.588121 0.005477
v -0.092476 0.577070 0.010972
v -0.082335 0.651260 -0.007906
v -0.057008 0.657191 -0.023754
v -0.059174 0.588121 0.005477
v -0.057008 0.657191 -0.023754
v -0.033847 0.594052 -0.010371
v -0.059174 0.588121 0.005477
v -0.057008 0.657191 -0.023754
v -0.046443 0.656413 -0.045708
v -0.033847 0.594052 -0.010371
v -0.046443 0.656413 -0.045708
v -0.023282 0.593275 -0.032325
v -0.033847 0.594052 -0.010371
v -0.046443 0.656413 -0.045708
v -0.053470 0.649135 -0.067885
v -0.023282 0.593275 -0.032325
v -0.053470 0.649135 -0.067885
v -0.030309 0.585996 -0.054502
v -0.023282 0.593275 -0.032325
v -0.053470 0.649135 -0.067885
v -0.076207 0.637306 -0.084344
v -0.030309 0.585996 -0.054502
v -0.076207 0.637306 -0.084344
v -0.053046 0.574167 -0.070961
v -0.030309 0.585996 -0.054502
v -0.076207 0.637306 -0.084344
v -0.108561 0.624096 -0.090674
v -0.053046 0.574167 -0.070961
v -0.108561 0.624096 -0.090674
v -0.085400 0.560957 -0.077291
v -0.053046 0.574167 -0.070961
v -0.085400 0.560957 -0.077291
v -0.118702 0.549906 -0.071796
v -0.067451 0.511985 -0.065761
v -0.118702 0.549906 -0.071796
v -0.099918 0.501211 -0.060404
v -0.067451 0.511985 -0.065761
v -0.118702 0.549906 -0.071796
v -0.144029 0.543975 -0.055948
v -0.099918 0.501211 -0.060404
v -0.144029 0.543975 -0.055948
v -0.124610 0.495429 -0.044954
v -0.099918 0.501211 -0.060404
v -0.144029 0.543975 -0.055948
v -0.154594 0.544753 -0.033994
v -0.124610 0.495429 -0.044954
v -0.154594 0.544753 -0.033994
v -0.134910 0.496187 -0.023550
v -0.124610 0.495429 -0.044954
v -0.154594 0.544753 -0.033994
v -0.147567 0.552031 -0.011817
v -0.134910 0.496187 -0.023550
v -0.147567 0.552031 -0.011817
v -0.128059 0.503283 -0.001929
v -0.134910 0.496187 -0.023550
v -0.147567 0.552031 -0.011817
v -0.124830 0.563860 0.004642
v -0.128059 0.503283 -0.001929
v -0.124830 0.563860 0.004642
v -0.105892 0.514815 0.014117
v -0.128059 0.503283 -0.001929
v -0.124830 0.563860 0.004642
v -0.092476 0.577070 0.010972
v -0.105892 0.514815 0.014117
v -0.092476 0.577070 0.010972
v -0.074350 0.527694 0.020289
v -0.105892 0.514815 0.014117
v -0.092476 0.577070 0.010972
v -0.059174 0.588121 0.005477
v -0.074350 0.527694 0.020289
v -0.059174 0.588121 0.005477
v -0.041883 0.538468 0.014931
v -0.074350 0.527694 0.020289
v -0.059174 0.588121 0.005477
v -0.033847 0.594052 -0.010371
v -0.041883 0.538468 0.014931
v -0.033847 0.594052 -0.010371
v -0.017191 0.544251 -0.000519
v -0.041883 0.538468 0.014931
v -0.033847 0.594052 -0.010371
v -0.023282 0.593275 -0.032325
v -0.017191 0.544251 -0.000519
v -0.023282 0.593275 -0.032325
v -0.006890 0.543492 -0.021922
v -0.017191 0.544251 -0.000519
v -0.023282 0.593275 -0.032325
v -0.030309 0.585996 -0.054502
v -0.006890 0.543492 -0.021922
v -0.030309 0.585996 -0.054502
v -0.013741 0.536396 -0.043544
v -0.006890 0.543492 -0.021922
v -0.030309 0.585996 -0.054502
v -0.053046 0.574167 -0.070961
v -0.013741 0.536396 -0.043544
v -0.053046 0.574167 -0.070961
v -0.035908 0.524864 -0.059590
v -0.013741 0.536396 -0.043544
v -0.053046 0.574167 -0.070961
v -0.085400 0.560957 -0.077291
v -0.035908 0.524864 -0.059590
v -0.085400 0.560957 -0.077291
v -0.067451 0.511985 -0.065761
v -0.035908 0.524864 -0.059590
v -0.067451 0.511985 -0.065761
v -0.099918 0.501211 -0.060404
v -0.050579 0.465873 -0.052597
v -0.099918 0.501211 -0.060404
v -0.080583 0.455916 -0.047646
v -0.050579 0.465873 -0.052597
v -0.099918 0.501211 -0.060404
v -0.124610 0.495429 -0.044954
v -0.080583 0.455916 -0.047646
v -0.124610 0.495429 -0.044954
v -0.103402 0.450572 -0.033368
v -0.080583 0.455916 -0.047646
v -0.124610 0.495429 -0.044954
v -0.134910 0.496187 -0.023550
v -0.103402 0.450572 -0.033368
v -0.134910 0.496187 -0.023550
v -0.112921 0.451273 -0.013588
v -0.103402 0.450572 -0.033368
v -0.134910 0.496187 -0.023550
v -0.128059 0.503283 -0.001929
v -0.112921 0.451273 -0.013588
v -0.128059 0.503283 -0.001929
v -0.106590 0.457831 0.006393
v -0.112921 0.451273 -0.013588
v -0.128059 0.503283 -0.001929
v -0.105892 0.514815 0.014117
v -0.106590 0.457831 0.006393
v -0.105892 0.514815 0.014117
v -0.086104 0.468488 0.021222
v -0.106590 0.457831 0.006393
v -0.105892 0.514815 0.014117
v -0.074350 0.527694 0.020289
v -0.086104 0.468488 0.021222
v -0.074350 0.527694 0.020289
v -0.056954 0.480390 0.026925
v -0.086104 0.468488 0.021222
v -0.074350 0.527694 0.020289
v -0.041883 0.538468 0.014931
v -0.056954 0.480390 0.026925
v -0.041883 0.538468 0.014931
v -0.026950 0.490347 0.021974
v -0.056954 0.480390 0.026925
v -0.041883 0.538468 0.014931
v -0.017191 0.544251 -0.000519
v -0.026950 0.490347 0.021974
v -0.017191 0.544251 -0.000519
v -0.004132 0.495690 0.007696
v -0.026950 0.490347 0.021974
v -0.017191 0.544251 -0.000519
v -0.006890 0.543492 -0.021922
v -0.004132 0.495690 0.007696
v -0.006890 0.543492 -0.021922
v 0.005387 0.494990 -0.012084
v -0.004132 0.495690 0.007696
v -0.006890 0.543492 -0.021922
v -0.013741 0.536396 -0.043544
v 0.005387 0.494990 -0.012084
v -0.013741 0.536396 -0.043544
v -0.000944 0.488432 -0.032065
v 0.005387 0.494990 -0.012084
v -0.013741 0.536396 -0.043544
v -0.035908 0.524864 -0.059590
v -0.000944 0.488432 -0.032065
v -0.035908 0.524864 -0.059590
v -0.021429 0.477774 -0.046894
v -0.000944 0.488432 -0.032065
v -0.035908 0.524864 -0.059590
v -0.067451 0.511985 -0.065761
v -0.021429 0.477774 -0.046894
v -0.067451 0.511985 -0.065761
v -0.050579 0.465873 -0.052597
v -0.021429 0.477774 -0.046894
v -0.050579 0.465873 -0.052597
v -0.080583 0.455916 -0.047646
v -0.035631 0.424932 -0.038458
v -0.080583 0.455916 -0.047646
v -0.061667 0.416292 -0.034162
v -0.035631 0.424932 -0.038458
v -0.080583 0.455916 -0.047646
v -0.103402 0.450572 -0.033368
v -0.061667 0.416292 -0.034162
v -0.103402 0.450572 -0.033368
v -0.081469 0.411655 -0.021772
v -0.061667 0.416292 -0.034162
v -0.103402 0.450572 -0.033368
v -0.112921 0.451273 -0.013588
v -0.081469 0.411655 -0.021772
v -0.112921 0.451273 -0.013588
v -0.089729 0.412263 -0.004607
v -0.081469 0.411655 -0.021772
v -0.112921 0.451273 -0.013588
v -0.106590 0.457831 0.006393
v -0.089729 0.412263 -0.004607
v -0.106590 0.457831 0.006393
v -0.084235 0.417954 0.012732
v -0.089729 0.412263 -0.004607
v -0.106590 0.457831 0.006393
v -0.086104 0.468488 0.021222
v -0.084235 0.417954 0.012732
v -0.086104 0.468488 0.021222
v -0.066459 0.427202 0.025600
v -0.084235 0.417954 0.012732
v -0.086104 0.468488 0.021222
v -0.056954 0.480390 0.026925
v -0.066459 0.427202 0.025600
v -0.056954 0.480390 0.026925
v -0.041163 0.437530 0.030549
v -0.066459 0.427202 0.025600
v -0.056954 0.480390 0.026925
v -0.026950 0.490347 0.021974
v -0.041163 0.437530 0.030549
v -0.026950 0.490347 0.021974
v -0.015127 0.446170 0.026252
v -0.041163 0.437530 0.030549
v -0.026950 0.490347 0.021974
v -0.004132 0.495690 0.007696
v -0.015127 0.446170 0.026252
v -0.004132 0.495690 0.007696
v 0.004675 0.450807 0.013862
v -0.015127 0.446170 0.026252
v -0.004132 0.495690 0.007696
v 0.005387 0.494990 -0.012084
v 0.004675 0.450807 0.013862
v 0.005387 0.494990 -0.012084
v 0.012935 0.450199 -0.003302
v 0.004675 0.450807 0.013862
v 0.005387 0.494990 -0.012084
v -0.000944 0.488432 -0.032065
v 0.012935 0.450199 -0.003302
v -0.000944 0.488432 -0.032065
v 0.007441 0.444508 -0.020641
v 0.012935 0.450199 -0.003302
v -0.000944 0.488432 -0.032065
v -0.021429 0.477774 -0.046894
v 0.007441 0.444508 -0.020641
v -0.021429 0.477774 -0.046894
v -0.010335 0.435260 -0.033509
v 0.007441 0.444508 -0.020641
v -0.021429 0.477774 -0.046894
v -0.050579 0.465873 -0.052597
v -0.010335 0.435260 -0.033509
v -0.050579 0.465873 -0.052597
v -0.035631 0.424932 -0.038458
v -0.010335 0.435260 -0.033509
v -0.035631 0.424932 -0.038458
v -0.061667 0.416292 -0.034162
v -0.023356 0.391217 -0.024053
v -0.061667 0.416292 -0.034162
v -0.044119 0.384326 -0.020627
v -0.023356 0.391217 -0.024053
v -0.061667 0.416292 -0.034162
v -0.081469 0.411655 -0.021772
v -0.044119 0.384326 -0.020627
v -0.081469 0.411655 -0.021772
v -0.059910 0.380628 -0.010746
v -0.044119 0.384326 -0.020627
v -0.081469 0.411655 -0.021772
v -0.089729 0.412263 -0.004607
v -0.059910 0.380628 -0.010746
v -0.089729 0.412263 -0.004607
v -0.066497 0.381113 0.002942
v -0.059910 0.380628 -0.010746
v -0.089729 0.412263 -0.004607
v -0.084235 0.417954 0.012732
v -0.066497 0.381113 0.002942
v -0.084235 0.417954 0.012732
v -0.062116 0.385651 0.016769
v -0.066497 0.381113 0.002942
v -0.084235 0.417954 0.012732
v -0.066459 0.427202 0.025600
v -0.062116 0.385651 0.016769
v -0.066459 0.427202 0.025600
v -0.047940 0.393027 0.027031
v -0.062116 0.385651 0.016769
v -0.066459 0.427202 0.025600
v -0.041163 0.437530 0.030549
v -0.047940 0.393027 0.027031
v -0.041163 0.437530 0.030549
v -0.027767 0.401263 0.030978
v -0.047940 0.393027 0.027031
v -0.041163 0.437530 0.030549
v -0.015127 0.446170 0.026252
v -0.027767 0.401263 0.030978
v -0.015127 0.446170 0.026252
v -0.007004 0.408153 0.027551
v -0.027767 0.401263 0.030978
v -0.015127 0.446170 0.026252
v 0.004675 0.450807 0.013862
v -0.007004 0.408153 0.027551
v 0.004675 0.450807 0.013862
v 0.008787 0.411851 0.017671
v -0.007004 0.408153 0.027551
v 0.004675 0.450807 0.013862
v 0.012935 0.450199 -0.003302
v 0.008787 0.411851 0.017671
v 0.012935 0.450199 -0.003302
v 0.015374 0.411366 0.003983
v 0.008787 0.411851 0.017671
v 0.012935 0.450199 -0.003302
v 0.007441 0.444508 -0.020641
v 0.015374 0.411366 0.003983
v 0.007441 0.444508 -0.020641
v 0.010993 0.406828 -0.009845
v 0.015374 0.411366 0.003983
v 0.007441 0.444508 -0.020641
v -0.010335 0.435260 -0.033509
v 0.010993 0.406828 -0.009845
v -0.010335 0.435260 -0.033509
v -0.003183 0.399453 -0.020107
v 0.010993 0.406828 -0.009845
v -0.010335 0.435260 -0.033509
v -0.035631 0.424932 -0.038458
v -0.003183 0.399453 -0.020107
v -0.035631 0.424932 -0.038458
v -0.023356 0.391217 -0.024053
v -0.003183 0.399453 -0.020107
v -0.023356 0.391217 -0.024053
v -0.044119 0.384326 -0.020627
v -0.014369 0.366416 -0.010105
v -0.044119 0.384326 -0.020627
v -0.028818 0.361622 -0.007721
v -0.014369 0.366416 -0.010105
v -0.044119 0.384326 -0.020627
v -0.059910 0.380628 -0.010746
v -0.028818 0.361622 -0.007721
v -0.059910 0.380628 -0.010746
v -0.039807 0.359048 -0.000845
v -0.028818 0.361622 -0.007721
v -0.059910 0.380628 -0.010746
v -0.066497 0.381113 0.002942
v -0.039807 0.359048 -0.000845
v -0.066497 0.381113 0.002942
v -0.044391 0.359386 0.008680
v -0.039807 0.359048 -0.000845
v -0.066497 0.381113 0.002942
v -0.062116 0.385651 0.016769
v -0.044391 0.359386 0.008680
v -0.062116 0.385651 0.016769
v -0.041342 0.362544 0.018303
v -0.044391 0.359386 0.008680
v -0.062116 0.385651 0.016769
v -0.047940 0.393027 0.027031
v -0.041342 0.362544 0.018303
v -0.047940 0.393027 0.027031
v -0.031477 0.367676 0.025444
v -0.041342 0.362544 0.018303
v -0.047940 0.393027 0.027031
v -0.027767 0.401263 0.030978
v -0.031477 0.367676 0.025444
v -0.027767 0.401263 0.030978
v -0.017439 0.373407 0.028190
v -0.031477 0.367676 0.025444
v -0.027767 0.401263 0.030978
v -0.007004 0.408153 0.027551
v -0.017439 0.373407 0.028190
v -0.007004 0.408153 0.027551
v -0.002990 0.378202 0.025806
v -0.017439 0.373407 0.028190
v -0.007004 0.408153 0.027551
v 0.008787 0.411851 0.017671
v -0.002990 0.378202 0.025806
v 0.008787 0.411851 0.017671
v 0.007999 0.380776 0.018930
v -0.002990 0.378202 0.025806
v 0.008787 0.411851 0.017671
v 0.015374 0.411366 0.003983
v 0.007999 0.380776 0.018930
v 0.015374 0.411366 0.003983
v 0.012583 0.380438 0.009405
v 0.007999 0.380776 0.018930
v 0.015374 0.411366 0.003983
v 0.010993 0.406828 -0.009845
v 0.012583 0.380438 0.009405
v 0.010993 0.406828 -0.009845
v 0.009534 0.377280 -0.000218
v 0.012583 0.380438 0.009405
v 0.010993 0.406828 -0.009845
v -0.003183 0.399453 -0.020107
v 0.009534 0.377280 -0.000218
v -0.003183 0.399453 -0.020107
v -0.000331 0.372148 -0.007359
v 0.009534 0.377280 -0.000218
v -0.003183 0.399453 -0.020107
v -0.023356 0.391217 -0.024053
v -0.000331 0.372148 -0.007359
v -0.023356 0.391217 -0.024053
v -0.014369 0.366416 -0.010105
v -0.000331 0.372148 -0.007359
v -0.014369 0.366416 -0.010105
v -0.028818 0.361622 -0.007721
v -0.009121 0.351775 0.002687
v -0.028818 0.361622 -0.007721
v -0.016532 0.349316 0.003909
v -0.009121 0.351775 0.002687
v -0.028818 0.361622 -0.007721
v -0.039807 0.359048 -0.000845
v -0.016532 0.349316 0.003909
v -0.039807 0.359048 -0.000845
v -0.022168 0.347996 0.007436
v -0.016532 0.349316 0.003909
v -0.039807 0.359048 -0.000845
v -0.044391 0.359386 0.008680
v -0.022168 0.347996 0.007436
v -0.044391 0.359386 0.008680
v -0.024519 0.348170 0.012321
v -0.022168 0.347996 0.007436
v -0.044391 0.359386 0.008680
v -0.041342 0.362544 0.018303
v -0.024519 0.348170 0.012321
v -0.041342 0.362544 0.018303
v -0.022955 0.349789 0.017256
v -0.024519 0.348170 0.012321
v -0.041342 0.362544 0.018303
v -0.031477 0.367676 0.025444
v -0.022955 0.349789 0.017256
v -0.031477 0.367676 0.025444
v -0.017895 0.352421 0.020918
v -0.022955 0.349789 0.017256
v -0.031477 0.367676 0.025444
v -0.017439 0.373407 0.028190
v -0.017895 0.352421 0.020918
v -0.017439 0.373407 0.028190
v -0.010696 0.355361 0.022327
v -0.017895 0.352421 0.020918
v -0.017439 0.373407 0.028190
v -0.002990 0.378202 0.025806
v -0.010696 0.355361 0.022327
v -0.002990 0.378202 0.025806
v -0.003286 0.357820 0.021104
v -0.010696 0.355361 0.022327
v -0.002990 0.378202 0.025806
v 0.007999 0.380776 0.018930
v -0.003286 0.357820 0.021104
v 0.007999 0.380776 0.018930
v 0.002350 0.359140 0.017578
v -0.003286 0.357820 0.021104
v 0.007999 0.380776 0.018930
v 0.012583 0.380438 0.009405
v 0.002350 0.359140 0.017578
v 0.012583 0.380438 0.009405
v 0.004701 0.358967 0.012693
v 0.002350 0.359140 0.017578
v 0.012583 0.380438 0.009405
v 0.009534 0.377280 -0.000218
v 0.004701 0.358967 0.012693
v 0.009534 0.377280 -0.000218
v 0.003137 0.357347 0.007758
v 0.004701 0.358967 0.012693
v 0.009534 0.377280 -0.000218
v -0.000331 0.372148 -0.007359
v 0.003137 0.357347 0.007758
v -0.000331 0.372148 -0.007359
v -0.001922 0.354715 0.004095
v 0.003137 0.357347 0.007758
v -0.000331 0.372148 -0.007359
v -0.014369 0.366416 -0.010105
v -0.001922 0.354715 0.004095
v -0.014369 0.366416 -0.010105
v -0.009121 0.351775 0.002687
v -0.001922 0.354715 0.004095
v -0.009121 0.351775 0.002687
v -0.016532 0.349316 0.003909
v -0.007876 0.348027 0.013681
v -0.016532 0.349316 0.003909
v -0.007876 0.348027 0.013681
v -0.007876 0.348027 0.013681
v -0.016532 0.349316 0.003909
v -0.022168 0.347996 0.007436
v -0.007876 0.348027 0.013681
v -0.022168 0.347996 0.007436
v -0.007876 0.348027 0.013681
v -0.007876 0.348027 0.013681
v -0.022168 0.347996 0.007436
v -0.024519 0.348170 0.012321
v -0.007876 0.348027 0.013681
v -0.024519 0.348170 0.012321
v -0.007876 0.348027 0.013681
v -0.007876 0.348027 0.013681
v -0.024519 0.348170 0.012321
v -0.022955 0.349789 0.017256
v -0.007876 0.348027 0.013681
v -0.022955 0.349789 0.017256
v -0.007876 0.348027 0.013681
v -0.007876 0.348027 0.013681
v -0.022955 0.349789 0.017256
v -0.017895 0.352421 0.020918
v -0.007876 0.348027 0.013681
v -0.017895 0.352421 0.020918
v -0.007876 0.348027 0.013681
v -0.007876 0.348027 0.013681
v -0.017895 0.352421 0.020918
v -0.010696 0.355361 0.022327
v -0.007876 0.348027 0.013681
v -0.010696 0.355361 0.022327
v -0.007876 0.348027 0.013681
v -0.007876 0.348027 0.013681
v -0.010696 0.355361 0.022327
v -0.003286 0.357820 0.021104
v -0.007876 0.348027 0.013681
v -0.003286 0.357820 0.021104
v -0.007876 0.348027 0.013681
v -0.007876 0.348027 0.013681
v -0.003286 0.357820 0.021104
v 0.002350 0.359140 0.017578
v -0.007876 0.348027 0.013681
v 0.002350 0.359140 0.017578
v -0.007876 0.348027 0.013681
v -0.007876 0.348027 0.013681
v 0.002350 0.359140 0.017578
v 0.004701 0.358967 0.012693
v -0.007876 0.348027 0.013681
v 0.004701 0.358967 0.012693
v -0.007876 0.348027 0.013681
v -0.007876 0.348027 0.013681
v 0.004701 0.358967 0.012693
v 0.003137 0.357347 0.007758
v -0.007876 0.348027 0.013681
v 0.003137 0.357347 0.007758
v -0.007876 0.348027 0.013681
v -0.007876 0.348027 0.013681
v 0.003137 0.357347 0.007758
v -0.001922 0.354715 0.004095
v -0.007876 0.348027 0.013681
v -0.001922 0.354715 0.004095
v -0.007876 0.348027 0.013681
v -0.007876 0.348027 0.013681
v -0.001922 0.354715 0.004095
v -0.009121 0.351775 0.002687
v -0.007876 0.348027 0.013681
v -0.009121 0.351775 0.002687
v -0.007876 0.348027 0.013681
v -0.007876 0.348027 0.013681
v 0.000000 1.358401 0.079957
v 0.000000 1.358401 0.079957
v 0.000000 1.353042 0.068366
v 0.000000 1.358401 0.079957
v -0.008345 1.352923 0.069852
v 0.000000 1.353042 0.068366
v 0.000000 1.358401 0.079957
v 0.000000 1.358401 0.079957
v -0.008345 1.352923 0.069852
v 0.000000 1.358401 0.079957
v -0.014453 1.352597 0.073911
v -0.008345 1.352923 0.069852
v 0.000000 1.358401 0.079957
v 0.000000 1.358401 0.079957
v -0.014453 1.352597 0.073911
v 0.000000 1.358401 0.079957
v -0.016689 1.352153 0.079456
v -0.014453 1.352597 0.073911
v 0.000000 1.358401 0.079957
v 0.000000 1.358401 0.079957
v -0.016689 1.352153 0.079456
v 0.000000 1.358401 0.079957
v -0.014453 1.351708 0.085002
v -0.016689 1.352153 0.079456
v 0.000000 1.358401 0.079957
v 0.000000 1.358401 0.079957
v -0.014453 1.351708 0.085002
v 0.000000 1.358401 0.079957
v -0.008345 1.351383 0.089061
v -0.014453 1.351708 0.085002
v 0.000000 1.358401 0.079957
v 0.000000 1.358401 0.079957
v -0.008345 1.351383 0.089061
v 0.000000 1.358401 0.079957
v -0.000000 1.351264 0.090547
v -0.008345 1.351383 0.089061
v 0.000000 1.358401 0.079957
v 0.000000 1.358401 0.079957
v -0.000000 1.351264 0.090547
v 0.000000 1.358401 0.079957
v 0.008345 1.351383 0.089061
v -0.000000 1.351264 0.090547
v 0.000000 1.358401 0.079957
v 0.000000 1.358401 0.079957
v 0.008345 1.351383 0.089061
v 0.000000 1.358401 0.079957
v 0.014453 1.351708 0.085002
v 0.008345 1.351383 0.089061
v 0.000000 1.358401 0.079957
v 0.000000 1.358401 0.079957
v 0.014453 1.351708 0.085002
v 0.000000 1.358401 0.079957
v 0.016689 1.352153 0.079456
v 0.014453 1.351708 0.085002
v 0.000000 1.358401 0.079957
v 0.000000 1.358401 0.079957
v 0.016689 1.352153 0.079456
v 0.000000 1.358401 0.079957
v 0.014453 1.352597 0.073911
v 0.016689 1.352153 0.079456
v 0.000000 1.358401 0.079957
v 0.000000 1.358401 0.079957
v 0.014453 1.352597 0.073911
v 0.000000 1.358401 0.079957
v 0.008345 1.352923 0.069852
v 0.014453 1.352597 0.073911
v 0.000000 1.358401 0.079957
v 0.000000 1.358401 0.079957
v 0.008345 1.352923 0.069852
v 0.000000 1.358401 0.079957
v 0.000000 1.353042 0.068366
v 0.008345 1.352923 0.069852
v 0.000000 1.353042 0.068366
v -0.008345 1.352923 0.069852
v 0.000000 1.335456 0.056354
v -0.008345 1.352923 0.069852
v -0.016271 1.335224 0.059251
v 0.000000 1.335456 0.056354
v -0.008345 1.352923 0.069852
v -0.014453 1.352597 0.073911
v -0.016271 1.335224 0.059251
v -0.014453 1.352597 0.073911
v -0.028182 1.334589 0.067166
v -0.016271 1.335224 0.059251
v -0.014453 1.352597 0.073911
v -0.016689 1.352153 0.079456
v -0.028182 1.334589 0.067166
v -0.016689 1.352153 0.079456
v -0.032541 1.333722 0.077979
v -0.028182 1.334589 0.067166
v -0.016689 1.352153 0.079456
v -0.014453 1.351708 0.085002
v -0.032541 1.333722 0.077979
v -0.014453 1.351708 0.085002
v -0.028182 1.332855 0.088791
v -0.032541 1.333722 0.077979
v -0.014453 1.351708 0.085002
v -0.008345 1.351383 0.089061
v -0.028182 1.332855 0.088791
v -0.008345 1.351383 0.089061
v -0.016271 1.332221 0.096706
v -0.028182 1.332855 0.088791
v -0.008345 1.351383 0.089061
v -0.000000 1.351264 0.090547
v -0.016271 1.332221 0.096706
v -0.000000 1.351264 0.090547
v -0.000000 1.331989 0.099604
v -0.016271 1.332221 0.096706
v -0.000000 1.351264 0.090547
v 0.008345 1.351383 0.089061
v -0.000000 1.331989 0.099604
v 0.008345 1.351383 0.089061
v 0.016271 1.332221 0.096706
v -0.000000 1.331989 0.099604
v 0.008345 1.351383 0.089061
v 0.014453 1.351708 0.085002
v 0.016271 1.332221 0.096706
v 0.014453 1.351708 0.085002
v 0.028182 1.332855 0.088791
v 0.016271 1.332221 0.096706
v 0.014453 1.351708 0.085002
v 0.016689 1.352153 0.079456
v 0.028182 1.332855 0.088791
v 0.016689 1.352153 0.079456
v 0.032541 1.333722 0.077979
v 0.028182 1.332855 0.088791
v 0.016689 1.352153 0.079456
v 0.014453 1.352597 0.073911
v 0.032541 1.333722 0.077979
v 0.014453 1.352597 0.073911
v 0.028182 1.334589 0.067166
v 0.032541 1.333722 0.077979
v 0.014453 1.352597 0.073911
v 0.008345 1.352923 0.069852
v 0.028182 1.334589 0.067166
v 0.008345 1.352923 0.069852
v 0.016271 1.335224 0.059251
v 0.028182 1.334589 0.067166
v 0.008345 1.352923 0.069852
v 0.000000 1.353042 0.068366
v 0.016271 1.335224 0.059251
v 0.000000 1.353042 0.068366
v 0.000000 1.335456 0.056354
v 0.016271 1.335224 0.059251
v 0.000000 1.335456 0.056354
v -0.016271 1.335224 0.059251
v 0.000000 1.306525 0.044524
v -0.016271 1.335224 0.059251
v -0.023381 1.306191 0.048687
v 0.000000 1.306525 0.044524
v -0.016271 1.335224 0.059251
v -0.028182 1.334589 0.067166
v -0.023381 1.306191 0.048687
v -0.028182 1.334589 0.067166
v -0.040497 1.305279 0.060061
v -0.023381 1.306191 0.048687
v -0.028182 1.334589 0.067166
v -0.032541 1.333722 0.077979
v -0.040497 1.305279 0.060061
v -0.032541 1.333722 0.077979
v -0.046762 1.304033 0.075599
v -0.040497 1.305279 0.060061
v -0.032541 1.333722 0.077979
v -0.028182 1.332855 0.088791
v -0.046762 1.304033 0.075599
v -0.028182 1.332855 0.088791
v -0.040497 1.302788 0.091136
v -0.046762 1.304033 0.075599
v -0.028182 1.332855 0.088791
v -0.016271 1.332221 0.096706
v -0.040497 1.302788 0.091136
v -0.016271 1.332221 0.096706
v -0.023381 1.301876 0.102510
v -0.040497 1.302788 0.091136
v -0.016271 1.332221 0.096706
v -0.000000 1.331989 0.099604
v -0.023381 1.301876 0.102510
v -0.000000 1.331989 0.099604
v -0.000000 1.301542 0.106673
v -0.023381 1.301876 0.102510
v -0.000000 1.331989 0.099604
v 0.016271 1.332221 0.096706
v -0.000000 1.301542 0.106673
v 0.016271 1.332221 0.096706
v 0.023381 1.301876 0.102510
v -0.000000 1.301542 0.106673
v 0.016271 1.332221 0.096706
v 0.028182 1.332855 0.088791
v 0.023381 1.301876 0.102510
v 0.028182 1.332855 0.088791
v 0.040497 1.302788 0.091136
v 0.023381 1.301876 0.102510
v 0.028182 1.332855 0.088791
v 0.032541 1.333722 0.077979
v 0.040497 1.302788 0.091136
v 0.032541 1.333722 0.077979
v 0.046762 1.304033 0.075599
v 0.040497 1.302788 0.091136
v 0.032541 1.333722 0.077979
v 0.028182 1.334589 0.067166
v 0.046762 1.304033 0.075599
v 0.028182 1.334589 0.067166
v 0.040497 1.305279 0.060061
v 0.046762 1.304033 0.075599
v 0.028182 1.334589 0.067166
v 0.016271 1.335224 0.059251
v 0.040497 1.305279 0.060061
v 0.016271 1.335224 0.059251
v 0.023381 1.306191 0.048687
v 0.040497 1.305279 0.060061
v 0.016271 1.335224 0.059251
v 0.000000 1.335456 0.056354
v 0.023381 1.306191 0.048687
v 0.000000 1.335456 0.056354
v 0.000000 1.306525 0.044524
v 0.023381 1.306191 0.048687
v 0.000000 1.306525 0.044524
v -0.023381 1.306191 0.048687
v 0.000000 1.267698 0.033469
v -0.023381 1.306191 0.048687
v -0.029319 1.267280 0.038689
v 0.000000 1.267698 0.033469
v -0.023381 1.306191 0.048687
v -0.040497 1.305279 0.060061
v -0.029319 1.267280 0.038689
v -0.040497 1.305279 0.060061
v -0.050781 1.266136 0.052952
v -0.029319 1.267280 0.038689
v -0.040497 1.305279 0.060061
v -0.046762 1.304033 0.075599
v -0.050781 1.266136 0.052952
v -0.046762 1.304033 0.075599
v -0.058637 1.264574 0.072435
v -0.050781 1.266136 0.052952
v -0.046762 1.304033 0.075599
v -0.040497 1.302788 0.091136
v -0.058637 1.264574 0.072435
v -0.040497 1.302788 0.091136
v -0.050781 1.263012 0.091918
v -0.058637 1.264574 0.072435
v -0.040497 1.302788 0.091136
v -0.023381 1.301876 0.102510
v -0.050781 1.263012 0.091918
v -0.023381 1.301876 0.102510
v -0.029319 1.261869 0.106181
v -0.050781 1.263012 0.091918
v -0.023381 1.301876 0.102510
v -0.000000 1.301542 0.106673
v -0.029319 1.261869 0.106181
v -0.000000 1.301542 0.106673
v -0.000000 1.261450 0.111402
v -0.029319 1.261869 0.106181
v -0.000000 1.301542 0.106673
v 0.023381 1.301876 0.102510
v -0.000000 1.261450 0.111402
v 0.023381 1.301876 0.102510
v 0.029319 1.261869 0.106181
v -0.000000 1.261450 0.111402
v 0.023381 1.301876 0.102510
v 0.040497 1.302788 0.091136
v 0.029319 1.261869 0.106181
v 0.040497 1.302788 0.091136
v 0.050781 1.263012 0.091918
v 0.029319 1.261869 0.106181
v 0.040497 1.302788 0.091136
v 0.046762 1.304033 0.075599
v 0.050781 1.263012 0.091918
v 0.046762 1.304033 0.075599
v 0.058637 1.264574 0.072435
v 0.050781 1.263012 0.091918
v 0.046762 1.304033 0.075599
v 0.040497 1.305279 0.060061
v 0.058637 1.264574 0.072435
v 0.040497 1.305279 0.060061
v 0.050781 1.266136 0.052952
v 0.058637 1.264574 0.072435
v 0.040497 1.305279 0.060061
v 0.023381 1.306191 0.048687
v 0.050781 1.266136 0.052952
v 0.023381 1.306191 0.048687
v 0.029319 1.267280 0.038689
v 0.050781 1.266136 0.052952
v 0.023381 1.306191 0.048687
v 0.000000 1.306525 0.044524
v 0.029319 1.267280 0.038689
v 0.000000 1.306525 0.044524
v 0.000000 1.267698 0.033469
v 0.029319 1.267280 0.038689
v 0.000000 1.267698 0.033469
v -0.029319 1.267280 0.038689
v 0.000000 1.220924 0.023743
v -0.029319 1.267280 0.038689
v -0.033786 1.220442 0.029759
v 0.000000 1.220924 0.023743
v -0.029319 1.267280 0.038689
v -0.050781 1.266136 0.052952
v -0.033786 1.220442 0.029759
v -0.050781 1.266136 0.052952
v -0.058520 1.219124 0.046195
v -0.033786 1.220442 0.029759
v -0.050781 1.266136 0.052952
v -0.058637 1.264574 0.072435
v -0.058520 1.219124 0.046195
v -0.058637 1.264574 0.072435
v -0.067573 1.217324 0.068647
v -0.058520 1.219124 0.046195
v -0.058637 1.264574 0.072435
v -0.050781 1.263012 0.091918
v -0.067573 1.217324 0.068647
v -0.050781 1.263012 0.091918
v -0.058520 1.215524 0.091099
v -0.067573 1.217324 0.068647
v -0.050781 1.263012 0.091918
v -0.029319 1.261869 0.106181
v -0.058520 1.215524 0.091099
v -0.029319 1.261869 0.106181
v -0.033786 1.214207 0.107535
v -0.058520 1.215524 0.091099
v -0.029319 1.261869 0.106181
v -0.000000 1.261450 0.111402
v -0.033786 1.214207 0.107535
v -0.000000 1.261450 0.111402
v -0.000000 1.213724 0.113551
v -0.033786 1.214207 0.107535
v -0.000000 1.261450 0.111402
v 0.029319 1.261869 0.106181
v -0.000000 1.213724 0.113551
v 0.029319 1.261869 0.106181
v 0.033786 1.214207 0.107535
v -0.000000 1.213724 0.113551
v 0.029319 1.261869 0.106181
v 0.050781 1.263012 0.091918
v 0.033786 1.214207 0.107535
v 0.050781 1.263012 0.091918
v 0.058520 1.215524 0.091099
v 0.033786 1.214207 0.107535
v 0.050781 1.263012 0.091918
v 0.058637 1.264574 0.072435
v 0.058520 1.215524 0.091099
v 0.058637 1.264574 0.072435
v 0.067573 1.217324 0.068647
v 0.058520 1.215524 0.091099
v 0.058637 1.264574 0.072435
v 0.050781 1.266136 0.052952
v 0.067573 1.217324 0.068647
v 0.050781 1.266136 0.052952
v 0.058520 1.219124 0.046195
v 0.067573 1.217324 0.068647
v 0.050781 1.266136 0.052952
v 0.029319 1.267280 0.038689
v 0.058520 1.219124 0.046195
v 0.029319 1.267280 0.038689
v 0.033786 1.220442 0.029759
v 0.058520 1.219124 0.046195
v 0.029319 1.267280 0.038689
v 0.000000 1.267698 0.033469
v 0.033786 1.220442 0.029759
v 0.000000 1.267698 0.033469
v 0.000000 1.220924 0.023743
v 0.033786 1.220442 0.029759
v 0.000000 1.220924 0.023743
v -0.033786 1.220442 0.029759
v 0.000000 1.168548 0.015834
v -0.033786 1.220442 0.029759
v -0.036560 1.168026 0.022344
v 0.000000 1.168548 0.015834
v -0.033786 1.220442 0.029759
v -0.058520 1.219124 0.046195
v -0.036560 1.168026 0.022344
v -0.058520 1.219124 0.046195
v -0.063323 1.166601 0.040129
v -0.036560 1.168026 0.022344
v -0.058520 1.219124 0.046195
v -0.067573 1.217324 0.068647
v -0.063323 1.166601 0.040129
v -0.067573 1.217324 0.068647
v -0.073120 1.164653 0.064424
v -0.063323 1.166601 0.040129
v -0.067573 1.217324 0.068647
v -0.058520 1.215524 0.091099
v -0.073120 1.164653 0.064424
v -0.058520 1.215524 0.091099
v -0.063323 1.162705 0.088720
v -0.073120 1.164653 0.064424
v -0.058520 1.215524 0.091099
v -0.033786 1.214207 0.107535
v -0.063323 1.162705 0.088720
v -0.033786 1.214207 0.107535
v -0.036560 1.161279 0.106505
v -0.063323 1.162705 0.088720
v -0.033786 1.214207 0.107535
v -0.000000 1.213724 0.113551
v -0.036560 1.161279 0.106505
v -0.000000 1.213724 0.113551
v -0.000000 1.160757 0.113015
v -0.036560 1.161279 0.106505
v -0.000000 1.213724 0.113551
v 0.033786 1.214207 0.107535
v -0.000000 1.160757 0.113015
v 0.033786 1.214207 0.107535
v 0.036560 1.161279 0.106505
v -0.000000 1.160757 0.113015
v 0.033786 1.214207 0.107535
v 0.058520 1.215524 0.091099
v 0.036560 1.161279 0.106505
v 0.058520 1.215524 0.091099
v 0.063323 1.162705 0.088720
v 0.036560 1.161279 0.106505
v 0.058520 1.215524 0.091099
v 0.067573 1.217324 0.068647
v 0.063323 1.162705 0.088720
v 0.067573 1.217324 0.068647
v 0.073120 1.164653 0.064424
v 0.063323 1.162705 0.088720
v 0.067573 1.217324 0.068647
v 0.058520 1.219124 0.046195
v 0.073120 1.164653 0.064424
v 0.058520 1.219124 0.046195
v 0.063323 1.166601 0.040129
v 0.073120 1.164653 0.064424
v 0.058520 1.219124 0.046195
v 0.033786 1.220442 0.029759
v 0.063323 1.166601 0.040129
v 0.033786 1.220442 0.029759
v 0.036560 1.168026 0.022344
v 0.063323 1.166601 0.040129
v 0.033786 1.220442 0.029759
v 0.000000 1.220924 0.023743
v 0.036560 1.168026 0.022344
v 0.000000 1.220924 0.023743
v 0.000000 1.168548 0.015834
v 0.036560 1.168026 0.022344
v 0.000000 1.168548 0.015834
v -0.036560 1.168026 0.022344
v 0.000000 1.113196 0.010139
v -0.036560 1.168026 0.022344
v -0.037500 1.112661 0.016816
v 0.000000 1.113196 0.010139
v -0.036560 1.168026 0.022344
v -0.063323 1.166601 0.040129
v -0.037500 1.112661 0.016816
v -0.063323 1.166601 0.040129
v -0.064952 1.111198 0.035059
v -0.037500 1.112661 0.016816
v -0.063323 1.166601 0.040129
v -0.073120 1.164653 0.064424
v -0.064952 1.111198 0.035059
v -0.073120 1.164653 0.064424
v -0.075000 1.109200 0.059979
v -0.064952 1.111198 0.035059
v -0.073120 1.164653 0.064424
v -0.063323 1.162705 0.088720
v -0.075000 1.109200 0.059979
v -0.063323 1.162705 0.088720
v -0.064952 1.107203 0.084899
v -0.075000 1.109200 0.059979
v -0.063323 1.162705 0.088720
v -0.036560 1.161279 0.106505
v -0.064952 1.107203 0.084899
v -0.036560 1.161279 0.106505
v -0.037500 1.105740 0.103141
v -0.064952 1.107203 0.084899
v -0.036560 1.161279 0.106505
v -0.000000 1.160757 0.113015
v -0.037500 1.105740 0.103141
v -0.000000 1.160757 0.113015
v -0.000000 1.105205 0.109819
v -0.037500 1.105740 0.103141
v -0.000000 1.160757 0.113015
v 0.036560 1.161279 0.106505
v -0.000000 1.105205 0.109819
v 0.036560 1.161279 0.106505
v 0.037500 1.105740 0.103141
v -0.000000 1.105205 0.109819
v 0.036560 1.161279 0.106505
v 0.063323 1.162705 0.088720
v 0.037500 1.105740 0.103141
v 0.063323 1.162705 0.088720
v 0.064952 1.107203 0.084899
v 0.037500 1.105740 0.103141
v 0.063323 1.162705 0.088720
v 0.073120 1.164653 0.064424
v 0.064952 1.107203 0.084899
v 0.073120 1.164653 0.064424
v 0.075000 1.109200 0.059979
v 0.064952 1.107203 0.084899
v 0.073120 1.164653 0.064424
v 0.063323 1.166601 0.040129
v 0.075000 1.109200 0.059979
v 0.063323 1.166601 0.040129
v 0.064952 1.111198 0.035059
v 0.075000 1.109200 0.059979
v 0.063323 1.166601 0.040129
v 0.036560 1.168026 0.022344
v 0.064952 1.111198 0.035059
v 0.036560 1.168026 0.022344
v 0.037500 1.112661 0.016816
v 0.064952 1.111198 0.035059
v 0.036560 1.168026 0.022344
v 0.000000 1.168548 0.015834
v 0.037500 1.112661 0.016816
v 0.000000 1.168548 0.015834
v 0.000000 1.113196 0.010139
v 0.037500 1.112661 0.016816
v 0.000000 1.113196 0.010139
v -0.037500 1.112661 0.016816
v 0.000000 1.041996 0.004430
v -0.037500 1.112661 0.016816
v -0.037500 1.041461 0.011108
v 0.000000 1.041996 0.004430
v -0.037500 1.112661 0.016816
v -0.064952 1.111198 0.035059
v -0.037500 1.041461 0.011108
v -0.064952 1.111198 0.035059
v -0.064952 1.039998 0.029350
v -0.037500 1.041461 0.011108
v -0.064952 1.111198 0.035059
v -0.075000 1.109200 0.059979
v -0.064952 1.039998 0.029350
v -0.075000 1.109200 0.059979
v -0.075000 1.038000 0.054270
v -0.064952 1.039998 0.029350
v -0.075000 1.109200 0.059979
v -0.064952 1.107203 0.084899
v -0.075000 1.038000 0.054270
v -0.064952 1.107203 0.084899
v -0.064952 1.036002 0.079191
v -0.075000 1.038000 0.054270
v -0.064952 1.107203 0.084899
v -0.037500 1.105740 0.103141
v -0.064952 1.036002 0.079191
v -0.037500 1.105740 0.103141
v -0.037500 1.034540 0.097433
v -0.064952 1.036002 0.079191
v -0.037500 1.105740 0.103141
v -0.000000 1.105205 0.109819
v -0.037500 1.034540 0.097433
v -0.000000 1.105205 0.109819
v -0.000000 1.034005 0.104111
v -0.037500 1.034540 0.097433
v -0.000000 1.105205 0.109819
v 0.037500 1.105740 0.103141
v -0.000000 1.034005 0.104111
v 0.037500 1.105740 0.103141
v 0.037500 1.034540 0.097433
v -0.000000 1.034005 0.104111
v 0.037500 1.105740 0.103141
v 0.064952 1.107203 0.084899
v 0.037500 1.034540 0.097433
v 0.064952 1.107203 0.084899
v 0.064952 1.036002 0.079191
v 0.037500 1.034540 0.097433
v 0.064952 1.107203 0.084899
v 0.075000 1.109200 0.059979
v 0.064952 1.036002 0.079191
v 0.075000 1.109200 0.059979
v 0.075000 1.038000 0.054270
v 0.064952 1.036002 0.079191
v 0.075000 1.109200 0.059979
v 0.064952 1.111198 0.035059
v 0.075000 1.038000 0.054270
v 0.064952 1.111198 0.035059
v 0.064952 1.039998 0.029350
v 0.075000 1.038000 0.054270
v 0.064952 1.111198 0.035059
v 0.037500 1.112661 0.016816
v 0.064952 1.039998 0.029350
v 0.037500 1.112661 0.016816
v 0.037500 1.041461 0.011108
v 0.064952 1.039998 0.029350
v 0.037500 1.112661 0.016816
v 0.000000 1.113196 0.010139
v 0.037500 1.041461 0.011108
v 0.000000 1.113196 0.010139
v 0.000000 1.041996 0.004430
v 0.037500 1.041461 0.011108
v 0.000000 1.041996 0.004430
v -0.037500 1.041461 0.011108
v 0.000000 0.970796 -0.001278
v -0.037500 1.041461 0.011108
v -0.037500 0.970261 0.005400
v 0.000000 0.970796 -0.001278
v -0.037500 1.041461 0.011108
v -0.064952 1.039998 0.029350
v -0.037500 0.970261 0.005400
v -0.064952 1.039998 0.029350
v -0.064952 0.968798 0.023642
v -0.037500 0.970261 0.005400
v -0.064952 1.039998 0.029350
v -0.075000 1.038000 0.054270
v -0.064952 0.968798 0.023642
v -0.075000 1.038000 0.054270
v -0.075000 0.966800 0.048562
v -0.064952 0.968798 0.023642
v -0.075000 1.038000 0.054270
v -0.064952 1.036002 0.079191
v -0.075000 0.966800 0.048562
v -0.064952 1.036002 0.079191
v -0.064952 0.964802 0.073482
v -0.075000 0.966800 0.048562
v -0.064952 1.036002 0.079191
v -0.037500 1.034540 0.097433
v -0.064952 0.964802 0.073482
v -0.037500 1.034540 0.097433
v -0.037500 0.963340 0.091725
v -0.064952 0.964802 0.073482
v -0.037500 1.034540 0.097433
v -0.000000 1.034005 0.104111
v -0.037500 0.963340 0.091725
v -0.000000 1.034005 0.104111
v -0.000000 0.962804 0.098402
v -0.037500 0.963340 0.091725
v -0.000000 1.034005 0.104111
v 0.037500 1.034540 0.097433
v -0.000000 0.962804 0.098402
v 0.037500 1.034540 0.097433
v 0.037500 0.963340 0.091725
v -0.000000 0.962804 0.098402
v 0.037500 1.034540 0.097433
v 0.064952 1.036002 0.079191
v 0.037500 0.963340 0.091725
v 0.064952 1.036002 0.079191
v 0.064952 0.964802 0.073482
v 0.037500 0.963340 0.091725
v 0.064952 1.036002 0.079191
v 0.075000 1.038000 0.054270
v 0.064952 0.964802 0.073482
v 0.075000 1.038000 0.054270
v 0.075000 0.966800 0.048562
v 0.064952 0.964802 0.073482
v 0.075000 1.038000 0.054270
v 0.064952 1.039998 0.029350
v 0.075000 0.966800 0.048562
v 0.064952 1.039998 0.029350
v 0.064952 0.968798 0.023642
v 0.075000 0.966800 0.048562
v 0.064952 1.039998 0.029350
v 0.037500 1.041461 0.011108
v 0.064952 0.968798 0.023642
v 0.037500 1.041461 0.011108
v 0.037500 0.970261 0.005400
v 0.064952 0.968798 0.023642
v 0.037500 1.041461 0.011108
v 0.000000 1.041996 0.004430
v 0.037500 0.970261 0.005400
v 0.000000 1.041996 0.004430
v 0.000000 0.970796 -0.001278
v 0.037500 0.970261 0.005400
v 0.000000 0.970796 -0.001278
v -0.037500 0.970261 0.005400
v 0.000000 0.899596 -0.006986
v -0.037500 0.970261 0.005400
v -0.037500 0.899060 -0.000309
v 0.000000 0.899596 -0.006986
v -0.037500 0.970261 0.005400
v -0.064952 0.968798 0.023642
v -0.037500 0.899060 -0.000309
v -0.064952 0.968798 0.023642
v -0.064952 0.897598 0.017934
v -0.037500 0.899060 -0.000309
v -0.064952 0.968798 0.023642
v -0.075000 0.966800 0.048562
v -0.064952 0.897598 0.017934
v -0.075000 0.966800 0.048562
v -0.075000 0.895600 0.042854
v -0.064952 0.897598 0.017934
v -0.075000 0.966800 0.048562
v -0.064952 0.964802 0.073482
v -0.075000 0.895600 0.042854
v -0.064952 0.964802 0.073482
v -0.064952 0.893602 0.067774
v -0.075000 0.895600 0.042854
v -0.064952 0.964802 0.073482
v -0.037500 0.963340 0.091725
v -0.064952 0.893602 0.067774
v -0.037500 0.963340 0.091725
v -0.037500 0.892140 0.086017
v -0.064952 0.893602 0.067774
v -0.037500 0.963340 0.091725
v -0.000000 0.962804 0.098402
v -0.037500 0.892140 0.086017
v -0.000000 0.962804 0.098402
v -0.000000 0.891604 0.092694
v -0.037500 0.892140 0.086017
v -0.000000 0.962804 0.098402
v 0.037500 0.963340 0.091725
v -0.000000 0.891604 0.092694
v 0.037500 0.963340 0.091725
v 0.037500 0.892140 0.086017
v -0.000000 0.891604 0.092694
v 0.037500 0.963340 0.091725
v 0.064952 0.964802 0.073482
v 0.037500 0.892140 0.086017
v 0.064952 0.964802 0.073482
v 0.064952 0.893602 0.067774
v 0.037500 0.892140 0.086017
v 0.064952 0.964802 0.073482
v 0.075000 0.966800 0.048562
v 0.064952 0.893602 0.067774
v 0.075000 0.966800 0.048562
v 0.075000 0.895600 0.042854
v 0.064952 0.893602 0.067774
v 0.075000 0.966800 0.048562
v 0.064952 0.968798 0.023642
v 0.075000 0.895600 0.042854
v 0.064952 0.968798 0.023642
v 0.064952 0.897598 0.017934
v 0.075000 0.895600 0.042854
v 0.064952 0.968798 0.023642
v 0.037500 0.970261 0.005400
v 0.064952 0.897598 0.017934
v 0.037500 0.970261 0.005400
v 0.037500 0.899060 -0.000309
v 0.064952 0.897598 0.017934
v 0.037500 0.970261 0.005400
v 0.000000 0.970796 -0.001278
v 0.037500 0.899060 -0.000309
v 0.000000 0.970796 -0.001278
v 0.000000 0.899596 -0.006986
v 0.037500 0.899060 -0.000309
v 0.000000 0.899596 -0.006986
v -0.037500 0.899060 -0.000309
v 0.000000 0.828396 -0.012694
v -0.037500 0.899060 -0.000309
v -0.037500 0.827860 -0.006017
v 0.000000 0.828396 -0.012694
v -0.037500 0.899060 -0.000309
v -0.064952 0.897598 0.017934
v -0.037500 0.827860 -0.006017
v -0.064952 0.897598 0.017934
v -0.064952 0.826398 0.012226
v -0.037500 0.827860 -0.006017
v -0.064952 0.897598 0.017934
v -0.075000 0.895600 0.042854
v -0.064952 0.826398 0.012226
v -0.075000 0.895600 0.042854
v -0.075000 0.824400 0.037146
v -0.064952 0.826398 0.012226
v -0.075000 0.895600 0.042854
v -0.064952 0.893602 0.067774
v -0.075000 0.824400 0.037146
v -0.064952 0.893602 0.067774
v -0.064952 0.822402 0.062066
v -0.075000 0.824400 0.037146
v -0.064952 0.893602 0.067774
v -0.037500 0.892140 0.086017
v -0.064952 0.822402 0.062066
v -0.037500 0.892140 0.086017
v -0.037500 0.820940 0.080309
v -0.064952 0.822402 0.062066
v -0.037500 0.892140 0.086017
v -0.000000 0.891604 0.092694
v -0.037500 0.820940 0.080309
v -0.000000 0.891604 0.092694
v -0.000000 0.820404 0.086986
v -0.037500 0.820940 0.080309
v -0.000000 0.891604 0.092694
v 0.037500 0.892140 0.086017
v -0.000000 0.820404 0.086986
v 0.037500 0.892140 0.086017
v 0.037500 0.820940 0.080309
v -0.000000 0.820404 0.086986
v 0.037500 0.892140 0.086017
v 0.064952 0.893602 0.067774
v 0.037500 0.820940 0.080309
v 0.064952 0.893602 0.067774
v 0.064952 0.822402 0.062066
v 0.037500 0.820940 0.080309
v 0.064952 0.893602 0.067774
v 0.075000 0.895600 0.042854
v 0.064952 0.822402 0.062066
v 0.075000 0.895600 0.042854
v 0.075000 0.824400 0.037146
v 0.064952 0.822402 0.062066
v 0.075000 0.895600 0.042854
v 0.064952 0.897598 0.017934
v 0.075000 0.824400 0.037146
v 0.064952 0.897598 0.017934
v 0.064952 0.826398 0.012226
v 0.075000 0.824400 0.037146
v 0.064952 0.897598 0.017934
v 0.037500 0.899060 -0.000309
v 0.064952 0.826398 0.012226
v 0.037500 0.899060 -0.000309
v 0.037500 0.827860 -0.006017
v 0.064952 0.826398 0.012226
v 0.037500 0.899060 -0.000309
v 0.000000 0.899596 -0.006986
v 0.037500 0.827860 -0.006017
v 0.000000 0.899596 -0.006986
v 0.000000 0.828396 -0.012694
v 0.037500 0.827860 -0.006017
v 0.000000 0.828396 -0.012694
v -0.037500 0.827860 -0.006017
v 0.000000 0.757196 -0.018402
v -0.037500 0.827860 -0.006017
v -0.037500 0.756660 -0.011725
v 0.000000 0.757196 -0.018402
v -0.037500 0.827860 -0.006017
v -0.064952 0.826398 0.012226
v -0.037500 0.756660 -0.011725
v -0.064952 0.826398 0.012226
v -0.064952 0.755198 0.006518
v -0.037500 0.756660 -0.011725
v -0.064952 0.826398 0.012226
v -0.075000 0.824400 0.037146
v -0.064952 0.755198 0.006518
v -0.075000 0.824400 0.037146
v -0.075000 0.753200 0.031438
v -0.064952 0.755198 0.006518
v -0.075000 0.824400 0.037146
v -0.064952 0.822402 0.062066
v -0.075000 0.753200 0.031438
v -0.064952 0.822402 0.062066
v -0.064952 0.751202 0.056358
v -0.075000 0.753200 0.031438
v -0.064952 0.822402 0.062066
v -0.037500 0.820940 0.080309
v -0.064952 0.751202 0.056358
v -0.037500 0.820940 0.080309
v -0.037500 0.749739 0.074600
v -0.064952 0.751202 0.056358
v -0.037500 0.820940 0.080309
v -0.000000 0.820404 0.086986
v -0.037500 0.749739 0.074600
v -0.000000 0.820404 0.086986
v -0.000000 0.749204 0.081278
v -0.037500 0.749739 0.074600
v -0.000000 0.820404 0.086986
v 0.037500 0.820940 0.080309
v -0.000000 0.749204 0.081278
v 0.037500 0.820940 0.080309
v 0.037500 0.749739 0.074600
v -0.000000 0.749204 0.081278
v 0.037500 0.820940 0.080309
v 0.064952 0.822402 0.062066
v 0.037500 0.749739 0.074600
v 0.064952 0.822402 0.062066
v 0.064952 0.751202 0.056358
v 0.037500 0.749739 0.074600
v 0.064952 0.822402 0.062066
v 0.075000 0.824400 0.037146
v 0.064952 0.751202 0.056358
v 0.075000 0.824400 0.037146
v 0.075000 0.753200 0.031438
v 0.064952 0.751202 0.056358
v 0.075000 0.824400 0.037146
v 0.064952 0.826398 0.012226
v 0.075000 0.753200 0.031438
v 0.064952 0.826398 0.012226
v 0.064952 0.755198 0.006518
v 0.075000 0.753200 0.031438
v 0.064952 0.826398 0.012226
v 0.037500 0.827860 -0.006017
v 0.064952 0.755198 0.006518
v 0.037500 0.827860 -0.006017
v 0.037500 0.756660 -0.011725
v 0.064952 0.755198 0.006518
v 0.037500 0.827860 -0.006017
v 0.000000 0.828396 -0.012694
v 0.037500 0.756660 -0.011725
v 0.000000 0.828396 -0.012694
v 0.000000 0.757196 -0.018402
v 0.037500 0.756660 -0.011725
v 0.000000 0.757196 -0.018402
v -0.037500 0.756660 -0.011725
v 0.000000 0.685995 -0.024111
v -0.037500 0.756660 -0.011725
v -0.037500 0.685460 -0.017433
v 0.000000 0.685995 -0.024111
v -0.037500 0.756660 -0.011725
v -0.064952 0.755198 0.006518
v -0.037500 0.685460 -0.017433
v -0.064952 0.755198 0.006518
v -0.064952 0.683998 0.000809
v -0.037500 0.685460 -0.017433
v -0.064952 0.755198 0.006518
v -0.075000 0.753200 0.031438
v -0.064952 0.683998 0.000809
v -0.075000 0.753200 0.031438
v -0.075000 0.682000 0.025730
v -0.064952 0.683998 0.000809
v -0.075000 0.753200 0.031438
v -0.064952 0.751202 0.056358
v -0.075000 0.682000 0.025730
v -0.064952 0.751202 0.056358
v -0.064952 0.680002 0.050650
v -0.075000 0.682000 0.025730
v -0.064952 0.751202 0.056358
v -0.037500 0.749739 0.074600
v -0.064952 0.680002 0.050650
v -0.037500 0.749739 0.074600
v -0.037500 0.678539 0.068892
v -0.064952 0.680002 0.050650
v -0.037500 0.749739 0.074600
v -0.000000 0.749204 0.081278
v -0.037500 0.678539 0.068892
v -0.000000 0.749204 0.081278
v -0.000000 0.678004 0.075570
v -0.037500 0.678539 0.068892
v -0.000000 0.749204 0.081278
v 0.037500 0.749739 0.074600
v -0.000000 0.678004 0.075570
v 0.037500 0.749739 0.074600
v 0.037500 0.678539 0.068892
v -0.000000 0.678004 0.075570
v 0.037500 0.749739 0.074600
v 0.064952 0.751202 0.056358
v 0.037500 0.678539 0.068892
v 0.064952 0.751202 0.056358
v 0.064952 0.680002 0.050650
v 0.037500 0.678539 0.068892
v 0.064952 0.751202 0.056358
v 0.075000 0.753200 0.031438
v 0.064952 0.680002 0.050650
v 0.075000 0.753200 0.031438
v 0.075000 0.682000 0.025730
v 0.064952 0.680002 0.050650
v 0.075000 0.753200 0.031438
v 0.064952 0.755198 0.006518
v 0.075000 0.682000 0.025730
v 0.064952 0.755198 0.006518
v 0.064952 0.683998 0.000809
v 0.075000 0.682000 0.025730
v 0.064952 0.755198 0.006518
v 0.037500 0.756660 -0.011725
v 0.064952 0.683998 0.000809
v 0.037500 0.756660 -0.011725
v 0.037500 0.685460 -0.017433
v 0.064952 0.683998 0.000809
v 0.037500 0.756660 -0.011725
v 0.000000 0.757196 -0.018402
v 0.037500 0.685460 -0.017433
v 0.000000 0.757196 -0.018402
v 0.000000 0.685995 -0.024111
v 0.037500 0.685460 -0.017433
v 0.000000 0.685995 -0.024111
v -0.037500 0.685460 -0.017433
v 0.000000 0.614795 -0.029819
v -0.037500 0.685460 -0.017433
v -0.037500 0.614260 -0.023141
v 0.000000 0.614795 -0.029819
v -0.037500 0.685460 -0.017433
v -0.064952 0.683998 0.000809
v -0.037500 0.614260 -0.023141
v -0.064952 0.683998 0.000809
v -0.064952 0.612797 -0.004899
v -0.037500 0.614260 -0.023141
v -0.064952 0.683998 0.000809
v -0.075000 0.682000 0.025730
v -0.064952 0.612797 -0.004899
v -0.075000 0.682000 0.025730
v -0.075000 0.610800 0.020021
v -0.064952 0.612797 -0.004899
v -0.075000 0.682000 0.025730
v -0.064952 0.680002 0.050650
v -0.075000 0.610800 0.020021
v -0.064952 0.680002 0.050650
v -0.064952 0.608802 0.044941
v -0.075000 0.610800 0.020021
v -0.064952 0.680002 0.050650
v -0.037500 0.678539 0.068892
v -0.064952 0.608802 0.044941
v -0.037500 0.678539 0.068892
v -0.037500 0.607339 0.063184
v -0.064952 0.608802 0.044941
v -0.037500 0.678539 0.068892
v -0.000000 0.678004 0.075570
v -0.037500 0.607339 0.063184
v -0.000000 0.678004 0.075570
v -0.000000 0.606804 0.069861
v -0.037500 0.607339 0.063184
v -0.000000 0.678004 0.075570
v 0.037500 0.678539 0.068892
v -0.000000 0.606804 0.069861
v 0.037500 0.678539 0.068892
v 0.037500 0.607339 0.063184
v -0.000000 0.606804 0.069861
v 0.037500 0.678539 0.068892
v 0.064952 0.680002 0.050650
v 0.037500 0.607339 0.063184
v 0.064952 0.680002 0.050650
v 0.064952 0.608802 0.044941
v 0.037500 0.607339 0.063184
v 0.064952 0.680002 0.050650
v 0.075000 0.682000 0.025730
v 0.064952 0.608802 0.044941
v 0.075000 0.682000 0.025730
v 0.075000 0.610800 0.020021
v 0.064952 0.608802 0.044941
v 0.075000 0.682000 0.025730
v 0.064952 0.683998 0.000809
v 0.075000 0.610800 0.020021
v 0.064952 0.683998 0.000809
v 0.064952 0.612797 -0.004899
v 0.075000 0.610800 0.020021
v 0.064952 0.683998 0.000809
v 0.037500 0.685460 -0.017433
v 0.064952 0.612797 -0.004899
v 0.037500 0.685460 -0.017433
v 0.037500 0.614260 -0.023141
v 0.064952 0.612797 -0.004899
v 0.037500 0.685460 -0.017433
v 0.000000 0.685995 -0.024111
v 0.037500 0.614260 -0.023141
v 0.000000 0.685995 -0.024111
v 0.000000 0.614795 -0.029819
v 0.037500 0.614260 -0.023141
v 0.000000 0.614795 -0.029819
v -0.037500 0.614260 -0.023141
v 0.000000 0.559243 -0.033015
v -0.037500 0.614260 -0.023141
v -0.036560 0.558721 -0.026505
v 0.000000 0.559243 -0.033015
v -0.037500 0.614260 -0.023141
v -0.064952 0.612797 -0.004899
v -0.036560 0.558721 -0.026505
v -0.064952 0.612797 -0.004899
v -0.063323 0.557295 -0.008720
v -0.036560 0.558721 -0.026505
v -0.064952 0.612797 -0.004899
v -0.075000 0.610800 0.020021
v -0.063323 0.557295 -0.008720
v -0.075000 0.610800 0.020021
v -0.073120 0.555347 0.015576
v -0.063323 0.557295 -0.008720
v -0.075000 0.610800 0.020021
v -0.064952 0.608802 0.044941
v -0.073120 0.555347 0.015576
v -0.064952 0.608802 0.044941
v -0.063323 0.553399 0.039871
v -0.073120 0.555347 0.015576
v -0.064952 0.608802 0.044941
v -0.037500 0.607339 0.063184
v -0.063323 0.553399 0.039871
v -0.037500 0.607339 0.063184
v -0.036560 0.551974 0.057656
v -0.063323 0.553399 0.039871
v -0.037500 0.607339 0.063184
v -0.000000 0.606804 0.069861
v -0.036560 0.551974 0.057656
v -0.000000 0.606804 0.069861
v -0.000000 0.551452 0.064166
v -0.036560 0.551974 0.057656
v -0.000000 0.606804 0.069861
v 0.037500 0.607339 0.063184
v -0.000000 0.551452 0.064166
v 0.037500 0.607339 0.063184
v 0.036560 0.551974 0.057656
v -0.000000 0.551452 0.064166
v 0.037500 0.607339 0.063184
v 0.064952 0.608802 0.044941
v 0.036560 0.551974 0.057656
v 0.064952 0.608802 0.044941
v 0.063323 0.553399 0.039871
v 0.036560 0.551974 0.057656
v 0.064952 0.608802 0.044941
v 0.075000 0.610800 0.020021
v 0.063323 0.553399 0.039871
v 0.075000 0.610800 0.020021
v 0.073120 0.555347 0.015576
v 0.063323 0.553399 0.039871
v 0.075000 0.610800 0.020021
v 0.064952 0.612797 -0.004899
v 0.073120 0.555347 0.015576
v 0.064952 0.612797 -0.004899
v 0.063323 0.557295 -0.008720
v 0.073120 0.555347 0.015576
v 0.064952 0.612797 -0.004899
v 0.037500 0.614260 -0.023141
v 0.063323 0.557295 -0.008720
v 0.037500 0.614260 -0.023141
v 0.036560 0.558721 -0.026505
v 0.063323 0.557295 -0.008720
v 0.037500 0.614260 -0.023141
v 0.000000 0.614795 -0.029819
v 0.036560 0.558721 -0.026505
v 0.000000 0.614795 -0.029819
v 0.000000 0.559243 -0.033015
v 0.036560 0.558721 -0.026505
v 0.000000 0.559243 -0.033015
v -0.036560 0.558721 -0.026505
v 0.000000 0.506276 -0.033551
v -0.036560 0.558721 -0.026505
v -0.033786 0.505793 -0.027535
v 0.000000 0.506276 -0.033551
v -0.036560 0.558721 -0.026505
v -0.063323 0.557295 -0.008720
v -0.033786 0.505793 -0.027535
v -0.063323 0.557295 -0.008720
v -0.058520 0.504476 -0.011099
v -0.033786 0.505793 -0.027535
v -0.063323 0.557295 -0.008720
v -0.073120 0.555347 0.015576
v -0.058520 0.504476 -0.011099
v -0.073120 0.555347 0.015576
v -0.067573 0.502676 0.011353
v -0.058520 0.504476 -0.011099
v -0.073120 0.555347 0.015576
v -0.063323 0.553399 0.039871
v -0.067573 0.502676 0.011353
v -0.063323 0.553399 0.039871
v -0.058520 0.500876 0.033805
v -0.067573 0.502676 0.011353
v -0.063323 0.553399 0.039871
v -0.036560 0.551974 0.057656
v -0.058520 0.500876 0.033805
v -0.036560 0.551974 0.057656
v -0.033786 0.499558 0.050241
v -0.058520 0.500876 0.033805
v -0.036560 0.551974 0.057656
v -0.000000 0.551452 0.064166
v -0.033786 0.499558 0.050241
v -0.000000 0.551452 0.064166
v -0.000000 0.499076 0.056257
v -0.033786 0.499558 0.050241
v -0.000000 0.551452 0.064166
v 0.036560 0.551974 0.057656
v -0.000000 0.499076 0.056257
v 0.036560 0.551974 0.057656
v 0.033786 0.499558 0.050241
v -0.000000 0.499076 0.056257
v 0.036560 0.551974 0.057656
v 0.063323 0.553399 0.039871
v 0.033786 0.499558 0.050241
v 0.063323 0.553399 0.039871
v 0.058520 0.500876 0.033805
v 0.033786 0.499558 0.050241
v 0.063323 0.553399 0.039871
v 0.073120 0.555347 0.015576
v 0.058520 0.500876 0.033805
v 0.073120 0.555347 0.015576
v 0.067573 0.502676 0.011353
v 0.058520 0.500876 0.033805
v 0.073120 0.555347 0.015576
v 0.063323 0.557295 -0.008720
v 0.067573 0.502676 0.011353
v 0.063323 0.557295 -0.008720
v 0.058520 0.504476 -0.011099
v 0.067573 0.502676 0.011353
v 0.063323 0.557295 -0.008720
v 0.036560 0.558721 -0.026505
v 0.058520 0.504476 -0.011099
v 0.036560 0.558721 -0.026505
v 0.033786 0.505793 -0.027535
v 0.058520 0.504476 -0.011099
v 0.036560 0.558721 -0.026505
v 0.000000 0.559243 -0.033015
v 0.033786 0.505793 -0.027535
v 0.000000 0.559243 -0.033015
v 0.000000 0.506276 -0.033551
v 0.033786 0.505793 -0.027535
v 0.000000 0.506276 -0.033551
v -0.033786 0.505793 -0.027535
v 0.000000 0.458550 -0.031402
v -0.033786 0.505793 -0.027535
v -0.029319 0.458131 -0.026181
v 0.000000 0.458550 -0.031402
v -0.033786 0.505793 -0.027535
v -0.058520 0.504476 -0.011099
v -0.029319 0.458131 -0.026181
v -0.058520 0.504476 -0.011099
v -0.050781 0.456988 -0.011918
v -0.029319 0.458131 -0.026181
v -0.058520 0.504476 -0.011099
v -0.067573 0.502676 0.011353
v -0.050781 0.456988 -0.011918
v -0.067573 0.502676 0.011353
v -0.058637 0.455426 0.007565
v -0.050781 0.456988 -0.011918
v -0.067573 0.502676 0.011353
v -0.058520 0.500876 0.033805
v -0.058637 0.455426 0.007565
v -0.058520 0.500876 0.033805
v -0.050781 0.453864 0.027048
v -0.058637 0.455426 0.007565
v -0.058520 0.500876 0.033805
v -0.033786 0.499558 0.050241
v -0.050781 0.453864 0.027048
v -0.033786 0.499558 0.050241
v -0.029319 0.452720 0.041311
v -0.050781 0.453864 0.027048
v -0.033786 0.499558 0.050241
v -0.000000 0.499076 0.056257
v -0.029319 0.452720 0.041311
v -0.000000 0.499076 0.056257
v -0.000000 0.452302 0.046531
v -0.029319 0.452720 0.041311
v -0.000000 0.499076 0.056257
v 0.033786 0.499558 0.050241
v -0.000000 0.452302 0.046531
v 0.033786 0.499558 0.050241
v 0.029319 0.452720 0.041311
v -0.000000 0.452302 0.046531
v 0.033786 0.499558 0.050241
v 0.058520 0.500876 0.033805
v 0.029319 0.452720 0.041311
v 0.058520 0.500876 0.033805
v 0.050781 0.453864 0.027048
v 0.029319 0.452720 0.041311
v 0.058520 0.500876 0.033805
v 0.067573 0.502676 0.011353
v 0.050781 0.453864 0.027048
v 0.067573 0.502676 0.011353
v 0.058637 0.455426 0.007565
v 0.050781 0.453864 0.027048
v 0.067573 0.502676 0.011353
v 0.058520 0.504476 -0.011099
v 0.058637 0.455426 0.007565
v 0.058520 0.504476 -0.011099
v 0.050781 0.456988 -0.011918
v 0.058637 0.455426 0.007565
v 0.058520 0.504476 -0.011099
v 0.033786 0.505793 -0.027535
v 0.050781 0.456988 -0.011918
v 0.033786 0.505793 -0.027535
v 0.029319 0.458131 -0.026181
v 0.050781 0.456988 -0.011918
v 0.033786 0.505793 -0.027535
v 0.000000 0.506276 -0.033551
v 0.029319 0.458131 -0.026181
v 0.000000 0.506276 -0.033551
v 0.000000 0.458550 -0.031402
v 0.029319 0.458131 -0.026181
v 0.000000 0.458550 -0.031402
v -0.029319 0.458131 -0.026181
v 0.000000 0.418458 -0.026673
v -0.029319 0.458131 -0.026181
v -0.023381 0.418124 -0.022510
v 0.000000 0.418458 -0.026673
v -0.029319 0.458131 -0.026181
v -0.050781 0.456988 -0.011918
v -0.023381 0.418124 -0.022510
v -0.050781 0.456988 -0.011918
v -0.040497 0.417212 -0.011136
v -0.023381 0.418124 -0.022510
v -0.050781 0.456988 -0.011918
v -0.058637 0.455426 0.007565
v -0.040497 0.417212 -0.011136
v -0.058637 0.455426 0.007565
v -0.046762 0.415967 0.004401
v -0.040497 0.417212 -0.011136
v -0.058637 0.455426 0.007565
v -0.050781 0.453864 0.027048
v -0.046762 0.415967 0.004401
v -0.050781 0.453864 0.027048
v -0.040497 0.414721 0.019939
v -0.046762 0.415967 0.004401
v -0.050781 0.453864 0.027048
v -0.029319 0.452720 0.041311
v -0.040497 0.414721 0.019939
v -0.029319 0.452720 0.041311
v -0.023381 0.413809 0.031313
v -0.040497 0.414721 0.019939
v -0.029319 0.452720 0.041311
v -0.000000 0.452302 0.046531
v -0.023381 0.413809 0.031313
v -0.000000 0.452302 0.046531
v -0.000000 0.413476 0.035476
v -0.023381 0.413809 0.031313
v -0.000000 0.452302 0.046531
v 0.029319 0.452720 0.041311
v -0.000000 0.413476 0.035476
v 0.029319 0.452720 0.041311
v 0.023381 0.413809 0.031313
v -0.000000 0.413476 0.035476
v 0.029319 0.452720 0.041311
v 0.050781 0.453864 0.027048
v 0.023381 0.413809 0.031313
v 0.050781 0.453864 0.027048
v 0.040497 0.414721 0.019939
v 0.023381 0.413809 0.031313
v 0.050781 0.453864 0.027048
v 0.058637 0.455426 0.007565
v 0.040497 0.414721 0.019939
v 0.058637 0.455426 0.007565
v 0.046762 0.415967 0.004401
v 0.040497 0.414721 0.019939
v 0.058637 0.455426 0.007565
v 0.050781 0.456988 -0.011918
v 0.046762 0.415967 0.004401
v 0.050781 0.456988 -0.011918
v 0.040497 0.417212 -0.011136
v 0.046762 0.415967 0.004401
v 0.050781 0.456988 -0.011918
v 0.029319 0.458131 -0.026181
v 0.040497 0.417212 -0.011136
v 0.029319 0.458131 -0.026181
v 0.023381 0.418124 -0.022510
v 0.040497 0.417212 -0.011136
v 0.029319 0.458131 -0.026181
v 0.000000 0.458550 -0.031402
v 0.023381 0.418124 -0.022510
v 0.000000 0.458550 -0.031402
v 0.000000 0.418458 -0.026673
v 0.023381 0.418124 -0.022510
v 0.000000 0.418458 -0.026673
v -0.023381 0.418124 -0.022510
v 0.000000 0.388011 -0.019604
v -0.023381 0.418124 -0.022510
v -0.016271 0.387779 -0.016706
v 0.000000 0.388011 -0.019604
v -0.023381 0.418124 -0.022510
v -0.040497 0.417212 -0.011136
v -0.016271 0.387779 -0.016706
v -0.040497 0.417212 -0.011136
v -0.028182 0.387145 -0.008791
v -0.016271 0.387779 -0.016706
v -0.040497 0.417212 -0.011136
v -0.046762 0.415967 0.004401
v -0.028182 0.387145 -0.008791
v -0.046762 0.415967 0.004401
v -0.032541 0.386278 0.002021
v -0.028182 0.387145 -0.008791
v -0.046762 0.415967 0.004401
v -0.040497 0.414721 0.019939
v -0.032541 0.386278 0.002021
v -0.040497 0.414721 0.019939
v -0.028182 0.385411 0.012834
v -0.032541 0.386278 0.002021
v -0.040497 0.414721 0.019939
v -0.023381 0.413809 0.031313
v -0.028182 0.385411 0.012834
v -0.023381 0.413809 0.031313
v -0.016271 0.384776 0.020749
v -0.028182 0.385411 0.012834
v -0.023381 0.413809 0.031313
v -0.000000 0.413476 0.035476
v -0.016271 0.384776 0.020749
v -0.000000 0.413476 0.035476
v -0.000000 0.384544 0.023646
v -0.016271 0.384776 0.020749
v -0.000000 0.413476 0.035476
v 0.023381 0.413809 0.031313
v -0.000000 0.384544 0.023646
v 0.023381 0.413809 0.031313
v 0.016271 0.384776 0.020749
v -0.000000 0.384544 0.023646
v 0.023381 0.413809 0.031313
v 0.040497 0.414721 0.019939
v 0.016271 0.384776 0.020749
v 0.040497 0.414721 0.019939
v 0.028182 0.385411 0.012834
v 0.016271 0.384776 0.020749
v 0.040497 0.414721 0.019939
v 0.046762 0.415967 0.004401
v 0.028182 0.385411 0.012834
v 0.046762 0.415967 0.004401
v 0.032541 0.386278 0.002021
v 0.028182 0.385411 0.012834
v 0.046762 0.415967 0.004401
v 0.040497 0.417212 -0.011136
v 0.032541 0.386278 0.002021
v 0.040497 0.417212 -0.011136
v 0.028182 0.387145 -0.008791
v 0.032541 0.386278 0.002021
v 0.040497 0.417212 -0.011136
v 0.023381 0.418124 -0.022510
v 0.028182 0.387145 -0.008791
v 0.023381 0.418124 -0.022510
v 0.016271 0.387779 -0.016706
v 0.028182 0.387145 -0.008791
v 0.023381 0.418124 -0.022510
v 0.000000 0.418458 -0.026673
v 0.016271 0.387779 -0.016706
v 0.000000 0.418458 -0.026673
v 0.000000 0.388011 -0.019604
v 0.016271 0.387779 -0.016706
v 0.000000 0.388011 -0.019604
v -0.016271 0.387779 -0.016706
v 0.000000 0.368736 -0.010547
v -0.016271 0.387779 -0.016706
v -0.008345 0.368617 -0.009061
v 0.000000 0.368736 -0.010547
v -0.016271 0.387779 -0.016706
v -0.028182 0.387145 -0.008791
v -0.008345 0.368617 -0.009061
v -0.028182 0.387145 -0.008791
v -0.014453 0.368292 -0.005002
v -0.008345 0.368617 -0.009061
v -0.028182 0.387145 -0.008791
v -0.032541 0.386278 0.002021
v -0.014453 0.368292 -0.005002
v -0.032541 0.386278 0.002021
v -0.016689 0.367847 0.000544
v -0.014453 0.368292 -0.005002
v -0.032541 0.386278 0.002021
v -0.028182 0.385411 0.012834
v -0.016689 0.367847 0.000544
v -0.028182 0.385411 0.012834
v -0.014453 0.367403 0.006089
v -0.016689 0.367847 0.000544
v -0.028182 0.385411 0.012834
v -0.016271 0.384776 0.020749
v -0.014453 0.367403 0.006089
v -0.016271 0.384776 0.020749
v -0.008345 0.367077 0.010148
v -0.014453 0.367403 0.006089
v -0.016271 0.384776 0.020749
v -0.000000 0.384544 0.023646
v -0.008345 0.367077 0.010148
v -0.000000 0.384544 0.023646
v -0.000000 0.366958 0.011634
v -0.008345 0.367077 0.010148
v -0.000000 0.384544 0.023646
v 0.016271 0.384776 0.020749
v -0.000000 0.366958 0.011634
v 0.016271 0.384776 0.020749
v 0.008345 0.367077 0.010148
v -0.000000 0.366958 0.011634
v 0.016271 0.384776 0.020749
v 0.028182 0.385411 0.012834
v 0.008345 0.367077 0.010148
v 0.028182 0.385411 0.012834
v 0.014453 0.367403 0.006089
v 0.008345 0.367077 0.010148
v 0.028182 0.385411 0.012834
v 0.032541 0.386278 0.002021
v 0.014453 0.367403 0.006089
v 0.032541 0.386278 0.002021
v 0.016689 0.367847 0.000544
v 0.014453 0.367403 0.006089
v 0.032541 0.386278 0.002021
v 0.028182 0.387145 -0.008791
v 0.016689 0.367847 0.000544
v 0.028182 0.387145 -0.008791
v 0.014453 0.368292 -0.005002
v 0.016689 0.367847 0.000544
v 0.028182 0.387145 -0.008791
v 0.016271 0.387779 -0.016706
v 0.014453 0.368292 -0.005002
v 0.016271 0.387779 -0.016706
v 0.008345 0.368617 -0.009061
v 0.014453 0.368292 -0.005002
v 0.016271 0.387779 -0.016706
v 0.000000 0.388011 -0.019604
v 0.008345 0.368617 -0.009061
v 0.000000 0.388011 -0.019604
v 0.000000 0.368736 -0.010547
v 0.008345 0.368617 -0.009061
v 0.000000 0.368736 -0.010547
v -0.008345 0.368617 -0.009061
v 0.000000 0.361599 0.000043
v -0.008345 0.368617 -0.009061
v 0.000000 0.361599 0.000043
v 0.000000 0.361599 0.000043
v -0.008345 0.368617 -0.009061
v -0.014453 0.368292 -0.005002
v 0.000000 0.361599 0.000043
v -0.014453 0.368292 -0.005002
v 0.000000 0.361599 0.000043
v 0.000000 0.361599 0.000043
v -0.014453 0.368292 -0.005002
v -0.016689 0.367847 0.000544
v 0.000000 0.361599 0.000043
v -0.016689 0.367847 0.000544
v 0.000000 0.361599 0.000043
v 0.000000 0.361599 0.000043
v -0.016689 0.367847 0.000544
v -0.014453 0.367403 0.006089
v 0.000000 0.361599 0.000043
v -0.014453 0.367403 0.006089
v 0.000000 0.361599 0.000043
v 0.000000 0.361599 0.000043
v -0.014453 0.367403 0.006089
v -0.008345 0.367077 0.010148
v 0.000000 0.361599 0.000043
v -0.008345 0.367077 0.010148
v 0.000000 0.361599 0.000043
v 0.000000 0.361599 0.000043
v -0.008345 0.367077 0.010148
v -0.000000 0.366958 0.011634
v 0.000000 0.361599 0.000043
v -0.000000 0.366958 0.011634
v 0.000000 0.361599 0.000043
v 0.000000 0.361599 0.000043
v -0.000000 0.366958 0.011634
v 0.008345 0.367077 0.010148
v 0.000000 0.361599 0.000043
v 0.008345 0.367077 0.010148
v 0.000000 0.361599 0.000043
v 0.000000 0.361599 0.000043
v 0.008345 0.367077 0.010148
v 0.014453 0.367403 0.006089
v 0.000000 0.361599 0.000043
v 0.014453 0.367403 0.006089
v 0.000000 0.361599 0.000043
v 0.000000 0.361599 0.000043
v 0.014453 0.367403 0.006089
v 0.016689 0.367847 0.000544
v 0.000000 0.361599 0.000043
v 0.016689 0.367847 0.000544
v 0.000000 0.361599 0.000043
v 0.000000 0.361599 0.000043
v 0.016689 0.367847 0.000544
v 0.014453 0.368292 -0.005002
v 0.000000 0.361599 0.000043
v 0.014453 0.368292 -0.005002
v 0.000000 0.361599 0.000043
v 0.000000 0.361599 0.000043
v 0.014453 0.368292 -0.005002
v 0.008345 0.368617 -0.009061
v 0.000000 0.361599 0.000043
v 0.008345 0.368617 -0.009061
v 0.000000 0.361599 0.000043
v 0.000000 0.361599 0.000043
v 0.008345 0.368617 -0.009061
v 0.000000 0.368736 -0.010547
v 0.000000 0.361599 0.000043
v 0.000000 0.368736 -0.010547
v 0.000000 0.361599 0.000043
v 0.000000 0.361599 0.000043
v 0.332124 1.231973 -0.173681
v 0.332124 1.231973 -0.173681
v 0.329304 1.224639 -0.182327
v 0.332124 1.231973 -0.173681
v 0.322105 1.227579 -0.180918
v 0.329304 1.224639 -0.182327
v 0.332124 1.231973 -0.173681
v 0.332124 1.231973 -0.173681
v 0.322105 1.227579 -0.180918
v 0.332124 1.231973 -0.173681
v 0.317045 1.230211 -0.177256
v 0.322105 1.227579 -0.180918
v 0.332124 1.231973 -0.173681
v 0.332124 1.231973 -0.173681
v 0.317045 1.230211 -0.177256
v 0.332124 1.231973 -0.173681
v 0.315481 1.231831 -0.172321
v 0.317045 1.230211 -0.177256
v 0.332124 1.231973 -0.173681
v 0.332124 1.231973 -0.173681
v 0.315481 1.231831 -0.172321
v 0.332124 1.231973 -0.173681
v 0.317832 1.232004 -0.167436
v 0.315481 1.231831 -0.172321
v 0.332124 1.231973 -0.173681
v 0.332124 1.231973 -0.173681
v 0.317832 1.232004 -0.167436
v 0.332124 1.231973 -0.173681
v 0.323468 1.230684 -0.163909
v 0.317832 1.232004 -0.167436
v 0.332124 1.231973 -0.173681
v 0.332124 1.231973 -0.173681
v 0.323468 1.230684 -0.163909
v 0.332124 1.231973 -0.173681
v 0.330879 1.228225 -0.162687
v 0.323468 1.230684 -0.163909
v 0.332124 1.231973 -0.173681
v 0.332124 1.231973 -0.173681
v 0.330879 1.228225 -0.162687
v 0.332124 1.231973 -0.173681
v 0.338078 1.225285 -0.164095
v 0.330879 1.228225 -0.162687
v 0.332124 1.231973 -0.173681
v 0.332124 1.231973 -0.173681
v 0.338078 1.225285 -0.164095
v 0.332124 1.231973 -0.173681
v 0.343137 1.222653 -0.167758
v 0.338078 1.225285 -0.164095
v 0.332124 1.231973 -0.173681
v 0.332124 1.231973 -0.173681
v 0.343137 1.222653 -0.167758
v 0.332124 1.231973 -0.173681
v 0.344701 1.221033 -0.172693
v 0.343137 1.222653 -0.167758
v 0.332124 1.231973 -0.173681
v 0.332124 1.231973 -0.173681
v 0.344701 1.221033 -0.172693
v 0.332124 1.231973 -0.173681
v 0.342350 1.220860 -0.177578
v 0.344701 1.221033 -0.172693
v 0.332124 1.231973 -0.173681
v 0.332124 1.231973 -0.173681
v 0.342350 1.220860 -0.177578
v 0.332124 1.231973 -0.173681
v 0.336714 1.222180 -0.181104
v 0.342350 1.220860 -0.177578
v 0.332124 1.231973 -0.173681
v 0.332124 1.231973 -0.173681
v 0.336714 1.222180 -0.181104
v 0.332124 1.231973 -0.173681
v 0.329304 1.224639 -0.182327
v 0.336714 1.222180 -0.181104
v 0.329304 1.224639 -0.182327
v 0.322105 1.227579 -0.180918
v 0.322561 1.206593 -0.188190
v 0.322105 1.227579 -0.180918
v 0.308523 1.212324 -0.185444
v 0.322561 1.206593 -0.188190
v 0.322105 1.227579 -0.180918
v 0.317045 1.230211 -0.177256
v 0.308523 1.212324 -0.185444
v 0.317045 1.230211 -0.177256
v 0.298658 1.217456 -0.178303
v 0.308523 1.212324 -0.185444
v 0.317045 1.230211 -0.177256
v 0.315481 1.231831 -0.172321
v 0.298658 1.217456 -0.178303
v 0.315481 1.231831 -0.172321
v 0.295609 1.220614 -0.168680
v 0.298658 1.217456 -0.178303
v 0.315481 1.231831 -0.172321
v 0.317832 1.232004 -0.167436
v 0.295609 1.220614 -0.168680
v 0.317832 1.232004 -0.167436
v 0.300193 1.220952 -0.159155
v 0.295609 1.220614 -0.168680
v 0.317832 1.232004 -0.167436
v 0.323468 1.230684 -0.163909
v 0.300193 1.220952 -0.159155
v 0.323468 1.230684 -0.163909
v 0.311182 1.218378 -0.152279
v 0.300193 1.220952 -0.159155
v 0.323468 1.230684 -0.163909
v 0.330879 1.228225 -0.162687
v 0.311182 1.218378 -0.152279
v 0.330879 1.228225 -0.162687
v 0.325631 1.213584 -0.149895
v 0.311182 1.218378 -0.152279
v 0.330879 1.228225 -0.162687
v 0.338078 1.225285 -0.164095
v 0.325631 1.213584 -0.149895
v 0.338078 1.225285 -0.164095
v 0.339669 1.207852 -0.152641
v 0.325631 1.213584 -0.149895
v 0.338078 1.225285 -0.164095
v 0.343137 1.222653 -0.167758
v 0.339669 1.207852 -0.152641
v 0.343137 1.222653 -0.167758
v 0.349534 1.202720 -0.159782
v 0.339669 1.207852 -0.152641
v 0.343137 1.222653 -0.167758
v 0.344701 1.221033 -0.172693
v 0.349534 1.202720 -0.159782
v 0.344701 1.221033 -0.172693
v 0.352583 1.199562 -0.169405
v 0.349534 1.202720 -0.159782
v 0.344701 1.221033 -0.172693
v 0.342350 1.220860 -0.177578
v 0.352583 1.199562 -0.169405
v 0.342350 1.220860 -0.177578
v 0.347999 1.199224 -0.178930
v 0.352583 1.199562 -0.169405
v 0.342350 1.220860 -0.177578
v 0.336714 1.222180 -0.181104
v 0.347999 1.199224 -0.178930
v 0.336714 1.222180 -0.181104
v 0.337010 1.201798 -0.185806
v 0.347999 1.199224 -0.178930
v 0.336714 1.222180 -0.181104
v 0.329304 1.224639 -0.182327
v 0.337010 1.201798 -0.185806
v 0.329304 1.224639 -0.182327
v 0.322561 1.206593 -0.188190
v 0.337010 1.201798 -0.185806
v 0.322561 1.206593 -0.188190
v 0.308523 1.212324 -0.185444
v 0.312233 1.178737 -0.190978
v 0.308523 1.212324 -0.185444
v 0.292060 1.186973 -0.187031
v 0.312233 1.178737 -0.190978
v 0.308523 1.212324 -0.185444
v 0.298658 1.217456 -0.178303
v 0.292060 1.186973 -0.187031
v 0.298658 1.217456 -0.178303
v 0.277884 1.194349 -0.176769
v 0.292060 1.186973 -0.187031
v 0.298658 1.217456 -0.178303
v 0.295609 1.220614 -0.168680
v 0.277884 1.194349 -0.176769
v 0.295609 1.220614 -0.168680
v 0.273503 1.198887 -0.162942
v 0.277884 1.194349 -0.176769
v 0.295609 1.220614 -0.168680
v 0.300193 1.220952 -0.159155
v 0.273503 1.198887 -0.162942
v 0.300193 1.220952 -0.159155
v 0.280090 1.199372 -0.149254
v 0.273503 1.198887 -0.162942
v 0.300193 1.220952 -0.159155
v 0.311182 1.218378 -0.152279
v 0.280090 1.199372 -0.149254
v 0.311182 1.218378 -0.152279
v 0.295881 1.195674 -0.139373
v 0.280090 1.199372 -0.149254
v 0.311182 1.218378 -0.152279
v 0.325631 1.213584 -0.149895
v 0.295881 1.195674 -0.139373
v 0.325631 1.213584 -0.149895
v 0.316644 1.188783 -0.135947
v 0.295881 1.195674 -0.139373
v 0.325631 1.213584 -0.149895
v 0.339669 1.207852 -0.152641
v 0.316644 1.188783 -0.135947
v 0.339669 1.207852 -0.152641
v 0.336817 1.180547 -0.139893
v 0.316644 1.188783 -0.135947
v 0.339669 1.207852 -0.152641
v 0.349534 1.202720 -0.159782
v 0.336817 1.180547 -0.139893
v 0.349534 1.202720 -0.159782
v 0.350993 1.173172 -0.150155
v 0.336817 1.180547 -0.139893
v 0.349534 1.202720 -0.159782
v 0.352583 1.199562 -0.169405
v 0.350993 1.173172 -0.150155
v 0.352583 1.199562 -0.169405
v 0.355374 1.168634 -0.163983
v 0.350993 1.173172 -0.150155
v 0.352583 1.199562 -0.169405
v 0.347999 1.199224 -0.178930
v 0.355374 1.168634 -0.163983
v 0.347999 1.199224 -0.178930
v 0.348787 1.168149 -0.177671
v 0.355374 1.168634 -0.163983
v 0.347999 1.199224 -0.178930
v 0.337010 1.201798 -0.185806
v 0.348787 1.168149 -0.177671
v 0.337010 1.201798 -0.185806
v 0.332996 1.171847 -0.187551
v 0.348787 1.168149 -0.177671
v 0.337010 1.201798 -0.185806
v 0.322561 1.206593 -0.188190
v 0.332996 1.171847 -0.187551
v 0.322561 1.206593 -0.188190
v 0.312233 1.178737 -0.190978
v 0.332996 1.171847 -0.187551
v 0.312233 1.178737 -0.190978
v 0.292060 1.186973 -0.187031
v 0.298837 1.142470 -0.190549
v 0.292060 1.186973 -0.187031
v 0.273541 1.152798 -0.185600
v 0.298837 1.142470 -0.190549
v 0.292060 1.186973 -0.187031
v 0.277884 1.194349 -0.176769
v 0.273541 1.152798 -0.185600
v 0.277884 1.194349 -0.176769
v 0.255765 1.162046 -0.172732
v 0.273541 1.152798 -0.185600
v 0.277884 1.194349 -0.176769
v 0.273503 1.198887 -0.162942
v 0.255765 1.162046 -0.172732
v 0.273503 1.198887 -0.162942
v 0.250271 1.167737 -0.155393
v 0.255765 1.162046 -0.172732
v 0.273503 1.198887 -0.162942
v 0.280090 1.199372 -0.149254
v 0.250271 1.167737 -0.155393
v 0.280090 1.199372 -0.149254
v 0.258531 1.168345 -0.138228
v 0.250271 1.167737 -0.155393
v 0.280090 1.199372 -0.149254
v 0.295881 1.195674 -0.139373
v 0.258531 1.168345 -0.138228
v 0.295881 1.195674 -0.139373
v 0.278333 1.163708 -0.125838
v 0.258531 1.168345 -0.138228
v 0.295881 1.195674 -0.139373
v 0.316644 1.188783 -0.135947
v 0.278333 1.163708 -0.125838
v 0.316644 1.188783 -0.135947
v 0.304369 1.155068 -0.121542
v 0.278333 1.163708 -0.125838
v 0.316644 1.188783 -0.135947
v 0.336817 1.180547 -0.139893
v 0.304369 1.155068 -0.121542
v 0.336817 1.180547 -0.139893
v 0.329665 1.144740 -0.126491
v 0.304369 1.155068 -0.121542
v 0.336817 1.180547 -0.139893
v 0.350993 1.173172 -0.150155
v 0.329665 1.144740 -0.126491
v 0.350993 1.173172 -0.150155
v 0.347441 1.135492 -0.139359
v 0.329665 1.144740 -0.126491
v 0.350993 1.173172 -0.150155
v 0.355374 1.168634 -0.163983
v 0.347441 1.135492 -0.139359
v 0.355374 1.168634 -0.163983
v 0.352935 1.129801 -0.156698
v 0.347441 1.135492 -0.139359
v 0.355374 1.168634 -0.163983
v 0.348787 1.168149 -0.177671
v 0.352935 1.129801 -0.156698
v 0.348787 1.168149 -0.177671
v 0.344675 1.129193 -0.173862
v 0.352935 1.129801 -0.156698
v 0.348787 1.168149 -0.177671
v 0.332996 1.171847 -0.187551
v 0.344675 1.129193 -0.173862
v 0.332996 1.171847 -0.187551
v 0.324873 1.133830 -0.186252
v 0.344675 1.129193 -0.173862
v 0.332996 1.171847 -0.187551
v 0.312233 1.178737 -0.190978
v 0.324873 1.133830 -0.186252
v 0.312233 1.178737 -0.190978
v 0.298837 1.142470 -0.190549
v 0.324873 1.133830 -0.186252
v 0.298837 1.142470 -0.190549
v 0.273541 1.152798 -0.185600
v 0.283046 1.099610 -0.186925
v 0.273541 1.152798 -0.185600
v 0.253896 1.111512 -0.181222
v 0.283046 1.099610 -0.186925
v 0.273541 1.152798 -0.185600
v 0.255765 1.162046 -0.172732
v 0.253896 1.111512 -0.181222
v 0.255765 1.162046 -0.172732
v 0.233410 1.122169 -0.166393
v 0.253896 1.111512 -0.181222
v 0.255765 1.162046 -0.172732
v 0.250271 1.167737 -0.155393
v 0.233410 1.122169 -0.166393
v 0.250271 1.167737 -0.155393
v 0.227079 1.128727 -0.146412
v 0.233410 1.122169 -0.166393
v 0.250271 1.167737 -0.155393
v 0.258531 1.168345 -0.138228
v 0.227079 1.128727 -0.146412
v 0.258531 1.168345 -0.138228
v 0.236598 1.129428 -0.126632
v 0.227079 1.128727 -0.146412
v 0.258531 1.168345 -0.138228
v 0.278333 1.163708 -0.125838
v 0.236598 1.129428 -0.126632
v 0.278333 1.163708 -0.125838
v 0.259417 1.124084 -0.112354
v 0.236598 1.129428 -0.126632
v 0.278333 1.163708 -0.125838
v 0.304369 1.155068 -0.121542
v 0.259417 1.124084 -0.112354
v 0.304369 1.155068 -0.121542
v 0.289421 1.114127 -0.107403
v 0.259417 1.124084 -0.112354
v 0.304369 1.155068 -0.121542
v 0.329665 1.144740 -0.126491
v 0.289421 1.114127 -0.107403
v 0.329665 1.144740 -0.126491
v 0.318571 1.102226 -0.113106
v 0.289421 1.114127 -0.107403
v 0.329665 1.144740 -0.126491
v 0.347441 1.135492 -0.139359
v 0.318571 1.102226 -0.113106
v 0.347441 1.135492 -0.139359
v 0.339056 1.091568 -0.127935
v 0.318571 1.102226 -0.113106
v 0.347441 1.135492 -0.139359
v 0.352935 1.129801 -0.156698
v 0.339056 1.091568 -0.127935
v 0.352935 1.129801 -0.156698
v 0.345387 1.085010 -0.147916
v 0.339056 1.091568 -0.127935
v 0.352935 1.129801 -0.156698
v 0.344675 1.129193 -0.173862
v 0.345387 1.085010 -0.147916
v 0.344675 1.129193 -0.173862
v 0.335868 1.084310 -0.167696
v 0.345387 1.085010 -0.147916
v 0.344675 1.129193 -0.173862
v 0.324873 1.133830 -0.186252
v 0.335868 1.084310 -0.167696
v 0.324873 1.133830 -0.186252
v 0.313050 1.089653 -0.181974
v 0.335868 1.084310 -0.167696
v 0.324873 1.133830 -0.186252
v 0.298837 1.142470 -0.190549
v 0.313050 1.089653 -0.181974
v 0.298837 1.142470 -0.190549
v 0.283046 1.099610 -0.186925
v 0.313050 1.089653 -0.181974
v 0.283046 1.099610 -0.186925
v 0.253896 1.111512 -0.181222
v 0.265650 1.052306 -0.180289
v 0.253896 1.111512 -0.181222
v 0.234108 1.065185 -0.174117
v 0.265650 1.052306 -0.180289
v 0.253896 1.111512 -0.181222
v 0.233410 1.122169 -0.166393
v 0.234108 1.065185 -0.174117
v 0.233410 1.122169 -0.166393
v 0.211941 1.076717 -0.158071
v 0.234108 1.065185 -0.174117
v 0.233410 1.122169 -0.166393
v 0.227079 1.128727 -0.146412
v 0.211941 1.076717 -0.158071
v 0.227079 1.128727 -0.146412
v 0.205090 1.083813 -0.136450
v 0.211941 1.076717 -0.158071
v 0.227079 1.128727 -0.146412
v 0.236598 1.129428 -0.126632
v 0.205090 1.083813 -0.136450
v 0.236598 1.129428 -0.126632
v 0.215390 1.084571 -0.115046
v 0.205090 1.083813 -0.136450
v 0.236598 1.129428 -0.126632
v 0.259417 1.124084 -0.112354
v 0.215390 1.084571 -0.115046
v 0.259417 1.124084 -0.112354
v 0.240082 1.078789 -0.099596
v 0.215390 1.084571 -0.115046
v 0.259417 1.124084 -0.112354
v 0.289421 1.114127 -0.107403
v 0.240082 1.078789 -0.099596
v 0.289421 1.114127 -0.107403
v 0.272549 1.068015 -0.094239
v 0.240082 1.078789 -0.099596
v 0.289421 1.114127 -0.107403
v 0.318571 1.102226 -0.113106
v 0.272549 1.068015 -0.094239
v 0.318571 1.102226 -0.113106
v 0.304092 1.055136 -0.100410
v 0.272549 1.068015 -0.094239
v 0.318571 1.102226 -0.113106
v 0.339056 1.091568 -0.127935
v 0.304092 1.055136 -0.100410
v 0.339056 1.091568 -0.127935
v 0.326259 1.043604 -0.116456
v 0.304092 1.055136 -0.100410
v 0.339056 1.091568 -0.127935
v 0.345387 1.085010 -0.147916
v 0.326259 1.043604 -0.116456
v 0.345387 1.085010 -0.147916
v 0.333110 1.036508 -0.138078
v 0.326259 1.043604 -0.116456
v 0.345387 1.085010 -0.147916
v 0.335868 1.084310 -0.167696
v 0.333110 1.036508 -0.138078
v 0.335868 1.084310 -0.167696
v 0.322809 1.035750 -0.159481
v 0.333110 1.036508 -0.138078
v 0.335868 1.084310 -0.167696
v 0.313050 1.089653 -0.181974
v 0.322809 1.035750 -0.159481
v 0.313050 1.089653 -0.181974
v 0.298118 1.041532 -0.174931
v 0.322809 1.035750 -0.159481
v 0.313050 1.089653 -0.181974
v 0.283046 1.099610 -0.186925
v 0.298118 1.041532 -0.174931
v 0.283046 1.099610 -0.186925
v 0.265650 1.052306 -0.180289
v 0.298118 1.041532 -0.174931
v 0.265650 1.052306 -0.180289
v 0.234108 1.065185 -0.174117
v 0.247524 1.002930 -0.170972
v 0.234108 1.065185 -0.174117
v 0.215170 1.016140 -0.164642
v 0.247524 1.002930 -0.170972
v 0.234108 1.065185 -0.174117
v 0.211941 1.076717 -0.158071
v 0.215170 1.016140 -0.164642
v 0.211941 1.076717 -0.158071
v 0.192433 1.027969 -0.148183
v 0.215170 1.016140 -0.164642
v 0.211941 1.076717 -0.158071
v 0.205090 1.083813 -0.136450
v 0.192433 1.027969 -0.148183
v 0.205090 1.083813 -0.136450
v 0.185406 1.035247 -0.126006
v 0.192433 1.027969 -0.148183
v 0.205090 1.083813 -0.136450
v 0.215390 1.084571 -0.115046
v 0.185406 1.035247 -0.126006
v 0.215390 1.084571 -0.115046
v 0.195971 1.036025 -0.104052
v 0.185406 1.035247 -0.126006
v 0.215390 1.084571 -0.115046
v 0.240082 1.078789 -0.099596
v 0.195971 1.036025 -0.104052
v 0.240082 1.078789 -0.099596
v 0.221298 1.030094 -0.088204
v 0.195971 1.036025 -0.104052
v 0.240082 1.078789 -0.099596
v 0.272549 1.068015 -0.094239
v 0.221298 1.030094 -0.088204
v 0.272549 1.068015 -0.094239
v 0.254600 1.019043 -0.082709
v 0.221298 1.030094 -0.088204
v 0.272549 1.068015 -0.094239
v 0.304092 1.055136 -0.100410
v 0.254600 1.019043 -0.082709
v 0.304092 1.055136 -0.100410
v 0.286954 1.005833 -0.089039
v 0.254600 1.019043 -0.082709
v 0.304092 1.055136 -0.100410
v 0.326259 1.043604 -0.116456
v 0.286954 1.005833 -0.089039
v 0.326259 1.043604 -0.116456
v 0.309691 0.994004 -0.105498
v 0.286954 1.005833 -0.089039
v 0.326259 1.043604 -0.116456
v 0.333110 1.036508 -0.138078
v 0.309691 0.994004 -0.105498
v 0.333110 1.036508 -0.138078
v 0.316718 0.986726 -0.127675
v 0.309691 0.994004 -0.105498
v 0.333110 1.036508 -0.138078
v 0.322809 1.035750 -0.159481
v 0.316718 0.986726 -0.127675
v 0.322809 1.035750 -0.159481
v 0.306153 0.985948 -0.149629
v 0.316718 0.986726 -0.127675
v 0.322809 1.035750 -0.159481
v 0.298118 1.041532 -0.174931
v 0.306153 0.985948 -0.149629
v 0.298118 1.041532 -0.174931
v 0.280826 0.991879 -0.165477
v 0.306153 0.985948 -0.149629
v 0.298118 1.041532 -0.174931
v 0.265650 1.052306 -0.180289
v 0.280826 0.991879 -0.165477
v 0.265650 1.052306 -0.180289
v 0.247524 1.002930 -0.170972
v 0.280826 0.991879 -0.165477
v 0.247524 1.002930 -0.170972
v 0.215170 1.016140 -0.164642
v 0.224363 0.939791 -0.157589
v 0.215170 1.016140 -0.164642
v 0.192009 0.953001 -0.151259
v 0.224363 0.939791 -0.157589
v 0.215170 1.016140 -0.164642
v 0.192433 1.027969 -0.148183
v 0.192009 0.953001 -0.151259
v 0.192433 1.027969 -0.148183
v 0.169272 0.964830 -0.134800
v 0.192009 0.953001 -0.151259
v 0.192433 1.027969 -0.148183
v 0.185406 1.035247 -0.126006
v 0.169272 0.964830 -0.134800
v 0.185406 1.035247 -0.126006
v 0.162245 0.972108 -0.112623
v 0.169272 0.964830 -0.134800
v 0.185406 1.035247 -0.126006
v 0.195971 1.036025 -0.104052
v 0.162245 0.972108 -0.112623
v 0.195971 1.036025 -0.104052
v 0.172811 0.972886 -0.090669
v 0.162245 0.972108 -0.112623
v 0.195971 1.036025 -0.104052
v 0.221298 1.030094 -0.088204
v 0.172811 0.972886 -0.090669
v 0.221298 1.030094 -0.088204
v 0.198137 0.966955 -0.074821
v 0.172811 0.972886 -0.090669
v 0.221298 1.030094 -0.088204
v 0.254600 1.019043 -0.082709
v 0.198137 0.966955 -0.074821
v 0.254600 1.019043 -0.082709
v 0.231439 0.955904 -0.069326
v 0.198137 0.966955 -0.074821
v 0.254600 1.019043 -0.082709
v 0.286954 1.005833 -0.089039
v 0.231439 0.955904 -0.069326
v 0.286954 1.005833 -0.089039
v 0.263793 0.942694 -0.075656
v 0.231439 0.955904 -0.069326
v 0.286954 1.005833 -0.089039
v 0.309691 0.994004 -0.105498
v 0.263793 0.942694 -0.075656
v 0.309691 0.994004 -0.105498
v 0.286530 0.930865 -0.092115
v 0.263793 0.942694 -0.075656
v 0.309691 0.994004 -0.105498
v 0.316718 0.986726 -0.127675
v 0.286530 0.930865 -0.092115
v 0.316718 0.986726 -0.127675
v 0.293557 0.923587 -0.114292
v 0.286530 0.930865 -0.092115
v 0.316718 0.986726 -0.127675
v 0.306153 0.985948 -0.149629
v 0.293557 0.923587 -0.114292
v 0.306153 0.985948 -0.149629
v 0.282992 0.922809 -0.136246
v 0.293557 0.923587 -0.114292
v 0.306153 0.985948 -0.149629
v 0.280826 0.991879 -0.165477
v 0.282992 0.922809 -0.136246
v 0.280826 0.991879 -0.165477
v 0.257665 0.928740 -0.152094
v 0.282992 0.922809 -0.136246
v 0.280826 0.991879 -0.165477
v 0.247524 1.002930 -0.170972
v 0.257665 0.928740 -0.152094
v 0.247524 1.002930 -0.170972
v 0.224363 0.939791 -0.157589
v 0.257665 0.928740 -0.152094
v 0.224363 0.939791 -0.157589
v 0.192009 0.953001 -0.151259
v 0.201203 0.876652 -0.144206
v 0.192009 0.953001 -0.151259
v 0.168849 0.889862 -0.137876
v 0.201203 0.876652 -0.144206
v 0.192009 0.953001 -0.151259
v 0.169272 0.964830 -0.134800
v 0.168849 0.889862 -0.137876
v 0.169272 0.964830 -0.134800
v 0.146112 0.901691 -0.121417
v 0.168849 0.889862 -0.137876
v 0.169272 0.964830 -0.134800
v 0.162245 0.972108 -0.112623
v 0.146112 0.901691 -0.121417
v 0.162245 0.972108 -0.112623
v 0.139085 0.908969 -0.099240
v 0.146112 0.901691 -0.121417
v 0.162245 0.972108 -0.112623
v 0.172811 0.972886 -0.090669
v 0.139085 0.908969 -0.099240
v 0.172811 0.972886 -0.090669
v 0.149650 0.909747 -0.077286
v 0.139085 0.908969 -0.099240
v 0.172811 0.972886 -0.090669
v 0.198137 0.966955 -0.074821
v 0.149650 0.909747 -0.077286
v 0.198137 0.966955 -0.074821
v 0.174977 0.903816 -0.061438
v 0.149650 0.909747 -0.077286
v 0.198137 0.966955 -0.074821
v 0.231439 0.955904 -0.069326
v 0.174977 0.903816 -0.061438
v 0.231439 0.955904 -0.069326
v 0.208279 0.892765 -0.055943
v 0.174977 0.903816 -0.061438
v 0.231439 0.955904 -0.069326
v 0.263793 0.942694 -0.075656
v 0.208279 0.892765 -0.055943
v 0.263793 0.942694 -0.075656
v 0.240633 0.879555 -0.062273
v 0.208279 0.892765 -0.055943
v 0.263793 0.942694 -0.075656
v 0.286530 0.930865 -0.092115
v 0.240633 0.879555 -0.062273
v 0.286530 0.930865 -0.092115
v 0.263370 0.867726 -0.078732
v 0.240633 0.879555 -0.062273
v 0.286530 0.930865 -0.092115
v 0.293557 0.923587 -0.114292
v 0.263370 0.867726 -0.078732
v 0.293557 0.923587 -0.114292
v 0.270397 0.860448 -0.100909
v 0.263370 0.867726 -0.078732
v 0.293557 0.923587 -0.114292
v 0.282992 0.922809 -0.136246
v 0.270397 0.860448 -0.100909
v 0.282992 0.922809 -0.136246
v 0.259832 0.859670 -0.122863
v 0.270397 0.860448 -0.100909
v 0.282992 0.922809 -0.136246
v 0.257665 0.928740 -0.152094
v 0.259832 0.859670 -0.122863
v 0.257665 0.928740 -0.152094
v 0.234505 0.865601 -0.138711
v 0.259832 0.859670 -0.122863
v 0.257665 0.928740 -0.152094
v 0.224363 0.939791 -0.157589
v 0.234505 0.865601 -0.138711
v 0.224363 0.939791 -0.157589
v 0.201203 0.876652 -0.144206
v 0.234505 0.865601 -0.138711
v 0.201203 0.876652 -0.144206
v 0.168849 0.889862 -0.137876
v 0.178042 0.813513 -0.130823
v 0.168849 0.889862 -0.137876
v 0.145688 0.826723 -0.124493
v 0.178042 0.813513 -0.130823
v 0.168849 0.889862 -0.137876
v 0.146112 0.901691 -0.121417
v 0.145688 0.826723 -0.124493
v 0.146112 0.901691 -0.121417
v 0.122951 0.838552 -0.108034
v 0.145688 0.826723 -0.124493
v 0.146112 0.901691 -0.121417
v 0.139085 0.908969 -0.099240
v 0.122951 0.838552 -0.108034
v 0.139085 0.908969 -0.099240
v 0.115924 0.845830 -0.085857
v 0.122951 0.838552 -0.108034
v 0.139085 0.908969 -0.099240
v 0.149650 0.909747 -0.077286
v 0.115924 0.845830 -0.085857
v 0.149650 0.909747 -0.077286
v 0.126489 0.846608 -0.063903
v 0.115924 0.845830 -0.085857
v 0.149650 0.909747 -0.077286
v 0.174977 0.903816 -0.061438
v 0.126489 0.846608 -0.063903
v 0.174977 0.903816 -0.061438
v 0.151816 0.840677 -0.048055
v 0.126489 0.846608 -0.063903
v 0.174977 0.903816 -0.061438
v 0.208279 0.892765 -0.055943
v 0.151816 0.840677 -0.048055
v 0.208279 0.892765 -0.055943
v 0.185118 0.829626 -0.042560
v 0.151816 0.840677 -0.048055
v 0.208279 0.892765 -0.055943
v 0.240633 0.879555 -0.062273
v 0.185118 0.829626 -0.042560
v 0.240633 0.879555 -0.062273
v 0.217472 0.816416 -0.048890
v 0.185118 0.829626 -0.042560
v 0.240633 0.879555 -0.062273
v 0.263370 0.867726 -0.078732
v 0.217472 0.816416 -0.048890
v 0.263370 0.867726 -0.078732
v 0.240209 0.804587 -0.065349
v 0.217472 0.816416 -0.048890
v 0.263370 0.867726 -0.078732
v 0.270397 0.860448 -0.100909
v 0.240209 0.804587 -0.065349
v 0.270397 0.860448 -0.100909
v 0.247236 0.797309 -0.087526
v 0.240209 0.804587 -0.065349
v 0.270397 0.860448 -0.100909
v 0.259832 0.859670 -0.122863
v 0.247236 0.797309 -0.087526
v 0.259832 0.859670 -0.122863
v 0.236671 0.796531 -0.109480
v 0.247236 0.797309 -0.087526
v 0.259832 0.859670 -0.122863
v 0.234505 0.865601 -0.138711
v 0.236671 0.796531 -0.109480
v 0.234505 0.865601 -0.138711
v 0.211344 0.802462 -0.125328
v 0.236671 0.796531 -0.109480
v 0.234505 0.865601 -0.138711
v 0.201203 0.876652 -0.144206
v 0.211344 0.802462 -0.125328
v 0.201203 0.876652 -0.144206
v 0.178042 0.813513 -0.130823
v 0.211344 0.802462 -0.125328
v 0.178042 0.813513 -0.130823
v 0.145688 0.826723 -0.124493
v 0.154882 0.750374 -0.117440
v 0.145688 0.826723 -0.124493
v 0.122528 0.763584 -0.111110
v 0.154882 0.750374 -0.117440
v 0.145688 0.826723 -0.124493
v 0.122951 0.838552 -0.108034
v 0.122528 0.763584 -0.111110
v 0.122951 0.838552 -0.108034
v 0.099791 0.775413 -0.094651
v 0.122528 0.763584 -0.111110
v 0.122951 0.838552 -0.108034
v 0.115924 0.845830 -0.085857
v 0.099791 0.775413 -0.094651
v 0.115924 0.845830 -0.085857
v 0.092764 0.782691 -0.072474
v 0.099791 0.775413 -0.094651
v 0.115924 0.845830 -0.085857
v 0.126489 0.846608 -0.063903
v 0.092764 0.782691 -0.072474
v 0.126489 0.846608 -0.063903
v 0.103329 0.783469 -0.050520
v 0.092764 0.782691 -0.072474
v 0.126489 0.846608 -0.063903
v 0.151816 0.840677 -0.048055
v 0.103329 0.783469 -0.050520
v 0.151816 0.840677 -0.048055
v 0.128656 0.777538 -0.034672
v 0.103329 0.783469 -0.050520
v 0.151816 0.840677 -0.048055
v 0.185118 0.829626 -0.042560
v 0.128656 0.777538 -0.034672
v 0.185118 0.829626 -0.042560
v 0.161958 0.766487 -0.029177
v 0.128656 0.777538 -0.034672
v 0.185118 0.829626 -0.042560
v 0.217472 0.816416 -0.048890
v 0.161958 0.766487 -0.029177
v 0.217472 0.816416 -0.048890
v 0.194312 0.753277 -0.035507
v 0.161958 0.766487 -0.029177
v 0.217472 0.816416 -0.048890
v 0.240209 0.804587 -0.065349
v 0.194312 0.753277 -0.035507
v 0.240209 0.804587 -0.065349
v 0.217049 0.741448 -0.051966
v 0.194312 0.753277 -0.035507
v 0.240209 0.804587 -0.065349
v 0.247236 0.797309 -0.087526
v 0.217049 0.741448 -0.051966
v 0.247236 0.797309 -0.087526
v 0.224076 0.734170 -0.074143
v 0.217049 0.741448 -0.051966
v 0.247236 0.797309 -0.087526
v 0.236671 0.796531 -0.109480
v 0.224076 0.734170 -0.074143
v 0.236671 0.796531 -0.109480
v 0.213511 0.733392 -0.096097
v 0.224076 0.734170 -0.074143
v 0.236671 0.796531 -0.109480
v 0.211344 0.802462 -0.125328
v 0.213511 0.733392 -0.096097
v 0.211344 0.802462 -0.125328
v 0.188184 0.739323 -0.111945
v 0.213511 0.733392 -0.096097
v 0.211344 0.802462 -0.125328
v 0.178042 0.813513 -0.130823
v 0.188184 0.739323 -0.111945
v 0.178042 0.813513 -0.130823
v 0.154882 0.750374 -0.117440
v 0.188184 0.739323 -0.111945
v 0.154882 0.750374 -0.117440
v 0.122528 0.763584 -0.111110
v 0.131721 0.687235 -0.104057
v 0.122528 0.763584 -0.111110
v 0.099367 0.700445 -0.097727
v 0.131721 0.687235 -0.104057
v 0.122528 0.763584 -0.111110
v 0.099791 0.775413 -0.094651
v 0.099367 0.700445 -0.097727
v 0.099791 0.775413 -0.094651
v 0.076630 0.712274 -0.081268
v 0.099367 0.700445 -0.097727
v 0.099791 0.775413 -0.094651
v 0.092764 0.782691 -0.072474
v 0.076630 0.712274 -0.081268
v 0.092764 0.782691 -0.072474
v 0.069603 0.719552 -0.059091
v 0.076630 0.712274 -0.081268
v 0.092764 0.782691 -0.072474
v 0.103329 0.783469 -0.050520
v 0.069603 0.719552 -0.059091
v 0.103329 0.783469 -0.050520
v 0.080168 0.720330 -0.037137
v 0.069603 0.719552 -0.059091
v 0.103329 0.783469 -0.050520
v 0.128656 0.777538 -0.034672
v 0.080168 0.720330 -0.037137
v 0.128656 0.777538 -0.034672
v 0.105495 0.714399 -0.021289
v 0.080168 0.720330 -0.037137
v 0.128656 0.777538 -0.034672
v 0.161958 0.766487 -0.029177
v 0.105495 0.714399 -0.021289
v 0.161958 0.766487 -0.029177
v 0.138797 0.703348 -0.015794
v 0.105495 0.714399 -0.021289
v 0.161958 0.766487 -0.029177
v 0.194312 0.753277 -0.035507
v 0.138797 0.703348 -0.015794
v 0.194312 0.753277 -0.035507
v 0.171151 0.690138 -0.022124
v 0.138797 0.703348 -0.015794
v 0.194312 0.753277 -0.035507
v 0.217049 0.741448 -0.051966
v 0.171151 0.690138 -0.022124
v 0.217049 0.741448 -0.051966
v 0.193888 0.678309 -0.038583
v 0.171151 0.690138 -0.022124
v 0.217049 0.741448 -0.051966
v 0.224076 0.734170 -0.074143
v 0.193888 0.678309 -0.038583
v 0.224076 0.734170 -0.074143
v 0.200915 0.671031 -0.060760
v 0.193888 0.678309 -0.038583
v 0.224076 0.734170 -0.074143
v 0.213511 0.733392 -0.096097
v 0.200915 0.671031 -0.060760
v 0.213511 0.733392 -0.096097
v 0.190350 0.670253 -0.082714
v 0.200915 0.671031 -0.060760
v 0.213511 0.733392 -0.096097
v 0.188184 0.739323 -0.111945
v 0.190350 0.670253 -0.082714
v 0.188184 0.739323 -0.111945
v 0.165023 0.676184 -0.098562
v 0.190350 0.670253 -0.082714
v 0.188184 0.739323 -0.111945
v 0.154882 0.750374 -0.117440
v 0.165023 0.676184 -0.098562
v 0.154882 0.750374 -0.117440
v 0.131721 0.687235 -0.104057
v 0.165023 0.676184 -0.098562
v 0.131721 0.687235 -0.104057
v 0.099367 0.700445 -0.097727
v 0.108561 0.624096 -0.090674
v 0.099367 0.700445 -0.097727
v 0.076207 0.637306 -0.084344
v 0.108561 0.624096 -0.090674
v 0.099367 0.700445 -0.097727
v 0.076630 0.712274 -0.081268
v 0.076207 0.637306 -0.084344
v 0.076630 0.712274 -0.081268
v 0.053470 0.649135 -0.067885
v 0.076207 0.637306 -0.084344
v 0.076630 0.712274 -0.081268
v 0.069603 0.719552 -0.059091
v 0.053470 0.649135 -0.067885
v 0.069603 0.719552 -0.059091
v 0.046443 0.656413 -0.045708
v 0.053470 0.649135 -0.067885
v 0.069603 0.719552 -0.059091
v 0.080168 0.720330 -0.037137
v 0.046443 0.656413 -0.045708
v 0.080168 0.720330 -0.037137
v 0.057008 0.657191 -0.023754
v 0.046443 0.656413 -0.045708
v 0.080168 0.720330 -0.037137
v 0.105495 0.714399 -0.021289
v 0.057008 0.657191 -0.023754
v 0.105495 0.714399 -0.021289
v 0.082335 0.651260 -0.007906
v 0.057008 0.657191 -0.023754
v 0.105495 0.714399 -0.021289
v 0.138797 0.703348 -0.015794
v 0.082335 0.651260 -0.007906
v 0.138797 0.703348 -0.015794
v 0.115637 0.640209 -0.002411
v 0.082335 0.651260 -0.007906
v 0.138797 0.703348 -0.015794
v 0.171151 0.690138 -0.022124
v 0.115637 0.640209 -0.002411
v 0.171151 0.690138 -0.022124
v 0.147991 0.626999 -0.008741
v 0.115637 0.640209 -0.002411
v 0.171151 0.690138 -0.022124
v 0.193888 0.678309 -0.038583
v 0.147991 0.626999 -0.008741
v 0.193888 0.678309 -0.038583
v 0.170728 0.615170 -0.025200
v 0.147991 0.626999 -0.008741
v 0.193888 0.678309 -0.038583
v 0.200915 0.671031 -0.060760
v 0.170728 0.615170 -0.025200
v 0.200915 0.671031 -0.060760
v 0.177755 0.607892 -0.047377
v 0.170728 0.615170 -0.025200
v 0.200915 0.671031 -0.060760
v 0.190350 0.670253 -0.082714
v 0.177755 0.607892 -0.047377
v 0.190350 0.670253 -0.082714
v 0.167189 0.607114 -0.069331
v 0.177755 0.607892 -0.047377
v 0.190350 0.670253 -0.082714
v 0.165023 0.676184 -0.098562
v 0.167189 0.607114 -0.069331
v 0.165023 0.676184 -0.098562
v 0.141863 0.613045 -0.085179
v 0.167189 0.607114 -0.069331
v 0.165023 0.676184 -0.098562
v 0.131721 0.687235 -0.104057
v 0.141863 0.613045 -0.085179
v 0.131721 0.687235 -0.104057
v 0.108561 0.624096 -0.090674
v 0.141863 0.613045 -0.085179
v 0.108561 0.624096 -0.090674
v 0.076207 0.637306 -0.084344
v 0.085400 0.560957 -0.077291
v 0.076207 0.637306 -0.084344
v 0.053046 0.574167 -0.070961
v 0.085400 0.560957 -0.077291
v 0.076207 0.637306 -0.084344
v 0.053470 0.649135 -0.067885
v 0.053046 0.574167 -0.070961
v 0.053470 0.649135 -0.067885
v 0.030309 0.585996 -0.054502
v 0.053046 0.574167 -0.070961
v 0.053470 0.649135 -0.067885
v 0.046443 0.656413 -0.045708
v 0.030309 0.585996 -0.054502
v 0.046443 0.656413 -0.045708
v 0.023282 0.593275 -0.032325
v 0.030309 0.585996 -0.054502
v 0.046443 0.656413 -0.045708
v 0.057008 0.657191 -0.023754
v 0.023282 0.593275 -0.032325
v 0.057008 0.657191 -0.023754
v 0.033847 0.594052 -0.010371
v 0.023282 0.593275 -0.032325
v 0.057008 0.657191 -0.023754
v 0.082335 0.651260 -0.007906
v 0.033847 0.594052 -0.010371
v 0.082335 0.651260 -0.007906
v 0.059174 0.588121 0.005477
v 0.033847 0.594052 -0.010371
v 0.082335 0.651260 -0.007906
v 0.115637 0.640209 -0.002411
v 0.059174 0.588121 0.005477
v 0.115637 0.640209 -0.002411
v 0.092476 0.577070 0.010972
v 0.059174 0.588121 0.005477
v 0.115637 0.640209 -0.002411
v 0.147991 0.626999 -0.008741
v 0.092476 0.577070 0.010972
v 0.147991 0.626999 -0.008741
v 0.124830 0.563860 0.004642
v 0.092476 0.577070 0.010972
v 0.147991 0.626999 -0.008741
v 0.170728 0.615170 -0.025200
v 0.124830 0.563860 0.004642
v 0.170728 0.615170 -0.025200
v 0.147567 0.552031 -0.011817
v 0.124830 0.563860 0.004642
v 0.170728 0.615170 -0.025200
v 0.177755 0.607892 -0.047377
v 0.147567 0.552031 -0.011817
v 0.177755 0.607892 -0.047377
v 0.154594 0.544753 -0.033994
v 0.147567 0.552031 -0.011817
v 0.177755 0.607892 -0.047377
v 0.167189 0.607114 -0.069331
v 0.154594 0.544753 -0.033994
v 0.167189 0.607114 -0.069331
v 0.144029 0.543975 -0.055948
v 0.154594 0.544753 -0.033994
v 0.167189 0.607114 -0.069331
v 0.141863 0.613045 -0.085179
v 0.144029 0.543975 -0.055948
v 0.141863 0.613045 -0.085179
v 0.118702 0.549906 -0.071796
v 0.144029 0.543975 -0.055948
v 0.141863 0.613045 -0.085179
v 0.108561 0.624096 -0.090674
v 0.118702 0.549906 -0.071796
v 0.108561 0.624096 -0.090674
v 0.085400 0.560957 -0.077291
v 0.118702 0.549906 -0.071796
v 0.085400 0.560957 -0.077291
v 0.053046 0.574167 -0.070961
v 0.067451 0.511985 -0.065761
v 0.053046 0.574167 -0.070961
v 0.035908 0.524864 -0.059590
v 0.067451 0.511985 -0.065761
v 0.053046 0.574167 -0.070961
v 0.030309 0.585996 -0.054502
v 0.035908 0.524864 -0.059590
v 0.030309 0.585996 -0.054502
v 0.013741 0.536396 -0.043544
v 0.035908 0.524864 -0.059590
v 0.030309 0.585996 -0.054502
v 0.023282 0.593275 -0.032325
v 0.013741 0.536396 -0.043544
v 0.023282 0.593275 -0.032325
v 0.006890 0.543492 -0.021922
v 0.013741 0.536396 -0.043544
v 0.023282 0.593275 -0.032325
v 0.033847 0.594052 -0.010371
v 0.006890 0.543492 -0.021922
v 0.033847 0.594052 -0.010371
v 0.017191 0.544251 -0.000519
v 0.006890 0.543492 -0.021922
v 0.033847 0.594052 -0.010371
v 0.059174 0.588121 0.005477
v 0.017191 0.544251 -0.000519
v 0.059174 0.588121 0.005477
v 0.041882 0.538468 0.014931
v 0.017191 0.544251 -0.000519
v 0.059174 0.588121 0.005477
v 0.092476 0.577070 0.010972
v 0.041882 0.538468 0.014931
v 0.092476 0.577070 0.010972
v 0.074350 0.527694 0.020289
v 0.041882 0.538468 0.014931
v 0.092476 0.577070 0.010972
v 0.124830 0.563860 0.004642
v 0.074350 0.527694 0.020289
v 0.124830 0.563860 0.004642
v 0.105892 0.514815 0.014117
v 0.074350 0.527694 0.020289
v 0.124830 0.563860 0.004642
v 0.147567 0.552031 -0.011817
v 0.105892 0.514815 0.014117
v 0.147567 0.552031 -0.011817
v 0.128059 0.503283 -0.001929
v 0.105892 0.514815 0.014117
v 0.147567 0.552031 -0.011817
v 0.154594 0.544753 -0.033994
v 0.128059 0.503283 -0.001929
v 0.154594 0.544753 -0.033994
v 0.134910 0.496187 -0.023550
v 0.128059 0.503283 -0.001929
v 0.154594 0.544753 -0.033994
v 0.144029 0.543975 -0.055948
v 0.134910 0.496187 -0.023550
v 0.144029 0.543975 -0.055948
v 0.124610 0.495429 -0.044954
v 0.134910 0.496187 -0.023550
v 0.144029 0.543975 -0.055948
v 0.118702 0.549906 -0.071796
v 0.124610 0.495429 -0.044954
v 0.118702 0.549906 -0.071796
v 0.099918 0.501211 -0.060404
v 0.124610 0.495429 -0.044954
v 0.118702 0.549906 -0.071796
v 0.085400 0.560957 -0.077291
v 0.099918 0.501211 -0.060404
v 0.085400 0.560957 -0.077291
v 0.067451 0.511985 -0.065761
v 0.099918 0.501211 -0.060404
v 0.067451 0.511985 -0.065761
v 0.035908 0.524864 -0.059590
v 0.050579 0.465873 -0.052597
v 0.035908 0.524864 -0.059590
v 0.021429 0.477774 -0.046894
v 0.050579 0.465873 -0.052597
v 0.035908 0.524864 -0.059590
v 0.013741 0.536396 -0.043544
v 0.021429 0.477774 -0.046894
v 0.013741 0.536396 -0.043544
v 0.000944 0.488432 -0.032065
v 0.021429 0.477774 -0.046894
v 0.013741 0.536396 -0.043544
v 0.006890 0.543492 -0.021922
v 0.000944 0.488432 -0.032065
v 0.006890 0.543492 -0.021922
v -0.005387 0.494990 -0.012084
v 0.000944 0.488432 -0.032065
v 0.006890 0.543492 -0.021922
v 0.017191 0.544251 -0.000519
v -0.005387 0.494990 -0.012084
v 0.017191 0.544251 -0.000519
v 0.004132 0.495690 0.007696
v -0.005387 0.494990 -0.012084
v 0.017191 0.544251 -0.000519
v 0.041882 0.538468 0.014931
v 0.004132 0.495690 0.007696
v 0.041882 0.538468 0.014931
v 0.026950 0.490347 0.021974
v 0.004132 0.495690 0.007696
v 0.041882 0.538468 0.014931
v 0.074350 0.527694 0.020289
v 0.026950 0.490347 0.021974
v 0.074350 0.527694 0.020289
v 0.056954 0.480390 0.026925
v 0.026950 0.490347 0.021974
v 0.074350 0.527694 0.020289
v 0.105892 0.514815 0.014117
v 0.056954 0.480390 0.026925
v 0.105892 0.514815 0.014117
v 0.086104 0.468488 0.021222
v 0.056954 0.480390 0.026925
v 0.105892 0.514815 0.014117
v 0.128059 0.503283 -0.001929
v 0.086104 0.468488 0.021222
v 0.128059 0.503283 -0.001929
v 0.106590 0.457831 0.006393
v 0.086104 0.468488 0.021222
v 0.128059 0.503283 -0.001929
v 0.134910 0.496187 -0.023550
v 0.106590 0.457831 0.006393
v 0.134910 0.496187 -0.023550
v 0.112921 0.451273 -0.013588
v 0.106590 0.457831 0.006393
v 0.134910 0.496187 -0.023550
v 0.124610 0.495429 -0.044954
v 0.112921 0.451273 -0.013588
v 0.124610 0.495429 -0.044954
v 0.103402 0.450572 -0.033368
v 0.112921 0.451273 -0.013588
v 0.124610 0.495429 -0.044954
v 0.099918 0.501211 -0.060404
v 0.103402 0.450572 -0.033368
v 0.099918 0.501211 -0.060404
v 0.080583 0.455916 -0.047646
v 0.103402 0.450572 -0.033368
v 0.099918 0.501211 -0.060404
v 0.067451 0.511985 -0.065761
v 0.080583 0.455916 -0.047646
v 0.067451 0.511985 -0.065761
v 0.050579 0.465873 -0.052597
v 0.080583 0.455916 -0.047646
v 0.050579 0.465873 -0.052597
v 0.021429 0.477774 -0.046894
v 0.035631 0.424932 -0.038458
v 0.021429 0.477774 -0.046894
v 0.010335 0.435260 -0.033509
v 0.035631 0.424932 -0.038458
v 0.021429 0.477774 -0.046894
v 0.000944 0.488432 -0.032065
v 0.010335 0.435260 -0.033509
v 0.000944 0.488432 -0.032065
v -0.007441 0.444508 -0.020641
v 0.010335 0.435260 -0.033509
v 0.000944 0.488432 -0.032065
v -0.005387 0.494990 -0.012084
v -0.007441 0.444508 -0.020641
v -0.005387 0.494990 -0.012084
v -0.012935 0.450199 -0.003302
v -0.007441 0.444508 -0.020641
v -0.005387 0.494990 -0.012084
v 0.004132 0.495690 0.007696
v -0.012935 0.450199 -0.003302
v 0.004132 0.495690 0.007696
v -0.004675 0.450807 0.013862
v -0.012935 0.450199 -0.003302
v 0.004132 0.495690 0.007696
v 0.026950 0.490347 0.021974
v -0.004675 0.450807 0.013862
v 0.026950 0.490347 0.021974
v 0.015127 0.446170 0.026252
v -0.004675 0.450807 0.013862
v 0.026950 0.490347 0.021974
v 0.056954 0.480390 0.026925
v 0.015127 0.446170 0.026252
v 0.056954 0.480390 0.026925
v 0.041163 0.437530 0.030549
v 0.015127 0.446170 0.026252
v 0.056954 0.480390 0.026925
v 0.086104 0.468488 0.021222
v 0.041163 0.437530 0.030549
v 0.086104 0.468488 0.021222
v 0.066459 0.427202 0.025600
v 0.041163 0.437530 0.030549
v 0.086104 0.468488 0.021222
v 0.106590 0.457831 0.006393
v 0.066459 0.427202 0.025600
v 0.106590 0.457831 0.006393
v 0.084235 0.417954 0.012732
v 0.066459 0.427202 0.025600
v 0.106590 0.457831 0.006393
v 0.112921 0.451273 -0.013588
v 0.084235 0.417954 0.012732
v 0.112921 0.451273 -0.013588
v 0.089729 0.412263 -0.004607
v 0.084235 0.417954 0.012732
v 0.112921 0.451273 -0.013588
v 0.103402 0.450572 -0.033368
v 0.089729 0.412263 -0.004607
v 0.103402 0.450572 -0.033368
v 0.081469 0.411655 -0.021772
v 0.089729 0.412263 -0.004607
v 0.103402 0.450572 -0.033368
v 0.080583 0.455916 -0.047646
v 0.081469 0.411655 -0.021772
v 0.080583 0.455916 -0.047646
v 0.061667 0.416292 -0.034162
v 0.081469 0.411655 -0.021772
v 0.080583 0.455916 -0.047646
v 0.050579 0.465873 -0.052597
v 0.061667 0.416292 -0.034162
v 0.050579 0.465873 -0.052597
v 0.035631 0.424932 -0.038458
v 0.061667 0.416292 -0.034162
v 0.035631 0.424932 -0.038458
v 0.010335 0.435260 -0.033509
v 0.023356 0.391217 -0.024053
v 0.010335 0.435260 -0.033509
v 0.003183 0.399453 -0.020107
v 0.023356 0.391217 -0.024053
v 0.010335 0.435260 -0.033509
v -0.007441 0.444508 -0.020641
v 0.003183 0.399453 -0.020107
v -0.007441 0.444508 -0.020641
v -0.010993 0.406828 -0.009845
v 0.003183 0.399453 -0.020107
v -0.007441 0.444508 -0.020641
v -0.012935 0.450199 -0.003302
v -0.010993 0.406828 -0.009845
v -0.012935 0.450199 -0.003302
v -0.015374 0.411366 0.003983
v -0.010993 0.406828 -0.009845
v -0.012935 0.450199 -0.003302
v -0.004675 0.450807 0.013862
v -0.015374 0.411366 0.003983
v -0.004675 0.450807 0.013862
v -0.008787 0.411851 0.017671
v -0.015374 0.411366 0.003983
v -0.004675 0.450807 0.013862
v 0.015127 0.446170 0.026252
v -0.008787 0.411851 0.017671
v 0.015127 0.446170 0.026252
v 0.007004 0.408153 0.027551
v -0.008787 0.411851 0.017671
v 0.015127 0.446170 0.026252
v 0.041163 0.437530 0.030549
v 0.007004 0.408153 0.027551
v 0.041163 0.437530 0.030549
v 0.027767 0.401263 0.030978
v 0.007004 0.408153 0.027551
v 0.041163 0.437530 0.030549
v 0.066459 0.427202 0.025600
v 0.027767 0.401263 0.030978
v 0.066459 0.427202 0.025600
v 0.047940 0.393027 0.027031
v 0.027767 0.401263 0.030978
v 0.066459 0.427202 0.025600
v 0.084235 0.417954 0.012732
v 0.047940 0.393027 0.027031
v 0.084235 0.417954 0.012732
v 0.062116 0.385651 0.016769
v 0.047940 0.393027 0.027031
v 0.084235 0.417954 0.012732
v 0.089729 0.412263 -0.004607
v 0.062116 0.385651 0.016769
v 0.089729 0.412263 -0.004607
v 0.066497 0.381113 0.002942
v 0.062116 0.385651 0.016769
v 0.089729 0.412263 -0.004607
v 0.081469 0.411655 -0.021772
v 0.066497 0.381113 0.002942
v 0.081469 0.411655 -0.021772
v 0.059910 0.380628 -0.010746
v 0.066497 0.381113 0.002942
v 0.081469 0.411655 -0.021772
v 0.061667 0.416292 -0.034162
v 0.059910 0.380628 -0.010746
v 0.061667 0.416292 -0.034162
v 0.044119 0.384326 -0.020627
v 0.059910 0.380628 -0.010746
v 0.061667 0.416292 -0.034162
v 0.035631 0.424932 -0.038458
v 0.044119 0.384326 -0.020627
v 0.035631 0.424932 -0.038458
v 0.023356 0.391217 -0.024053
v 0.044119 0.384326 -0.020627
v 0.023356 0.391217 -0.024053
v 0.003183 0.399453 -0.020107
v 0.014369 0.366416 -0.010105
v 0.003183 0.399453 -0.020107
v 0.000331 0.372148 -0.007359
v 0.014369 0.366416 -0.010105
v 0.003183 0.399453 -0.020107
v -0.010993 0.406828 -0.009845
v 0.000331 0.372148 -0.007359
v -0.010993 0.406828 -0.009845
v -0.009534 0.377280 -0.000218
v 0.000331 0.372148 -0.007359
v -0.010993 0.406828 -0.009845
v -0.015374 0.411366 0.003983
v -0.009534 0.377280 -0.000218
v -0.015374 0.411366 0.003983
v -0.012583 0.380438 0.009405
v -0.009534 0.377280 -0.000218
v -0.015374 0.411366 0.003983
v -0.008787 0.411851 0.017671
v -0.012583 0.380438 0.009405
v -0.008787 0.411851 0.017671
v -0.007999 0.380776 0.018930
v -0.012583 0.380438 0.009405
v -0.008787 0.411851 0.017671
v 0.007004 0.408153 0.027551
v -0.007999 0.380776 0.018930
v 0.007004 0.408153 0.027551
v 0.002990 0.378202 0.025806
v -0.007999 0.380776 0.018930
v 0.007004 0.408153 0.027551
v 0.027767 0.401263 0.030978
v 0.002990 0.378202 0.025806
v 0.027767 0.401263 0.030978
v 0.017439 0.373407 0.028190
v 0.002990 0.378202 0.025806
v 0.027767 0.401263 0.030978
v 0.047940 0.393027 0.027031
v 0.017439 0.373407 0.028190
v 0.047940 0.393027 0.027031
v 0.031477 0.367676 0.025444
v 0.017439 0.373407 0.028190
v 0.047940 0.393027 0.027031
v 0.062116 0.385651 0.016769
v 0.031477 0.367676 0.025444
v 0.062116 0.385651 0.016769
v 0.041342 0.362544 0.018303
v 0.031477 0.367676 0.025444
v 0.062116 0.385651 0.016769
v 0.066497 0.381113 0.002942
v 0.041342 0.362544 0.018303
v 0.066497 0.381113 0.002942
v 0.044391 0.359386 0.008680
v 0.041342 0.362544 0.018303
v 0.066497 0.381113 0.002942
v 0.059910 0.380628 -0.010746
v 0.044391 0.359386 0.008680
v 0.059910 0.380628 -0.010746
v 0.039807 0.359048 -0.000845
v 0.044391 0.359386 0.008680
v 0.059910 0.380628 -0.010746
v 0.044119 0.384326 -0.020627
v 0.039807 0.359048 -0.000845
v 0.044119 0.384326 -0.020627
v 0.028818 0.361622 -0.007721
v 0.039807 0.359048 -0.000845
v 0.044119 0.384326 -0.020627
v 0.023356 0.391217 -0.024053
v 0.028818 0.361622 -0.007721
v 0.023356 0.391217 -0.024053
v 0.014369 0.366416 -0.010105
v 0.028818 0.361622 -0.007721
v 0.014369 0.366416 -0.010105
v 0.000331 0.372148 -0.007359
v 0.009121 0.351775 0.002687
v 0.000331 0.372148 -0.007359
v 0.001922 0.354715 0.004095
v 0.009121 0.351775 0.002687
v 0.000331 0.372148 -0.007359
v -0.009534 0.377280 -0.000218
v 0.001922 0.354715 0.004095
v -0.009534 0.377280 -0.000218
v -0.003137 0.357347 0.007758
v 0.001922 0.354715 0.004095
v -0.009534 0.377280 -0.000218
v -0.012583 0.380438 0.009405
v -0.003137 0.357347 0.007758
v -0.012583 0.380438 0.009405
v -0.004701 0.358967 0.012693
v -0.003137 0.357347 0.007758
v -0.012583 0.380438 0.009405
v -0.007999 0.380776 0.018930
v -0.004701 0.358967 0.012693
v -0.007999 0.380776 0.018930
v -0.002350 0.359140 0.017578
v -0.004701 0.358967 0.012693
v -0.007999 0.380776 0.018930
v 0.002990 0.378202 0.025806
v -0.002350 0.359140 0.017578
v 0.002990 0.378202 0.025806
v 0.003286 0.357820 0.021104
v -0.002350 0.359140 0.017578
v 0.002990 0.378202 0.025806
v 0.017439 0.373407 0.028190
v 0.003286 0.357820 0.021104
v 0.017439 0.373407 0.028190
v 0.010696 0.355361 0.022327
v 0.003286 0.357820 0.021104
v 0.017439 0.373407 0.028190
v 0.031477 0.367676 0.025444
v 0.010696 0.355361 0.022327
v 0.031477 0.367676 0.025444
v 0.017895 0.352421 0.020918
v 0.010696 0.355361 0.022327
v 0.031477 0.367676 0.025444
v 0.041342 0.362544 0.018303
v 0.017895 0.352421 0.020918
v 0.041342 0.362544 0.018303
v 0.022955 0.349789 0.017256
v 0.017895 0.352421 0.020918
v 0.041342 0.362544 0.018303
v 0.044391 0.359386 0.008680
v 0.022955 0.349789 0.017256
v 0.044391 0.359386 0.008680
v 0.024519 0.348170 0.012321
v 0.022955 0.349789 0.017256
v 0.044391 0.359386 0.008680
v 0.039807 0.359048 -0.000845
v 0.024519 0.348170 0.012321
v 0.039807 0.359048 -0.000845
v 0.022168 0.347996 0.007436
v 0.024519 0.348170 0.012321
v 0.039807 0.359048 -0.000845
v 0.028818 0.361622 -0.007721
v 0.022168 0.347996 0.007436
v 0.028818 0.361622 -0.007721
v 0.016532 0.349316 0.003909
v 0.022168 0.347996 0.007436
v 0.028818 0.361622 -0.007721
v 0.014369 0.366416 -0.010105
v 0.016532 0.349316 0.003909
v 0.014369 0.366416 -0.010105
v 0.009121 0.351775 0.002687
v 0.016532 0.349316 0.003909
v 0.009121 0.351775 0.002687
v 0.001922 0.354715 0.004095
v 0.007876 0.348027 0.013681
v 0.001922 0.354715 0.004095
v 0.007876 0.348027 0.013681
v 0.007876 0.348027 0.013681
v 0.001922 0.354715 0.004095
v -0.003137 0.357347 0.007758
v 0.007876 0.348027 0.013681
v -0.003137 0.357347 0.007758
v 0.007876 0.348027 0.013681
v 0.007876 0.348027 0.013681
v -0.003137 0.357347 0.007758
v -0.004701 0.358967 0.012693
v 0.007876 0.348027 0.013681
v -0.004701 0.358967 0.012693
v 0.007876 0.348027 0.013681
v 0.007876 0.348027 0.013681
v -0.004701 0.358967 0.012693
v -0.002350 0.359140 0.017578
v 0.007876 0.348027 0.013681
v -0.002350 0.359140 0.017578
v 0.007876 0.348027 0.013681
v 0.007876 0.348027 0.013681
v -0.002350 0.359140 0.017578
v 0.003286 0.357820 0.021104
v 0.007876 0.348027 0.013681
v 0.003286 0.357820 0.021104
v 0.007876 0.348027 0.013681
v 0.007876 0.348027 0.013681
v 0.003286 0.357820 0.021104
v 0.010696 0.355361 0.022327
v 0.007876 0.348027 0.013681
v 0.010696 0.355361 0.022327
v 0.007876 0.348027 0.013681
v 0.007876 0.348027 0.013681
v 0.010696 0.355361 0.022327
v 0.017895 0.352421 0.020918
v 0.007876 0.348027 0.013681
v 0.017895 0.352421 0.020918
v 0.007876 0.348027 0.013681
v 0.007876 0.348027 0.013681
v 0.017895 0.352421 0.020918
v 0.022955 0.349789 0.017256
v 0.007876 0.348027 0.013681
v 0.022955 0.349789 0.017256
v 0.007876 0.348027 0.013681
v 0.007876 0.348027 0.013681
v 0.022955 0.349789 0.017256
v 0.024519 0.348170 0.012321
v 0.007876 0.348027 0.013681
v 0.024519 0.348170 0.012321
v 0.007876 0.348027 0.013681
v 0.007876 0.348027 0.013681
v 0.024519 0.348170 0.012321
v 0.022168 0.347996 0.007436
v 0.007876 0.348027 0.013681
v 0.022168 0.347996 0.007436
v 0.007876 0.348027 0.013681
v 0.007876 0.348027 0.013681
v 0.022168 0.347996 0.007436
v 0.016532 0.349316 0.003909
v 0.007876 0.348027 0.013681
v 0.016532 0.349316 0.003909
v 0.007876 0.348027 0.013681
v 0.007876 0.348027 0.013681
v 0.016532 0.349316 0.003909
v 0.009121 0.351775 0.002687
v 0.007876 0.348027 0.013681
v 0.009121 0.351775 0.002687
v 0.007876 0.348027 0.013681
v 0.007876 0.348027 0.013681
v 0.555788 0.951085 0.088115
v 0.555788 0.951085 0.088115
v 0.553248 0.948332 0.077378
v 0.555788 0.951085 0.088115
v 0.547486 0.952647 0.078885
v 0.553248 0.948332 0.077378
v 0.555788 0.951085 0.088115
v 0.555788 0.951085 0.088115
v 0.547486 0.952647 0.078885
v 0.555788 0.951085 0.088115
v 0.543055 0.955432 0.082637
v 0.547486 0.952647 0.078885
v 0.555788 0.951085 0.088115
v 0.555788 0.951085 0.088115
v 0.543055 0.955432 0.082637
v 0.555788 0.951085 0.088115
v 0.541144 0.955940 0.087628
v 0.543055 0.955432 0.082637
v 0.555788 0.951085 0.088115
v 0.555788 0.951085 0.088115
v 0.541144 0.955940 0.087628
v 0.555788 0.951085 0.088115
v 0.542263 0.954035 0.092521
v 0.541144 0.955940 0.087628
v 0.555788 0.951085 0.088115
v 0.555788 0.951085 0.088115
v 0.542263 0.954035 0.092521
v 0.555788 0.951085 0.088115
v 0.546113 0.950227 0.096004
v 0.542263 0.954035 0.092521
v 0.555788 0.951085 0.088115
v 0.555788 0.951085 0.088115
v 0.546113 0.950227 0.096004
v 0.555788 0.951085 0.088115
v 0.551663 0.945537 0.097145
v 0.546113 0.950227 0.096004
v 0.555788 0.951085 0.088115
v 0.555788 0.951085 0.088115
v 0.551663 0.945537 0.097145
v 0.555788 0.951085 0.088115
v 0.557425 0.941221 0.095638
v 0.551663 0.945537 0.097145
v 0.555788 0.951085 0.088115
v 0.555788 0.951085 0.088115
v 0.557425 0.941221 0.095638
v 0.555788 0.951085 0.088115
v 0.561856 0.938437 0.091886
v 0.557425 0.941221 0.095638
v 0.555788 0.951085 0.088115
v 0.555788 0.951085 0.088115
v 0.561856 0.938437 0.091886
v 0.555788 0.951085 0.088115
v 0.563768 0.937929 0.086895
v 0.561856 0.938437 0.091886
v 0.555788 0.951085 0.088115
v 0.555788 0.951085 0.088115
v 0.563768 0.937929 0.086895
v 0.555788 0.951085 0.088115
v 0.562649 0.939834 0.082002
v 0.563768 0.937929 0.086895
v 0.555788 0.951085 0.088115
v 0.555788 0.951085 0.088115
v 0.562649 0.939834 0.082002
v 0.555788 0.951085 0.088115
v 0.558798 0.943642 0.078519
v 0.562649 0.939834 0.082002
v 0.555788 0.951085 0.088115
v 0.555788 0.951085 0.088115
v 0.558798 0.943642 0.078519
v 0.555788 0.951085 0.088115
v 0.553248 0.948332 0.077378
v 0.558798 0.943642 0.078519
v 0.553248 0.948332 0.077378
v 0.547486 0.952647 0.078885
v 0.544172 0.937416 0.065471
v 0.547486 0.952647 0.078885
v 0.532937 0.945831 0.068410
v 0.544172 0.937416 0.065471
v 0.547486 0.952647 0.078885
v 0.543055 0.955432 0.082637
v 0.532937 0.945831 0.068410
v 0.543055 0.955432 0.082637
v 0.524298 0.951261 0.075725
v 0.532937 0.945831 0.068410
v 0.543055 0.955432 0.082637
v 0.541144 0.955940 0.087628
v 0.524298 0.951261 0.075725
v 0.541144 0.955940 0.087628
v 0.520570 0.952251 0.085457
v 0.524298 0.951261 0.075725
v 0.541144 0.955940 0.087628
v 0.542263 0.954035 0.092521
v 0.520570 0.952251 0.085457
v 0.542263 0.954035 0.092521
v 0.522752 0.948536 0.094997
v 0.520570 0.952251 0.085457
v 0.542263 0.954035 0.092521
v 0.546113 0.950227 0.096004
v 0.522752 0.948536 0.094997
v 0.546113 0.950227 0.096004
v 0.530260 0.941112 0.101790
v 0.522752 0.948536 0.094997
v 0.546113 0.950227 0.096004
v 0.551663 0.945537 0.097145
v 0.530260 0.941112 0.101790
v 0.551663 0.945537 0.097145
v 0.541082 0.931967 0.104014
v 0.530260 0.941112 0.101790
v 0.551663 0.945537 0.097145
v 0.557425 0.941221 0.095638
v 0.541082 0.931967 0.104014
v 0.557425 0.941221 0.095638
v 0.552317 0.923552 0.101075
v 0.541082 0.931967 0.104014
v 0.557425 0.941221 0.095638
v 0.561856 0.938437 0.091886
v 0.552317 0.923552 0.101075
v 0.561856 0.938437 0.091886
v 0.560956 0.918121 0.093760
v 0.552317 0.923552 0.101075
v 0.561856 0.938437 0.091886
v 0.563768 0.937929 0.086895
v 0.560956 0.918121 0.093760
v 0.563768 0.937929 0.086895
v 0.564684 0.917131 0.084028
v 0.560956 0.918121 0.093760
v 0.563768 0.937929 0.086895
v 0.562649 0.939834 0.082002
v 0.564684 0.917131 0.084028
v 0.562649 0.939834 0.082002
v 0.562501 0.920846 0.074488
v 0.564684 0.917131 0.084028
v 0.562649 0.939834 0.082002
v 0.558798 0.943642 0.078519
v 0.562501 0.920846 0.074488
v 0.558798 0.943642 0.078519
v 0.554994 0.928271 0.067695
v 0.562501 0.920846 0.074488
v 0.558798 0.943642 0.078519
v 0.553248 0.948332 0.077378
v 0.554994 0.928271 0.067695
v 0.553248 0.948332 0.077378
v 0.544172 0.937416 0.065471
v 0.554994 0.928271 0.067695
v 0.544172 0.937416 0.065471
v 0.532937 0.945831 0.068410
v 0.529015 0.918884 0.052991
v 0.532937 0.945831 0.068410
v 0.512869 0.930976 0.057215
v 0.529015 0.918884 0.052991
v 0.532937 0.945831 0.068410
v 0.524298 0.951261 0.075725
v 0.512869 0.930976 0.057215
v 0.524298 0.951261 0.075725
v 0.500455 0.938779 0.067727
v 0.512869 0.930976 0.057215
v 0.524298 0.951261 0.075725
v 0.520570 0.952251 0.085457
v 0.500455 0.938779 0.067727
v 0.520570 0.952251 0.085457
v 0.495098 0.940202 0.081711
v 0.500455 0.938779 0.067727
v 0.520570 0.952251 0.085457
v 0.522752 0.948536 0.094997
v 0.495098 0.940202 0.081711
v 0.522752 0.948536 0.094997
v 0.498235 0.934864 0.095421
v 0.495098 0.940202 0.081711
v 0.522752 0.948536 0.094997
v 0.530260 0.941112 0.101790
v 0.498235 0.934864 0.095421
v 0.530260 0.941112 0.101790
v 0.509024 0.924195 0.105182
v 0.498235 0.934864 0.095421
v 0.530260 0.941112 0.101790
v 0.541082 0.931967 0.104014
v 0.509024 0.924195 0.105182
v 0.541082 0.931967 0.104014
v 0.524574 0.911054 0.108379
v 0.509024 0.924195 0.105182
v 0.541082 0.931967 0.104014
v 0.552317 0.923552 0.101075
v 0.524574 0.911054 0.108379
v 0.552317 0.923552 0.101075
v 0.540720 0.898961 0.104155
v 0.524574 0.911054 0.108379
v 0.552317 0.923552 0.101075
v 0.560956 0.918121 0.093760
v 0.540720 0.898961 0.104155
v 0.560956 0.918121 0.093760
v 0.553134 0.891158 0.093643
v 0.540720 0.898961 0.104155
v 0.560956 0.918121 0.093760
v 0.564684 0.917131 0.084028
v 0.553134 0.891158 0.093643
v 0.564684 0.917131 0.084028
v 0.558490 0.889735 0.079659
v 0.553134 0.891158 0.093643
v 0.564684 0.917131 0.084028
v 0.562501 0.920846 0.074488
v 0.558490 0.889735 0.079659
v 0.562501 0.920846 0.074488
v 0.555354 0.895073 0.065949
v 0.558490 0.889735 0.079659
v 0.562501 0.920846 0.074488
v 0.554994 0.928271 0.067695
v 0.555354 0.895073 0.065949
v 0.554994 0.928271 0.067695
v 0.544565 0.905743 0.056188
v 0.555354 0.895073 0.065949
v 0.554994 0.928271 0.067695
v 0.544172 0.937416 0.065471
v 0.544565 0.905743 0.056188
v 0.544172 0.937416 0.065471
v 0.529015 0.918884 0.052991
v 0.544565 0.905743 0.056188
v 0.529015 0.918884 0.052991
v 0.512869 0.930976 0.057215
v 0.508536 0.893666 0.040565
v 0.512869 0.930976 0.057215
v 0.488290 0.908829 0.045861
v 0.508536 0.893666 0.040565
v 0.512869 0.930976 0.057215
v 0.500455 0.938779 0.067727
v 0.488290 0.908829 0.045861
v 0.500455 0.938779 0.067727
v 0.472723 0.918614 0.059043
v 0.488290 0.908829 0.045861
v 0.500455 0.938779 0.067727
v 0.495098 0.940202 0.081711
v 0.472723 0.918614 0.059043
v 0.495098 0.940202 0.081711
v 0.466006 0.920399 0.076579
v 0.472723 0.918614 0.059043
v 0.495098 0.940202 0.081711
v 0.498235 0.934864 0.095421
v 0.466006 0.920399 0.076579
v 0.498235 0.934864 0.095421
v 0.469939 0.913705 0.093770
v 0.466006 0.920399 0.076579
v 0.498235 0.934864 0.095421
v 0.509024 0.924195 0.105182
v 0.469939 0.913705 0.093770
v 0.509024 0.924195 0.105182
v 0.483468 0.900326 0.106010
v 0.469939 0.913705 0.093770
v 0.509024 0.924195 0.105182
v 0.524574 0.911054 0.108379
v 0.483468 0.900326 0.106010
v 0.524574 0.911054 0.108379
v 0.502968 0.883847 0.110019
v 0.483468 0.900326 0.106010
v 0.524574 0.911054 0.108379
v 0.540720 0.898961 0.104155
v 0.502968 0.883847 0.110019
v 0.540720 0.898961 0.104155
v 0.523213 0.868684 0.104723
v 0.502968 0.883847 0.110019
v 0.540720 0.898961 0.104155
v 0.553134 0.891158 0.093643
v 0.523213 0.868684 0.104723
v 0.553134 0.891158 0.093643
v 0.538780 0.858899 0.091541
v 0.523213 0.868684 0.104723
v 0.553134 0.891158 0.093643
v 0.558490 0.889735 0.079659
v 0.538780 0.858899 0.091541
v 0.558490 0.889735 0.079659
v 0.545497 0.857114 0.074005
v 0.538780 0.858899 0.091541
v 0.558490 0.889735 0.079659
v 0.555354 0.895073 0.065949
v 0.545497 0.857114 0.074005
v 0.555354 0.895073 0.065949
v 0.541564 0.863808 0.056814
v 0.545497 0.857114 0.074005
v 0.555354 0.895073 0.065949
v 0.544565 0.905743 0.056188
v 0.541564 0.863808 0.056814
v 0.544565 0.905743 0.056188
v 0.528036 0.877187 0.044575
v 0.541564 0.863808 0.056814
v 0.544565 0.905743 0.056188
v 0.529015 0.918884 0.052991
v 0.528036 0.877187 0.044575
v 0.529015 0.918884 0.052991
v 0.508536 0.893666 0.040565
v 0.528036 0.877187 0.044575
v 0.508536 0.893666 0.040565
v 0.488290 0.908829 0.045861
v 0.483763 0.863026 0.028816
v 0.488290 0.908829 0.045861
v 0.460432 0.880500 0.034919
v 0.483763 0.863026 0.028816
v 0.488290 0.908829 0.045861
v 0.472723 0.918614 0.059043
v 0.460432 0.880500 0.034919
v 0.472723 0.918614 0.059043
v 0.442493 0.891776 0.050110
v 0.460432 0.880500 0.034919
v 0.472723 0.918614 0.059043
v 0.466006 0.920399 0.076579
v 0.442493 0.891776 0.050110
v 0.466006 0.920399 0.076579
v 0.434752 0.893832 0.070318
v 0.442493 0.891776 0.050110
v 0.466006 0.920399 0.076579
v 0.469939 0.913705 0.093770
v 0.434752 0.893832 0.070318
v 0.469939 0.913705 0.093770
v 0.439284 0.886118 0.090128
v 0.434752 0.893832 0.070318
v 0.469939 0.913705 0.093770
v 0.483468 0.900326 0.106010
v 0.439284 0.886118 0.090128
v 0.483468 0.900326 0.106010
v 0.454875 0.870701 0.104233
v 0.439284 0.886118 0.090128
v 0.483468 0.900326 0.106010
v 0.502968 0.883847 0.110019
v 0.454875 0.870701 0.104233
v 0.502968 0.883847 0.110019
v 0.477346 0.851711 0.108853
v 0.454875 0.870701 0.104233
v 0.502968 0.883847 0.110019
v 0.523213 0.868684 0.104723
v 0.477346 0.851711 0.108853
v 0.523213 0.868684 0.104723
v 0.500677 0.834237 0.102750
v 0.477346 0.851711 0.108853
v 0.523213 0.868684 0.104723
v 0.538780 0.858899 0.091541
v 0.500677 0.834237 0.102750
v 0.538780 0.858899 0.091541
v 0.518616 0.822961 0.087560
v 0.500677 0.834237 0.102750
v 0.538780 0.858899 0.091541
v 0.545497 0.857114 0.074005
v 0.518616 0.822961 0.087560
v 0.545497 0.857114 0.074005
v 0.526356 0.820905 0.067352
v 0.518616 0.822961 0.087560
v 0.545497 0.857114 0.074005
v 0.541564 0.863808 0.056814
v 0.526356 0.820905 0.067352
v 0.541564 0.863808 0.056814
v 0.521824 0.828619 0.047541
v 0.526356 0.820905 0.067352
v 0.541564 0.863808 0.056814
v 0.528036 0.877187 0.044575
v 0.521824 0.828619 0.047541
v 0.528036 0.877187 0.044575
v 0.506234 0.844036 0.033436
v 0.521824 0.828619 0.047541
v 0.528036 0.877187 0.044575
v 0.508536 0.893666 0.040565
v 0.506234 0.844036 0.033436
v 0.508536 0.893666 0.040565
v 0.483763 0.863026 0.028816
v 0.506234 0.844036 0.033436
v 0.483763 0.863026 0.028816
v 0.460432 0.880500 0.034919
v 0.455937 0.828501 0.018333
v 0.460432 0.880500 0.034919
v 0.430691 0.847409 0.024937
v 0.455937 0.828501 0.018333
v 0.460432 0.880500 0.034919
v 0.442493 0.891776 0.050110
v 0.430691 0.847409 0.024937
v 0.442493 0.891776 0.050110
v 0.411280 0.859611 0.041374
v 0.430691 0.847409 0.024937
v 0.442493 0.891776 0.050110
v 0.434752 0.893832 0.070318
v 0.411280 0.859611 0.041374
v 0.434752 0.893832 0.070318
v 0.402904 0.861836 0.063241
v 0.411280 0.859611 0.041374
v 0.434752 0.893832 0.070318
v 0.439284 0.886118 0.090128
v 0.402904 0.861836 0.063241
v 0.439284 0.886118 0.090128
v 0.407808 0.853489 0.084678
v 0.402904 0.861836 0.063241
v 0.439284 0.886118 0.090128
v 0.454875 0.870701 0.104233
v 0.407808 0.853489 0.084678
v 0.454875 0.870701 0.104233
v 0.424678 0.836806 0.099941
v 0.407808 0.853489 0.084678
v 0.454875 0.870701 0.104233
v 0.477346 0.851711 0.108853
v 0.424678 0.836806 0.099941
v 0.477346 0.851711 0.108853
v 0.448994 0.816257 0.104940
v 0.424678 0.836806 0.099941
v 0.477346 0.851711 0.108853
v 0.500677 0.834237 0.102750
v 0.448994 0.816257 0.104940
v 0.500677 0.834237 0.102750
v 0.474240 0.797349 0.098336
v 0.448994 0.816257 0.104940
v 0.500677 0.834237 0.102750
v 0.518616 0.822961 0.087560
v 0.474240 0.797349 0.098336
v 0.518616 0.822961 0.087560
v 0.493651 0.785147 0.081898
v 0.474240 0.797349 0.098336
v 0.518616 0.822961 0.087560
v 0.526356 0.820905 0.067352
v 0.493651 0.785147 0.081898
v 0.526356 0.820905 0.067352
v 0.502027 0.782922 0.060031
v 0.493651 0.785147 0.081898
v 0.526356 0.820905 0.067352
v 0.521824 0.828619 0.047541
v 0.502027 0.782922 0.060031
v 0.521824 0.828619 0.047541
v 0.497123 0.791269 0.038595
v 0.502027 0.782922 0.060031
v 0.521824 0.828619 0.047541
v 0.506234 0.844036 0.033436
v 0.497123 0.791269 0.038595
v 0.506234 0.844036 0.033436
v 0.480253 0.807952 0.023332
v 0.497123 0.791269 0.038595
v 0.506234 0.844036 0.033436
v 0.483763 0.863026 0.028816
v 0.480253 0.807952 0.023332
v 0.483763 0.863026 0.028816
v 0.455937 0.828501 0.018333
v 0.480253 0.807952 0.023332
v 0.455937 0.828501 0.018333
v 0.430691 0.847409 0.024937
v 0.426455 0.791822 0.009640
v 0.430691 0.847409 0.024937
v 0.400560 0.811216 0.016414
v 0.426455 0.791822 0.009640
v 0.430691 0.847409 0.024937
v 0.411280 0.859611 0.041374
v 0.400560 0.811216 0.016414
v 0.411280 0.859611 0.041374
v 0.380649 0.823732 0.033275
v 0.400560 0.811216 0.016414
v 0.411280 0.859611 0.041374
v 0.402904 0.861836 0.063241
v 0.380649 0.823732 0.033275
v 0.402904 0.861836 0.063241
v 0.372057 0.826014 0.055704
v 0.380649 0.823732 0.033275
v 0.402904 0.861836 0.063241
v 0.407808 0.853489 0.084678
v 0.372057 0.826014 0.055704
v 0.407808 0.853489 0.084678
v 0.377088 0.817452 0.077692
v 0.372057 0.826014 0.055704
v 0.407808 0.853489 0.084678
v 0.424678 0.836806 0.099941
v 0.377088 0.817452 0.077692
v 0.424678 0.836806 0.099941
v 0.394392 0.800340 0.093347
v 0.377088 0.817452 0.077692
v 0.424678 0.836806 0.099941
v 0.448994 0.816257 0.104940
v 0.394392 0.800340 0.093347
v 0.448994 0.816257 0.104940
v 0.419333 0.779263 0.098475
v 0.394392 0.800340 0.093347
v 0.448994 0.816257 0.104940
v 0.474240 0.797349 0.098336
v 0.419333 0.779263 0.098475
v 0.474240 0.797349 0.098336
v 0.445228 0.759869 0.091701
v 0.419333 0.779263 0.098475
v 0.474240 0.797349 0.098336
v 0.493651 0.785147 0.081898
v 0.445228 0.759869 0.091701
v 0.493651 0.785147 0.081898
v 0.465139 0.747353 0.074841
v 0.445228 0.759869 0.091701
v 0.493651 0.785147 0.081898
v 0.502027 0.782922 0.060031
v 0.465139 0.747353 0.074841
v 0.502027 0.782922 0.060031
v 0.473730 0.745071 0.052412
v 0.465139 0.747353 0.074841
v 0.502027 0.782922 0.060031
v 0.497123 0.791269 0.038595
v 0.473730 0.745071 0.052412
v 0.497123 0.791269 0.038595
v 0.468700 0.753633 0.030424
v 0.473730 0.745071 0.052412
v 0.497123 0.791269 0.038595
v 0.480253 0.807952 0.023332
v 0.468700 0.753633 0.030424
v 0.480253 0.807952 0.023332
v 0.451396 0.770745 0.014768
v 0.468700 0.753633 0.030424
v 0.480253 0.807952 0.023332
v 0.455937 0.828501 0.018333
v 0.451396 0.770745 0.014768
v 0.455937 0.828501 0.018333
v 0.426455 0.791822 0.009640
v 0.451396 0.770745 0.014768
v 0.426455 0.791822 0.009640
v 0.400560 0.811216 0.016414
v 0.388485 0.744524 -0.000090
v 0.400560 0.811216 0.016414
v 0.362590 0.763919 0.006683
v 0.388485 0.744524 -0.000090
v 0.400560 0.811216 0.016414
v 0.380649 0.823732 0.033275
v 0.362590 0.763919 0.006683
v 0.380649 0.823732 0.033275
v 0.342679 0.776434 0.023544
v 0.362590 0.763919 0.006683
v 0.380649 0.823732 0.033275
v 0.372057 0.826014 0.055704
v 0.342679 0.776434 0.023544
v 0.372057 0.826014 0.055704
v 0.334088 0.778716 0.045973
v 0.342679 0.776434 0.023544
v 0.372057 0.826014 0.055704
v 0.377088 0.817452 0.077692
v 0.334088 0.778716 0.045973
v 0.377088 0.817452 0.077692
v 0.339118 0.770154 0.067961
v 0.334088 0.778716 0.045973
v 0.377088 0.817452 0.077692
v 0.394392 0.800340 0.093347
v 0.339118 0.770154 0.067961
v 0.394392 0.800340 0.093347
v 0.356422 0.753042 0.083616
v 0.339118 0.770154 0.067961
v 0.394392 0.800340 0.093347
v 0.419333 0.779263 0.098475
v 0.356422 0.753042 0.083616
v 0.419333 0.779263 0.098475
v 0.381363 0.731965 0.088744
v 0.356422 0.753042 0.083616
v 0.419333 0.779263 0.098475
v 0.445228 0.759869 0.091701
v 0.381363 0.731965 0.088744
v 0.445228 0.759869 0.091701
v 0.407258 0.712571 0.081970
v 0.381363 0.731965 0.088744
v 0.445228 0.759869 0.091701
v 0.465139 0.747353 0.074841
v 0.407258 0.712571 0.081970
v 0.465139 0.747353 0.074841
v 0.427169 0.700055 0.065110
v 0.407258 0.712571 0.081970
v 0.465139 0.747353 0.074841
v 0.473730 0.745071 0.052412
v 0.427169 0.700055 0.065110
v 0.473730 0.745071 0.052412
v 0.435760 0.697773 0.042681
v 0.427169 0.700055 0.065110
v 0.473730 0.745071 0.052412
v 0.468700 0.753633 0.030424
v 0.435760 0.697773 0.042681
v 0.468700 0.753633 0.030424
v 0.430730 0.706335 0.020693
v 0.435760 0.697773 0.042681
v 0.468700 0.753633 0.030424
v 0.451396 0.770745 0.014768
v 0.430730 0.706335 0.020693
v 0.451396 0.770745 0.014768
v 0.413426 0.723447 0.005037
v 0.430730 0.706335 0.020693
v 0.451396 0.770745 0.014768
v 0.426455 0.791822 0.009640
v 0.413426 0.723447 0.005037
v 0.426455 0.791822 0.009640
v 0.388485 0.744524 -0.000090
v 0.413426 0.723447 0.005037
v 0.388485 0.744524 -0.000090
v 0.362590 0.763919 0.006683
v 0.350515 0.697226 -0.009821
v 0.362590 0.763919 0.006683
v 0.324620 0.716621 -0.003047
v 0.350515 0.697226 -0.009821
v 0.362590 0.763919 0.006683
v 0.342679 0.776434 0.023544
v 0.324620 0.716621 -0.003047
v 0.342679 0.776434 0.023544
v 0.304709 0.729136 0.013813
v 0.324620 0.716621 -0.003047
v 0.342679 0.776434 0.023544
v 0.334088 0.778716 0.045973
v 0.304709 0.729136 0.013813
v 0.334088 0.778716 0.045973
v 0.296118 0.731418 0.036242
v 0.304709 0.729136 0.013813
v 0.334088 0.778716 0.045973
v 0.339118 0.770154 0.067961
v 0.296118 0.731418 0.036242
v 0.339118 0.770154 0.067961
v 0.301148 0.722857 0.058230
v 0.296118 0.731418 0.036242
v 0.339118 0.770154 0.067961
v 0.356422 0.753042 0.083616
v 0.301148 0.722857 0.058230
v 0.356422 0.753042 0.083616
v 0.318452 0.705744 0.073886
v 0.301148 0.722857 0.058230
v 0.356422 0.753042 0.083616
v 0.381363 0.731965 0.088744
v 0.318452 0.705744 0.073886
v 0.381363 0.731965 0.088744
v 0.343394 0.684667 0.079013
v 0.318452 0.705744 0.073886
v 0.381363 0.731965 0.088744
v 0.407258 0.712571 0.081970
v 0.343394 0.684667 0.079013
v 0.407258 0.712571 0.081970
v 0.369289 0.665273 0.072240
v 0.343394 0.684667 0.079013
v 0.407258 0.712571 0.081970
v 0.427169 0.700055 0.065110
v 0.369289 0.665273 0.072240
v 0.427169 0.700055 0.065110
v 0.389200 0.652758 0.055379
v 0.369289 0.665273 0.072240
v 0.427169 0.700055 0.065110
v 0.435760 0.697773 0.042681
v 0.389200 0.652758 0.055379
v 0.435760 0.697773 0.042681
v 0.397791 0.650475 0.032950
v 0.389200 0.652758 0.055379
v 0.435760 0.697773 0.042681
v 0.430730 0.706335 0.020693
v 0.397791 0.650475 0.032950
v 0.430730 0.706335 0.020693
v 0.392761 0.659037 0.010962
v 0.397791 0.650475 0.032950
v 0.430730 0.706335 0.020693
v 0.413426 0.723447 0.005037
v 0.392761 0.659037 0.010962
v 0.413426 0.723447 0.005037
v 0.375457 0.676149 -0.004693
v 0.392761 0.659037 0.010962
v 0.413426 0.723447 0.005037
v 0.388485 0.744524 -0.000090
v 0.375457 0.676149 -0.004693
v 0.388485 0.744524 -0.000090
v 0.350515 0.697226 -0.009821
v 0.375457 0.676149 -0.004693
v 0.350515 0.697226 -0.009821
v 0.324620 0.716621 -0.003047
v 0.312546 0.649928 -0.019552
v 0.324620 0.716621 -0.003047
v 0.286651 0.669323 -0.012778
v 0.312546 0.649928 -0.019552
v 0.324620 0.716621 -0.003047
v 0.304709 0.729136 0.013813
v 0.286651 0.669323 -0.012778
v 0.304709 0.729136 0.013813
v 0.266740 0.681838 0.004082
v 0.286651 0.669323 -0.012778
v 0.304709 0.729136 0.013813
v 0.296118 0.731418 0.036242
v 0.266740 0.681838 0.004082
v 0.296118 0.731418 0.036242
v 0.258148 0.684121 0.026511
v 0.266740 0.681838 0.004082
v 0.296118 0.731418 0.036242
v 0.301148 0.722857 0.058230
v 0.258148 0.684121 0.026511
v 0.301148 0.722857 0.058230
v 0.263179 0.675559 0.048499
v 0.258148 0.684121 0.026511
v 0.301148 0.722857 0.058230
v 0.318452 0.705744 0.073886
v 0.263179 0.675559 0.048499
v 0.318452 0.705744 0.073886
v 0.280483 0.658447 0.064155
v 0.263179 0.675559 0.048499
v 0.318452 0.705744 0.073886
v 0.343394 0.684667 0.079013
v 0.280483 0.658447 0.064155
v 0.343394 0.684667 0.079013
v 0.305424 0.637370 0.069283
v 0.280483 0.658447 0.064155
v 0.343394 0.684667 0.079013
v 0.369289 0.665273 0.072240
v 0.305424 0.637370 0.069283
v 0.369289 0.665273 0.072240
v 0.331319 0.617975 0.062509
v 0.305424 0.637370 0.069283
v 0.369289 0.665273 0.072240
v 0.389200 0.652758 0.055379
v 0.331319 0.617975 0.062509
v 0.389200 0.652758 0.055379
v 0.351230 0.605460 0.045648
v 0.331319 0.617975 0.062509
v 0.389200 0.652758 0.055379
v 0.397791 0.650475 0.032950
v 0.351230 0.605460 0.045648
v 0.397791 0.650475 0.032950
v 0.359821 0.603177 0.023219
v 0.351230 0.605460 0.045648
v 0.397791 0.650475 0.032950
v 0.392761 0.659037 0.010962
v 0.359821 0.603177 0.023219
v 0.392761 0.659037 0.010962
v 0.354791 0.611739 0.001231
v 0.359821 0.603177 0.023219
v 0.392761 0.659037 0.010962
v 0.375457 0.676149 -0.004693
v 0.354791 0.611739 0.001231
v 0.375457 0.676149 -0.004693
v 0.337487 0.628851 -0.014424
v 0.354791 0.611739 0.001231
v 0.375457 0.676149 -0.004693
v 0.350515 0.697226 -0.009821
v 0.337487 0.628851 -0.014424
v 0.350515 0.697226 -0.009821
v 0.312546 0.649928 -0.019552
v 0.337487 0.628851 -0.014424
v 0.312546 0.649928 -0.019552
v 0.286651 0.669323 -0.012778
v 0.274576 0.602630 -0.029283
v 0.286651 0.669323 -0.012778
v 0.248681 0.622025 -0.022509
v 0.274576 0.602630 -0.029283
v 0.286651 0.669323 -0.012778
v 0.266740 0.681838 0.004082
v 0.248681 0.622025 -0.022509
v 0.266740 0.681838 0.004082
v 0.228770 0.634540 -0.005648
v 0.248681 0.622025 -0.022509
v 0.266740 0.681838 0.004082
v 0.258148 0.684121 0.026511
v 0.228770 0.634540 -0.005648
v 0.258148 0.684121 0.026511
v 0.220179 0.636823 0.016781
v 0.228770 0.634540 -0.005648
v 0.258148 0.684121 0.026511
v 0.263179 0.675559 0.048499
v 0.220179 0.636823 0.016781
v 0.263179 0.675559 0.048499
v 0.225209 0.628261 0.038769
v 0.220179 0.636823 0.016781
v 0.263179 0.675559 0.048499
v 0.280483 0.658447 0.064155
v 0.225209 0.628261 0.038769
v 0.280483 0.658447 0.064155
v 0.242513 0.611149 0.054424
v 0.225209 0.628261 0.038769
v 0.280483 0.658447 0.064155
v 0.305424 0.637370 0.069283
v 0.242513 0.611149 0.054424
v 0.305424 0.637370 0.069283
v 0.267454 0.590072 0.059552
v 0.242513 0.611149 0.054424
v 0.305424 0.637370 0.069283
v 0.331319 0.617975 0.062509
v 0.267454 0.590072 0.059552
v 0.331319 0.617975 0.062509
v 0.293349 0.570677 0.052778
v 0.267454 0.590072 0.059552
v 0.331319 0.617975 0.062509
v 0.351230 0.605460 0.045648
v 0.293349 0.570677 0.052778
v 0.351230 0.605460 0.045648
v 0.313260 0.558162 0.035918
v 0.293349 0.570677 0.052778
v 0.351230 0.605460 0.045648
v 0.359821 0.603177 0.023219
v 0.313260 0.558162 0.035918
v 0.359821 0.603177 0.023219
v 0.321851 0.555879 0.013489
v 0.313260 0.558162 0.035918
v 0.359821 0.603177 0.023219
v 0.354791 0.611739 0.001231
v 0.321851 0.555879 0.013489
v 0.354791 0.611739 0.001231
v 0.316821 0.564441 -0.008499
v 0.321851 0.555879 0.013489
v 0.354791 0.611739 0.001231
v 0.337487 0.628851 -0.014424
v 0.316821 0.564441 -0.008499
v 0.337487 0.628851 -0.014424
v 0.299517 0.581553 -0.024155
v 0.316821 0.564441 -0.008499
v 0.337487 0.628851 -0.014424
v 0.312546 0.649928 -0.019552
v 0.299517 0.581553 -0.024155
v 0.312546 0.649928 -0.019552
v 0.274576 0.602630 -0.029283
v 0.299517 0.581553 -0.024155
v 0.274576 0.602630 -0.029283
v 0.248681 0.622025 -0.022509
v 0.236606 0.555333 -0.039013
v 0.248681 0.622025 -0.022509
v 0.210711 0.574727 -0.032240
v 0.236606 0.555333 -0.039013
v 0.248681 0.622025 -0.022509
v 0.228770 0.634540 -0.005648
v 0.210711 0.574727 -0.032240
v 0.228770 0.634540 -0.005648
v 0.190800 0.587242 -0.015379
v 0.210711 0.574727 -0.032240
v 0.228770 0.634540 -0.005648
v 0.220179 0.636823 0.016781
v 0.190800 0.587242 -0.015379
v 0.220179 0.636823 0.016781
v 0.182209 0.589525 0.007050
v 0.190800 0.587242 -0.015379
v 0.220179 0.636823 0.016781
v 0.225209 0.628261 0.038769
v 0.182209 0.589525 0.007050
v 0.225209 0.628261 0.038769
v 0.187239 0.580963 0.029038
v 0.182209 0.589525 0.007050
v 0.225209 0.628261 0.038769
v 0.242513 0.611149 0.054424
v 0.187239 0.580963 0.029038
v 0.242513 0.611149 0.054424
v 0.204543 0.563851 0.044693
v 0.187239 0.580963 0.029038
v 0.242513 0.611149 0.054424
v 0.267454 0.590072 0.059552
v 0.204543 0.563851 0.044693
v 0.267454 0.590072 0.059552
v 0.229485 0.542774 0.049821
v 0.204543 0.563851 0.044693
v 0.267454 0.590072 0.059552
v 0.293349 0.570677 0.052778
v 0.229485 0.542774 0.049821
v 0.293349 0.570677 0.052778
v 0.255380 0.523379 0.043047
v 0.229485 0.542774 0.049821
v 0.293349 0.570677 0.052778
v 0.313260 0.558162 0.035918
v 0.255380 0.523379 0.043047
v 0.313260 0.558162 0.035918
v 0.275291 0.510864 0.026187
v 0.255380 0.523379 0.043047
v 0.313260 0.558162 0.035918
v 0.321851 0.555879 0.013489
v 0.275291 0.510864 0.026187
v 0.321851 0.555879 0.013489
v 0.283882 0.508582 0.003758
v 0.275291 0.510864 0.026187
v 0.321851 0.555879 0.013489
v 0.316821 0.564441 -0.008499
v 0.283882 0.508582 0.003758
v 0.316821 0.564441 -0.008499
v 0.278852 0.517143 -0.018230
v 0.283882 0.508582 0.003758
v 0.316821 0.564441 -0.008499
v 0.299517 0.581553 -0.024155
v 0.278852 0.517143 -0.018230
v 0.299517 0.581553 -0.024155
v 0.261548 0.534256 -0.033886
v 0.278852 0.517143 -0.018230
v 0.299517 0.581553 -0.024155
v 0.274576 0.602630 -0.029283
v 0.261548 0.534256 -0.033886
v 0.274576 0.602630 -0.029283
v 0.236606 0.555333 -0.039013
v 0.261548 0.534256 -0.033886
v 0.236606 0.555333 -0.039013
v 0.210711 0.574727 -0.032240
v 0.198637 0.508035 -0.048744
v 0.210711 0.574727 -0.032240
v 0.172742 0.527429 -0.041970
v 0.198637 0.508035 -0.048744
v 0.210711 0.574727 -0.032240
v 0.190800 0.587242 -0.015379
v 0.172742 0.527429 -0.041970
v 0.190800 0.587242 -0.015379
v 0.152831 0.539945 -0.025110
v 0.172742 0.527429 -0.041970
v 0.190800 0.587242 -0.015379
v 0.182209 0.589525 0.007050
v 0.152831 0.539945 -0.025110
v 0.182209 0.589525 0.007050
v 0.144239 0.542227 -0.002681
v 0.152831 0.539945 -0.025110
v 0.182209 0.589525 0.007050
v 0.187239 0.580963 0.029038
v 0.144239 0.542227 -0.002681
v 0.187239 0.580963 0.029038
v 0.149270 0.533665 0.019307
v 0.144239 0.542227 -0.002681
v 0.187239 0.580963 0.029038
v 0.204543 0.563851 0.044693
v 0.149270 0.533665 0.019307
v 0.204543 0.563851 0.044693
v 0.166574 0.516553 0.034963
v 0.149270 0.533665 0.019307
v 0.204543 0.563851 0.044693
v 0.229485 0.542774 0.049821
v 0.166574 0.516553 0.034963
v 0.229485 0.542774 0.049821
v 0.191515 0.495476 0.040090
v 0.166574 0.516553 0.034963
v 0.229485 0.542774 0.049821
v 0.255380 0.523379 0.043047
v 0.191515 0.495476 0.040090
v 0.255380 0.523379 0.043047
v 0.217410 0.476081 0.033317
v 0.191515 0.495476 0.040090
v 0.255380 0.523379 0.043047
v 0.275291 0.510864 0.026187
v 0.217410 0.476081 0.033317
v 0.275291 0.510864 0.026187
v 0.237321 0.463566 0.016456
v 0.217410 0.476081 0.033317
v 0.275291 0.510864 0.026187
v 0.283882 0.508582 0.003758
v 0.237321 0.463566 0.016456
v 0.283882 0.508582 0.003758
v 0.245912 0.461284 -0.005973
v 0.237321 0.463566 0.016456
v 0.283882 0.508582 0.003758
v 0.278852 0.517143 -0.018230
v 0.245912 0.461284 -0.005973
v 0.278852 0.517143 -0.018230
v 0.240882 0.469846 -0.027961
v 0.245912 0.461284 -0.005973
v 0.278852 0.517143 -0.018230
v 0.261548 0.534256 -0.033886
v 0.240882 0.469846 -0.027961
v 0.261548 0.534256 -0.033886
v 0.223578 0.486958 -0.043616
v 0.240882 0.469846 -0.027961
v 0.261548 0.534256 -0.033886
v 0.236606 0.555333 -0.039013
v 0.223578 0.486958 -0.043616
v 0.236606 0.555333 -0.039013
v 0.198637 0.508035 -0.048744
v 0.223578 0.486958 -0.043616
v 0.198637 0.508035 -0.048744
v 0.172742 0.527429 -0.041970
v 0.160667 0.460737 -0.058475
v 0.172742 0.527429 -0.041970
v 0.134772 0.480132 -0.051701
v 0.160667 0.460737 -0.058475
v 0.172742 0.527429 -0.041970
v 0.152831 0.539945 -0.025110
v 0.134772 0.480132 -0.051701
v 0.152831 0.539945 -0.025110
v 0.114861 0.492647 -0.034841
v 0.134772 0.480132 -0.051701
v 0.152831 0.539945 -0.025110
v 0.144239 0.542227 -0.002681
v 0.114861 0.492647 -0.034841
v 0.144239 0.542227 -0.002681
v 0.106270 0.494929 -0.012412
v 0.114861 0.492647 -0.034841
v 0.144239 0.542227 -0.002681
v 0.149270 0.533665 0.019307
v 0.106270 0.494929 -0.012412
v 0.149270 0.533665 0.019307
v 0.111300 0.486367 0.009576
v 0.106270 0.494929 -0.012412
v 0.149270 0.533665 0.019307
v 0.166574 0.516553 0.034963
v 0.111300 0.486367 0.009576
v 0.166574 0.516553 0.034963
v 0.128604 0.469255 0.025232
v 0.111300 0.486367 0.009576
v 0.166574 0.516553 0.034963
v 0.191515 0.495476 0.040090
v 0.128604 0.469255 0.025232
v 0.191515 0.495476 0.040090
v 0.153545 0.448178 0.030360
v 0.128604 0.469255 0.025232
v 0.191515 0.495476 0.040090
v 0.217410 0.476081 0.033317
v 0.153545 0.448178 0.030360
v 0.217410 0.476081 0.033317
v 0.179440 0.428784 0.023586
v 0.153545 0.448178 0.030360
v 0.217410 0.476081 0.033317
v 0.237321 0.463566 0.016456
v 0.179440 0.428784 0.023586
v 0.237321 0.463566 0.016456
v 0.199351 0.416268 0.006725
v 0.179440 0.428784 0.023586
v 0.237321 0.463566 0.016456
v 0.245912 0.461284 -0.005973
v 0.199351 0.416268 0.006725
v 0.245912 0.461284 -0.005973
v 0.207943 0.413986 -0.015704
v 0.199351 0.416268 0.006725
v 0.245912 0.461284 -0.005973
v 0.240882 0.469846 -0.027961
v 0.207943 0.413986 -0.015704
v 0.240882 0.469846 -0.027961
v 0.202912 0.422548 -0.037692
v 0.207943 0.413986 -0.015704
v 0.240882 0.469846 -0.027961
v 0.223578 0.486958 -0.043616
v 0.202912 0.422548 -0.037692
v 0.223578 0.486958 -0.043616
v 0.185608 0.439660 -0.053347
v 0.202912 0.422548 -0.037692
v 0.223578 0.486958 -0.043616
v 0.198637 0.508035 -0.048744
v 0.185608 0.439660 -0.053347
v 0.198637 0.508035 -0.048744
v 0.160667 0.460737 -0.058475
v 0.185608 0.439660 -0.053347
v 0.160667 0.460737 -0.058475
v 0.134772 0.480132 -0.051701
v 0.131006 0.423743 -0.064940
v 0.134772 0.480132 -0.051701
v 0.105760 0.442651 -0.058336
v 0.131006 0.423743 -0.064940
v 0.134772 0.480132 -0.051701
v 0.114861 0.492647 -0.034841
v 0.105760 0.442651 -0.058336
v 0.114861 0.492647 -0.034841
v 0.086349 0.454853 -0.041898
v 0.105760 0.442651 -0.058336
v 0.114861 0.492647 -0.034841
v 0.106270 0.494929 -0.012412
v 0.086349 0.454853 -0.041898
v 0.106270 0.494929 -0.012412
v 0.077973 0.457078 -0.020031
v 0.086349 0.454853 -0.041898
v 0.106270 0.494929 -0.012412
v 0.111300 0.486367 0.009576
v 0.077973 0.457078 -0.020031
v 0.111300 0.486367 0.009576
v 0.082877 0.448731 0.001405
v 0.077973 0.457078 -0.020031
v 0.111300 0.486367 0.009576
v 0.128604 0.469255 0.025232
v 0.082877 0.448731 0.001405
v 0.128604 0.469255 0.025232
v 0.099747 0.432048 0.016668
v 0.082877 0.448731 0.001405
v 0.128604 0.469255 0.025232
v 0.153545 0.448178 0.030360
v 0.099747 0.432048 0.016668
v 0.153545 0.448178 0.030360
v 0.124063 0.411499 0.021667
v 0.099747 0.432048 0.016668
v 0.153545 0.448178 0.030360
v 0.179440 0.428784 0.023586
v 0.124063 0.411499 0.021667
v 0.179440 0.428784 0.023586
v 0.149309 0.392591 0.015063
v 0.124063 0.411499 0.021667
v 0.179440 0.428784 0.023586
v 0.199351 0.416268 0.006725
v 0.149309 0.392591 0.015063
v 0.199351 0.416268 0.006725
v 0.168720 0.380389 -0.001374
v 0.149309 0.392591 0.015063
v 0.199351 0.416268 0.006725
v 0.207943 0.413986 -0.015704
v 0.168720 0.380389 -0.001374
v 0.207943 0.413986 -0.015704
v 0.177096 0.378164 -0.023241
v 0.168720 0.380389 -0.001374
v 0.207943 0.413986 -0.015704
v 0.202912 0.422548 -0.037692
v 0.177096 0.378164 -0.023241
v 0.202912 0.422548 -0.037692
v 0.172192 0.386511 -0.044678
v 0.177096 0.378164 -0.023241
v 0.202912 0.422548 -0.037692
v 0.185608 0.439660 -0.053347
v 0.172192 0.386511 -0.044678
v 0.185608 0.439660 -0.053347
v 0.155322 0.403194 -0.059941
v 0.172192 0.386511 -0.044678
v 0.185608 0.439660 -0.053347
v 0.160667 0.460737 -0.058475
v 0.155322 0.403194 -0.059941
v 0.160667 0.460737 -0.058475
v 0.131006 0.423743 -0.064940
v 0.155322 0.403194 -0.059941
v 0.131006 0.423743 -0.064940
v 0.105760 0.442651 -0.058336
v 0.102654 0.388289 -0.068853
v 0.105760 0.442651 -0.058336
v 0.079323 0.405763 -0.062750
v 0.102654 0.388289 -0.068853
v 0.105760 0.442651 -0.058336
v 0.086349 0.454853 -0.041898
v 0.079323 0.405763 -0.062750
v 0.086349 0.454853 -0.041898
v 0.061384 0.417039 -0.047560
v 0.079323 0.405763 -0.062750
v 0.086349 0.454853 -0.041898
v 0.077973 0.457078 -0.020031
v 0.061384 0.417039 -0.047560
v 0.077973 0.457078 -0.020031
v 0.053644 0.419095 -0.027352
v 0.061384 0.417039 -0.047560
v 0.077973 0.457078 -0.020031
v 0.082877 0.448731 0.001405
v 0.053644 0.419095 -0.027352
v 0.082877 0.448731 0.001405
v 0.058176 0.411381 -0.007541
v 0.053644 0.419095 -0.027352
v 0.082877 0.448731 0.001405
v 0.099747 0.432048 0.016668
v 0.058176 0.411381 -0.007541
v 0.099747 0.432048 0.016668
v 0.073766 0.395964 0.006564
v 0.058176 0.411381 -0.007541
v 0.099747 0.432048 0.016668
v 0.124063 0.411499 0.021667
v 0.073766 0.395964 0.006564
v 0.124063 0.411499 0.021667
v 0.096237 0.376974 0.011184
v 0.073766 0.395964 0.006564
v 0.124063 0.411499 0.021667
v 0.149309 0.392591 0.015063
v 0.096237 0.376974 0.011184
v 0.149309 0.392591 0.015063
v 0.119568 0.359500 0.005081
v 0.096237 0.376974 0.011184
v 0.149309 0.392591 0.015063
v 0.168720 0.380389 -0.001374
v 0.119568 0.359500 0.005081
v 0.168720 0.380389 -0.001374
v 0.137507 0.348224 -0.010110
v 0.119568 0.359500 0.005081
v 0.168720 0.380389 -0.001374
v 0.177096 0.378164 -0.023241
v 0.137507 0.348224 -0.010110
v 0.177096 0.378164 -0.023241
v 0.145248 0.346168 -0.030318
v 0.137507 0.348224 -0.010110
v 0.177096 0.378164 -0.023241
v 0.172192 0.386511 -0.044678
v 0.145248 0.346168 -0.030318
v 0.172192 0.386511 -0.044678
v 0.140716 0.353882 -0.050128
v 0.145248 0.346168 -0.030318
v 0.172192 0.386511 -0.044678
v 0.155322 0.403194 -0.059941
v 0.140716 0.353882 -0.050128
v 0.155322 0.403194 -0.059941
v 0.125125 0.369299 -0.064233
v 0.140716 0.353882 -0.050128
v 0.155322 0.403194 -0.059941
v 0.131006 0.423743 -0.064940
v 0.125125 0.369299 -0.064233
v 0.131006 0.423743 -0.064940
v 0.102654 0.388289 -0.068853
v 0.125125 0.369299 -0.064233
v 0.102654 0.388289 -0.068853
v 0.079323 0.405763 -0.062750
v 0.077032 0.356153 -0.070019
v 0.079323 0.405763 -0.062750
v 0.056787 0.371316 -0.064723
v 0.077032 0.356153 -0.070019
v 0.079323 0.405763 -0.062750
v 0.061384 0.417039 -0.047560
v 0.056787 0.371316 -0.064723
v 0.061384 0.417039 -0.047560
v 0.041220 0.381101 -0.051541
v 0.056787 0.371316 -0.064723
v 0.061384 0.417039 -0.047560
v 0.053644 0.419095 -0.027352
v 0.041220 0.381101 -0.051541
v 0.053644 0.419095 -0.027352
v 0.034503 0.382886 -0.034005
v 0.041220 0.381101 -0.051541
v 0.053644 0.419095 -0.027352
v 0.058176 0.411381 -0.007541
v 0.034503 0.382886 -0.034005
v 0.058176 0.411381 -0.007541
v 0.038436 0.376192 -0.016814
v 0.034503 0.382886 -0.034005
v 0.058176 0.411381 -0.007541
v 0.073766 0.395964 0.006564
v 0.038436 0.376192 -0.016814
v 0.073766 0.395964 0.006564
v 0.051964 0.362813 -0.004575
v 0.038436 0.376192 -0.016814
v 0.073766 0.395964 0.006564
v 0.096237 0.376974 0.011184
v 0.051964 0.362813 -0.004575
v 0.096237 0.376974 0.011184
v 0.071464 0.346334 -0.000565
v 0.051964 0.362813 -0.004575
v 0.096237 0.376974 0.011184
v 0.119568 0.359500 0.005081
v 0.071464 0.346334 -0.000565
v 0.119568 0.359500 0.005081
v 0.091710 0.331171 -0.005861
v 0.071464 0.346334 -0.000565
v 0.119568 0.359500 0.005081
v 0.137507 0.348224 -0.010110
v 0.091710 0.331171 -0.005861
v 0.137507 0.348224 -0.010110
v 0.107277 0.321386 -0.019043
v 0.091710 0.331171 -0.005861
v 0.137507 0.348224 -0.010110
v 0.145248 0.346168 -0.030318
v 0.107277 0.321386 -0.019043
v 0.145248 0.346168 -0.030318
v 0.113994 0.319601 -0.036579
v 0.107277 0.321386 -0.019043
v 0.145248 0.346168 -0.030318
v 0.140716 0.353882 -0.050128
v 0.113994 0.319601 -0.036579
v 0.140716 0.353882 -0.050128
v 0.110061 0.326295 -0.053770
v 0.113994 0.319601 -0.036579
v 0.140716 0.353882 -0.050128
v 0.125125 0.369299 -0.064233
v 0.110061 0.326295 -0.053770
v 0.125125 0.369299 -0.064233
v 0.096532 0.339674 -0.066010
v 0.110061 0.326295 -0.053770
v 0.125125 0.369299 -0.064233
v 0.102654 0.388289 -0.068853
v 0.096532 0.339674 -0.066010
v 0.102654 0.388289 -0.068853
v 0.077032 0.356153 -0.070019
v 0.096532 0.339674 -0.066010
v 0.077032 0.356153 -0.070019
v 0.056787 0.371316 -0.064723
v 0.055426 0.328946 -0.068379
v 0.056787 0.371316 -0.064723
v 0.039280 0.341039 -0.064155
v 0.055426 0.328946 -0.068379
v 0.056787 0.371316 -0.064723
v 0.041220 0.381101 -0.051541
v 0.039280 0.341039 -0.064155
v 0.041220 0.381101 -0.051541
v 0.026866 0.348842 -0.053643
v 0.039280 0.341039 -0.064155
v 0.041220 0.381101 -0.051541
v 0.034503 0.382886 -0.034005
v 0.026866 0.348842 -0.053643
v 0.034503 0.382886 -0.034005
v 0.021510 0.350265 -0.039659
v 0.026866 0.348842 -0.053643
v 0.034503 0.382886 -0.034005
v 0.038436 0.376192 -0.016814
v 0.021510 0.350265 -0.039659
v 0.038436 0.376192 -0.016814
v 0.024646 0.344927 -0.025949
v 0.021510 0.350265 -0.039659
v 0.038436 0.376192 -0.016814
v 0.051964 0.362813 -0.004575
v 0.024646 0.344927 -0.025949
v 0.051964 0.362813 -0.004575
v 0.035435 0.334257 -0.016188
v 0.024646 0.344927 -0.025949
v 0.051964 0.362813 -0.004575
v 0.071464 0.346334 -0.000565
v 0.035435 0.334257 -0.016188
v 0.071464 0.346334 -0.000565
v 0.050985 0.321116 -0.012991
v 0.035435 0.334257 -0.016188
v 0.071464 0.346334 -0.000565
v 0.091710 0.331171 -0.005861
v 0.050985 0.321116 -0.012991
v 0.091710 0.331171 -0.005861
v 0.067131 0.309024 -0.017215
v 0.050985 0.321116 -0.012991
v 0.091710 0.331171 -0.005861
v 0.107277 0.321386 -0.019043
v 0.067131 0.309024 -0.017215
v 0.107277 0.321386 -0.019043
v 0.079545 0.301221 -0.027727
v 0.067131 0.309024 -0.017215
v 0.107277 0.321386 -0.019043
v 0.113994 0.319601 -0.036579
v 0.079545 0.301221 -0.027727
v 0.113994 0.319601 -0.036579
v 0.084902 0.299798 -0.041711
v 0.079545 0.301221 -0.027727
v 0.113994 0.319601 -0.036579
v 0.110061 0.326295 -0.053770
v 0.084902 0.299798 -0.041711
v 0.110061 0.326295 -0.053770
v 0.081765 0.305136 -0.055421
v 0.084902 0.299798 -0.041711
v 0.110061 0.326295 -0.053770
v 0.096532 0.339674 -0.066010
v 0.081765 0.305136 -0.055421
v 0.096532 0.339674 -0.066010
v 0.070976 0.315805 -0.065182
v 0.081765 0.305136 -0.055421
v 0.096532 0.339674 -0.066010
v 0.077032 0.356153 -0.070019
v 0.070976 0.315805 -0.065182
v 0.077032 0.356153 -0.070019
v 0.055426 0.328946 -0.068379
v 0.070976 0.315805 -0.065182
v 0.055426 0.328946 -0.068379
v 0.039280 0.341039 -0.064155
v 0.038918 0.308033 -0.064014
v 0.039280 0.341039 -0.064155
v 0.027683 0.316448 -0.061075
v 0.038918 0.308033 -0.064014
v 0.039280 0.341039 -0.064155
v 0.026866 0.348842 -0.053643
v 0.027683 0.316448 -0.061075
v 0.026866 0.348842 -0.053643
v 0.019044 0.321879 -0.053760
v 0.027683 0.316448 -0.061075
v 0.026866 0.348842 -0.053643
v 0.021510 0.350265 -0.039659
v 0.019044 0.321879 -0.053760
v 0.021510 0.350265 -0.039659
v 0.015316 0.322869 -0.044028
v 0.019044 0.321879 -0.053760
v 0.021510 0.350265 -0.039659
v 0.024646 0.344927 -0.025949
v 0.015316 0.322869 -0.044028
v 0.024646 0.344927 -0.025949
v 0.017498 0.319154 -0.034488
v 0.015316 0.322869 -0.044028
v 0.024646 0.344927 -0.025949
v 0.035435 0.334257 -0.016188
v 0.017498 0.319154 -0.034488
v 0.035435 0.334257 -0.016188
v 0.025006 0.311729 -0.027695
v 0.017498 0.319154 -0.034488
v 0.035435 0.334257 -0.016188
v 0.050985 0.321116 -0.012991
v 0.025006 0.311729 -0.027695
v 0.050985 0.321116 -0.012991
v 0.035828 0.302584 -0.025471
v 0.025006 0.311729 -0.027695
v 0.050985 0.321116 -0.012991
v 0.067131 0.309024 -0.017215
v 0.035828 0.302584 -0.025471
v 0.067131 0.309024 -0.017215
v 0.047063 0.294169 -0.028410
v 0.035828 0.302584 -0.025471
v 0.067131 0.309024 -0.017215
v 0.079545 0.301221 -0.027727
v 0.047063 0.294169 -0.028410
v 0.079545 0.301221 -0.027727
v 0.055702 0.288739 -0.035725
v 0.047063 0.294169 -0.028410
v 0.079545 0.301221 -0.027727
v 0.084902 0.299798 -0.041711
v 0.055702 0.288739 -0.035725
v 0.084902 0.299798 -0.041711
v 0.059430 0.287749 -0.045457
v 0.055702 0.288739 -0.035725
v 0.084902 0.299798 -0.041711
v 0.081765 0.305136 -0.055421
v 0.059430 0.287749 -0.045457
v 0.081765 0.305136 -0.055421
v 0.057247 0.291464 -0.054997
v 0.059430 0.287749 -0.045457
v 0.081765 0.305136 -0.055421
v 0.070976 0.315805 -0.065182
v 0.057247 0.291464 -0.054997
v 0.070976 0.315805 -0.065182
v 0.049740 0.298888 -0.061790
v 0.057247 0.291464 -0.054997
v 0.070976 0.315805 -0.065182
v 0.055426 0.328946 -0.068379
v 0.049740 0.298888 -0.061790
v 0.055426 0.328946 -0.068379
v 0.038918 0.308033 -0.064014
v 0.049740 0.298888 -0.061790
v 0.038918 0.308033 -0.064014
v 0.027683 0.316448 -0.061075
v 0.028337 0.294463 -0.057145
v 0.027683 0.316448 -0.061075
v 0.022574 0.298779 -0.055638
v 0.028337 0.294463 -0.057145
v 0.027683 0.316448 -0.061075
v 0.019044 0.321879 -0.053760
v 0.022574 0.298779 -0.055638
v 0.019044 0.321879 -0.053760
v 0.018144 0.301563 -0.051886
v 0.022574 0.298779 -0.055638
v 0.019044 0.321879 -0.053760
v 0.015316 0.322869 -0.044028
v 0.018144 0.301563 -0.051886
v 0.015316 0.322869 -0.044028
v 0.016232 0.302071 -0.046895
v 0.018144 0.301563 -0.051886
v 0.015316 0.322869 -0.044028
v 0.017498 0.319154 -0.034488
v 0.016232 0.302071 -0.046895
v 0.017498 0.319154 -0.034488
v 0.017351 0.300166 -0.042002
v 0.016232 0.302071 -0.046895
v 0.017498 0.319154 -0.034488
v 0.025006 0.311729 -0.027695
v 0.017351 0.300166 -0.042002
v 0.025006 0.311729 -0.027695
v 0.021202 0.296358 -0.038519
v 0.017351 0.300166 -0.042002
v 0.025006 0.311729 -0.027695
v 0.035828 0.302584 -0.025471
v 0.021202 0.296358 -0.038519
v 0.035828 0.302584 -0.025471
v 0.026752 0.291668 -0.037378
v 0.021202 0.296358 -0.038519
v 0.035828 0.302584 -0.025471
v 0.047063 0.294169 -0.028410
v 0.026752 0.291668 -0.037378
v 0.047063 0.294169 -0.028410
v 0.032514 0.287353 -0.038885
v 0.026752 0.291668 -0.037378
v 0.047063 0.294169 -0.028410
v 0.055702 0.288739 -0.035725
v 0.032514 0.287353 -0.038885
v 0.055702 0.288739 -0.035725
v 0.036945 0.284568 -0.042637
v 0.032514 0.287353 -0.038885
v 0.055702 0.288739 -0.035725
v 0.059430 0.287749 -0.045457
v 0.036945 0.284568 -0.042637
v 0.059430 0.287749 -0.045457
v 0.038856 0.284060 -0.047628
v 0.036945 0.284568 -0.042637
v 0.059430 0.287749 -0.045457
v 0.057247 0.291464 -0.054997
v 0.038856 0.284060 -0.047628
v 0.057247 0.291464 -0.054997
v 0.037737 0.285965 -0.052521
v 0.038856 0.284060 -0.047628
v 0.057247 0.291464 -0.054997
v 0.049740 0.298888 -0.061790
v 0.037737 0.285965 -0.052521
v 0.049740 0.298888 -0.061790
v 0.033887 0.289773 -0.056004
v 0.037737 0.285965 -0.052521
v 0.049740 0.298888 -0.061790
v 0.038918 0.308033 -0.064014
v 0.033887 0.289773 -0.056004
v 0.038918 0.308033 -0.064014
v 0.028337 0.294463 -0.057145
v 0.033887 0.289773 -0.056004
v 0.028337 0.294463 -0.057145
v 0.022574 0.298779 -0.055638
v 0.024212 0.288915 -0.048115
v 0.022574 0.298779 -0.055638
v 0.024212 0.288915 -0.048115
v 0.024212 0.288915 -0.048115
v 0.022574 0.298779 -0.055638
v 0.018144 0.301563 -0.051886
v 0.024212 0.288915 -0.048115
v 0.018144 0.301563 -0.051886
v 0.024212 0.288915 -0.048115
v 0.024212 0.288915 -0.048115
v 0.018144 0.301563 -0.051886
v 0.016232 0.302071 -0.046895
v 0.024212 0.288915 -0.048115
v 0.016232 0.302071 -0.046895
v 0.024212 0.288915 -0.048115
v 0.024212 0.288915 -0.048115
v 0.016232 0.302071 -0.046895
v 0.017351 0.300166 -0.042002
v 0.024212 0.288915 -0.048115
v 0.017351 0.300166 -0.042002
v 0.024212 0.288915 -0.048115
v 0.024212 0.288915 -0.048115
v 0.017351 0.300166 -0.042002
v 0.021202 0.296358 -0.038519
v 0.024212 0.288915 -0.048115
v 0.021202 0.296358 -0.038519
v 0.024212 0.288915 -0.048115
v 0.024212 0.288915 -0.048115
v 0.021202 0.296358 -0.038519
v 0.026752 0.291668 -0.037378
v 0.024212 0.288915 -0.048115
v 0.026752 0.291668 -0.037378
v 0.024212 0.288915 -0.048115
v 0.024212 0.288915 -0.048115
v 0.026752 0.291668 -0.037378
v 0.032514 0.287353 -0.038885
v 0.024212 0.288915 -0.048115
v 0.032514 0.287353 -0.038885
v 0.024212 0.288915 -0.048115
v 0.024212 0.288915 -0.048115
v 0.032514 0.287353 -0.038885
v 0.036945 0.284568 -0.042637
v 0.024212 0.288915 -0.048115
v 0.036945 0.284568 -0.042637
v 0.024212 0.288915 -0.048115
v 0.024212 0.288915 -0.048115
v 0.036945 0.284568 -0.042637
v 0.038856 0.284060 -0.047628
v 0.024212 0.288915 -0.048115
v 0.038856 0.284060 -0.047628
v 0.024212 0.288915 -0.048115
v 0.024212 0.288915 -0.048115
v 0.038856 0.284060 -0.047628
v 0.037737 0.285965 -0.052521
v 0.024212 0.288915 -0.048115
v 0.037737 0.285965 -0.052521
v 0.024212 0.288915 -0.048115
v 0.024212 0.288915 -0.048115
v 0.037737 0.285965 -0.052521
v 0.033887 0.289773 -0.056004
v 0.024212 0.288915 -0.048115
v 0.033887 0.289773 -0.056004
v 0.024212 0.288915 -0.048115
v 0.024212 0.288915 -0.048115
v 0.033887 0.289773 -0.056004
v 0.028337 0.294463 -0.057145
v 0.024212 0.288915 -0.048115
v 0.028337 0.294463 -0.057145
v 0.024212 0.288915 -0.048115
v 0.024212 0.288915 -0.048115
v 0.000000 1.076586 -0.474756
v 0.000000 1.076586 -0.474756
v 0.000000 1.067338 -0.479526
v 0.000000 1.076586 -0.474756
v -0.007232 1.067961 -0.478510
v 0.000000 1.067338 -0.479526
v 0.000000 1.076586 -0.474756
v 0.000000 1.076586 -0.474756
v -0.007232 1.067961 -0.478510
v 0.000000 1.076586 -0.474756
v -0.012526 1.069664 -0.475732
v -0.007232 1.067961 -0.478510
v 0.000000 1.076586 -0.474756
v 0.000000 1.076586 -0.474756
v -0.012526 1.069664 -0.475732
v 0.000000 1.076586 -0.474756
v -0.014464 1.071990 -0.471938
v -0.012526 1.069664 -0.475732
v 0.000000 1.076586 -0.474756
v 0.000000 1.076586 -0.474756
v -0.014464 1.071990 -0.471938
v 0.000000 1.076586 -0.474756
v -0.012526 1.074316 -0.468144
v -0.014464 1.071990 -0.471938
v 0.000000 1.076586 -0.474756
v 0.000000 1.076586 -0.474756
v -0.012526 1.074316 -0.468144
v 0.000000 1.076586 -0.474756
v -0.007232 1.076019 -0.465366
v -0.012526 1.074316 -0.468144
v 0.000000 1.076586 -0.474756
v 0.000000 1.076586 -0.474756
v -0.007232 1.076019 -0.465366
v 0.000000 1.076586 -0.474756
v -0.000000 1.076642 -0.464350
v -0.007232 1.076019 -0.465366
v 0.000000 1.076586 -0.474756
v 0.000000 1.076586 -0.474756
v -0.000000 1.076642 -0.464350
v 0.000000 1.076586 -0.474756
v 0.007232 1.076019 -0.465366
v -0.000000 1.076642 -0.464350
v 0.000000 1.076586 -0.474756
v 0.000000 1.076586 -0.474756
v 0.007232 1.076019 -0.465366
v 0.000000 1.076586 -0.474756
v 0.012526 1.074316 -0.468144
v 0.007232 1.076019 -0.465366
v 0.000000 1.076586 -0.474756
v 0.000000 1.076586 -0.474756
v 0.012526 1.074316 -0.468144
v 0.000000 1.076586 -0.474756
v 0.014464 1.071990 -0.471938
v 0.012526 1.074316 -0.468144
v 0.000000 1.076586 -0.474756
v 0.000000 1.076586 -0.474756
v 0.014464 1.071990 -0.471938
v 0.000000 1.076586 -0.474756
v 0.012526 1.069664 -0.475732
v 0.014464 1.071990 -0.471938
v 0.000000 1.076586 -0.474756
v 0.000000 1.076586 -0.474756
v 0.012526 1.069664 -0.475732
v 0.000000 1.076586 -0.474756
v 0.007232 1.067961 -0.478510
v 0.012526 1.069664 -0.475732
v 0.000000 1.076586 -0.474756
v 0.000000 1.076586 -0.474756
v 0.007232 1.067961 -0.478510
v 0.000000 1.076586 -0.474756
v 0.000000 1.067338 -0.479526
v 0.007232 1.067961 -0.478510
v 0.000000 1.067338 -0.479526
v -0.007232 1.067961 -0.478510
v 0.000000 1.049362 -0.478422
v -0.007232 1.067961 -0.478510
v -0.014101 1.050578 -0.476440
v 0.000000 1.049362 -0.478422
v -0.007232 1.067961 -0.478510
v -0.012526 1.069664 -0.475732
v -0.014101 1.050578 -0.476440
v -0.012526 1.069664 -0.475732
v -0.024424 1.053898 -0.471025
v -0.014101 1.050578 -0.476440
v -0.012526 1.069664 -0.475732
v -0.014464 1.071990 -0.471938
v -0.024424 1.053898 -0.471025
v -0.014464 1.071990 -0.471938
v -0.028202 1.058434 -0.463627
v -0.024424 1.053898 -0.471025
v -0.014464 1.071990 -0.471938
v -0.012526 1.074316 -0.468144
v -0.028202 1.058434 -0.463627
v -0.012526 1.074316 -0.468144
v -0.024424 1.062970 -0.456229
v -0.028202 1.058434 -0.463627
v -0.012526 1.074316 -0.468144
v -0.007232 1.076019 -0.465366
v -0.024424 1.062970 -0.456229
v -0.007232 1.076019 -0.465366
v -0.014101 1.066290 -0.450813
v -0.024424 1.062970 -0.456229
v -0.007232 1.076019 -0.465366
v -0.000000 1.076642 -0.464350
v -0.014101 1.066290 -0.450813
v -0.000000 1.076642 -0.464350
v -0.000000 1.067505 -0.448831
v -0.014101 1.066290 -0.450813
v -0.000000 1.076642 -0.464350
v 0.007232 1.076019 -0.465366
v -0.000000 1.067505 -0.448831
v 0.007232 1.076019 -0.465366
v 0.014101 1.066290 -0.450813
v -0.000000 1.067505 -0.448831
v 0.007232 1.076019 -0.465366
v 0.012526 1.074316 -0.468144
v 0.014101 1.066290 -0.450813
v 0.012526 1.074316 -0.468144
v 0.024424 1.062970 -0.456229
v 0.014101 1.066290 -0.450813
v 0.012526 1.074316 -0.468144
v 0.014464 1.071990 -0.471938
v 0.024424 1.062970 -0.456229
v 0.014464 1.071990 -0.471938
v 0.028202 1.058434 -0.463627
v 0.024424 1.062970 -0.456229
v 0.014464 1.071990 -0.471938
v 0.012526 1.069664 -0.475732
v 0.028202 1.058434 -0.463627
v 0.012526 1.069664 -0.475732
v 0.024424 1.053898 -0.471025
v 0.028202 1.058434 -0.463627
v 0.012526 1.069664 -0.475732
v 0.007232 1.067961 -0.478510
v 0.024424 1.053898 -0.471025
v 0.007232 1.067961 -0.478510
v 0.014101 1.050578 -0.476440
v 0.024424 1.053898 -0.471025
v 0.007232 1.067961 -0.478510
v 0.000000 1.067338 -0.479526
v 0.014101 1.050578 -0.476440
v 0.000000 1.067338 -0.479526
v 0.000000 1.049362 -0.478422
v 0.014101 1.050578 -0.476440
v 0.000000 1.049362 -0.478422
v -0.014101 1.050578 -0.476440
v 0.000000 1.023561 -0.471500
v -0.014101 1.050578 -0.476440
v -0.020263 1.025308 -0.468651
v 0.000000 1.023561 -0.471500
v -0.014101 1.050578 -0.476440
v -0.024424 1.053898 -0.471025
v -0.020263 1.025308 -0.468651
v -0.024424 1.053898 -0.471025
v -0.035097 1.030079 -0.460869
v -0.020263 1.025308 -0.468651
v -0.024424 1.053898 -0.471025
v -0.028202 1.058434 -0.463627
v -0.035097 1.030079 -0.460869
v -0.028202 1.058434 -0.463627
v -0.040527 1.036597 -0.450238
v -0.035097 1.030079 -0.460869
v -0.028202 1.058434 -0.463627
v -0.024424 1.062970 -0.456229
v -0.040527 1.036597 -0.450238
v -0.024424 1.062970 -0.456229
v -0.035097 1.043115 -0.439607
v -0.040527 1.036597 -0.450238
v -0.024424 1.062970 -0.456229
v -0.014101 1.066290 -0.450813
v -0.035097 1.043115 -0.439607
v -0.014101 1.066290 -0.450813
v -0.020263 1.047886 -0.431825
v -0.035097 1.043115 -0.439607
v -0.014101 1.066290 -0.450813
v -0.000000 1.067505 -0.448831
v -0.020263 1.047886 -0.431825
v -0.000000 1.067505 -0.448831
v -0.000000 1.049632 -0.428977
v -0.020263 1.047886 -0.431825
v -0.000000 1.067505 -0.448831
v 0.014101 1.066290 -0.450813
v -0.000000 1.049632 -0.428977
v 0.014101 1.066290 -0.450813
v 0.020263 1.047886 -0.431825
v -0.000000 1.049632 -0.428977
v 0.014101 1.066290 -0.450813
v 0.024424 1.062970 -0.456229
v 0.020263 1.047886 -0.431825
v 0.024424 1.062970 -0.456229
v 0.035097 1.043115 -0.439607
v 0.020263 1.047886 -0.431825
v 0.024424 1.062970 -0.456229
v 0.028202 1.058434 -0.463627
v 0.035097 1.043115 -0.439607
v 0.028202 1.058434 -0.463627
v 0.040527 1.036597 -0.450238
v 0.035097 1.043115 -0.439607
v 0.028202 1.058434 -0.463627
v 0.024424 1.053898 -0.471025
v 0.040527 1.036597 -0.450238
v 0.024424 1.053898 -0.471025
v 0.035097 1.030079 -0.460869
v 0.040527 1.036597 -0.450238
v 0.024424 1.053898 -0.471025
v 0.014101 1.050578 -0.476440
v 0.035097 1.030079 -0.460869
v 0.014101 1.050578 -0.476440
v 0.020263 1.025308 -0.468651
v 0.035097 1.030079 -0.460869
v 0.014101 1.050578 -0.476440
v 0.000000 1.049362 -0.478422
v 0.020263 1.025308 -0.468651
v 0.000000 1.049362 -0.478422
v 0.000000 1.023561 -0.471500
v 0.020263 1.025308 -0.468651
v 0.000000 1.023561 -0.471500
v -0.020263 1.025308 -0.468651
v 0.000000 0.991228 -0.459105
v -0.020263 1.025308 -0.468651
v -0.025410 0.993418 -0.455533
v 0.000000 0.991228 -0.459105
v -0.020263 1.025308 -0.468651
v -0.035097 1.030079 -0.460869
v -0.025410 0.993418 -0.455533
v -0.035097 1.030079 -0.460869
v -0.044011 0.999401 -0.445775
v -0.025410 0.993418 -0.455533
v -0.035097 1.030079 -0.460869
v -0.040527 1.036597 -0.450238
v -0.044011 0.999401 -0.445775
v -0.040527 1.036597 -0.450238
v -0.050819 1.007574 -0.432444
v -0.044011 0.999401 -0.445775
v -0.040527 1.036597 -0.450238
v -0.035097 1.043115 -0.439607
v -0.050819 1.007574 -0.432444
v -0.035097 1.043115 -0.439607
v -0.044011 1.015747 -0.419114
v -0.050819 1.007574 -0.432444
v -0.035097 1.043115 -0.439607
v -0.020263 1.047886 -0.431825
v -0.044011 1.015747 -0.419114
v -0.020263 1.047886 -0.431825
v -0.025410 1.021730 -0.409355
v -0.044011 1.015747 -0.419114
v -0.020263 1.047886 -0.431825
v -0.000000 1.049632 -0.428977
v -0.025410 1.021730 -0.409355
v -0.000000 1.049632 -0.428977
v -0.000000 1.023920 -0.405783
v -0.025410 1.021730 -0.409355
v -0.000000 1.049632 -0.428977
v 0.020263 1.047886 -0.431825
v -0.000000 1.023920 -0.405783
v 0.020263 1.047886 -0.431825
v 0.025410 1.021730 -0.409355
v -0.000000 1.023920 -0.405783
v 0.020263 1.047886 -0.431825
v 0.035097 1.043115 -0.439607
v 0.025410 1.021730 -0.409355
v 0.035097 1.043115 -0.439607
v 0.044011 1.015747 -0.419114
v 0.025410 1.021730 -0.409355
v 0.035097 1.043115 -0.439607
v 0.040527 1.036597 -0.450238
v 0.044011 1.015747 -0.419114
v 0.040527 1.036597 -0.450238
v 0.050819 1.007574 -0.432444
v 0.044011 1.015747 -0.419114
v 0.040527 1.036597 -0.450238
v 0.035097 1.030079 -0.460869
v 0.050819 1.007574 -0.432444
v 0.035097 1.030079 -0.460869
v 0.044011 0.999401 -0.445775
v 0.050819 1.007574 -0.432444
v 0.035097 1.030079 -0.460869
v 0.020263 1.025308 -0.468651
v 0.044011 0.999401 -0.445775
v 0.020263 1.025308 -0.468651
v 0.025410 0.993418 -0.455533
v 0.044011 0.999401 -0.445775
v 0.020263 1.025308 -0.468651
v 0.000000 1.023561 -0.471500
v 0.025410 0.993418 -0.455533
v 0.000000 1.023561 -0.471500
v 0.000000 0.991228 -0.459105
v 0.025410 0.993418 -0.455533
v 0.000000 0.991228 -0.459105
v -0.025410 0.993418 -0.455533
v 0.000000 0.953983 -0.441861
v -0.025410 0.993418 -0.455533
v -0.029281 0.956507 -0.437744
v 0.000000 0.953983 -0.441861
v -0.025410 0.993418 -0.455533
v -0.044011 0.999401 -0.445775
v -0.029281 0.956507 -0.437744
v -0.044011 0.999401 -0.445775
v -0.050717 0.963402 -0.426499
v -0.029281 0.956507 -0.437744
v -0.044011 0.999401 -0.445775
v -0.050819 1.007574 -0.432444
v -0.050717 0.963402 -0.426499
v -0.050819 1.007574 -0.432444
v -0.058563 0.972821 -0.411137
v -0.050717 0.963402 -0.426499
v -0.050819 1.007574 -0.432444
v -0.044011 1.015747 -0.419114
v -0.058563 0.972821 -0.411137
v -0.044011 1.015747 -0.419114
v -0.050717 0.982239 -0.395775
v -0.058563 0.972821 -0.411137
v -0.044011 1.015747 -0.419114
v -0.025410 1.021730 -0.409355
v -0.050717 0.982239 -0.395775
v -0.025410 1.021730 -0.409355
v -0.029281 0.989134 -0.384529
v -0.050717 0.982239 -0.395775
v -0.025410 1.021730 -0.409355
v -0.000000 1.023920 -0.405783
v -0.029281 0.989134 -0.384529
v -0.000000 1.023920 -0.405783
v -0.000000 0.991657 -0.380413
v -0.029281 0.989134 -0.384529
v -0.000000 1.023920 -0.405783
v 0.025410 1.021730 -0.409355
v -0.000000 0.991657 -0.380413
v 0.025410 1.021730 -0.409355
v 0.029281 0.989134 -0.384529
v -0.000000 0.991657 -0.380413
v 0.025410 1.021730 -0.409355
v 0.044011 1.015747 -0.419114
v 0.029281 0.989134 -0.384529
v 0.044011 1.015747 -0.419114
v 0.050717 0.982239 -0.395775
v 0.029281 0.989134 -0.384529
v 0.044011 1.015747 -0.419114
v 0.050819 1.007574 -0.432444
v 0.050717 0.982239 -0.395775
v 0.050819 1.007574 -0.432444
v 0.058563 0.972821 -0.411137
v 0.050717 0.982239 -0.395775
v 0.050819 1.007574 -0.432444
v 0.044011 0.999401 -0.445775
v 0.058563 0.972821 -0.411137
v 0.044011 0.999401 -0.445775
v 0.050717 0.963402 -0.426499
v 0.058563 0.972821 -0.411137
v 0.044011 0.999401 -0.445775
v 0.025410 0.993418 -0.455533
v 0.050717 0.963402 -0.426499
v 0.025410 0.993418 -0.455533
v 0.029281 0.956507 -0.437744
v 0.050717 0.963402 -0.426499
v 0.025410 0.993418 -0.455533
v 0.000000 0.991228 -0.459105
v 0.029281 0.956507 -0.437744
v 0.000000 0.991228 -0.459105
v 0.000000 0.953983 -0.441861
v 0.029281 0.956507 -0.437744
v 0.000000 0.953983 -0.441861
v -0.029281 0.956507 -0.437744
v 0.000000 0.913696 -0.420630
v -0.029281 0.956507 -0.437744
v -0.031685 0.916427 -0.416176
v 0.000000 0.913696 -0.420630
v -0.029281 0.956507 -0.437744
v -0.050717 0.963402 -0.426499
v -0.031685 0.916427 -0.416176
v -0.050717 0.963402 -0.426499
v -0.054880 0.923888 -0.404007
v -0.031685 0.916427 -0.416176
v -0.050717 0.963402 -0.426499
v -0.058563 0.972821 -0.411137
v -0.054880 0.923888 -0.404007
v -0.058563 0.972821 -0.411137
v -0.063370 0.934079 -0.387384
v -0.054880 0.923888 -0.404007
v -0.058563 0.972821 -0.411137
v -0.050717 0.982239 -0.395775
v -0.063370 0.934079 -0.387384
v -0.050717 0.982239 -0.395775
v -0.054880 0.944271 -0.370761
v -0.063370 0.934079 -0.387384
v -0.050717 0.982239 -0.395775
v -0.029281 0.989134 -0.384529
v -0.054880 0.944271 -0.370761
v -0.029281 0.989134 -0.384529
v -0.031685 0.951732 -0.358592
v -0.054880 0.944271 -0.370761
v -0.029281 0.989134 -0.384529
v -0.000000 0.991657 -0.380413
v -0.031685 0.951732 -0.358592
v -0.000000 0.991657 -0.380413
v -0.000000 0.954463 -0.354138
v -0.031685 0.951732 -0.358592
v -0.000000 0.991657 -0.380413
v 0.029281 0.989134 -0.384529
v -0.000000 0.954463 -0.354138
v 0.029281 0.989134 -0.384529
v 0.031685 0.951732 -0.358592
v -0.000000 0.954463 -0.354138
v 0.029281 0.989134 -0.384529
v 0.050717 0.982239 -0.395775
v 0.031685 0.951732 -0.358592
v 0.050717 0.982239 -0.395775
v 0.054880 0.944271 -0.370761
v 0.031685 0.951732 -0.358592
v 0.050717 0.982239 -0.395775
v 0.058563 0.972821 -0.411137
v 0.054880 0.944271 -0.370761
v 0.058563 0.972821 -0.411137
v 0.063370 0.934079 -0.387384
v 0.054880 0.944271 -0.370761
v 0.058563 0.972821 -0.411137
v 0.050717 0.963402 -0.426499
v 0.063370 0.934079 -0.387384
v 0.050717 0.963402 -0.426499
v 0.054880 0.923888 -0.404007
v 0.063370 0.934079 -0.387384
v 0.050717 0.963402 -0.426499
v 0.029281 0.956507 -0.437744
v 0.054880 0.923888 -0.404007
v 0.029281 0.956507 -0.437744
v 0.031685 0.916427 -0.416176
v 0.054880 0.923888 -0.404007
v 0.029281 0.956507 -0.437744
v 0.000000 0.953983 -0.441861
v 0.031685 0.916427 -0.416176
v 0.000000 0.953983 -0.441861
v 0.000000 0.913696 -0.420630
v 0.031685 0.916427 -0.416176
v 0.000000 0.913696 -0.420630
v -0.031685 0.916427 -0.416176
v 0.000000 0.872385 -0.396479
v -0.031685 0.916427 -0.416176
v -0.032500 0.875186 -0.391910
v 0.000000 0.872385 -0.396479
v -0.031685 0.916427 -0.416176
v -0.054880 0.923888 -0.404007
v -0.032500 0.875186 -0.391910
v -0.054880 0.923888 -0.404007
v -0.056292 0.882839 -0.379428
v -0.032500 0.875186 -0.391910
v -0.054880 0.923888 -0.404007
v -0.063370 0.934079 -0.387384
v -0.056292 0.882839 -0.379428
v -0.063370 0.934079 -0.387384
v -0.065000 0.893293 -0.362378
v -0.056292 0.882839 -0.379428
v -0.063370 0.934079 -0.387384
v -0.054880 0.944271 -0.370761
v -0.065000 0.893293 -0.362378
v -0.054880 0.944271 -0.370761
v -0.056292 0.903746 -0.345327
v -0.065000 0.893293 -0.362378
v -0.054880 0.944271 -0.370761
v -0.031685 0.951732 -0.358592
v -0.056292 0.903746 -0.345327
v -0.031685 0.951732 -0.358592
v -0.032500 0.911399 -0.332845
v -0.056292 0.903746 -0.345327
v -0.031685 0.951732 -0.358592
v -0.000000 0.954463 -0.354138
v -0.032500 0.911399 -0.332845
v -0.000000 0.954463 -0.354138
v -0.000000 0.914200 -0.328277
v -0.032500 0.911399 -0.332845
v -0.000000 0.954463 -0.354138
v 0.031685 0.951732 -0.358592
v -0.000000 0.914200 -0.328277
v 0.031685 0.951732 -0.358592
v 0.032500 0.911399 -0.332845
v -0.000000 0.914200 -0.328277
v 0.031685 0.951732 -0.358592
v 0.054880 0.944271 -0.370761
v 0.032500 0.911399 -0.332845
v 0.054880 0.944271 -0.370761
v 0.056292 0.903746 -0.345327
v 0.032500 0.911399 -0.332845
v 0.054880 0.944271 -0.370761
v 0.063370 0.934079 -0.387384
v 0.056292 0.903746 -0.345327
v 0.063370 0.934079 -0.387384
v 0.065000 0.893293 -0.362378
v 0.056292 0.903746 -0.345327
v 0.063370 0.934079 -0.387384
v 0.054880 0.923888 -0.404007
v 0.065000 0.893293 -0.362378
v 0.054880 0.923888 -0.404007
v 0.056292 0.882839 -0.379428
v 0.065000 0.893293 -0.362378
v 0.054880 0.923888 -0.404007
v 0.031685 0.916427 -0.416176
v 0.056292 0.882839 -0.379428
v 0.031685 0.916427 -0.416176
v 0.032500 0.875186 -0.391910
v 0.056292 0.882839 -0.379428
v 0.031685 0.916427 -0.416176
v 0.000000 0.913696 -0.420630
v 0.032500 0.875186 -0.391910
v 0.000000 0.913696 -0.420630
v 0.000000 0.872385 -0.396479
v 0.032500 0.875186 -0.391910
v 0.000000 0.872385 -0.396479
v -0.032500 0.875186 -0.391910
v 0.000000 0.820016 -0.364371
v -0.032500 0.875186 -0.391910
v -0.032500 0.822817 -0.359802
v 0.000000 0.820016 -0.364371
v -0.032500 0.875186 -0.391910
v -0.056292 0.882839 -0.379428
v -0.032500 0.822817 -0.359802
v -0.056292 0.882839 -0.379428
v -0.056292 0.830470 -0.347320
v -0.032500 0.822817 -0.359802
v -0.056292 0.882839 -0.379428
v -0.065000 0.893293 -0.362378
v -0.056292 0.830470 -0.347320
v -0.065000 0.893293 -0.362378
v -0.065000 0.840923 -0.330270
v -0.056292 0.830470 -0.347320
v -0.065000 0.893293 -0.362378
v -0.056292 0.903746 -0.345327
v -0.065000 0.840923 -0.330270
v -0.056292 0.903746 -0.345327
v -0.056292 0.851377 -0.313219
v -0.065000 0.840923 -0.330270
v -0.056292 0.903746 -0.345327
v -0.032500 0.911399 -0.332845
v -0.056292 0.851377 -0.313219
v -0.032500 0.911399 -0.332845
v -0.032500 0.859030 -0.300738
v -0.056292 0.851377 -0.313219
v -0.032500 0.911399 -0.332845
v -0.000000 0.914200 -0.328277
v -0.032500 0.859030 -0.300738
v -0.000000 0.914200 -0.328277
v -0.000000 0.861831 -0.296169
v -0.032500 0.859030 -0.300738
v -0.000000 0.914200 -0.328277
v 0.032500 0.911399 -0.332845
v -0.000000 0.861831 -0.296169
v 0.032500 0.911399 -0.332845
v 0.032500 0.859030 -0.300738
v -0.000000 0.861831 -0.296169
v 0.032500 0.911399 -0.332845
v 0.056292 0.903746 -0.345327
v 0.032500 0.859030 -0.300738
v 0.056292 0.903746 -0.345327
v 0.056292 0.851377 -0.313219
v 0.032500 0.859030 -0.300738
v 0.056292 0.903746 -0.345327
v 0.065000 0.893293 -0.362378
v 0.056292 0.851377 -0.313219
v 0.065000 0.893293 -0.362378
v 0.065000 0.840923 -0.330270
v 0.056292 0.851377 -0.313219
v 0.065000 0.893293 -0.362378
v 0.056292 0.882839 -0.379428
v 0.065000 0.840923 -0.330270
v 0.056292 0.882839 -0.379428
v 0.056292 0.830470 -0.347320
v 0.065000 0.840923 -0.330270
v 0.056292 0.882839 -0.379428
v 0.032500 0.875186 -0.391910
v 0.056292 0.830470 -0.347320
v 0.032500 0.875186 -0.391910
v 0.032500 0.822817 -0.359802
v 0.056292 0.830470 -0.347320
v 0.032500 0.875186 -0.391910
v 0.000000 0.872385 -0.396479
v 0.032500 0.822817 -0.359802
v 0.000000 0.872385 -0.396479
v 0.000000 0.820016 -0.364371
v 0.032500 0.822817 -0.359802
v 0.000000 0.820016 -0.364371
v -0.032500 0.822817 -0.359802
v 0.000000 0.767647 -0.332263
v -0.032500 0.822817 -0.359802
v -0.032500 0.770448 -0.327694
v 0.000000 0.767647 -0.332263
v -0.032500 0.822817 -0.359802
v -0.056292 0.830470 -0.347320
v -0.032500 0.770448 -0.327694
v -0.056292 0.830470 -0.347320
v -0.056292 0.778100 -0.315212
v -0.032500 0.770448 -0.327694
v -0.056292 0.830470 -0.347320
v -0.065000 0.840923 -0.330270
v -0.056292 0.778100 -0.315212
v -0.065000 0.840923 -0.330270
v -0.065000 0.788554 -0.298162
v -0.056292 0.778100 -0.315212
v -0.065000 0.840923 -0.330270
v -0.056292 0.851377 -0.313219
v -0.065000 0.788554 -0.298162
v -0.056292 0.851377 -0.313219
v -0.056292 0.799008 -0.281111
v -0.065000 0.788554 -0.298162
v -0.056292 0.851377 -0.313219
v -0.032500 0.859030 -0.300738
v -0.056292 0.799008 -0.281111
v -0.032500 0.859030 -0.300738
v -0.032500 0.806660 -0.268630
v -0.056292 0.799008 -0.281111
v -0.032500 0.859030 -0.300738
v -0.000000 0.861831 -0.296169
v -0.032500 0.806660 -0.268630
v -0.000000 0.861831 -0.296169
v -0.000000 0.809462 -0.264061
v -0.032500 0.806660 -0.268630
v -0.000000 0.861831 -0.296169
v 0.032500 0.859030 -0.300738
v -0.000000 0.809462 -0.264061
v 0.032500 0.859030 -0.300738
v 0.032500 0.806660 -0.268630
v -0.000000 0.809462 -0.264061
v 0.032500 0.859030 -0.300738
v 0.056292 0.851377 -0.313219
v 0.032500 0.806660 -0.268630
v 0.056292 0.851377 -0.313219
v 0.056292 0.799008 -0.281111
v 0.032500 0.806660 -0.268630
v 0.056292 0.851377 -0.313219
v 0.065000 0.840923 -0.330270
v 0.056292 0.799008 -0.281111
v 0.065000 0.840923 -0.330270
v 0.065000 0.788554 -0.298162
v 0.056292 0.799008 -0.281111
v 0.065000 0.840923 -0.330270
v 0.056292 0.830470 -0.347320
v 0.065000 0.788554 -0.298162
v 0.056292 0.830470 -0.347320
v 0.056292 0.778100 -0.315212
v 0.065000 0.788554 -0.298162
v 0.056292 0.830470 -0.347320
v 0.032500 0.822817 -0.359802
v 0.056292 0.778100 -0.315212
v 0.032500 0.822817 -0.359802
v 0.032500 0.770448 -0.327694
v 0.056292 0.778100 -0.315212
v 0.032500 0.822817 -0.359802
v 0.000000 0.820016 -0.364371
v 0.032500 0.770448 -0.327694
v 0.000000 0.820016 -0.364371
v 0.000000 0.767647 -0.332263
v 0.032500 0.770448 -0.327694
v 0.000000 0.767647 -0.332263
v -0.032500 0.770448 -0.327694
v 0.000000 0.715277 -0.300155
v -0.032500 0.770448 -0.327694
v -0.032500 0.718078 -0.295586
v 0.000000 0.715277 -0.300155
v -0.032500 0.770448 -0.327694
v -0.056292 0.778100 -0.315212
v -0.032500 0.718078 -0.295586
v -0.056292 0.778100 -0.315212
v -0.056292 0.725731 -0.283104
v -0.032500 0.718078 -0.295586
v -0.056292 0.778100 -0.315212
v -0.065000 0.788554 -0.298162
v -0.056292 0.725731 -0.283104
v -0.065000 0.788554 -0.298162
v -0.065000 0.736185 -0.266054
v -0.056292 0.725731 -0.283104
v -0.065000 0.788554 -0.298162
v -0.056292 0.799008 -0.281111
v -0.065000 0.736185 -0.266054
v -0.056292 0.799008 -0.281111
v -0.056292 0.746638 -0.249003
v -0.065000 0.736185 -0.266054
v -0.056292 0.799008 -0.281111
v -0.032500 0.806660 -0.268630
v -0.056292 0.746638 -0.249003
v -0.032500 0.806660 -0.268630
v -0.032500 0.754291 -0.236522
v -0.056292 0.746638 -0.249003
v -0.032500 0.806660 -0.268630
v -0.000000 0.809462 -0.264061
v -0.032500 0.754291 -0.236522
v -0.000000 0.809462 -0.264061
v -0.000000 0.757092 -0.231953
v -0.032500 0.754291 -0.236522
v -0.000000 0.809462 -0.264061
v 0.032500 0.806660 -0.268630
v -0.000000 0.757092 -0.231953
v 0.032500 0.806660 -0.268630
v 0.032500 0.754291 -0.236522
v -0.000000 0.757092 -0.231953
v 0.032500 0.806660 -0.268630
v 0.056292 0.799008 -0.281111
v 0.032500 0.754291 -0.236522
v 0.056292 0.799008 -0.281111
v 0.056292 0.746638 -0.249003
v 0.032500 0.754291 -0.236522
v 0.056292 0.799008 -0.281111
v 0.065000 0.788554 -0.298162
v 0.056292 0.746638 -0.249003
v 0.065000 0.788554 -0.298162
v 0.065000 0.736185 -0.266054
v 0.056292 0.746638 -0.249003
v 0.065000 0.788554 -0.298162
v 0.056292 0.778100 -0.315212
v 0.065000 0.736185 -0.266054
v 0.056292 0.778100 -0.315212
v 0.056292 0.725731 -0.283104
v 0.065000 0.736185 -0.266054
v 0.056292 0.778100 -0.315212
v 0.032500 0.770448 -0.327694
v 0.056292 0.725731 -0.283104
v 0.032500 0.770448 -0.327694
v 0.032500 0.718078 -0.295586
v 0.056292 0.725731 -0.283104
v 0.032500 0.770448 -0.327694
v 0.000000 0.767647 -0.332263
v 0.032500 0.718078 -0.295586
v 0.000000 0.767647 -0.332263
v 0.000000 0.715277 -0.300155
v 0.032500 0.718078 -0.295586
v 0.000000 0.715277 -0.300155
v -0.032500 0.718078 -0.295586
v 0.000000 0.662908 -0.268047
v -0.032500 0.718078 -0.295586
v -0.032500 0.665709 -0.263478
v 0.000000 0.662908 -0.268047
v -0.032500 0.718078 -0.295586
v -0.056292 0.725731 -0.283104
v -0.032500 0.665709 -0.263478
v -0.056292 0.725731 -0.283104
v -0.056292 0.673362 -0.250997
v -0.032500 0.665709 -0.263478
v -0.056292 0.725731 -0.283104
v -0.065000 0.736185 -0.266054
v -0.056292 0.673362 -0.250997
v -0.065000 0.736185 -0.266054
v -0.065000 0.683815 -0.233946
v -0.056292 0.673362 -0.250997
v -0.065000 0.736185 -0.266054
v -0.056292 0.746638 -0.249003
v -0.065000 0.683815 -0.233946
v -0.056292 0.746638 -0.249003
v -0.056292 0.694269 -0.216896
v -0.065000 0.683815 -0.233946
v -0.056292 0.746638 -0.249003
v -0.032500 0.754291 -0.236522
v -0.056292 0.694269 -0.216896
v -0.032500 0.754291 -0.236522
v -0.032500 0.701922 -0.204414
v -0.056292 0.694269 -0.216896
v -0.032500 0.754291 -0.236522
v -0.000000 0.757092 -0.231953
v -0.032500 0.701922 -0.204414
v -0.000000 0.757092 -0.231953
v -0.000000 0.704723 -0.199845
v -0.032500 0.701922 -0.204414
v -0.000000 0.757092 -0.231953
v 0.032500 0.754291 -0.236522
v -0.000000 0.704723 -0.199845
v 0.032500 0.754291 -0.236522
v 0.032500 0.701922 -0.204414
v -0.000000 0.704723 -0.199845
v 0.032500 0.754291 -0.236522
v 0.056292 0.746638 -0.249003
v 0.032500 0.701922 -0.204414
v 0.056292 0.746638 -0.249003
v 0.056292 0.694269 -0.216896
v 0.032500 0.701922 -0.204414
v 0.056292 0.746638 -0.249003
v 0.065000 0.736185 -0.266054
v 0.056292 0.694269 -0.216896
v 0.065000 0.736185 -0.266054
v 0.065000 0.683815 -0.233946
v 0.056292 0.694269 -0.216896
v 0.065000 0.736185 -0.266054
v 0.056292 0.725731 -0.283104
v 0.065000 0.683815 -0.233946
v 0.056292 0.725731 -0.283104
v 0.056292 0.673362 -0.250997
v 0.065000 0.683815 -0.233946
v 0.056292 0.725731 -0.283104
v 0.032500 0.718078 -0.295586
v 0.056292 0.673362 -0.250997
v 0.032500 0.718078 -0.295586
v 0.032500 0.665709 -0.263478
v 0.056292 0.673362 -0.250997
v 0.032500 0.718078 -0.295586
v 0.000000 0.715277 -0.300155
v 0.032500 0.665709 -0.263478
v 0.000000 0.715277 -0.300155
v 0.000000 0.662908 -0.268047
v 0.032500 0.665709 -0.263478
v 0.000000 0.662908 -0.268047
v -0.032500 0.665709 -0.263478
v 0.000000 0.610538 -0.235939
v -0.032500 0.665709 -0.263478
v -0.032500 0.613339 -0.231370
v 0.000000 0.610538 -0.235939
v -0.032500 0.665709 -0.263478
v -0.056292 0.673362 -0.250997
v -0.032500 0.613339 -0.231370
v -0.056292 0.673362 -0.250997
v -0.056292 0.620992 -0.218889
v -0.032500 0.613339 -0.231370
v -0.056292 0.673362 -0.250997
v -0.065000 0.683815 -0.233946
v -0.056292 0.620992 -0.218889
v -0.065000 0.683815 -0.233946
v -0.065000 0.631446 -0.201838
v -0.056292 0.620992 -0.218889
v -0.065000 0.683815 -0.233946
v -0.056292 0.694269 -0.216896
v -0.065000 0.631446 -0.201838
v -0.056292 0.694269 -0.216896
v -0.056292 0.641900 -0.184788
v -0.065000 0.631446 -0.201838
v -0.056292 0.694269 -0.216896
v -0.032500 0.701922 -0.204414
v -0.056292 0.641900 -0.184788
v -0.032500 0.701922 -0.204414
v -0.032500 0.649552 -0.172306
v -0.056292 0.641900 -0.184788
v -0.032500 0.701922 -0.204414
v -0.000000 0.704723 -0.199845
v -0.032500 0.649552 -0.172306
v -0.000000 0.704723 -0.199845
v -0.000000 0.652353 -0.167737
v -0.032500 0.649552 -0.172306
v -0.000000 0.704723 -0.199845
v 0.032500 0.701922 -0.204414
v -0.000000 0.652353 -0.167737
v 0.032500 0.701922 -0.204414
v 0.032500 0.649552 -0.172306
v -0.000000 0.652353 -0.167737
v 0.032500 0.701922 -0.204414
v 0.056292 0.694269 -0.216896
v 0.032500 0.649552 -0.172306
v 0.056292 0.694269 -0.216896
v 0.056292 0.641900 -0.184788
v 0.032500 0.649552 -0.172306
v 0.056292 0.694269 -0.216896
v 0.065000 0.683815 -0.233946
v 0.056292 0.641900 -0.184788
v 0.065000 0.683815 -0.233946
v 0.065000 0.631446 -0.201838
v 0.056292 0.641900 -0.184788
v 0.065000 0.683815 -0.233946
v 0.056292 0.673362 -0.250997
v 0.065000 0.631446 -0.201838
v 0.056292 0.673362 -0.250997
v 0.056292 0.620992 -0.218889
v 0.065000 0.631446 -0.201838
v 0.056292 0.673362 -0.250997
v 0.032500 0.665709 -0.263478
v 0.056292 0.620992 -0.218889
v 0.032500 0.665709 -0.263478
v 0.032500 0.613339 -0.231370
v 0.056292 0.620992 -0.218889
v 0.032500 0.665709 -0.263478
v 0.000000 0.662908 -0.268047
v 0.032500 0.613339 -0.231370
v 0.000000 0.662908 -0.268047
v 0.000000 0.610538 -0.235939
v 0.032500 0.613339 -0.231370
v 0.000000 0.610538 -0.235939
v -0.032500 0.613339 -0.231370
v 0.000000 0.558169 -0.203831
v -0.032500 0.613339 -0.231370
v -0.032500 0.560970 -0.199262
v 0.000000 0.558169 -0.203831
v -0.032500 0.613339 -0.231370
v -0.056292 0.620992 -0.218889
v -0.032500 0.560970 -0.199262
v -0.056292 0.620992 -0.218889
v -0.056292 0.568623 -0.186781
v -0.032500 0.560970 -0.199262
v -0.056292 0.620992 -0.218889
v -0.065000 0.631446 -0.201838
v -0.056292 0.568623 -0.186781
v -0.065000 0.631446 -0.201838
v -0.065000 0.579077 -0.169730
v -0.056292 0.568623 -0.186781
v -0.065000 0.631446 -0.201838
v -0.056292 0.641900 -0.184788
v -0.065000 0.579077 -0.169730
v -0.056292 0.641900 -0.184788
v -0.056292 0.589530 -0.152680
v -0.065000 0.579077 -0.169730
v -0.056292 0.641900 -0.184788
v -0.032500 0.649552 -0.172306
v -0.056292 0.589530 -0.152680
v -0.032500 0.649552 -0.172306
v -0.032500 0.597183 -0.140198
v -0.056292 0.589530 -0.152680
v -0.032500 0.649552 -0.172306
v -0.000000 0.652353 -0.167737
v -0.032500 0.597183 -0.140198
v -0.000000 0.652353 -0.167737
v -0.000000 0.599984 -0.135629
v -0.032500 0.597183 -0.140198
v -0.000000 0.652353 -0.167737
v 0.032500 0.649552 -0.172306
v -0.000000 0.599984 -0.135629
v 0.032500 0.649552 -0.172306
v 0.032500 0.597183 -0.140198
v -0.000000 0.599984 -0.135629
v 0.032500 0.649552 -0.172306
v 0.056292 0.641900 -0.184788
v 0.032500 0.597183 -0.140198
v 0.056292 0.641900 -0.184788
v 0.056292 0.589530 -0.152680
v 0.032500 0.597183 -0.140198
v 0.056292 0.641900 -0.184788
v 0.065000 0.631446 -0.201838
v 0.056292 0.589530 -0.152680
v 0.065000 0.631446 -0.201838
v 0.065000 0.579077 -0.169730
v 0.056292 0.589530 -0.152680
v 0.065000 0.631446 -0.201838
v 0.056292 0.620992 -0.218889
v 0.065000 0.579077 -0.169730
v 0.056292 0.620992 -0.218889
v 0.056292 0.568623 -0.186781
v 0.065000 0.579077 -0.169730
v 0.056292 0.620992 -0.218889
v 0.032500 0.613339 -0.231370
v 0.056292 0.568623 -0.186781
v 0.032500 0.613339 -0.231370
v 0.032500 0.560970 -0.199262
v 0.056292 0.568623 -0.186781
v 0.032500 0.613339 -0.231370
v 0.000000 0.610538 -0.235939
v 0.032500 0.560970 -0.199262
v 0.000000 0.610538 -0.235939
v 0.000000 0.558169 -0.203831
v 0.032500 0.560970 -0.199262
v 0.000000 0.558169 -0.203831
v -0.032500 0.560970 -0.199262
v 0.000000 0.505800 -0.171723
v -0.032500 0.560970 -0.199262
v -0.032500 0.508601 -0.167155
v 0.000000 0.505800 -0.171723
v -0.032500 0.560970 -0.199262
v -0.056292 0.568623 -0.186781
v -0.032500 0.508601 -0.167155
v -0.056292 0.568623 -0.186781
v -0.056292 0.516253 -0.154673
v -0.032500 0.508601 -0.167155
v -0.056292 0.568623 -0.186781
v -0.065000 0.579077 -0.169730
v -0.056292 0.516253 -0.154673
v -0.065000 0.579077 -0.169730
v -0.065000 0.526707 -0.137622
v -0.056292 0.516253 -0.154673
v -0.065000 0.579077 -0.169730
v -0.056292 0.589530 -0.152680
v -0.065000 0.526707 -0.137622
v -0.056292 0.589530 -0.152680
v -0.056292 0.537161 -0.120572
v -0.065000 0.526707 -0.137622
v -0.056292 0.589530 -0.152680
v -0.032500 0.597183 -0.140198
v -0.056292 0.537161 -0.120572
v -0.032500 0.597183 -0.140198
v -0.032500 0.544814 -0.108090
v -0.056292 0.537161 -0.120572
v -0.032500 0.597183 -0.140198
v -0.000000 0.599984 -0.135629
v -0.032500 0.544814 -0.108090
v -0.000000 0.599984 -0.135629
v -0.000000 0.547615 -0.103521
v -0.032500 0.544814 -0.108090
v -0.000000 0.599984 -0.135629
v 0.032500 0.597183 -0.140198
v -0.000000 0.547615 -0.103521
v 0.032500 0.597183 -0.140198
v 0.032500 0.544814 -0.108090
v -0.000000 0.547615 -0.103521
v 0.032500 0.597183 -0.140198
v 0.056292 0.589530 -0.152680
v 0.032500 0.544814 -0.108090
v 0.056292 0.589530 -0.152680
v 0.056292 0.537161 -0.120572
v 0.032500 0.544814 -0.108090
v 0.056292 0.589530 -0.152680
v 0.065000 0.579077 -0.169730
v 0.056292 0.537161 -0.120572
v 0.065000 0.579077 -0.169730
v 0.065000 0.526707 -0.137622
v 0.056292 0.537161 -0.120572
v 0.065000 0.579077 -0.169730
v 0.056292 0.568623 -0.186781
v 0.065000 0.526707 -0.137622
v 0.056292 0.568623 -0.186781
v 0.056292 0.516253 -0.154673
v 0.065000 0.526707 -0.137622
v 0.056292 0.568623 -0.186781
v 0.032500 0.560970 -0.199262
v 0.056292 0.516253 -0.154673
v 0.032500 0.560970 -0.199262
v 0.032500 0.508601 -0.167155
v 0.056292 0.516253 -0.154673
v 0.032500 0.560970 -0.199262
v 0.000000 0.558169 -0.203831
v 0.032500 0.508601 -0.167155
v 0.000000 0.558169 -0.203831
v 0.000000 0.505800 -0.171723
v 0.032500 0.508601 -0.167155
v 0.000000 0.505800 -0.171723
v -0.032500 0.508601 -0.167155
v 0.000000 0.465537 -0.145862
v -0.032500 0.508601 -0.167155
v -0.031685 0.468268 -0.141408
v 0.000000 0.465537 -0.145862
v -0.032500 0.508601 -0.167155
v -0.056292 0.516253 -0.154673
v -0.031685 0.468268 -0.141408
v -0.056292 0.516253 -0.154673
v -0.054880 0.475729 -0.129239
v -0.031685 0.468268 -0.141408
v -0.056292 0.516253 -0.154673
v -0.065000 0.526707 -0.137622
v -0.054880 0.475729 -0.129239
v -0.065000 0.526707 -0.137622
v -0.063370 0.485921 -0.112616
v -0.054880 0.475729 -0.129239
v -0.065000 0.526707 -0.137622
v -0.056292 0.537161 -0.120572
v -0.063370 0.485921 -0.112616
v -0.056292 0.537161 -0.120572
v -0.054880 0.496112 -0.095993
v -0.063370 0.485921 -0.112616
v -0.056292 0.537161 -0.120572
v -0.032500 0.544814 -0.108090
v -0.054880 0.496112 -0.095993
v -0.032500 0.544814 -0.108090
v -0.031685 0.503573 -0.083824
v -0.054880 0.496112 -0.095993
v -0.032500 0.544814 -0.108090
v -0.000000 0.547615 -0.103521
v -0.031685 0.503573 -0.083824
v -0.000000 0.547615 -0.103521
v -0.000000 0.506304 -0.079370
v -0.031685 0.503573 -0.083824
v -0.000000 0.547615 -0.103521
v 0.032500 0.544814 -0.108090
v -0.000000 0.506304 -0.079370
v 0.032500 0.544814 -0.108090
v 0.031685 0.503573 -0.083824
v -0.000000 0.506304 -0.079370
v 0.032500 0.544814 -0.108090
v 0.056292 0.537161 -0.120572
v 0.031685 0.503573 -0.083824
v 0.056292 0.537161 -0.120572
v 0.054880 0.496112 -0.095993
v 0.031685 0.503573 -0.083824
v 0.056292 0.537161 -0.120572
v 0.065000 0.526707 -0.137622
v 0.054880 0.496112 -0.095993
v 0.065000 0.526707 -0.137622
v 0.063370 0.485921 -0.112616
v 0.054880 0.496112 -0.095993
v 0.065000 0.526707 -0.137622
v 0.056292 0.516253 -0.154673
v 0.063370 0.485921 -0.112616
v 0.056292 0.516253 -0.154673
v 0.054880 0.475729 -0.129239
v 0.063370 0.485921 -0.112616
v 0.056292 0.516253 -0.154673
v 0.032500 0.508601 -0.167155
v 0.054880 0.475729 -0.129239
v 0.032500 0.508601 -0.167155
v 0.031685 0.468268 -0.141408
v 0.054880 0.475729 -0.129239
v 0.032500 0.508601 -0.167155
v 0.000000 0.505800 -0.171723
v 0.031685 0.468268 -0.141408
v 0.000000 0.505800 -0.171723
v 0.000000 0.465537 -0.145862
v 0.031685 0.468268 -0.141408
v 0.000000 0.465537 -0.145862
v -0.031685 0.468268 -0.141408
v 0.000000 0.428342 -0.119587
v -0.031685 0.468268 -0.141408
v -0.029281 0.430866 -0.115471
v 0.000000 0.428342 -0.119587
v -0.031685 0.468268 -0.141408
v -0.054880 0.475729 -0.129239
v -0.029281 0.430866 -0.115471
v -0.054880 0.475729 -0.129239
v -0.050717 0.437761 -0.104225
v -0.029281 0.430866 -0.115471
v -0.054880 0.475729 -0.129239
v -0.063370 0.485921 -0.112616
v -0.050717 0.437761 -0.104225
v -0.063370 0.485921 -0.112616
v -0.058563 0.447179 -0.088863
v -0.050717 0.437761 -0.104225
v -0.063370 0.485921 -0.112616
v -0.054880 0.496112 -0.095993
v -0.058563 0.447179 -0.088863
v -0.054880 0.496112 -0.095993
v -0.050717 0.456598 -0.073501
v -0.058563 0.447179 -0.088863
v -0.054880 0.496112 -0.095993
v -0.031685 0.503573 -0.083824
v -0.050717 0.456598 -0.073501
v -0.031685 0.503573 -0.083824
v -0.029281 0.463493 -0.062256
v -0.050717 0.456598 -0.073501
v -0.031685 0.503573 -0.083824
v -0.000000 0.506304 -0.079370
v -0.029281 0.463493 -0.062256
v -0.000000 0.506304 -0.079370
v -0.000000 0.466016 -0.058139
v -0.029281 0.463493 -0.062256
v -0.000000 0.506304 -0.079370
v 0.031685 0.503573 -0.083824
v -0.000000 0.466016 -0.058139
v 0.031685 0.503573 -0.083824
v 0.029281 0.463493 -0.062256
v -0.000000 0.466016 -0.058139
v 0.031685 0.503573 -0.083824
v 0.054880 0.496112 -0.095993
v 0.029281 0.463493 -0.062256
v 0.054880 0.496112 -0.095993
v 0.050717 0.456598 -0.073501
v 0.029281 0.463493 -0.062256
v 0.054880 0.496112 -0.095993
v 0.063370 0.485921 -0.112616
v 0.050717 0.456598 -0.073501
v 0.063370 0.485921 -0.112616
v 0.058563 0.447179 -0.088863
v 0.050717 0.456598 -0.073501
v 0.063370 0.485921 -0.112616
v 0.054880 0.475729 -0.129239
v 0.058563 0.447179 -0.088863
v 0.054880 0.475729 -0.129239
v 0.050717 0.437761 -0.104225
v 0.058563 0.447179 -0.088863
v 0.054880 0.475729 -0.129239
v 0.031685 0.468268 -0.141408
v 0.050717 0.437761 -0.104225
v 0.031685 0.468268 -0.141408
v 0.029281 0.430866 -0.115471
v 0.050717 0.437761 -0.104225
v 0.031685 0.468268 -0.141408
v 0.000000 0.465537 -0.145862
v 0.029281 0.430866 -0.115471
v 0.000000 0.465537 -0.145862
v 0.000000 0.428342 -0.119587
v 0.029281 0.430866 -0.115471
v 0.000000 0.428342 -0.119587
v -0.029281 0.430866 -0.115471
v 0.000000 0.396080 -0.094217
v -0.029281 0.430866 -0.115471
v -0.025410 0.398270 -0.090645
v 0.000000 0.396080 -0.094217
v -0.029281 0.430866 -0.115471
v -0.050717 0.437761 -0.104225
v -0.025410 0.398270 -0.090645
v -0.050717 0.437761 -0.104225
v -0.044011 0.404253 -0.080886
v -0.025410 0.398270 -0.090645
v -0.050717 0.437761 -0.104225
v -0.058563 0.447179 -0.088863
v -0.044011 0.404253 -0.080886
v -0.058563 0.447179 -0.088863
v -0.050819 0.412426 -0.067556
v -0.044011 0.404253 -0.080886
v -0.058563 0.447179 -0.088863
v -0.050717 0.456598 -0.073501
v -0.050819 0.412426 -0.067556
v -0.050717 0.456598 -0.073501
v -0.044011 0.420599 -0.054225
v -0.050819 0.412426 -0.067556
v -0.050717 0.456598 -0.073501
v -0.029281 0.463493 -0.062256
v -0.044011 0.420599 -0.054225
v -0.029281 0.463493 -0.062256
v -0.025410 0.426582 -0.044467
v -0.044011 0.420599 -0.054225
v -0.029281 0.463493 -0.062256
v -0.000000 0.466016 -0.058139
v -0.025410 0.426582 -0.044467
v -0.000000 0.466016 -0.058139
v -0.000000 0.428772 -0.040895
v -0.025410 0.426582 -0.044467
v -0.000000 0.466016 -0.058139
v 0.029281 0.463493 -0.062256
v -0.000000 0.428772 -0.040895
v 0.029281 0.463493 -0.062256
v 0.025410 0.426582 -0.044467
v -0.000000 0.428772 -0.040895
v 0.029281 0.463493 -0.062256
v 0.050717 0.456598 -0.073501
v 0.025410 0.426582 -0.044467
v 0.050717 0.456598 -0.073501
v 0.044011 0.420599 -0.054225
v 0.025410 0.426582 -0.044467
v 0.050717 0.456598 -0.073501
v 0.058563 0.447179 -0.088863
v 0.044011 0.420599 -0.054225
v 0.058563 0.447179 -0.088863
v 0.050819 0.412426 -0.067556
v 0.044011 0.420599 -0.054225
v 0.058563 0.447179 -0.088863
v 0.050717 0.437761 -0.104225
v 0.050819 0.412426 -0.067556
v 0.050717 0.437761 -0.104225
v 0.044011 0.404253 -0.080886
v 0.050819 0.412426 -0.067556
v 0.050717 0.437761 -0.104225
v 0.029281 0.430866 -0.115471
v 0.044011 0.404253 -0.080886
v 0.029281 0.430866 -0.115471
v 0.025410 0.398270 -0.090645
v 0.044011 0.404253 -0.080886
v 0.029281 0.430866 -0.115471
v 0.000000 0.428342 -0.119587
v 0.025410 0.398270 -0.090645
v 0.000000 0.428342 -0.119587
v 0.000000 0.396080 -0.094217
v 0.025410 0.398270 -0.090645
v 0.000000 0.396080 -0.094217
v -0.025410 0.398270 -0.090645
v 0.000000 0.370368 -0.071023
v -0.025410 0.398270 -0.090645
v -0.020263 0.372114 -0.068175
v 0.000000 0.370368 -0.071023
v -0.025410 0.398270 -0.090645
v -0.044011 0.404253 -0.080886
v -0.020263 0.372114 -0.068175
v -0.044011 0.404253 -0.080886
v -0.035097 0.376885 -0.060393
v -0.020263 0.372114 -0.068175
v -0.044011 0.404253 -0.080886
v -0.050819 0.412426 -0.067556
v -0.035097 0.376885 -0.060393
v -0.050819 0.412426 -0.067556
v -0.040527 0.383403 -0.049762
v -0.035097 0.376885 -0.060393
v -0.050819 0.412426 -0.067556
v -0.044011 0.420599 -0.054225
v -0.040527 0.383403 -0.049762
v -0.044011 0.420599 -0.054225
v -0.035097 0.389921 -0.039131
v -0.040527 0.383403 -0.049762
v -0.044011 0.420599 -0.054225
v -0.025410 0.426582 -0.044467
v -0.035097 0.389921 -0.039131
v -0.025410 0.426582 -0.044467
v -0.020263 0.394692 -0.031349
v -0.035097 0.389921 -0.039131
v -0.025410 0.426582 -0.044467
v -0.000000 0.428772 -0.040895
v -0.020263 0.394692 -0.031349
v -0.000000 0.428772 -0.040895
v -0.000000 0.396439 -0.028500
v -0.020263 0.394692 -0.031349
v -0.000000 0.428772 -0.040895
v 0.025410 0.426582 -0.044467
v -0.000000 0.396439 -0.028500
v 0.025410 0.426582 -0.044467
v 0.020263 0.394692 -0.031349
v -0.000000 0.396439 -0.028500
v 0.025410 0.426582 -0.044467
v 0.044011 0.420599 -0.054225
v 0.020263 0.394692 -0.031349
v 0.044011 0.420599 -0.054225
v 0.035097 0.389921 -0.039131
v 0.020263 0.394692 -0.031349
v 0.044011 0.420599 -0.054225
v 0.050819 0.412426 -0.067556
v 0.035097 0.389921 -0.039131
v 0.050819 0.412426 -0.067556
v 0.040527 0.383403 -0.049762
v 0.035097 0.389921 -0.039131
v 0.050819 0.412426 -0.067556
v 0.044011 0.404253 -0.080886
v 0.040527 0.383403 -0.049762
v 0.044011 0.404253 -0.080886
v 0.035097 0.376885 -0.060393
v 0.040527 0.383403 -0.049762
v 0.044011 0.404253 -0.080886
v 0.025410 0.398270 -0.090645
v 0.035097 0.376885 -0.060393
v 0.025410 0.398270 -0.090645
v 0.020263 0.372114 -0.068175
v 0.035097 0.376885 -0.060393
v 0.025410 0.398270 -0.090645
v 0.000000 0.396080 -0.094217
v 0.020263 0.372114 -0.068175
v 0.000000 0.396080 -0.094217
v 0.000000 0.370368 -0.071023
v 0.020263 0.372114 -0.068175
v 0.000000 0.370368 -0.071023
v -0.020263 0.372114 -0.068175
v 0.000000 0.352495 -0.051169
v -0.020263 0.372114 -0.068175
v -0.014101 0.353710 -0.049187
v 0.000000 0.352495 -0.051169
v -0.020263 0.372114 -0.068175
v -0.035097 0.376885 -0.060393
v -0.014101 0.353710 -0.049187
v -0.035097 0.376885 -0.060393
v -0.024424 0.357030 -0.043771
v -0.014101 0.353710 -0.049187
v -0.035097 0.376885 -0.060393
v -0.040527 0.383403 -0.049762
v -0.024424 0.357030 -0.043771
v -0.040527 0.383403 -0.049762
v -0.028202 0.361566 -0.036373
v -0.024424 0.357030 -0.043771
v -0.040527 0.383403 -0.049762
v -0.035097 0.389921 -0.039131
v -0.028202 0.361566 -0.036373
v -0.035097 0.389921 -0.039131
v -0.024424 0.366102 -0.028975
v -0.028202 0.361566 -0.036373
v -0.035097 0.389921 -0.039131
v -0.020263 0.394692 -0.031349
v -0.024424 0.366102 -0.028975
v -0.020263 0.394692 -0.031349
v -0.014101 0.369422 -0.023560
v -0.024424 0.366102 -0.028975
v -0.020263 0.394692 -0.031349
v -0.000000 0.396439 -0.028500
v -0.014101 0.369422 -0.023560
v -0.000000 0.396439 -0.028500
v -0.000000 0.370638 -0.021578
v -0.014101 0.369422 -0.023560
v -0.000000 0.396439 -0.028500
v 0.020263 0.394692 -0.031349
v -0.000000 0.370638 -0.021578
v 0.020263 0.394692 -0.031349
v 0.014101 0.369422 -0.023560
v -0.000000 0.370638 -0.021578
v 0.020263 0.394692 -0.031349
v 0.035097 0.389921 -0.039131
v 0.014101 0.369422 -0.023560
v 0.035097 0.389921 -0.039131
v 0.024424 0.366102 -0.028975
v 0.014101 0.369422 -0.023560
v 0.035097 0.389921 -0.039131
v 0.040527 0.383403 -0.049762
v 0.024424 0.366102 -0.028975
v 0.040527 0.383403 -0.049762
v 0.028202 0.361566 -0.036373
v 0.024424 0.366102 -0.028975
v 0.040527 0.383403 -0.049762
v 0.035097 0.376885 -0.060393
v 0.028202 0.361566 -0.036373
v 0.035097 0.376885 -0.060393
v 0.024424 0.357030 -0.043771
v 0.028202 0.361566 -0.036373
v 0.035097 0.376885 -0.060393
v 0.020263 0.372114 -0.068175
v 0.024424 0.357030 -0.043771
v 0.020263 0.372114 -0.068175
v 0.014101 0.353710 -0.049187
v 0.024424 0.357030 -0.043771
v 0.020263 0.372114 -0.068175
v 0.000000 0.370368 -0.071023
v 0.014101 0.353710 -0.049187
v 0.000000 0.370368 -0.071023
v 0.000000 0.352495 -0.051169
v 0.014101 0.353710 -0.049187
v 0.000000 0.352495 -0.051169
v -0.014101 0.353710 -0.049187
v 0.000000 0.343358 -0.035650
v -0.014101 0.353710 -0.049187
v -0.007232 0.343981 -0.034634
v 0.000000 0.343358 -0.035650
v -0.014101 0.353710 -0.049187
v -0.024424 0.357030 -0.043771
v -0.007232 0.343981 -0.034634
v -0.024424 0.357030 -0.043771
v -0.012526 0.345684 -0.031856
v -0.007232 0.343981 -0.034634
v -0.024424 0.357030 -0.043771
v -0.028202 0.361566 -0.036373
v -0.012526 0.345684 -0.031856
v -0.028202 0.361566 -0.036373
v -0.014464 0.348010 -0.028062
v -0.012526 0.345684 -0.031856
v -0.028202 0.361566 -0.036373
v -0.024424 0.366102 -0.028975
v -0.014464 0.348010 -0.028062
v -0.024424 0.366102 -0.028975
v -0.012526 0.350336 -0.024268
v -0.014464 0.348010 -0.028062
v -0.024424 0.366102 -0.028975
v -0.014101 0.369422 -0.023560
v -0.012526 0.350336 -0.024268
v -0.014101 0.369422 -0.023560
v -0.007232 0.352039 -0.021490
v -0.012526 0.350336 -0.024268
v -0.014101 0.369422 -0.023560
v -0.000000 0.370638 -0.021578
v -0.007232 0.352039 -0.021490
v -0.000000 0.370638 -0.021578
v -0.000000 0.352662 -0.020474
v -0.007232 0.352039 -0.021490
v -0.000000 0.370638 -0.021578
v 0.014101 0.369422 -0.023560
v -0.000000 0.352662 -0.020474
v 0.014101 0.369422 -0.023560
v 0.007232 0.352039 -0.021490
v -0.000000 0.352662 -0.020474
v 0.014101 0.369422 -0.023560
v 0.024424 0.366102 -0.028975
v 0.007232 0.352039 -0.021490
v 0.024424 0.366102 -0.028975
v 0.012526 0.350336 -0.024268
v 0.007232 0.352039 -0.021490
v 0.024424 0.366102 -0.028975
v 0.028202 0.361566 -0.036373
v 0.012526 0.350336 -0.024268
v 0.028202 0.361566 -0.036373
v 0.014464 0.348010 -0.028062
v 0.012526 0.350336 -0.024268
v 0.028202 0.361566 -0.036373
v 0.024424 0.357030 -0.043771
v 0.014464 0.348010 -0.028062
v 0.024424 0.357030 -0.043771
v 0.012526 0.345684 -0.031856
v 0.014464 0.348010 -0.028062
v 0.024424 0.357030 -0.043771
v 0.014101 0.353710 -0.049187
v 0.012526 0.345684 -0.031856
v 0.014101 0.353710 -0.049187
v 0.007232 0.343981 -0.034634
v 0.012526 0.345684 -0.031856
v 0.014101 0.353710 -0.049187
v 0.000000 0.352495 -0.051169
v 0.007232 0.343981 -0.034634
v 0.000000 0.352495 -0.051169
v 0.000000 0.343358 -0.035650
v 0.007232 0.343981 -0.034634
v 0.000000 0.343358 -0.035650
v -0.007232 0.343981 -0.034634
v 0.000000 0.343414 -0.025244
v -0.007232 0.343981 -0.034634
v 0.000000 0.343414 -0.025244
v 0.000000 0.343414 -0.025244
v -0.007232 0.343981 -0.034634
v -0.012526 0.345684 -0.031856
v 0.000000 0.343414 -0.025244
v -0.012526 0.345684 -0.031856
v 0.000000 0.343414 -0.025244
v 0.000000 0.343414 -0.025244
v -0.012526 0.345684 -0.031856
v -0.014464 0.348010 -0.028062
v 0.000000 0.343414 -0.025244
v -0.014464 0.348010 -0.028062
v 0.000000 0.343414 -0.025244
v 0.000000 0.343414 -0.025244
v -0.014464 0.348010 -0.028062
v -0.012526 0.350336 -0.024268
v 0.000000 0.343414 -0.025244
v -0.012526 0.350336 -0.024268
v 0.000000 0.343414 -0.025244
v 0.000000 0.343414 -0.025244
v -0.012526 0.350336 -0.024268
v -0.007232 0.352039 -0.021490
v 0.000000 0.343414 -0.025244
v -0.007232 0.352039 -0.021490
v 0.000000 0.343414 -0.025244
v 0.000000 0.343414 -0.025244
v -0.007232 0.352039 -0.021490
v -0.000000 0.352662 -0.020474
v 0.000000 0.343414 -0.025244
v -0.000000 0.352662 -0.020474
v 0.000000 0.343414 -0.025244
v 0.000000 0.343414 -0.025244
v -0.000000 0.352662 -0.020474
v 0.007232 0.352039 -0.021490
v 0.000000 0.343414 -0.025244
v 0.007232 0.352039 -0.021490
v 0.000000 0.343414 -0.025244
v 0.000000 0.343414 -0.025244
v 0.007232 0.352039 -0.021490
v 0.012526 0.350336 -0.024268
v 0.000000 0.343414 -0.025244
v 0.012526 0.350336 -0.024268
v 0.000000 0.343414 -0.025244
v 0.000000 0.343414 -0.025244
v 0.012526 0.350336 -0.024268
v 0.014464 0.348010 -0.028062
v 0.000000 0.343414 -0.025244
v 0.014464 0.348010 -0.028062
v 0.000000 0.343414 -0.025244
v 0.000000 0.343414 -0.025244
v 0.014464 0.348010 -0.028062
v 0.012526 0.345684 -0.031856
v 0.000000 0.343414 -0.025244
v 0.012526 0.345684 -0.031856
v 0.000000 0.343414 -0.025244
v 0.000000 0.343414 -0.025244
v 0.012526 0.345684 -0.031856
v 0.007232 0.343981 -0.034634
v 0.000000 0.343414 -0.025244
v 0.007232 0.343981 -0.034634
v 0.000000 0.343414 -0.025244
v 0.000000 0.343414 -0.025244
v 0.007232 0.343981 -0.034634
v 0.000000 0.343358 -0.035650
v 0.000000 0.343414 -0.025244
v 0.000000 0.343358 -0.035650
v 0.000000 0.343414 -0.025244
v 0.000000 0.343414 -0.025244
vt 0.197816 0.268431
vt 0.197816 0.268431
vt 0.197816 0.273438
vt 0.918290 0.569671
vt 0.917038 0.565335
vt 0.918290 0.564664
vt 0.197816 0.268431
vt 0.197816 0.268431
vt 0.196564 0.272767
vt 0.918290 0.569671
vt 0.916122 0.567167
vt 0.917038 0.565335
vt 0.197816 0.268431
vt 0.197816 0.268431
vt 0.195648 0.270934
vt 0.918290 0.569671
vt 0.915786 0.569671
vt 0.916122 0.567167
vt 0.197816 0.268431
vt 0.197816 0.268431
vt 0.195313 0.268431
vt 0.918290 0.569671
vt 0.916122 0.572174
vt 0.915786 0.569671
vt 0.197816 0.268431
vt 0.197816 0.268431
vt 0.195648 0.265927
vt 0.918290 0.569671
vt 0.917038 0.574006
vt 0.916122 0.572174
vt 0.197816 0.268431
vt 0.197816 0.268431
vt 0.196564 0.264095
vt 0.918290 0.569671
vt 0.918290 0.574677
vt 0.917038 0.574006
vt 0.197816 0.268431
vt 0.197816 0.268431
vt 0.197816 0.263424
vt 0.918290 0.569671
vt 0.919541 0.574006
vt 0.918290 0.574677
vt 0.197816 0.268431
vt 0.197816 0.268431
vt 0.199068 0.264095
vt 0.918290 0.569671
vt 0.920458 0.572174
vt 0.919541 0.574006
vt 0.197816 0.268431
vt 0.197816 0.268431
vt 0.199984 0.265927
vt 0.918290 0.569671
vt 0.920793 0.569671
vt 0.920458 0.572174
vt 0.197816 0.268431
vt 0.197816 0.268431
vt 0.200319 0.268431
vt 0.918290 0.569671
vt 0.920458 0.567167
vt 0.920793 0.569671
vt 0.197816 0.268431
vt 0.197816 0.268431
vt 0.199984 0.270934
vt 0.918290 0.569671
vt 0.919541 0.565335
vt 0.920458 0.567167
vt 0.197816 0.268431
vt 0.197816 0.268431
vt 0.199068 0.272767
vt 0.918290 0.569671
vt 0.918290 0.564664
vt 0.919541 0.565335
vt 0.619118 0.984375
vt 0.617866 0.984375
vt 0.619118 0.978273
vt 0.617866 0.984375
vt 0.616677 0.978273
vt 0.619118 0.978273
vt 0.917038 0.565335
vt 0.916122 0.567167
vt 0.915849 0.561216
vt 0.916122 0.567167
vt 0.914063 0.564789
vt 0.915849 0.561216
vt 0.585213 0.984375
vt 0.583962 0.984375
vt 0.586402 0.978273
vt 0.583962 0.984375
vt 0.583962 0.978273
vt 0.586402 0.978273
vt 0.583962 0.984375
vt 0.582710 0.984375
vt 0.583962 0.978273
vt 0.582710 0.984375
vt 0.581521 0.978273
vt 0.583962 0.978273
vt 0.916122 0.572174
vt 0.917038 0.574006
vt 0.914063 0.574552
vt 0.917038 0.574006
vt 0.915849 0.578125
vt 0.914063 0.574552
vt 0.549845 0.984375
vt 0.548594 0.984375
vt 0.551034 0.978273
vt 0.548594 0.984375
vt 0.548594 0.978273
vt 0.551034 0.978273
vt 0.548594 0.984375
vt 0.547342 0.984375
vt 0.548594 0.978273
vt 0.547342 0.984375
vt 0.546153 0.978273
vt 0.548594 0.978273
vt 0.919541 0.574006
vt 0.920458 0.572174
vt 0.920730 0.578125
vt 0.920458 0.572174
vt 0.922517 0.574552
vt 0.920730 0.578125
vt 0.518807 0.984375
vt 0.517555 0.984375
vt 0.519996 0.978273
vt 0.517555 0.984375
vt 0.517555 0.978273
vt 0.519996 0.978273
vt 0.517555 0.984375
vt 0.516304 0.984375
vt 0.517555 0.978273
vt 0.516304 0.984375
vt 0.515115 0.978273
vt 0.517555 0.978273
vt 0.920458 0.567167
vt 0.919541 0.565335
vt 0.922517 0.564789
vt 0.919541 0.565335
vt 0.920730 0.561216
vt 0.922517 0.564789
vt 0.620369 0.984375
vt 0.619118 0.984375
vt 0.621558 0.978273
vt 0.619118 0.984375
vt 0.619118 0.978273
vt 0.621558 0.978273
vt 0.619118 0.978273
vt 0.616677 0.978273
vt 0.619118 0.968445
vt 0.616677 0.978273
vt 0.615611 0.968445
vt 0.619118 0.968445
vt 0.616677 0.978273
vt 0.614891 0.978273
vt 0.615611 0.968445
vt 0.614891 0.978273
vt 0.613043 0.968445
vt 0.615611 0.968445
vt 0.586402 0.978273
vt 0.583962 0.978273
vt 0.587469 0.968445
vt 0.583962 0.978273
vt 0.583962 0.968445
vt 0.587469 0.968445
vt 0.583962 0.978273
vt 0.581521 0.978273
vt 0.583962 0.968445
vt 0.581521 0.978273
vt 0.580454 0.968445
vt 0.583962 0.968445
vt 0.581521 0.978273
vt 0.579734 0.978273
vt 0.580454 0.968445
vt 0.579734 0.978273
vt 0.577887 0.968445
vt 0.580454 0.968445
vt 0.551034 0.978273
vt 0.548594 0.978273
vt 0.552101 0.968445
vt 0.548594 0.978273
vt 0.548594 0.968445
vt 0.552101 0.968445
vt 0.548594 0.978273
vt 0.546153 0.978273
vt 0.548594 0.968445
vt 0.546153 0.978273
vt 0.545087 0.968445
vt 0.548594 0.968445
vt 0.521783 0.978273
vt 0.519996 0.978273
vt 0.523630 0.968445
vt 0.519996 0.978273
vt 0.521062 0.968445
vt 0.523630 0.968445
vt 0.519996 0.978273
vt 0.517555 0.978273
vt 0.521062 0.968445
vt 0.517555 0.978273
vt 0.517555 0.968445
vt 0.521062 0.968445
vt 0.517555 0.978273
vt 0.515115 0.978273
vt 0.517555 0.968445
vt 0.515115 0.978273
vt 0.514048 0.968445
vt 0.517555 0.968445
vt 0.515115 0.978273
vt 0.513328 0.978273
vt 0.514048 0.968445
vt 0.513328 0.978273
vt 0.511481 0.968445
vt 0.514048 0.968445
vt 0.621558 0.978273
vt 0.619118 0.978273
vt 0.622625 0.968445
vt 0.619118 0.978273
vt 0.619118 0.968445
vt 0.622625 0.968445
vt 0.619118 0.968445
vt 0.615611 0.968445
vt 0.619118 0.955381
vt 0.615611 0.968445
vt 0.614720 0.955381
vt 0.619118 0.955381
vt 0.615611 0.968445
vt 0.613043 0.968445
vt 0.614720 0.955381
vt 0.613043 0.968445
vt 0.611501 0.955381
vt 0.614720 0.955381
vt 0.587469 0.968445
vt 0.583962 0.968445
vt 0.588359 0.955381
vt 0.583962 0.968445
vt 0.583962 0.955381
vt 0.588359 0.955381
vt 0.583962 0.968445
vt 0.580454 0.968445
vt 0.583962 0.955381
vt 0.580454 0.968445
vt 0.579564 0.955381
vt 0.583962 0.955381
vt 0.580454 0.968445
vt 0.577887 0.968445
vt 0.579564 0.955381
vt 0.552101 0.968445
vt 0.552992 0.955381
vt 0.556211 0.955381
vt 0.552101 0.968445
vt 0.548594 0.968445
vt 0.552992 0.955381
vt 0.548594 0.968445
vt 0.548594 0.955381
vt 0.552992 0.955381
vt 0.548594 0.968445
vt 0.545087 0.968445
vt 0.548594 0.955381
vt 0.545087 0.968445
vt 0.544196 0.955381
vt 0.548594 0.955381
vt 0.523630 0.968445
vt 0.521062 0.968445
vt 0.525172 0.955381
vt 0.521062 0.968445
vt 0.521953 0.955381
vt 0.525172 0.955381
vt 0.521062 0.968445
vt 0.517555 0.968445
vt 0.521953 0.955381
vt 0.517555 0.968445
vt 0.517555 0.955381
vt 0.521953 0.955381
vt 0.517555 0.968445
vt 0.514048 0.968445
vt 0.517555 0.955381
vt 0.514048 0.968445
vt 0.513157 0.955381
vt 0.517555 0.955381
vt 0.514048 0.968445
vt 0.511481 0.968445
vt 0.513157 0.955381
vt 0.511481 0.968445
vt 0.509938 0.955381
vt 0.513157 0.955381
vt 0.622625 0.968445
vt 0.619118 0.968445
vt 0.623516 0.955381
vt 0.619118 0.968445
vt 0.619118 0.955381
vt 0.623516 0.955381
vt 0.619118 0.955381
vt 0.614720 0.955381
vt 0.619118 0.939739
vt 0.614720 0.955381
vt 0.614050 0.939739
vt 0.619118 0.939739
vt 0.614720 0.955381
vt 0.611501 0.955381
vt 0.614050 0.939739
vt 0.611501 0.955381
vt 0.610340 0.939739
vt 0.614050 0.939739
vt 0.588359 0.955381
vt 0.583962 0.955381
vt 0.589029 0.939739
vt 0.583962 0.955381
vt 0.583962 0.939739
vt 0.589029 0.939739
vt 0.583962 0.955381
vt 0.579564 0.955381
vt 0.583962 0.939739
vt 0.579564 0.955381
vt 0.578894 0.939739
vt 0.583962 0.939739
vt 0.579564 0.955381
vt 0.576344 0.955381
vt 0.578894 0.939739
vt 0.576344 0.955381
vt 0.575184 0.939739
vt 0.578894 0.939739
vt 0.552992 0.955381
vt 0.548594 0.955381
vt 0.553662 0.939739
vt 0.548594 0.955381
vt 0.548594 0.939739
vt 0.553662 0.939739
vt 0.548594 0.955381
vt 0.544196 0.955381
vt 0.548594 0.939739
vt 0.544196 0.955381
vt 0.543526 0.939739
vt 0.548594 0.939739
vt 0.525172 0.955381
vt 0.521953 0.955381
vt 0.526333 0.939739
vt 0.521953 0.955381
vt 0.522623 0.939739
vt 0.526333 0.939739
vt 0.521953 0.955381
vt 0.517555 0.955381
vt 0.522623 0.939739
vt 0.517555 0.955381
vt 0.517555 0.939739
vt 0.522623 0.939739
vt 0.517555 0.955381
vt 0.513157 0.955381
vt 0.517555 0.939739
vt 0.513157 0.955381
vt 0.512487 0.939739
vt 0.517555 0.939739
vt 0.513157 0.955381
vt 0.509938 0.955381
vt 0.512487 0.939739
vt 0.509938 0.955381
vt 0.508777 0.939739
vt 0.512487 0.939739
vt 0.623516 0.955381
vt 0.619118 0.955381
vt 0.624186 0.939739
vt 0.619118 0.955381
vt 0.619118 0.939739
vt 0.624186 0.939739
vt 0.619118 0.939739
vt 0.614050 0.939739
vt 0.619118 0.922301
vt 0.614050 0.939739
vt 0.613634 0.922301
vt 0.619118 0.922301
vt 0.614050 0.939739
vt 0.610340 0.939739
vt 0.613634 0.922301
vt 0.610340 0.939739
vt 0.609619 0.922301
vt 0.613634 0.922301
vt 0.589029 0.939739
vt 0.583962 0.939739
vt 0.589446 0.922301
vt 0.583962 0.939739
vt 0.583962 0.922301
vt 0.589446 0.922301
vt 0.583962 0.939739
vt 0.578894 0.939739
vt 0.583962 0.922301
vt 0.578894 0.939739
vt 0.578478 0.922301
vt 0.583962 0.922301
vt 0.578894 0.939739
vt 0.575184 0.939739
vt 0.578478 0.922301
vt 0.575184 0.939739
vt 0.574463 0.922301
vt 0.578478 0.922301
vt 0.553662 0.939739
vt 0.548594 0.939739
vt 0.554078 0.922301
vt 0.548594 0.939739
vt 0.548594 0.922301
vt 0.554078 0.922301
vt 0.548594 0.939739
vt 0.543526 0.939739
vt 0.548594 0.922301
vt 0.543526 0.939739
vt 0.543110 0.922301
vt 0.548594 0.922301
vt 0.526333 0.939739
vt 0.522623 0.939739
vt 0.527054 0.922301
vt 0.522623 0.939739
vt 0.523039 0.922301
vt 0.527054 0.922301
vt 0.522623 0.939739
vt 0.517555 0.939739
vt 0.523039 0.922301
vt 0.517555 0.939739
vt 0.517555 0.922301
vt 0.523039 0.922301
vt 0.517555 0.939739
vt 0.512487 0.939739
vt 0.517555 0.922301
vt 0.512487 0.939739
vt 0.512071 0.922301
vt 0.517555 0.922301
vt 0.512487 0.939739
vt 0.508777 0.939739
vt 0.512071 0.922301
vt 0.508777 0.939739
vt 0.508057 0.922301
vt 0.512071 0.922301
vt 0.624186 0.939739
vt 0.619118 0.939739
vt 0.624602 0.922301
vt 0.619118 0.939739
vt 0.619118 0.922301
vt 0.624602 0.922301
vt 0.619118 0.922301
vt 0.613634 0.922301
vt 0.619118 0.903943
vt 0.613634 0.922301
vt 0.613493 0.903943
vt 0.619118 0.903943
vt 0.613634 0.922301
vt 0.609619 0.922301
vt 0.613493 0.903943
vt 0.609619 0.922301
vt 0.609375 0.903943
vt 0.613493 0.903943
vt 0.589446 0.922301
vt 0.583962 0.922301
vt 0.589587 0.903943
vt 0.583962 0.922301
vt 0.583962 0.903943
vt 0.589587 0.903943
vt 0.583962 0.922301
vt 0.578478 0.922301
vt 0.583962 0.903943
vt 0.578478 0.922301
vt 0.578337 0.903943
vt 0.583962 0.903943
vt 0.578478 0.922301
vt 0.574463 0.922301
vt 0.578337 0.903943
vt 0.574463 0.922301
vt 0.574219 0.903943
vt 0.578337 0.903943
vt 0.554078 0.922301
vt 0.548594 0.922301
vt 0.554219 0.903943
vt 0.548594 0.922301
vt 0.548594 0.903943
vt 0.554219 0.903943
vt 0.548594 0.922301
vt 0.543110 0.922301
vt 0.548594 0.903943
vt 0.543110 0.922301
vt 0.542969 0.903943
vt 0.548594 0.903943
vt 0.527054 0.922301
vt 0.523039 0.922301
vt 0.527298 0.903943
vt 0.941651 0.578125
vt 0.941406 0.559767
vt 0.945524 0.559767
vt 0.523039 0.922301
vt 0.517555 0.922301
vt 0.523180 0.903943
vt 0.517555 0.922301
vt 0.517555 0.903943
vt 0.523180 0.903943
vt 0.517555 0.922301
vt 0.512071 0.922301
vt 0.517555 0.903943
vt 0.512071 0.922301
vt 0.511930 0.903943
vt 0.517555 0.903943
vt 0.512071 0.922301
vt 0.508057 0.922301
vt 0.511930 0.903943
vt 0.508057 0.922301
vt 0.507813 0.903943
vt 0.511930 0.903943
vt 0.624602 0.922301
vt 0.619118 0.922301
vt 0.624743 0.903943
vt 0.619118 0.922301
vt 0.619118 0.903943
vt 0.624743 0.903943
vt 0.619118 0.903943
vt 0.613493 0.903943
vt 0.619118 0.880372
vt 0.613493 0.903943
vt 0.613493 0.880372
vt 0.619118 0.880372
vt 0.613493 0.903943
vt 0.609375 0.903943
vt 0.613493 0.880372
vt 0.609375 0.903943
vt 0.609375 0.880372
vt 0.613493 0.880372
vt 0.589587 0.903943
vt 0.583962 0.903943
vt 0.589587 0.880372
vt 0.583962 0.903943
vt 0.583962 0.880372
vt 0.589587 0.880372
vt 0.583962 0.903943
vt 0.578337 0.903943
vt 0.583962 0.880372
vt 0.578337 0.903943
vt 0.578337 0.880372
vt 0.583962 0.880372
vt 0.578337 0.903943
vt 0.574219 0.903943
vt 0.578337 0.880372
vt 0.574219 0.903943
vt 0.574219 0.880372
vt 0.578337 0.880372
vt 0.554219 0.903943
vt 0.548594 0.903943
vt 0.554219 0.880372
vt 0.548594 0.903943
vt 0.548594 0.880372
vt 0.554219 0.880372
vt 0.548594 0.903943
vt 0.542969 0.903943
vt 0.548594 0.880372
vt 0.542969 0.903943
vt 0.542969 0.880372
vt 0.548594 0.880372
vt 0.527298 0.903943
vt 0.523180 0.903943
vt 0.527298 0.880372
vt 0.523180 0.903943
vt 0.523180 0.880372
vt 0.527298 0.880372
vt 0.523180 0.903943
vt 0.517555 0.903943
vt 0.523180 0.880372
vt 0.517555 0.903943
vt 0.517555 0.880372
vt 0.523180 0.880372
vt 0.517555 0.903943
vt 0.511930 0.903943
vt 0.517555 0.880372
vt 0.511930 0.903943
vt 0.511930 0.880372
vt 0.517555 0.880372
vt 0.511930 0.903943
vt 0.507813 0.903943
vt 0.511930 0.880372
vt 0.507813 0.903943
vt 0.507813 0.880372
vt 0.511930 0.880372
vt 0.624743 0.903943
vt 0.619118 0.903943
vt 0.624743 0.880372
vt 0.619118 0.903943
vt 0.619118 0.880372
vt 0.624743 0.880372
vt 0.619118 0.880372
vt 0.613493 0.880372
vt 0.619118 0.856801
vt 0.613493 0.880372
vt 0.613493 0.856801
vt 0.619118 0.856801
vt 0.613493 0.880372
vt 0.609375 0.880372
vt 0.613493 0.856801
vt 0.609375 0.880372
vt 0.609375 0.856801
vt 0.613493 0.856801
vt 0.589587 0.880372
vt 0.583962 0.880372
vt 0.589587 0.856801
vt 0.583962 0.880372
vt 0.583962 0.856801
vt 0.589587 0.856801
vt 0.583962 0.880372
vt 0.578337 0.880372
vt 0.583962 0.856801
vt 0.578337 0.880372
vt 0.578337 0.856801
vt 0.583962 0.856801
vt 0.578337 0.880372
vt 0.574219 0.880372
vt 0.578337 0.856801
vt 0.574219 0.880372
vt 0.574219 0.856801
vt 0.578337 0.856801
vt 0.554219 0.880372
vt 0.548594 0.880372
vt 0.554219 0.856801
vt 0.548594 0.880372
vt 0.548594 0.856801
vt 0.554219 0.856801
vt 0.548594 0.880372
vt 0.542969 0.880372
vt 0.548594 0.856801
vt 0.542969 0.880372
vt 0.542969 0.856801
vt 0.548594 0.856801
vt 0.527298 0.880372
vt 0.523180 0.880372
vt 0.527298 0.856801
vt 0.523180 0.880372
vt 0.523180 0.856801
vt 0.527298 0.856801
vt 0.523180 0.880372
vt 0.517555 0.880372
vt 0.523180 0.856801
vt 0.517555 0.880372
vt 0.517555 0.856801
vt 0.523180 0.856801
vt 0.517555 0.880372
vt 0.511930 0.880372
vt 0.517555 0.856801
vt 0.511930 0.880372
vt 0.511930 0.856801
vt 0.517555 0.856801
vt 0.511930 0.880372
vt 0.507813 0.880372
vt 0.511930 0.856801
vt 0.507813 0.880372
vt 0.507813 0.856801
vt 0.511930 0.856801
vt 0.624743 0.880372
vt 0.619118 0.880372
vt 0.624743 0.856801
vt 0.619118 0.880372
vt 0.619118 0.856801
vt 0.624743 0.856801
vt 0.619118 0.856801
vt 0.613493 0.856801
vt 0.619118 0.833229
vt 0.613493 0.856801
vt 0.613493 0.833229
vt 0.619118 0.833229
vt 0.613493 0.856801
vt 0.609375 0.856801
vt 0.613493 0.833229
vt 0.609375 0.856801
vt 0.609375 0.833229
vt 0.613493 0.833229
vt 0.589587 0.856801
vt 0.583962 0.856801
vt 0.589587 0.833229
vt 0.583962 0.856801
vt 0.583962 0.833229
vt 0.589587 0.833229
vt 0.583962 0.856801
vt 0.578337 0.856801
vt 0.583962 0.833229
vt 0.578337 0.856801
vt 0.578337 0.833229
vt 0.583962 0.833229
vt 0.578337 0.856801
vt 0.574219 0.856801
vt 0.578337 0.833229
vt 0.574219 0.856801
vt 0.574219 0.833229
vt 0.578337 0.833229
vt 0.554219 0.856801
vt 0.548594 0.856801
vt 0.554219 0.833229
vt 0.548594 0.856801
vt 0.548594 0.833229
vt 0.554219 0.833229
vt 0.548594 0.856801
vt 0.542969 0.856801
vt 0.548594 0.833229
vt 0.542969 0.856801
vt 0.542969 0.833229
vt 0.548594 0.833229
vt 0.527298 0.856801
vt 0.523180 0.856801
vt 0.527298 0.833229
vt 0.523180 0.856801
vt 0.523180 0.833229
vt 0.527298 0.833229
vt 0.523180 0.856801
vt 0.517555 0.856801
vt 0.523180 0.833229
vt 0.517555 0.856801
vt 0.517555 0.833229
vt 0.523180 0.833229
vt 0.517555 0.856801
vt 0.511930 0.856801
vt 0.517555 0.833229
vt 0.511930 0.856801
vt 0.511930 0.833229
vt 0.517555 0.833229
vt 0.511930 0.856801
vt 0.507813 0.856801
vt 0.511930 0.833229
vt 0.507813 0.856801
vt 0.507813 0.833229
vt 0.511930 0.833229
vt 0.624743 0.856801
vt 0.619118 0.856801
vt 0.624743 0.833229
vt 0.619118 0.856801
vt 0.619118 0.833229
vt 0.624743 0.833229
vt 0.619118 0.833229
vt 0.613493 0.833229
vt 0.619118 0.809658
vt 0.613493 0.833229
vt 0.613493 0.809658
vt 0.619118 0.809658
vt 0.613493 0.833229
vt 0.609375 0.833229
vt 0.613493 0.809658
vt 0.609375 0.833229
vt 0.609375 0.809658
vt 0.613493 0.809658
vt 0.589587 0.833229
vt 0.583962 0.833229
vt 0.589587 0.809658
vt 0.583962 0.833229
vt 0.583962 0.809658
vt 0.589587 0.809658
vt 0.583962 0.833229
vt 0.578337 0.833229
vt 0.583962 0.809658
vt 0.578337 0.833229
vt 0.578337 0.809658
vt 0.583962 0.809658
vt 0.578337 0.833229
vt 0.574219 0.833229
vt 0.578337 0.809658
vt 0.574219 0.833229
vt 0.574219 0.809658
vt 0.578337 0.809658
vt 0.554219 0.833229
vt 0.548594 0.833229
vt 0.554219 0.809658
vt 0.548594 0.833229
vt 0.548594 0.809658
vt 0.554219 0.809658
vt 0.548594 0.833229
vt 0.542969 0.833229
vt 0.548594 0.809658
vt 0.542969 0.833229
vt 0.542969 0.809658
vt 0.548594 0.809658
vt 0.527298 0.833229
vt 0.523180 0.833229
vt 0.527298 0.809658
vt 0.523180 0.833229
vt 0.523180 0.809658
vt 0.527298 0.809658
vt 0.523180 0.833229
vt 0.517555 0.833229
vt 0.523180 0.809658
vt 0.517555 0.833229
vt 0.517555 0.809658
vt 0.523180 0.809658
vt 0.517555 0.833229
vt 0.511930 0.833229
vt 0.517555 0.809658
vt 0.511930 0.833229
vt 0.511930 0.809658
vt 0.517555 0.809658
vt 0.511930 0.833229
vt 0.507813 0.833229
vt 0.511930 0.809658
vt 0.507813 0.833229
vt 0.507813 0.809658
vt 0.511930 0.809658
vt 0.624743 0.833229
vt 0.619118 0.833229
vt 0.624743 0.809658
vt 0.619118 0.833229
vt 0.619118 0.809658
vt 0.624743 0.809658
vt 0.619118 0.809658
vt 0.613493 0.809658
vt 0.619118 0.786086
vt 0.613493 0.809658
vt 0.613493 0.786086
vt 0.619118 0.786086
vt 0.613493 0.809658
vt 0.609375 0.809658
vt 0.613493 0.786086
vt 0.609375 0.809658
vt 0.609375 0.786086
vt 0.613493 0.786086
vt 0.589587 0.809658
vt 0.583962 0.809658
vt 0.589587 0.786086
vt 0.583962 0.809658
vt 0.583962 0.786086
vt 0.589587 0.786086
vt 0.583962 0.809658
vt 0.578337 0.809658
vt 0.583962 0.786086
vt 0.578337 0.809658
vt 0.578337 0.786086
vt 0.583962 0.786086
vt 0.578337 0.809658
vt 0.574219 0.809658
vt 0.578337 0.786086
vt 0.574219 0.809658
vt 0.574219 0.786086
vt 0.578337 0.786086
vt 0.554219 0.809658
vt 0.548594 0.809658
vt 0.554219 0.786086
vt 0.548594 0.809658
vt 0.548594 0.786086
vt 0.554219 0.786086
vt 0.548594 0.809658
vt 0.542969 0.809658
vt 0.548594 0.786086
vt 0.542969 0.809658
vt 0.542969 0.786086
vt 0.548594 0.786086
vt 0.527298 0.809658
vt 0.523180 0.809658
vt 0.527298 0.786086
vt 0.523180 0.809658
vt 0.523180 0.786086
vt 0.527298 0.786086
vt 0.523180 0.809658
vt 0.517555 0.809658
vt 0.523180 0.786086
vt 0.517555 0.809658
vt 0.517555 0.786086
vt 0.523180 0.786086
vt 0.517555 0.809658
vt 0.511930 0.809658
vt 0.517555 0.786086
vt 0.511930 0.809658
vt 0.511930 0.786086
vt 0.517555 0.786086
vt 0.511930 0.809658
vt 0.507813 0.809658
vt 0.511930 0.786086
vt 0.507813 0.809658
vt 0.507813 0.786086
vt 0.511930 0.786086
vt 0.624743 0.809658
vt 0.619118 0.809658
vt 0.624743 0.786086
vt 0.619118 0.809658
vt 0.619118 0.786086
vt 0.624743 0.786086
vt 0.619118 0.786086
vt 0.613493 0.786086
vt 0.619118 0.762515
vt 0.613493 0.786086
vt 0.613493 0.762515
vt 0.619118 0.762515
vt 0.613493 0.786086
vt 0.609375 0.786086
vt 0.613493 0.762515
vt 0.609375 0.786086
vt 0.609375 0.762515
vt 0.613493 0.762515
vt 0.589587 0.786086
vt 0.583962 0.786086
vt 0.589587 0.762515
vt 0.583962 0.786086
vt 0.583962 0.762515
vt 0.589587 0.762515
vt 0.583962 0.786086
vt 0.578337 0.786086
vt 0.583962 0.762515
vt 0.578337 0.786086
vt 0.578337 0.762515
vt 0.583962 0.762515
vt 0.578337 0.786086
vt 0.574219 0.786086
vt 0.578337 0.762515
vt 0.574219 0.786086
vt 0.574219 0.762515
vt 0.578337 0.762515
vt 0.554219 0.786086
vt 0.548594 0.786086
vt 0.554219 0.762515
vt 0.548594 0.786086
vt 0.548594 0.762515
vt 0.554219 0.762515
vt 0.548594 0.786086
vt 0.542969 0.786086
vt 0.548594 0.762515
vt 0.542969 0.786086
vt 0.542969 0.762515
vt 0.548594 0.762515
vt 0.527298 0.786086
vt 0.523180 0.786086
vt 0.527298 0.762515
vt 0.523180 0.786086
vt 0.523180 0.762515
vt 0.527298 0.762515
vt 0.523180 0.786086
vt 0.517555 0.786086
vt 0.523180 0.762515
vt 0.517555 0.786086
vt 0.517555 0.762515
vt 0.523180 0.762515
vt 0.517555 0.786086
vt 0.511930 0.786086
vt 0.517555 0.762515
vt 0.511930 0.786086
vt 0.511930 0.762515
vt 0.517555 0.762515
vt 0.511930 0.786086
vt 0.507813 0.786086
vt 0.511930 0.762515
vt 0.507813 0.786086
vt 0.507813 0.762515
vt 0.511930 0.762515
vt 0.624743 0.786086
vt 0.619118 0.786086
vt 0.624743 0.762515
vt 0.619118 0.786086
vt 0.619118 0.762515
vt 0.624743 0.762515
vt 0.619118 0.762515
vt 0.613493 0.762515
vt 0.619118 0.738943
vt 0.613493 0.762515
vt 0.613493 0.738943
vt 0.619118 0.738943
vt 0.613493 0.762515
vt 0.609375 0.762515
vt 0.613493 0.738943
vt 0.609375 0.762515
vt 0.609375 0.738943
vt 0.613493 0.738943
vt 0.589587 0.762515
vt 0.583962 0.762515
vt 0.589587 0.738943
vt 0.583962 0.762515
vt 0.583962 0.738943
vt 0.589587 0.738943
vt 0.583962 0.762515
vt 0.578337 0.762515
vt 0.583962 0.738943
vt 0.578337 0.762515
vt 0.578337 0.738943
vt 0.583962 0.738943
vt 0.578337 0.762515
vt 0.574219 0.762515
vt 0.578337 0.738943
vt 0.574219 0.762515
vt 0.574219 0.738943
vt 0.578337 0.738943
vt 0.554219 0.762515
vt 0.548594 0.762515
vt 0.554219 0.738943
vt 0.548594 0.762515
vt 0.548594 0.738943
vt 0.554219 0.738943
vt 0.548594 0.762515
vt 0.542969 0.762515
vt 0.548594 0.738943
vt 0.542969 0.762515
vt 0.542969 0.738943
vt 0.548594 0.738943
vt 0.527298 0.762515
vt 0.523180 0.762515
vt 0.527298 0.738943
vt 0.523180 0.762515
vt 0.523180 0.738943
vt 0.527298 0.738943
vt 0.523180 0.762515
vt 0.517555 0.762515
vt 0.523180 0.738943
vt 0.517555 0.762515
vt 0.517555 0.738943
vt 0.523180 0.738943
vt 0.517555 0.762515
vt 0.511930 0.762515
vt 0.517555 0.738943
vt 0.511930 0.762515
vt 0.511930 0.738943
vt 0.517555 0.738943
vt 0.511930 0.762515
vt 0.507813 0.762515
vt 0.511930 0.738943
vt 0.507813 0.762515
vt 0.507813 0.738943
vt 0.511930 0.738943
vt 0.624743 0.762515
vt 0.619118 0.762515
vt 0.624743 0.738943
vt 0.619118 0.762515
vt 0.619118 0.738943
vt 0.624743 0.738943
vt 0.619118 0.738943
vt 0.613493 0.738943
vt 0.619118 0.720585
vt 0.613493 0.738943
vt 0.613634 0.720585
vt 0.619118 0.720585
vt 0.593704 0.738943
vt 0.589587 0.738943
vt 0.593460 0.720585
vt 0.589587 0.738943
vt 0.589446 0.720585
vt 0.593460 0.720585
vt 0.589587 0.738943
vt 0.583962 0.738943
vt 0.589446 0.720585
vt 0.583962 0.738943
vt 0.583962 0.720585
vt 0.589446 0.720585
vt 0.583962 0.738943
vt 0.578337 0.738943
vt 0.583962 0.720585
vt 0.578337 0.738943
vt 0.578478 0.720585
vt 0.583962 0.720585
vt 0.578337 0.738943
vt 0.574219 0.738943
vt 0.578478 0.720585
vt 0.554219 0.738943
vt 0.554078 0.720585
vt 0.558092 0.720585
vt 0.554219 0.738943
vt 0.548594 0.738943
vt 0.554078 0.720585
vt 0.548594 0.738943
vt 0.548594 0.720585
vt 0.554078 0.720585
vt 0.548594 0.738943
vt 0.542969 0.738943
vt 0.548594 0.720585
vt 0.542969 0.738943
vt 0.543110 0.720585
vt 0.548594 0.720585
vt 0.527298 0.738943
vt 0.523180 0.738943
vt 0.527054 0.720585
vt 0.523180 0.738943
vt 0.523039 0.720585
vt 0.527054 0.720585
vt 0.523180 0.738943
vt 0.517555 0.738943
vt 0.523039 0.720585
vt 0.517555 0.738943
vt 0.517555 0.720585
vt 0.523039 0.720585
vt 0.517555 0.738943
vt 0.511930 0.738943
vt 0.517555 0.720585
vt 0.511930 0.738943
vt 0.512071 0.720585
vt 0.517555 0.720585
vt 0.511930 0.738943
vt 0.507813 0.738943
vt 0.512071 0.720585
vt 0.624743 0.738943
vt 0.624602 0.720585
vt 0.628616 0.720585
vt 0.624743 0.738943
vt 0.619118 0.738943
vt 0.624602 0.720585
vt 0.619118 0.738943
vt 0.619118 0.720585
vt 0.624602 0.720585
vt 0.619118 0.720585
vt 0.613634 0.720585
vt 0.619118 0.703148
vt 0.613634 0.720585
vt 0.614050 0.703148
vt 0.619118 0.703148
vt 0.613634 0.720585
vt 0.609619 0.720585
vt 0.614050 0.703148
vt 0.589446 0.720585
vt 0.589029 0.703148
vt 0.592739 0.703148
vt 0.589446 0.720585
vt 0.583962 0.720585
vt 0.589029 0.703148
vt 0.583962 0.720585
vt 0.583962 0.703148
vt 0.589029 0.703148
vt 0.583962 0.720585
vt 0.578478 0.720585
vt 0.583962 0.703148
vt 0.578478 0.720585
vt 0.578894 0.703148
vt 0.583962 0.703148
vt 0.578478 0.720585
vt 0.574463 0.720585
vt 0.578894 0.703148
vt 0.554078 0.720585
vt 0.553662 0.703148
vt 0.557372 0.703148
vt 0.554078 0.720585
vt 0.548594 0.720585
vt 0.553662 0.703148
vt 0.548594 0.720585
vt 0.548594 0.703148
vt 0.553662 0.703148
vt 0.548594 0.720585
vt 0.543110 0.720585
vt 0.548594 0.703148
vt 0.543110 0.720585
vt 0.543526 0.703148
vt 0.548594 0.703148
vt 0.527054 0.720585
vt 0.523039 0.720585
vt 0.526333 0.703148
vt 0.523039 0.720585
vt 0.522623 0.703148
vt 0.526333 0.703148
vt 0.523039 0.720585
vt 0.517555 0.720585
vt 0.522623 0.703148
vt 0.517555 0.720585
vt 0.517555 0.703148
vt 0.522623 0.703148
vt 0.517555 0.720585
vt 0.512071 0.720585
vt 0.517555 0.703148
vt 0.512071 0.720585
vt 0.512487 0.703148
vt 0.517555 0.703148
vt 0.512071 0.720585
vt 0.508057 0.720585
vt 0.512487 0.703148
vt 0.624602 0.720585
vt 0.624186 0.703148
vt 0.627896 0.703148
vt 0.624602 0.720585
vt 0.619118 0.720585
vt 0.624186 0.703148
vt 0.619118 0.720585
vt 0.619118 0.703148
vt 0.624186 0.703148
vt 0.619118 0.703148
vt 0.614050 0.703148
vt 0.619118 0.687506
vt 0.614050 0.703148
vt 0.614720 0.687506
vt 0.619118 0.687506
vt 0.614050 0.703148
vt 0.610340 0.703148
vt 0.614720 0.687506
vt 0.610340 0.703148
vt 0.611501 0.687506
vt 0.614720 0.687506
vt 0.589029 0.703148
vt 0.583962 0.703148
vt 0.588359 0.687506
vt 0.583962 0.703148
vt 0.583962 0.687506
vt 0.588359 0.687506
vt 0.583962 0.703148
vt 0.578894 0.703148
vt 0.583962 0.687506
vt 0.578894 0.703148
vt 0.579564 0.687506
vt 0.583962 0.687506
vt 0.578894 0.703148
vt 0.575184 0.703148
vt 0.579564 0.687506
vt 0.575184 0.703148
vt 0.576344 0.687506
vt 0.579564 0.687506
vt 0.553662 0.703148
vt 0.548594 0.703148
vt 0.552992 0.687506
vt 0.548594 0.703148
vt 0.548594 0.687506
vt 0.552992 0.687506
vt 0.548594 0.703148
vt 0.543526 0.703148
vt 0.548594 0.687506
vt 0.543526 0.703148
vt 0.544196 0.687506
vt 0.548594 0.687506
vt 0.526333 0.703148
vt 0.522623 0.703148
vt 0.525172 0.687506
vt 0.522623 0.703148
vt 0.521953 0.687506
vt 0.525172 0.687506
vt 0.522623 0.703148
vt 0.517555 0.703148
vt 0.521953 0.687506
vt 0.517555 0.703148
vt 0.517555 0.687506
vt 0.521953 0.687506
vt 0.517555 0.703148
vt 0.512487 0.703148
vt 0.517555 0.687506
vt 0.512487 0.703148
vt 0.513157 0.687506
vt 0.517555 0.687506
vt 0.512487 0.703148
vt 0.508777 0.703148
vt 0.513157 0.687506
vt 0.508777 0.703148
vt 0.509938 0.687506
vt 0.513157 0.687506
vt 0.624186 0.703148
vt 0.619118 0.703148
vt 0.623516 0.687506
vt 0.619118 0.703148
vt 0.619118 0.687506
vt 0.623516 0.687506
vt 0.619118 0.687506
vt 0.614720 0.687506
vt 0.619118 0.674442
vt 0.614720 0.687506
vt 0.615611 0.674442
vt 0.619118 0.674442
vt 0.614720 0.687506
vt 0.611501 0.687506
vt 0.615611 0.674442
vt 0.611501 0.687506
vt 0.613043 0.674442
vt 0.615611 0.674442
vt 0.588359 0.687506
vt 0.583962 0.687506
vt 0.587469 0.674442
vt 0.583962 0.687506
vt 0.583962 0.674442
vt 0.587469 0.674442
vt 0.583962 0.687506
vt 0.579564 0.687506
vt 0.583962 0.674442
vt 0.579564 0.687506
vt 0.580454 0.674442
vt 0.583962 0.674442
vt 0.579564 0.687506
vt 0.576344 0.687506
vt 0.580454 0.674442
vt 0.576344 0.687506
vt 0.577887 0.674442
vt 0.580454 0.674442
vt 0.552992 0.687506
vt 0.548594 0.687506
vt 0.552101 0.674442
vt 0.548594 0.687506
vt 0.548594 0.674442
vt 0.552101 0.674442
vt 0.548594 0.687506
vt 0.544196 0.687506
vt 0.548594 0.674442
vt 0.544196 0.687506
vt 0.545087 0.674442
vt 0.548594 0.674442
vt 0.525172 0.687506
vt 0.521953 0.687506
vt 0.523630 0.674442
vt 0.521953 0.687506
vt 0.521062 0.674442
vt 0.523630 0.674442
vt 0.521953 0.687506
vt 0.517555 0.687506
vt 0.521062 0.674442
vt 0.517555 0.687506
vt 0.517555 0.674442
vt 0.521062 0.674442
vt 0.517555 0.687506
vt 0.513157 0.687506
vt 0.517555 0.674442
vt 0.513157 0.687506
vt 0.514048 0.674442
vt 0.517555 0.674442
vt 0.513157 0.687506
vt 0.509938 0.687506
vt 0.514048 0.674442
vt 0.509938 0.687506
vt 0.511481 0.674442
vt 0.514048 0.674442
vt 0.623516 0.687506
vt 0.619118 0.687506
vt 0.622625 0.674442
vt 0.619118 0.687506
vt 0.619118 0.674442
vt 0.622625 0.674442
vt 0.619118 0.674442
vt 0.615611 0.674442
vt 0.619118 0.664614
vt 0.615611 0.674442
vt 0.616677 0.664614
vt 0.619118 0.664614
vt 0.615611 0.674442
vt 0.613043 0.674442
vt 0.616677 0.664614
vt 0.613043 0.674442
vt 0.614891 0.664614
vt 0.616677 0.664614
vt 0.587469 0.674442
vt 0.583962 0.674442
vt 0.586402 0.664614
vt 0.583962 0.674442
vt 0.583962 0.664614
vt 0.586402 0.664614
vt 0.583962 0.674442
vt 0.580454 0.674442
vt 0.583962 0.664614
vt 0.580454 0.674442
vt 0.581521 0.664614
vt 0.583962 0.664614
vt 0.580454 0.674442
vt 0.577887 0.674442
vt 0.581521 0.664614
vt 0.552101 0.674442
vt 0.551034 0.664614
vt 0.552821 0.664614
vt 0.552101 0.674442
vt 0.548594 0.674442
vt 0.551034 0.664614
vt 0.548594 0.674442
vt 0.548594 0.664614
vt 0.551034 0.664614
vt 0.548594 0.674442
vt 0.545087 0.674442
vt 0.548594 0.664614
vt 0.545087 0.674442
vt 0.546153 0.664614
vt 0.548594 0.664614
vt 0.523630 0.674442
vt 0.521062 0.674442
vt 0.521783 0.664614
vt 0.521062 0.674442
vt 0.519996 0.664614
vt 0.521783 0.664614
vt 0.521062 0.674442
vt 0.517555 0.674442
vt 0.519996 0.664614
vt 0.517555 0.674442
vt 0.517555 0.664614
vt 0.519996 0.664614
vt 0.517555 0.674442
vt 0.514048 0.674442
vt 0.517555 0.664614
vt 0.514048 0.674442
vt 0.515115 0.664614
vt 0.517555 0.664614
vt 0.514048 0.674442
vt 0.511481 0.674442
vt 0.515115 0.664614
vt 0.622625 0.674442
vt 0.621558 0.664614
vt 0.623345 0.664614
vt 0.622625 0.674442
vt 0.619118 0.674442
vt 0.621558 0.664614
vt 0.619118 0.674442
vt 0.619118 0.664614
vt 0.621558 0.664614
vt 0.619118 0.664614
vt 0.616677 0.664614
vt 0.619118 0.658512
vt 0.616677 0.664614
vt 0.617866 0.658512
vt 0.619118 0.658512
vt 0.966630 0.578125
vt 0.964844 0.574552
vt 0.967819 0.574006
vt 0.964844 0.574552
vt 0.966903 0.572174
vt 0.967819 0.574006
vt 0.586402 0.664614
vt 0.583962 0.664614
vt 0.585213 0.658512
vt 0.583962 0.664614
vt 0.583962 0.658512
vt 0.585213 0.658512
vt 0.583962 0.664614
vt 0.581521 0.664614
vt 0.583962 0.658512
vt 0.581521 0.664614
vt 0.582710 0.658512
vt 0.583962 0.658512
vt 0.964844 0.564789
vt 0.966630 0.561216
vt 0.966903 0.567167
vt 0.966630 0.561216
vt 0.967819 0.565335
vt 0.966903 0.567167
vt 0.551034 0.664614
vt 0.548594 0.664614
vt 0.549845 0.658512
vt 0.548594 0.664614
vt 0.548594 0.658512
vt 0.549845 0.658512
vt 0.548594 0.664614
vt 0.546153 0.664614
vt 0.548594 0.658512
vt 0.546153 0.664614
vt 0.547342 0.658512
vt 0.548594 0.658512
vt 0.971512 0.561216
vt 0.973298 0.564789
vt 0.970323 0.565335
vt 0.973298 0.564789
vt 0.971239 0.567167
vt 0.970323 0.565335
vt 0.519996 0.664614
vt 0.517555 0.664614
vt 0.518807 0.658512
vt 0.517555 0.664614
vt 0.517555 0.658512
vt 0.518807 0.658512
vt 0.517555 0.664614
vt 0.515115 0.664614
vt 0.517555 0.658512
vt 0.515115 0.664614
vt 0.516304 0.658512
vt 0.517555 0.658512
vt 0.973298 0.574552
vt 0.971512 0.578125
vt 0.971239 0.572174
vt 0.971512 0.578125
vt 0.970323 0.574006
vt 0.971239 0.572174
vt 0.621558 0.664614
vt 0.619118 0.664614
vt 0.620369 0.658512
vt 0.619118 0.664614
vt 0.619118 0.658512
vt 0.620369 0.658512
vt 0.969071 0.574677
vt 0.967819 0.574006
vt 0.969071 0.569671
vt 0.967819 0.574006
vt 0.969071 0.569671
vt 0.969071 0.569671
vt 0.967819 0.574006
vt 0.966903 0.572174
vt 0.969071 0.569671
vt 0.966903 0.572174
vt 0.969071 0.569671
vt 0.969071 0.569671
vt 0.966903 0.572174
vt 0.966568 0.569671
vt 0.969071 0.569671
vt 0.966568 0.569671
vt 0.969071 0.569671
vt 0.969071 0.569671
vt 0.966568 0.569671
vt 0.966903 0.567167
vt 0.969071 0.569671
vt 0.966903 0.567167
vt 0.969071 0.569671
vt 0.969071 0.569671
vt 0.966903 0.567167
vt 0.967819 0.565335
vt 0.969071 0.569671
vt 0.967819 0.565335
vt 0.969071 0.569671
vt 0.969071 0.569671
vt 0.967819 0.565335
vt 0.969071 0.564664
vt 0.969071 0.569671
vt 0.969071 0.564664
vt 0.969071 0.569671
vt 0.969071 0.569671
vt 0.969071 0.564664
vt 0.970323 0.565335
vt 0.969071 0.569671
vt 0.970323 0.565335
vt 0.969071 0.569671
vt 0.969071 0.569671
vt 0.970323 0.565335
vt 0.971239 0.567167
vt 0.969071 0.569671
vt 0.971239 0.567167
vt 0.969071 0.569671
vt 0.969071 0.569671
vt 0.971239 0.567167
vt 0.971574 0.569671
vt 0.969071 0.569671
vt 0.971574 0.569671
vt 0.969071 0.569671
vt 0.969071 0.569671
vt 0.971574 0.569671
vt 0.971239 0.572174
vt 0.969071 0.569671
vt 0.971239 0.572174
vt 0.969071 0.569671
vt 0.969071 0.569671
vt 0.971239 0.572174
vt 0.970323 0.574006
vt 0.969071 0.569671
vt 0.970323 0.574006
vt 0.969071 0.569671
vt 0.969071 0.569671
vt 0.970323 0.574006
vt 0.969071 0.574677
vt 0.969071 0.569671
vt 0.969071 0.574677
vt 0.969071 0.569671
vt 0.969071 0.569671
vt 0.485871 0.269411
vt 0.485871 0.269411
vt 0.486347 0.273438
vt 0.008377 0.270051
vt 0.007813 0.266453
vt 0.008853 0.266025
vt 0.485871 0.269411
vt 0.485871 0.269411
vt 0.485307 0.273010
vt 0.802192 0.578125
vt 0.803338 0.573906
vt 0.803991 0.575334
vt 0.485871 0.269411
vt 0.485871 0.269411
vt 0.484585 0.271703
vt 0.802192 0.578125
vt 0.802420 0.573191
vt 0.803338 0.573906
vt 0.485871 0.269411
vt 0.485871 0.269411
vt 0.484375 0.269868
vt 0.802192 0.578125
vt 0.801485 0.573382
vt 0.802420 0.573191
vt 0.485871 0.269411
vt 0.485871 0.269411
vt 0.484733 0.267997
vt 0.802192 0.578125
vt 0.800781 0.574426
vt 0.801485 0.573382
vt 0.485871 0.269411
vt 0.485871 0.269411
vt 0.485564 0.266590
vt 0.651710 0.577019
vt 0.650937 0.574938
vt 0.652018 0.573320
vt 0.485871 0.269411
vt 0.485871 0.269411
vt 0.486645 0.266025
vt 0.008377 0.270051
vt 0.010191 0.273010
vt 0.009150 0.273438
vt 0.485871 0.269411
vt 0.485871 0.269411
vt 0.487685 0.266453
vt 0.008377 0.270051
vt 0.010913 0.271703
vt 0.010191 0.273010
vt 0.485871 0.269411
vt 0.485871 0.269411
vt 0.488407 0.267759
vt 0.008377 0.270051
vt 0.011123 0.269868
vt 0.010913 0.271703
vt 0.485871 0.269411
vt 0.485871 0.269411
vt 0.488617 0.269594
vt 0.008377 0.270051
vt 0.010764 0.267997
vt 0.011123 0.269868
vt 0.485871 0.269411
vt 0.485871 0.269411
vt 0.488259 0.271465
vt 0.008377 0.270051
vt 0.009934 0.266590
vt 0.010764 0.267997
vt 0.485871 0.269411
vt 0.485871 0.269411
vt 0.487428 0.272872
vt 0.008377 0.270051
vt 0.008853 0.266025
vt 0.009934 0.266590
vt 0.431423 0.576507
vt 0.430382 0.574748
vt 0.433124 0.572413
vt 0.430382 0.574748
vt 0.431095 0.568984
vt 0.433124 0.572413
vt 0.803991 0.575334
vt 0.803338 0.573906
vt 0.806020 0.569570
vt 0.803338 0.573906
vt 0.804747 0.566785
vt 0.806020 0.569570
vt 0.803338 0.573906
vt 0.802420 0.573191
vt 0.804747 0.566785
vt 0.802420 0.573191
vt 0.802958 0.565392
vt 0.804747 0.566785
vt 0.802420 0.573191
vt 0.801485 0.573382
vt 0.802958 0.565392
vt 0.801485 0.573382
vt 0.801133 0.565764
vt 0.802958 0.565392
vt 0.652848 0.572276
vt 0.652018 0.573320
vt 0.652680 0.564657
vt 0.652018 0.573320
vt 0.651060 0.566694
vt 0.652680 0.564657
vt 0.652018 0.573320
vt 0.650937 0.574938
vt 0.651060 0.566694
vt 0.650937 0.574938
vt 0.648953 0.569849
vt 0.651060 0.566694
vt 0.650937 0.574938
vt 0.649897 0.576697
vt 0.648953 0.569849
vt 0.649897 0.576697
vt 0.646924 0.573279
vt 0.648953 0.569849
vt 0.649897 0.576697
vt 0.649175 0.578125
vt 0.646924 0.573279
vt 0.649175 0.578125
vt 0.645516 0.576063
vt 0.646924 0.573279
vt 0.010913 0.271703
vt 0.011123 0.269868
vt 0.014571 0.272632
vt 0.011123 0.269868
vt 0.014980 0.269054
vt 0.014571 0.272632
vt 0.011123 0.269868
vt 0.010764 0.267997
vt 0.014980 0.269054
vt 0.010764 0.267997
vt 0.014281 0.265405
vt 0.014980 0.269054
vt 0.010764 0.267997
vt 0.009934 0.266590
vt 0.014281 0.265405
vt 0.009934 0.266590
vt 0.012662 0.262662
vt 0.014281 0.265405
vt 0.432503 0.578125
vt 0.431423 0.576507
vt 0.435231 0.575569
vt 0.431423 0.576507
vt 0.433124 0.572413
vt 0.435231 0.575569
vt 0.433124 0.572413
vt 0.431095 0.568984
vt 0.435966 0.565464
vt 0.431095 0.568984
vt 0.433051 0.560536
vt 0.435966 0.565464
vt 0.431095 0.568984
vt 0.429688 0.566199
vt 0.433051 0.560536
vt 0.429688 0.566199
vt 0.431028 0.556535
vt 0.433051 0.560536
vt 0.804747 0.566785
vt 0.802958 0.565392
vt 0.806348 0.557121
vt 0.802958 0.565392
vt 0.803777 0.555119
vt 0.806348 0.557121
vt 0.802958 0.565392
vt 0.801133 0.565764
vt 0.803777 0.555119
vt 0.801133 0.565764
vt 0.801155 0.555652
vt 0.803777 0.555119
vt 0.652680 0.564657
vt 0.651060 0.566694
vt 0.651213 0.554546
vt 0.651060 0.566694
vt 0.648885 0.557472
vt 0.651213 0.554546
vt 0.651060 0.566694
vt 0.648953 0.569849
vt 0.648885 0.557472
vt 0.648953 0.569849
vt 0.645858 0.562007
vt 0.648885 0.557472
vt 0.648953 0.569849
vt 0.646924 0.573279
vt 0.645858 0.562007
vt 0.646924 0.573279
vt 0.642942 0.566935
vt 0.645858 0.562007
vt 0.646924 0.573279
vt 0.645516 0.576063
vt 0.642942 0.566935
vt 0.645516 0.576063
vt 0.640919 0.570936
vt 0.642942 0.566935
vt 0.014571 0.272632
vt 0.014980 0.269054
vt 0.019168 0.272791
vt 0.014980 0.269054
vt 0.019756 0.267650
vt 0.019168 0.272791
vt 0.014980 0.269054
vt 0.014281 0.265405
vt 0.019756 0.267650
vt 0.014281 0.265405
vt 0.018752 0.262406
vt 0.019756 0.267650
vt 0.014281 0.265405
vt 0.012662 0.262662
vt 0.018752 0.262406
vt 0.012662 0.262662
vt 0.016424 0.258464
vt 0.018752 0.262406
vt 0.435231 0.575569
vt 0.433124 0.572413
vt 0.438994 0.569998
vt 0.433124 0.572413
vt 0.435966 0.565464
vt 0.438994 0.569998
vt 0.435966 0.565464
vt 0.433051 0.560536
vt 0.439806 0.556007
vt 0.433051 0.560536
vt 0.436150 0.549827
vt 0.439806 0.556007
vt 0.433051 0.560536
vt 0.431028 0.556535
vt 0.436150 0.549827
vt 0.431028 0.556535
vt 0.433613 0.544810
vt 0.436150 0.549827
vt 0.806348 0.557121
vt 0.803777 0.555119
vt 0.808061 0.545396
vt 0.803777 0.555119
vt 0.804837 0.542886
vt 0.808061 0.545396
vt 0.803777 0.555119
vt 0.801155 0.555652
vt 0.804837 0.542886
vt 0.801155 0.555652
vt 0.801549 0.543555
vt 0.804837 0.542886
vt 0.651213 0.554546
vt 0.648885 0.557472
vt 0.648522 0.542449
vt 0.648885 0.557472
vt 0.645603 0.546118
vt 0.648522 0.542449
vt 0.648885 0.557472
vt 0.645858 0.562007
vt 0.645603 0.546118
vt 0.645858 0.562007
vt 0.641807 0.551805
vt 0.645603 0.546118
vt 0.645858 0.562007
vt 0.642942 0.566935
vt 0.641807 0.551805
vt 0.642942 0.566935
vt 0.638151 0.557984
vt 0.641807 0.551805
vt 0.642942 0.566935
vt 0.640919 0.570936
vt 0.638151 0.557984
vt 0.640919 0.570936
vt 0.635614 0.563001
vt 0.638151 0.557984
vt 0.019168 0.272791
vt 0.019756 0.267650
vt 0.024474 0.272172
vt 0.019756 0.267650
vt 0.025211 0.265725
vt 0.024474 0.272172
vt 0.019756 0.267650
vt 0.018752 0.262406
vt 0.025211 0.265725
vt 0.018752 0.262406
vt 0.023952 0.259149
vt 0.025211 0.265725
vt 0.441321 0.572924
vt 0.438994 0.569998
vt 0.446521 0.565362
vt 0.438994 0.569998
vt 0.443602 0.561693
vt 0.446521 0.565362
vt 0.438994 0.569998
vt 0.435966 0.565464
vt 0.443602 0.561693
vt 0.435966 0.565464
vt 0.439806 0.556007
vt 0.443602 0.561693
vt 0.439806 0.556007
vt 0.436150 0.549827
vt 0.444451 0.544517
vt 0.436150 0.549827
vt 0.440238 0.537396
vt 0.444451 0.544517
vt 0.436150 0.549827
vt 0.433613 0.544810
vt 0.440238 0.537396
vt 0.433613 0.544810
vt 0.437315 0.531614
vt 0.440238 0.537396
vt 0.808061 0.545396
vt 0.804837 0.542886
vt 0.809799 0.532200
vt 0.804837 0.542886
vt 0.806085 0.529307
vt 0.809799 0.532200
vt 0.804837 0.542886
vt 0.801549 0.543555
vt 0.806085 0.529307
vt 0.801549 0.543555
vt 0.802296 0.530079
vt 0.806085 0.529307
vt 0.648522 0.542449
vt 0.645603 0.546118
vt 0.644741 0.528972
vt 0.645603 0.546118
vt 0.641377 0.533201
vt 0.644741 0.528972
vt 0.645603 0.546118
vt 0.641807 0.551805
vt 0.641377 0.533201
vt 0.641807 0.551805
vt 0.637003 0.539753
vt 0.641377 0.533201
vt 0.641807 0.551805
vt 0.638151 0.557984
vt 0.637003 0.539753
vt 0.638151 0.557984
vt 0.632789 0.546875
vt 0.637003 0.539753
vt 0.638151 0.557984
vt 0.635614 0.563001
vt 0.632789 0.546875
vt 0.635614 0.563001
vt 0.629866 0.552656
vt 0.632789 0.546875
vt 0.024474 0.272172
vt 0.025211 0.265725
vt 0.030221 0.270806
vt 0.025211 0.265725
vt 0.031071 0.263377
vt 0.030221 0.270806
vt 0.025211 0.265725
vt 0.023952 0.259149
vt 0.031071 0.263377
vt 0.023952 0.259149
vt 0.029620 0.255799
vt 0.031071 0.263377
vt 0.446521 0.565362
vt 0.443602 0.561693
vt 0.452189 0.555298
vt 0.443602 0.561693
vt 0.448826 0.551070
vt 0.452189 0.555298
vt 0.443602 0.561693
vt 0.439806 0.556007
vt 0.448826 0.551070
vt 0.439806 0.556007
vt 0.444451 0.544517
vt 0.448826 0.551070
vt 0.444451 0.544517
vt 0.440238 0.537396
vt 0.449668 0.531570
vt 0.440238 0.537396
vt 0.445109 0.523864
vt 0.449668 0.531570
vt 0.440238 0.537396
vt 0.437315 0.531614
vt 0.445109 0.523864
vt 0.437315 0.531614
vt 0.441946 0.517608
vt 0.445109 0.523864
vt 0.809799 0.532200
vt 0.806085 0.529307
vt 0.811477 0.518194
vt 0.806085 0.529307
vt 0.807457 0.515064
vt 0.811477 0.518194
vt 0.806085 0.529307
vt 0.802296 0.530079
vt 0.807457 0.515064
vt 0.802296 0.530079
vt 0.803357 0.515898
vt 0.807457 0.515064
vt 0.644741 0.528972
vt 0.641377 0.533201
vt 0.640060 0.514792
vt 0.641377 0.533201
vt 0.636420 0.519368
vt 0.640060 0.514792
vt 0.641377 0.533201
vt 0.637003 0.539753
vt 0.636420 0.519368
vt 0.637003 0.539753
vt 0.631687 0.526458
vt 0.636420 0.519368
vt 0.637003 0.539753
vt 0.632789 0.546875
vt 0.631687 0.526458
vt 0.632789 0.546875
vt 0.627127 0.534164
vt 0.631687 0.526458
vt 0.632789 0.546875
vt 0.629866 0.552656
vt 0.627127 0.534164
vt 0.629866 0.552656
vt 0.623964 0.540420
vt 0.627127 0.534164
vt 0.785144 0.575232
vt 0.781429 0.578125
vt 0.784122 0.562996
vt 0.781429 0.578125
vt 0.780102 0.566126
vt 0.784122 0.562996
vt 0.031071 0.263377
vt 0.029620 0.255799
vt 0.037043 0.260723
vt 0.029620 0.255799
vt 0.035472 0.252523
vt 0.037043 0.260723
vt 0.452189 0.555298
vt 0.448826 0.551070
vt 0.458042 0.543236
vt 0.448826 0.551070
vt 0.454402 0.538661
vt 0.458042 0.543236
vt 0.448826 0.551070
vt 0.444451 0.544517
vt 0.454402 0.538661
vt 0.444451 0.544517
vt 0.449668 0.531570
vt 0.454402 0.538661
vt 0.449668 0.531570
vt 0.445109 0.523864
vt 0.455196 0.517815
vt 0.445109 0.523864
vt 0.450520 0.509912
vt 0.455196 0.517815
vt 0.445109 0.523864
vt 0.441946 0.517608
vt 0.450520 0.509912
vt 0.441946 0.517608
vt 0.447275 0.503494
vt 0.450520 0.509912
vt 0.811477 0.518194
vt 0.807457 0.515064
vt 0.813009 0.504080
vt 0.807457 0.515064
vt 0.808886 0.500870
vt 0.813009 0.504080
vt 0.807457 0.515064
vt 0.803357 0.515898
vt 0.808886 0.500870
vt 0.803357 0.515898
vt 0.804681 0.501726
vt 0.808886 0.500870
vt 0.640060 0.514792
vt 0.636420 0.519368
vt 0.634714 0.500619
vt 0.636420 0.519368
vt 0.630981 0.505313
vt 0.634714 0.500619
vt 0.636420 0.519368
vt 0.631687 0.526458
vt 0.630981 0.505313
vt 0.631687 0.526458
vt 0.626125 0.512585
vt 0.630981 0.505313
vt 0.631687 0.526458
vt 0.627127 0.534164
vt 0.626125 0.512585
vt 0.627127 0.534164
vt 0.621449 0.520489
vt 0.626125 0.512585
vt 0.627127 0.534164
vt 0.623964 0.540420
vt 0.621449 0.520489
vt 0.623964 0.540420
vt 0.618204 0.526906
vt 0.621449 0.520489
vt 0.784122 0.562996
vt 0.780102 0.566126
vt 0.782812 0.549482
vt 0.780102 0.566126
vt 0.778689 0.552693
vt 0.782812 0.549482
vt 0.780102 0.566126
vt 0.776002 0.565292
vt 0.778689 0.552693
vt 0.776002 0.565292
vt 0.774484 0.551837
vt 0.778689 0.552693
vt 0.458042 0.543236
vt 0.454402 0.538661
vt 0.463785 0.529782
vt 0.454402 0.538661
vt 0.460052 0.525088
vt 0.463785 0.529782
vt 0.454402 0.538661
vt 0.449668 0.531570
vt 0.460052 0.525088
vt 0.449668 0.531570
vt 0.455196 0.517815
vt 0.460052 0.525088
vt 0.455196 0.517815
vt 0.450520 0.509912
vt 0.462316 0.500079
vt 0.450520 0.509912
vt 0.457639 0.492175
vt 0.462316 0.500079
vt 0.450520 0.509912
vt 0.447275 0.503494
vt 0.457639 0.492175
vt 0.447275 0.503494
vt 0.454395 0.485758
vt 0.457639 0.492175
vt 0.813009 0.504080
vt 0.808886 0.500870
vt 0.814833 0.486344
vt 0.808886 0.500870
vt 0.810711 0.483133
vt 0.814833 0.486344
vt 0.808886 0.500870
vt 0.804681 0.501726
vt 0.810711 0.483133
vt 0.804681 0.501726
vt 0.806505 0.483989
vt 0.810711 0.483133
vt 0.634714 0.500619
vt 0.630981 0.505313
vt 0.627595 0.482883
vt 0.630981 0.505313
vt 0.623861 0.487576
vt 0.627595 0.482883
vt 0.630981 0.505313
vt 0.626125 0.512585
vt 0.623861 0.487576
vt 0.626125 0.512585
vt 0.619006 0.494849
vt 0.623861 0.487576
vt 0.626125 0.512585
vt 0.621449 0.520489
vt 0.619006 0.494849
vt 0.621449 0.520489
vt 0.614329 0.502753
vt 0.619006 0.494849
vt 0.621449 0.520489
vt 0.618204 0.526906
vt 0.614329 0.502753
vt 0.618204 0.526906
vt 0.611085 0.509170
vt 0.614329 0.502753
vt 0.782812 0.549482
vt 0.778689 0.552693
vt 0.780987 0.531746
vt 0.778689 0.552693
vt 0.776865 0.534957
vt 0.780987 0.531746
vt 0.778689 0.552693
vt 0.774484 0.551837
vt 0.776865 0.534957
vt 0.774484 0.551837
vt 0.772659 0.534101
vt 0.776865 0.534957
vt 0.463785 0.529782
vt 0.460052 0.525088
vt 0.470904 0.512045
vt 0.460052 0.525088
vt 0.467171 0.507352
vt 0.470904 0.512045
vt 0.460052 0.525088
vt 0.455196 0.517815
vt 0.467171 0.507352
vt 0.455196 0.517815
vt 0.462316 0.500079
vt 0.467171 0.507352
vt 0.462316 0.500079
vt 0.457639 0.492175
vt 0.469435 0.482342
vt 0.457639 0.492175
vt 0.464758 0.474438
vt 0.469435 0.482342
vt 0.457639 0.492175
vt 0.454395 0.485758
vt 0.464758 0.474438
vt 0.454395 0.485758
vt 0.461514 0.468021
vt 0.464758 0.474438
vt 0.814833 0.486344
vt 0.810711 0.483133
vt 0.816658 0.468607
vt 0.810711 0.483133
vt 0.812535 0.465396
vt 0.816658 0.468607
vt 0.810711 0.483133
vt 0.806505 0.483989
vt 0.812535 0.465396
vt 0.806505 0.483989
vt 0.808330 0.466252
vt 0.812535 0.465396
vt 0.627595 0.482883
vt 0.623861 0.487576
vt 0.620475 0.465146
vt 0.623861 0.487576
vt 0.616742 0.469839
vt 0.620475 0.465146
vt 0.623861 0.487576
vt 0.619006 0.494849
vt 0.616742 0.469839
vt 0.619006 0.494849
vt 0.611887 0.477112
vt 0.616742 0.469839
vt 0.619006 0.494849
vt 0.614329 0.502753
vt 0.611887 0.477112
vt 0.614329 0.502753
vt 0.607210 0.485016
vt 0.611887 0.477112
vt 0.614329 0.502753
vt 0.611085 0.509170
vt 0.607210 0.485016
vt 0.611085 0.509170
vt 0.603966 0.491433
vt 0.607210 0.485016
vt 0.780987 0.531746
vt 0.776865 0.534957
vt 0.779163 0.514009
vt 0.776865 0.534957
vt 0.775040 0.517220
vt 0.779163 0.514009
vt 0.776865 0.534957
vt 0.772659 0.534101
vt 0.775040 0.517220
vt 0.772659 0.534101
vt 0.770835 0.516364
vt 0.775040 0.517220
vt 0.470904 0.512045
vt 0.467171 0.507352
vt 0.478024 0.494308
vt 0.467171 0.507352
vt 0.474290 0.489615
vt 0.478024 0.494308
vt 0.467171 0.507352
vt 0.462316 0.500079
vt 0.474290 0.489615
vt 0.462316 0.500079
vt 0.469435 0.482342
vt 0.474290 0.489615
vt 0.469435 0.482342
vt 0.464758 0.474438
vt 0.476554 0.464605
vt 0.464758 0.474438
vt 0.471878 0.456701
vt 0.476554 0.464605
vt 0.464758 0.474438
vt 0.461514 0.468021
vt 0.471878 0.456701
vt 0.461514 0.468021
vt 0.468633 0.450284
vt 0.471878 0.456701
vt 0.816658 0.468607
vt 0.812535 0.465396
vt 0.818482 0.450870
vt 0.812535 0.465396
vt 0.814360 0.447660
vt 0.818482 0.450870
vt 0.812535 0.465396
vt 0.808330 0.466252
vt 0.814360 0.447660
vt 0.808330 0.466252
vt 0.810154 0.448516
vt 0.814360 0.447660
vt 0.620475 0.465146
vt 0.616742 0.469839
vt 0.613356 0.447409
vt 0.616742 0.469839
vt 0.609623 0.452102
vt 0.613356 0.447409
vt 0.616742 0.469839
vt 0.611887 0.477112
vt 0.609623 0.452102
vt 0.611887 0.477112
vt 0.604767 0.459375
vt 0.609623 0.452102
vt 0.611887 0.477112
vt 0.607210 0.485016
vt 0.604767 0.459375
vt 0.607210 0.485016
vt 0.600091 0.467279
vt 0.604767 0.459375
vt 0.607210 0.485016
vt 0.603966 0.491433
vt 0.600091 0.467279
vt 0.603966 0.491433
vt 0.596846 0.473696
vt 0.600091 0.467279
vt 0.779163 0.514009
vt 0.775040 0.517220
vt 0.777338 0.496272
vt 0.775040 0.517220
vt 0.773215 0.499483
vt 0.777338 0.496272
vt 0.775040 0.517220
vt 0.770835 0.516364
vt 0.773215 0.499483
vt 0.770835 0.516364
vt 0.769010 0.498627
vt 0.773215 0.499483
vt 0.478024 0.494308
vt 0.474290 0.489615
vt 0.485143 0.476572
vt 0.474290 0.489615
vt 0.481410 0.471878
vt 0.485143 0.476572
vt 0.474290 0.489615
vt 0.469435 0.482342
vt 0.481410 0.471878
vt 0.469435 0.482342
vt 0.476554 0.464605
vt 0.481410 0.471878
vt 0.476554 0.464605
vt 0.471878 0.456701
vt 0.483674 0.446869
vt 0.471878 0.456701
vt 0.478997 0.438965
vt 0.483674 0.446869
vt 0.471878 0.456701
vt 0.468633 0.450284
vt 0.478997 0.438965
vt 0.468633 0.450284
vt 0.475753 0.432548
vt 0.478997 0.438965
vt 0.818482 0.450870
vt 0.814360 0.447660
vt 0.820307 0.433134
vt 0.814360 0.447660
vt 0.816184 0.429923
vt 0.820307 0.433134
vt 0.814360 0.447660
vt 0.810154 0.448516
vt 0.816184 0.429923
vt 0.810154 0.448516
vt 0.811979 0.430779
vt 0.816184 0.429923
vt 0.613356 0.447409
vt 0.609623 0.452102
vt 0.606237 0.429673
vt 0.609623 0.452102
vt 0.602503 0.434366
vt 0.606237 0.429673
vt 0.609623 0.452102
vt 0.604767 0.459375
vt 0.602503 0.434366
vt 0.604767 0.459375
vt 0.597648 0.441639
vt 0.602503 0.434366
vt 0.604767 0.459375
vt 0.600091 0.467279
vt 0.597648 0.441639
vt 0.600091 0.467279
vt 0.592972 0.449543
vt 0.597648 0.441639
vt 0.600091 0.467279
vt 0.596846 0.473696
vt 0.592972 0.449543
vt 0.596846 0.473696
vt 0.589727 0.455960
vt 0.592972 0.449543
vt 0.777338 0.496272
vt 0.773215 0.499483
vt 0.775514 0.478536
vt 0.773215 0.499483
vt 0.771391 0.481746
vt 0.775514 0.478536
vt 0.773215 0.499483
vt 0.769010 0.498627
vt 0.771391 0.481746
vt 0.769010 0.498627
vt 0.767186 0.480890
vt 0.771391 0.481746
vt 0.485143 0.476572
vt 0.481410 0.471878
vt 0.492262 0.458835
vt 0.481410 0.471878
vt 0.488529 0.454142
vt 0.492262 0.458835
vt 0.481410 0.471878
vt 0.476554 0.464605
vt 0.488529 0.454142
vt 0.476554 0.464605
vt 0.483674 0.446869
vt 0.488529 0.454142
vt 0.483674 0.446869
vt 0.478997 0.438965
vt 0.490793 0.429132
vt 0.478997 0.438965
vt 0.486116 0.421228
vt 0.490793 0.429132
vt 0.478997 0.438965
vt 0.475753 0.432548
vt 0.486116 0.421228
vt 0.475753 0.432548
vt 0.482872 0.414811
vt 0.486116 0.421228
vt 0.820307 0.433134
vt 0.816184 0.429923
vt 0.822132 0.415397
vt 0.816184 0.429923
vt 0.818009 0.412186
vt 0.822132 0.415397
vt 0.816184 0.429923
vt 0.811979 0.430779
vt 0.818009 0.412186
vt 0.811979 0.430779
vt 0.813803 0.413042
vt 0.818009 0.412186
vt 0.606237 0.429673
vt 0.602503 0.434366
vt 0.599117 0.411936
vt 0.602503 0.434366
vt 0.595384 0.416629
vt 0.599117 0.411936
vt 0.602503 0.434366
vt 0.597648 0.441639
vt 0.595384 0.416629
vt 0.597648 0.441639
vt 0.590529 0.423902
vt 0.595384 0.416629
vt 0.597648 0.441639
vt 0.592972 0.449543
vt 0.590529 0.423902
vt 0.592972 0.449543
vt 0.585852 0.431806
vt 0.590529 0.423902
vt 0.592972 0.449543
vt 0.589727 0.455960
vt 0.585852 0.431806
vt 0.589727 0.455960
vt 0.582608 0.438223
vt 0.585852 0.431806
vt 0.775514 0.478536
vt 0.771391 0.481746
vt 0.773689 0.460799
vt 0.771391 0.481746
vt 0.769566 0.464010
vt 0.773689 0.460799
vt 0.771391 0.481746
vt 0.767186 0.480890
vt 0.769566 0.464010
vt 0.767186 0.480890
vt 0.765361 0.463154
vt 0.769566 0.464010
vt 0.492262 0.458835
vt 0.488529 0.454142
vt 0.499381 0.441098
vt 0.488529 0.454142
vt 0.495648 0.436405
vt 0.499381 0.441098
vt 0.488529 0.454142
vt 0.483674 0.446869
vt 0.495648 0.436405
vt 0.483674 0.446869
vt 0.490793 0.429132
vt 0.495648 0.436405
vt 0.490793 0.429132
vt 0.486116 0.421228
vt 0.497912 0.411395
vt 0.486116 0.421228
vt 0.493236 0.403491
vt 0.497912 0.411395
vt 0.486116 0.421228
vt 0.482872 0.414811
vt 0.493236 0.403491
vt 0.482872 0.414811
vt 0.489991 0.397074
vt 0.493236 0.403491
vt 0.822132 0.415397
vt 0.818009 0.412186
vt 0.823956 0.397660
vt 0.818009 0.412186
vt 0.819833 0.394450
vt 0.823956 0.397660
vt 0.818009 0.412186
vt 0.813803 0.413042
vt 0.819833 0.394450
vt 0.813803 0.413042
vt 0.815628 0.395305
vt 0.819833 0.394450
vt 0.599117 0.411936
vt 0.595384 0.416629
vt 0.591998 0.394199
vt 0.595384 0.416629
vt 0.588265 0.398892
vt 0.591998 0.394199
vt 0.595384 0.416629
vt 0.590529 0.423902
vt 0.588265 0.398892
vt 0.590529 0.423902
vt 0.583409 0.406165
vt 0.588265 0.398892
vt 0.590529 0.423902
vt 0.585852 0.431806
vt 0.583409 0.406165
vt 0.585852 0.431806
vt 0.578733 0.414069
vt 0.583409 0.406165
vt 0.585852 0.431806
vt 0.582608 0.438223
vt 0.578733 0.414069
vt 0.582608 0.438223
vt 0.575488 0.420486
vt 0.578733 0.414069
vt 0.773689 0.460799
vt 0.769566 0.464010
vt 0.771865 0.443062
vt 0.769566 0.464010
vt 0.767742 0.446273
vt 0.771865 0.443062
vt 0.769566 0.464010
vt 0.765361 0.463154
vt 0.767742 0.446273
vt 0.765361 0.463154
vt 0.763536 0.445417
vt 0.767742 0.446273
vt 0.499381 0.441098
vt 0.495648 0.436405
vt 0.506501 0.423361
vt 0.495648 0.436405
vt 0.502768 0.418668
vt 0.506501 0.423361
vt 0.495648 0.436405
vt 0.490793 0.429132
vt 0.502768 0.418668
vt 0.490793 0.429132
vt 0.497912 0.411395
vt 0.502768 0.418668
vt 0.497912 0.411395
vt 0.493236 0.403491
vt 0.505031 0.393659
vt 0.493236 0.403491
vt 0.500355 0.385755
vt 0.505031 0.393659
vt 0.493236 0.403491
vt 0.489991 0.397074
vt 0.500355 0.385755
vt 0.489991 0.397074
vt 0.497110 0.379338
vt 0.500355 0.385755
vt 0.823956 0.397660
vt 0.819833 0.394450
vt 0.825781 0.379924
vt 0.819833 0.394450
vt 0.821658 0.376713
vt 0.825781 0.379924
vt 0.819833 0.394450
vt 0.815628 0.395305
vt 0.821658 0.376713
vt 0.815628 0.395305
vt 0.817452 0.377569
vt 0.821658 0.376713
vt 0.591998 0.394199
vt 0.588265 0.398892
vt 0.584879 0.376462
vt 0.588265 0.398892
vt 0.581145 0.381156
vt 0.584879 0.376462
vt 0.588265 0.398892
vt 0.583409 0.406165
vt 0.581145 0.381156
vt 0.583409 0.406165
vt 0.576290 0.388429
vt 0.581145 0.381156
vt 0.583409 0.406165
vt 0.578733 0.414069
vt 0.576290 0.388429
vt 0.578733 0.414069
vt 0.571614 0.396333
vt 0.576290 0.388429
vt 0.578733 0.414069
vt 0.575488 0.420486
vt 0.571614 0.396333
vt 0.575488 0.420486
vt 0.568369 0.402750
vt 0.571614 0.396333
vt 0.771865 0.443062
vt 0.767742 0.446273
vt 0.770040 0.425326
vt 0.767742 0.446273
vt 0.765917 0.428536
vt 0.770040 0.425326
vt 0.767742 0.446273
vt 0.763536 0.445417
vt 0.765917 0.428536
vt 0.763536 0.445417
vt 0.761712 0.427680
vt 0.765917 0.428536
vt 0.506501 0.423361
vt 0.502768 0.418668
vt 0.513620 0.405625
vt 0.502768 0.418668
vt 0.509887 0.400932
vt 0.513620 0.405625
vt 0.502768 0.418668
vt 0.497912 0.411395
vt 0.509887 0.400932
vt 0.497912 0.411395
vt 0.505031 0.393659
vt 0.509887 0.400932
vt 0.505031 0.393659
vt 0.500355 0.385755
vt 0.510593 0.379786
vt 0.500355 0.385755
vt 0.506034 0.372080
vt 0.510593 0.379786
vt 0.500355 0.385755
vt 0.497110 0.379338
vt 0.506034 0.372080
vt 0.497110 0.379338
vt 0.502871 0.365824
vt 0.506034 0.372080
vt 0.825781 0.379924
vt 0.821658 0.376713
vt 0.827090 0.366410
vt 0.821658 0.376713
vt 0.823071 0.363280
vt 0.827090 0.366410
vt 0.821658 0.376713
vt 0.817452 0.377569
vt 0.823071 0.363280
vt 0.817452 0.377569
vt 0.818971 0.364114
vt 0.823071 0.363280
vt 0.584879 0.376462
vt 0.581145 0.381156
vt 0.579135 0.363008
vt 0.581145 0.381156
vt 0.575496 0.367583
vt 0.579135 0.363008
vt 0.581145 0.381156
vt 0.576290 0.388429
vt 0.575496 0.367583
vt 0.576290 0.388429
vt 0.570762 0.374674
vt 0.575496 0.367583
vt 0.576290 0.388429
vt 0.571614 0.396333
vt 0.570762 0.374674
vt 0.571614 0.396333
vt 0.566203 0.382380
vt 0.570762 0.374674
vt 0.571614 0.396333
vt 0.568369 0.402750
vt 0.566203 0.382380
vt 0.568369 0.402750
vt 0.563040 0.388636
vt 0.566203 0.382380
vt 0.770040 0.425326
vt 0.765917 0.428536
vt 0.768508 0.411212
vt 0.765917 0.428536
vt 0.764489 0.414342
vt 0.768508 0.411212
vt 0.765917 0.428536
vt 0.761712 0.427680
vt 0.764489 0.414342
vt 0.761712 0.427680
vt 0.760389 0.413508
vt 0.764489 0.414342
vt 0.513620 0.405625
vt 0.509887 0.400932
vt 0.518966 0.391452
vt 0.509887 0.400932
vt 0.515326 0.386876
vt 0.518966 0.391452
vt 0.509887 0.400932
vt 0.505031 0.393659
vt 0.515326 0.386876
vt 0.505031 0.393659
vt 0.510593 0.379786
vt 0.515326 0.386876
vt 0.510593 0.379786
vt 0.506034 0.372080
vt 0.515909 0.366491
vt 0.506034 0.372080
vt 0.511696 0.359369
vt 0.515909 0.366491
vt 0.506034 0.372080
vt 0.502871 0.365824
vt 0.511696 0.359369
vt 0.502871 0.365824
vt 0.508772 0.353588
vt 0.511696 0.359369
vt 0.827090 0.366410
vt 0.823071 0.363280
vt 0.828112 0.354174
vt 0.823071 0.363280
vt 0.824398 0.351281
vt 0.828112 0.354174
vt 0.101563 0.260723
vt 0.103133 0.252523
vt 0.107534 0.263377
vt 0.103133 0.252523
vt 0.108985 0.255799
vt 0.107534 0.263377
vt 0.579135 0.363008
vt 0.575496 0.367583
vt 0.573283 0.350946
vt 0.575496 0.367583
vt 0.569919 0.355174
vt 0.573283 0.350946
vt 0.575496 0.367583
vt 0.570762 0.374674
vt 0.569919 0.355174
vt 0.570762 0.374674
vt 0.565545 0.361727
vt 0.569919 0.355174
vt 0.570762 0.374674
vt 0.566203 0.382380
vt 0.565545 0.361727
vt 0.566203 0.382380
vt 0.561331 0.368848
vt 0.565545 0.361727
vt 0.566203 0.382380
vt 0.563040 0.388636
vt 0.561331 0.368848
vt 0.563040 0.388636
vt 0.558408 0.374630
vt 0.561331 0.368848
vt 0.768508 0.411212
vt 0.764489 0.414342
vt 0.766831 0.397206
vt 0.764489 0.414342
vt 0.763116 0.400099
vt 0.766831 0.397206
vt 0.764489 0.414342
vt 0.760389 0.413508
vt 0.763116 0.400099
vt 0.760389 0.413508
vt 0.759327 0.399327
vt 0.763116 0.400099
vt 0.518966 0.391452
vt 0.515326 0.386876
vt 0.523647 0.377272
vt 0.515326 0.386876
vt 0.520283 0.373043
vt 0.523647 0.377272
vt 0.515326 0.386876
vt 0.510593 0.379786
vt 0.520283 0.373043
vt 0.510593 0.379786
vt 0.515909 0.366491
vt 0.520283 0.373043
vt 0.515909 0.366491
vt 0.511696 0.359369
vt 0.520713 0.354440
vt 0.511696 0.359369
vt 0.517057 0.348260
vt 0.520713 0.354440
vt 0.511696 0.359369
vt 0.508772 0.353588
vt 0.517057 0.348260
vt 0.508772 0.353588
vt 0.514520 0.343243
vt 0.517057 0.348260
vt 0.108384 0.270806
vt 0.107534 0.263377
vt 0.114132 0.272172
vt 0.107534 0.263377
vt 0.113394 0.265725
vt 0.114132 0.272172
vt 0.107534 0.263377
vt 0.108985 0.255799
vt 0.113394 0.265725
vt 0.108985 0.255799
vt 0.114654 0.259149
vt 0.113394 0.265725
vt 0.573283 0.350946
vt 0.569919 0.355174
vt 0.567615 0.340882
vt 0.569919 0.355174
vt 0.564696 0.344551
vt 0.567615 0.340882
vt 0.569919 0.355174
vt 0.565545 0.361727
vt 0.564696 0.344551
vt 0.565545 0.361727
vt 0.560900 0.350237
vt 0.564696 0.344551
vt 0.565545 0.361727
vt 0.561331 0.368848
vt 0.560900 0.350237
vt 0.561331 0.368848
vt 0.557244 0.356417
vt 0.560900 0.350237
vt 0.561331 0.368848
vt 0.558408 0.374630
vt 0.557244 0.356417
vt 0.558408 0.374630
vt 0.554707 0.361434
vt 0.557244 0.356417
vt 0.766831 0.397206
vt 0.763116 0.400099
vt 0.765092 0.384010
vt 0.763116 0.400099
vt 0.761869 0.386520
vt 0.765092 0.384010
vt 0.763116 0.400099
vt 0.759327 0.399327
vt 0.761869 0.386520
vt 0.759327 0.399327
vt 0.758581 0.385851
vt 0.761869 0.386520
vt 0.523647 0.377272
vt 0.520283 0.373043
vt 0.527428 0.363795
vt 0.520283 0.373043
vt 0.524509 0.360126
vt 0.527428 0.363795
vt 0.520283 0.373043
vt 0.515909 0.366491
vt 0.524509 0.360126
vt 0.515909 0.366491
vt 0.520713 0.354440
vt 0.524509 0.360126
vt 0.520713 0.354440
vt 0.517057 0.348260
vt 0.524764 0.344237
vt 0.517057 0.348260
vt 0.521848 0.339309
vt 0.524764 0.344237
vt 0.517057 0.348260
vt 0.514520 0.343243
vt 0.521848 0.339309
vt 0.514520 0.343243
vt 0.519826 0.335308
vt 0.521848 0.339309
vt 0.114132 0.272172
vt 0.113394 0.265725
vt 0.119437 0.272791
vt 0.113394 0.265725
vt 0.118849 0.267650
vt 0.119437 0.272791
vt 0.113394 0.265725
vt 0.114654 0.259149
vt 0.118849 0.267650
vt 0.114654 0.259149
vt 0.119853 0.262406
vt 0.118849 0.267650
vt 0.567615 0.340882
vt 0.564696 0.344551
vt 0.562415 0.333320
vt 0.564696 0.344551
vt 0.560087 0.336246
vt 0.562415 0.333320
vt 0.564696 0.344551
vt 0.560900 0.350237
vt 0.560087 0.336246
vt 0.560900 0.350237
vt 0.557060 0.340780
vt 0.560087 0.336246
vt 0.560900 0.350237
vt 0.557244 0.356417
vt 0.557060 0.340780
vt 0.557244 0.356417
vt 0.554144 0.345708
vt 0.557060 0.340780
vt 0.557244 0.356417
vt 0.554707 0.361434
vt 0.554144 0.345708
vt 0.554707 0.361434
vt 0.552121 0.349709
vt 0.554144 0.345708
vt 0.765092 0.384010
vt 0.761869 0.386520
vt 0.763379 0.372285
vt 0.761869 0.386520
vt 0.760809 0.374287
vt 0.763379 0.372285
vt 0.761869 0.386520
vt 0.758581 0.385851
vt 0.760809 0.374287
vt 0.758581 0.385851
vt 0.758187 0.373754
vt 0.760809 0.374287
vt 0.527428 0.363795
vt 0.524509 0.360126
vt 0.530119 0.351698
vt 0.524509 0.360126
vt 0.527791 0.348772
vt 0.530119 0.351698
vt 0.524509 0.360126
vt 0.520713 0.354440
vt 0.527791 0.348772
vt 0.520713 0.354440
vt 0.524764 0.344237
vt 0.527791 0.348772
vt 0.524764 0.344237
vt 0.521848 0.339309
vt 0.527859 0.336395
vt 0.521848 0.339309
vt 0.525830 0.332965
vt 0.527859 0.336395
vt 0.521848 0.339309
vt 0.519826 0.335308
vt 0.525830 0.332965
vt 0.519826 0.335308
vt 0.524423 0.330181
vt 0.525830 0.332965
vt 0.119437 0.272791
vt 0.118849 0.267650
vt 0.124034 0.272632
vt 0.118849 0.267650
vt 0.123625 0.269054
vt 0.124034 0.272632
vt 0.118849 0.267650
vt 0.119853 0.262406
vt 0.123625 0.269054
vt 0.119853 0.262406
vt 0.124324 0.265405
vt 0.123625 0.269054
vt 0.119853 0.262406
vt 0.122181 0.258464
vt 0.124324 0.265405
vt 0.122181 0.258464
vt 0.125944 0.262662
vt 0.124324 0.265405
vt 0.560087 0.336246
vt 0.557060 0.340780
vt 0.556325 0.330675
vt 0.557060 0.340780
vt 0.554218 0.333831
vt 0.556325 0.330675
vt 0.557060 0.340780
vt 0.554144 0.345708
vt 0.554218 0.333831
vt 0.554144 0.345708
vt 0.552189 0.337260
vt 0.554218 0.333831
vt 0.554144 0.345708
vt 0.552121 0.349709
vt 0.552189 0.337260
vt 0.552121 0.349709
vt 0.550781 0.340045
vt 0.552189 0.337260
vt 0.763379 0.372285
vt 0.760809 0.374287
vt 0.761778 0.362621
vt 0.760809 0.374287
vt 0.759989 0.364014
vt 0.761778 0.362621
vt 0.760809 0.374287
vt 0.758187 0.373754
vt 0.759989 0.364014
vt 0.758187 0.373754
vt 0.758165 0.363642
vt 0.759989 0.364014
vt 0.530119 0.351698
vt 0.527791 0.348772
vt 0.531586 0.341587
vt 0.527791 0.348772
vt 0.529966 0.339550
vt 0.531586 0.341587
vt 0.527791 0.348772
vt 0.524764 0.344237
vt 0.529966 0.339550
vt 0.524764 0.344237
vt 0.527859 0.336395
vt 0.529966 0.339550
vt 0.527859 0.336395
vt 0.525830 0.332965
vt 0.529843 0.331306
vt 0.525830 0.332965
vt 0.528803 0.329547
vt 0.529843 0.331306
vt 0.525830 0.332965
vt 0.524423 0.330181
vt 0.528803 0.329547
vt 0.524423 0.330181
vt 0.528081 0.328119
vt 0.528803 0.329547
vt 0.124034 0.272632
vt 0.123625 0.269054
vt 0.127692 0.271703
vt 0.123625 0.269054
vt 0.127482 0.269868
vt 0.127692 0.271703
vt 0.123625 0.269054
vt 0.124324 0.265405
vt 0.127482 0.269868
vt 0.124324 0.265405
vt 0.127841 0.267997
vt 0.127482 0.269868
vt 0.124324 0.265405
vt 0.125944 0.262662
vt 0.127841 0.267997
vt 0.125944 0.262662
vt 0.128672 0.266590
vt 0.127841 0.267997
vt 0.556325 0.330675
vt 0.554218 0.333831
vt 0.553597 0.328119
vt 0.554218 0.333831
vt 0.552516 0.329737
vt 0.553597 0.328119
vt 0.554218 0.333831
vt 0.552189 0.337260
vt 0.552516 0.329737
vt 0.552189 0.337260
vt 0.551476 0.331496
vt 0.552516 0.329737
vt 0.763052 0.359836
vt 0.761778 0.362621
vt 0.761022 0.354072
vt 0.761778 0.362621
vt 0.760369 0.355500
vt 0.761022 0.354072
vt 0.761778 0.362621
vt 0.759989 0.364014
vt 0.760369 0.355500
vt 0.759989 0.364014
vt 0.759452 0.356215
vt 0.760369 0.355500
vt 0.759989 0.364014
vt 0.758165 0.363642
vt 0.759452 0.356215
vt 0.758165 0.363642
vt 0.758516 0.356024
vt 0.759452 0.356215
vt 0.531586 0.341587
vt 0.529966 0.339550
vt 0.531755 0.333969
vt 0.529966 0.339550
vt 0.530924 0.332924
vt 0.531755 0.333969
vt 0.529966 0.339550
vt 0.527859 0.336395
vt 0.530924 0.332924
vt 0.527859 0.336395
vt 0.529843 0.331306
vt 0.530924 0.332924
vt 0.129455 0.273438
vt 0.128414 0.273010
vt 0.130228 0.270051
vt 0.128414 0.273010
vt 0.130228 0.270051
vt 0.130228 0.270051
vt 0.128414 0.273010
vt 0.127692 0.271703
vt 0.130228 0.270051
vt 0.127692 0.271703
vt 0.130228 0.270051
vt 0.130228 0.270051
vt 0.127692 0.271703
vt 0.127482 0.269868
vt 0.130228 0.270051
vt 0.127482 0.269868
vt 0.130228 0.270051
vt 0.130228 0.270051
vt 0.127482 0.269868
vt 0.127841 0.267997
vt 0.130228 0.270051
vt 0.127841 0.267997
vt 0.130228 0.270051
vt 0.130228 0.270051
vt 0.127841 0.267997
vt 0.128672 0.266590
vt 0.130228 0.270051
vt 0.128672 0.266590
vt 0.130228 0.270051
vt 0.130228 0.270051
vt 0.128672 0.266590
vt 0.129752 0.266025
vt 0.130228 0.270051
vt 0.129752 0.266025
vt 0.130228 0.270051
vt 0.130228 0.270051
vt 0.129752 0.266025
vt 0.130793 0.266453
vt 0.130228 0.270051
vt 0.130793 0.266453
vt 0.130228 0.270051
vt 0.130228 0.270051
vt 0.761022 0.354072
vt 0.760369 0.355500
vt 0.759223 0.351281
vt 0.131515 0.267759
vt 0.130228 0.270051
vt 0.130228 0.270051
vt 0.760369 0.355500
vt 0.759452 0.356215
vt 0.759223 0.351281
vt 0.131725 0.269594
vt 0.130228 0.270051
vt 0.130228 0.270051
vt 0.759452 0.356215
vt 0.758516 0.356024
vt 0.759223 0.351281
vt 0.131366 0.271465
vt 0.130228 0.270051
vt 0.130228 0.270051
vt 0.758516 0.356024
vt 0.757813 0.354980
vt 0.759223 0.351281
vt 0.130535 0.272872
vt 0.130228 0.270051
vt 0.130228 0.270051
vt 0.530924 0.332924
vt 0.529843 0.331306
vt 0.530617 0.329225
vt 0.129455 0.273438
vt 0.130228 0.270051
vt 0.130228 0.270051
vt 0.416421 0.270195
vt 0.416421 0.270195
vt 0.416949 0.273438
vt 0.253124 0.984375
vt 0.252264 0.980703
vt 0.253653 0.981625
vt 0.416421 0.270195
vt 0.416421 0.270195
vt 0.415560 0.272979
vt 0.221108 0.264277
vt 0.219191 0.262816
vt 0.220248 0.261494
vt 0.416421 0.270195
vt 0.416421 0.270195
vt 0.414503 0.271657
vt 0.221108 0.264277
vt 0.218750 0.264648
vt 0.219191 0.262816
vt 0.416421 0.270195
vt 0.416421 0.270195
vt 0.414063 0.269825
vt 0.221108 0.264277
vt 0.219043 0.266499
vt 0.218750 0.264648
vt 0.416421 0.270195
vt 0.416421 0.270195
vt 0.414356 0.267974
vt 0.221108 0.264277
vt 0.219992 0.267872
vt 0.219043 0.266499
vt 0.416421 0.270195
vt 0.416421 0.270195
vt 0.415304 0.266601
vt 0.221108 0.264277
vt 0.221342 0.268400
vt 0.219992 0.267872
vt 0.416421 0.270195
vt 0.416421 0.270195
vt 0.416654 0.266072
vt 0.221108 0.264277
vt 0.222731 0.267942
vt 0.221342 0.268400
vt 0.416421 0.270195
vt 0.416421 0.270195
vt 0.418044 0.266531
vt 0.221108 0.264277
vt 0.223788 0.266619
vt 0.222731 0.267942
vt 0.416421 0.270195
vt 0.416421 0.270195
vt 0.419100 0.267853
vt 0.221108 0.264277
vt 0.224229 0.264787
vt 0.223788 0.266619
vt 0.416421 0.270195
vt 0.416421 0.270195
vt 0.419541 0.269685
vt 0.221108 0.264277
vt 0.223935 0.262937
vt 0.224229 0.264787
vt 0.416421 0.270195
vt 0.416421 0.270195
vt 0.419248 0.271536
vt 0.221108 0.264277
vt 0.222987 0.261563
vt 0.223935 0.262937
vt 0.416421 0.270195
vt 0.416421 0.270195
vt 0.418299 0.272909
vt 0.221108 0.264277
vt 0.221637 0.261035
vt 0.222987 0.261563
vt 0.253653 0.981625
vt 0.252264 0.980703
vt 0.254917 0.974857
vt 0.252264 0.980703
vt 0.252208 0.973059
vt 0.254917 0.974857
vt 0.252264 0.980703
vt 0.251207 0.980208
vt 0.252208 0.973059
vt 0.251207 0.980208
vt 0.250148 0.972094
vt 0.252208 0.973059
vt 0.790634 0.982716
vt 0.789718 0.982781
vt 0.790887 0.974602
vt 0.789718 0.982781
vt 0.789101 0.974729
vt 0.790887 0.974602
vt 0.789718 0.982781
vt 0.788793 0.983388
vt 0.789101 0.974729
vt 0.788793 0.983388
vt 0.787297 0.975913
vt 0.789101 0.974729
vt 0.788793 0.983388
vt 0.788106 0.984375
vt 0.787297 0.975913
vt 0.788106 0.984375
vt 0.785958 0.977838
vt 0.787297 0.975913
vt 0.229100 0.982351
vt 0.227750 0.983453
vt 0.229398 0.975813
vt 0.227750 0.983453
vt 0.226766 0.977962
vt 0.229398 0.975813
vt 0.227750 0.983453
vt 0.226360 0.984375
vt 0.226766 0.977962
vt 0.226360 0.984375
vt 0.224057 0.979760
vt 0.226766 0.977962
vt 0.222731 0.267942
vt 0.223788 0.266619
vt 0.225035 0.272303
vt 0.223788 0.266619
vt 0.227095 0.269724
vt 0.225035 0.272303
vt 0.223788 0.266619
vt 0.224229 0.264787
vt 0.227095 0.269724
vt 0.224229 0.264787
vt 0.227955 0.266152
vt 0.227095 0.269724
vt 0.224229 0.264787
vt 0.223935 0.262937
vt 0.227955 0.266152
vt 0.223935 0.262937
vt 0.227383 0.262544
vt 0.227955 0.266152
vt 0.255952 0.983714
vt 0.255003 0.982727
vt 0.259399 0.978931
vt 0.255003 0.982727
vt 0.257550 0.977007
vt 0.259399 0.978931
vt 0.255003 0.982727
vt 0.253653 0.981625
vt 0.257550 0.977007
vt 0.253653 0.981625
vt 0.254917 0.974857
vt 0.257550 0.977007
vt 0.254917 0.974857
vt 0.252208 0.973059
vt 0.256854 0.964412
vt 0.252208 0.973059
vt 0.252961 0.961828
vt 0.256854 0.964412
vt 0.252208 0.973059
vt 0.250148 0.972094
vt 0.252961 0.961828
vt 0.250148 0.972094
vt 0.250000 0.960441
vt 0.252961 0.961828
vt 0.790887 0.974602
vt 0.789101 0.974729
vt 0.790651 0.962949
vt 0.789101 0.974729
vt 0.788085 0.963131
vt 0.790651 0.962949
vt 0.789101 0.974729
vt 0.787297 0.975913
vt 0.788085 0.963131
vt 0.787297 0.975913
vt 0.785492 0.964833
vt 0.788085 0.963131
vt 0.231248 0.973888
vt 0.229398 0.975813
vt 0.231521 0.962808
vt 0.229398 0.975813
vt 0.228863 0.965574
vt 0.231521 0.962808
vt 0.229398 0.975813
vt 0.226766 0.977962
vt 0.228863 0.965574
vt 0.226766 0.977962
vt 0.225081 0.968662
vt 0.228863 0.965574
vt 0.226766 0.977962
vt 0.224057 0.979760
vt 0.225081 0.968662
vt 0.224057 0.979760
vt 0.221188 0.971246
vt 0.225081 0.968662
vt 0.224057 0.979760
vt 0.221996 0.980726
vt 0.221188 0.971246
vt 0.221996 0.980726
vt 0.218227 0.972633
vt 0.221188 0.971246
vt 0.227095 0.269724
vt 0.227955 0.266152
vt 0.230865 0.273438
vt 0.227955 0.266152
vt 0.232100 0.268305
vt 0.230865 0.273438
vt 0.810398 0.984375
vt 0.808594 0.983191
vt 0.811474 0.976227
vt 0.808594 0.983191
vt 0.808881 0.974525
vt 0.811474 0.976227
vt 0.259399 0.978931
vt 0.257550 0.977007
vt 0.263294 0.970266
vt 0.257550 0.977007
vt 0.260636 0.967500
vt 0.263294 0.970266
vt 0.257550 0.977007
vt 0.254917 0.974857
vt 0.260636 0.967500
vt 0.254917 0.974857
vt 0.256854 0.964412
vt 0.260636 0.967500
vt 0.256854 0.964412
vt 0.252961 0.961828
vt 0.259366 0.950812
vt 0.252961 0.961828
vt 0.254484 0.947572
vt 0.259366 0.950812
vt 0.252961 0.961828
vt 0.250000 0.960441
vt 0.254484 0.947572
vt 0.250000 0.960441
vt 0.250771 0.945833
vt 0.254484 0.947572
vt 0.790651 0.962949
vt 0.788085 0.963131
vt 0.789937 0.948340
vt 0.788085 0.963131
vt 0.786719 0.948568
vt 0.789937 0.948340
vt 0.788085 0.963131
vt 0.785492 0.964833
vt 0.786719 0.948568
vt 0.785492 0.964833
vt 0.783468 0.950702
vt 0.786719 0.948568
vt 0.231521 0.962808
vt 0.228863 0.965574
vt 0.230855 0.948678
vt 0.228863 0.965574
vt 0.227522 0.952146
vt 0.230855 0.948678
vt 0.228863 0.965574
vt 0.225081 0.968662
vt 0.227522 0.952146
vt 0.225081 0.968662
vt 0.222779 0.956019
vt 0.227522 0.952146
vt 0.225081 0.968662
vt 0.221188 0.971246
vt 0.222779 0.956019
vt 0.221188 0.971246
vt 0.217897 0.959259
vt 0.222779 0.956019
vt 0.221188 0.971246
vt 0.218227 0.972633
vt 0.217897 0.959259
vt 0.218227 0.972633
vt 0.214185 0.960998
vt 0.217897 0.959259
vt 0.814040 0.976409
vt 0.811474 0.976227
vt 0.816108 0.964774
vt 0.811474 0.976227
vt 0.812889 0.964546
vt 0.816108 0.964774
vt 0.811474 0.976227
vt 0.808881 0.974525
vt 0.812889 0.964546
vt 0.808881 0.974525
vt 0.809638 0.962412
vt 0.812889 0.964546
vt 0.263294 0.970266
vt 0.260636 0.967500
vt 0.267442 0.958153
vt 0.260636 0.967500
vt 0.264109 0.954685
vt 0.267442 0.958153
vt 0.260636 0.967500
vt 0.256854 0.964412
vt 0.264109 0.954685
vt 0.256854 0.964412
vt 0.259366 0.950812
vt 0.264109 0.954685
vt 0.259366 0.950812
vt 0.254484 0.947572
vt 0.262327 0.934739
vt 0.254484 0.947572
vt 0.256701 0.931005
vt 0.262327 0.934739
vt 0.254484 0.947572
vt 0.250771 0.945833
vt 0.256701 0.931005
vt 0.250771 0.945833
vt 0.252422 0.929001
vt 0.256701 0.931005
vt 0.789937 0.948340
vt 0.786719 0.948568
vt 0.788781 0.931509
vt 0.786719 0.948568
vt 0.785072 0.931772
vt 0.788781 0.931509
vt 0.786719 0.948568
vt 0.783468 0.950702
vt 0.785072 0.931772
vt 0.783468 0.950702
vt 0.781326 0.934231
vt 0.785072 0.931772
vt 0.230855 0.948678
vt 0.227522 0.952146
vt 0.229283 0.932207
vt 0.227522 0.952146
vt 0.225442 0.936203
vt 0.229283 0.932207
vt 0.227522 0.952146
vt 0.222779 0.956019
vt 0.225442 0.936203
vt 0.222779 0.956019
vt 0.219976 0.940666
vt 0.225442 0.936203
vt 0.222779 0.956019
vt 0.217897 0.959259
vt 0.219976 0.940666
vt 0.217897 0.959259
vt 0.214351 0.944400
vt 0.219976 0.940666
vt 0.217897 0.959259
vt 0.214185 0.960998
vt 0.214351 0.944400
vt 0.214185 0.960998
vt 0.210072 0.946404
vt 0.214351 0.944400
vt 0.816108 0.964774
vt 0.812889 0.964546
vt 0.818282 0.950180
vt 0.812889 0.964546
vt 0.814573 0.949917
vt 0.818282 0.950180
vt 0.812889 0.964546
vt 0.809638 0.962412
vt 0.814573 0.949917
vt 0.809638 0.962412
vt 0.810827 0.947458
vt 0.814573 0.949917
vt 0.267442 0.958153
vt 0.264109 0.954685
vt 0.271633 0.943199
vt 0.264109 0.954685
vt 0.267792 0.939202
vt 0.271633 0.943199
vt 0.264109 0.954685
vt 0.259366 0.950812
vt 0.267792 0.939202
vt 0.259366 0.950812
vt 0.262327 0.934739
vt 0.267792 0.939202
vt 0.262327 0.934739
vt 0.256701 0.931005
vt 0.265588 0.917000
vt 0.256701 0.931005
vt 0.259501 0.912960
vt 0.265588 0.917000
vt 0.256701 0.931005
vt 0.252422 0.929001
vt 0.259501 0.912960
vt 0.252422 0.929001
vt 0.254871 0.910791
vt 0.259501 0.912960
vt 0.788781 0.931509
vt 0.785072 0.931772
vt 0.787241 0.913299
vt 0.785072 0.931772
vt 0.783228 0.913583
vt 0.787241 0.913299
vt 0.785072 0.931772
vt 0.781326 0.934231
vt 0.783228 0.913583
vt 0.781326 0.934231
vt 0.779174 0.916244
vt 0.783228 0.913583
vt 0.229283 0.932207
vt 0.225442 0.936203
vt 0.226884 0.914220
vt 0.225442 0.936203
vt 0.222727 0.918545
vt 0.226884 0.914220
vt 0.225442 0.936203
vt 0.219976 0.940666
vt 0.222727 0.918545
vt 0.219976 0.940666
vt 0.216813 0.923374
vt 0.222727 0.918545
vt 0.219976 0.940666
vt 0.214351 0.944400
vt 0.216813 0.923374
vt 0.214351 0.944400
vt 0.210725 0.927414
vt 0.216813 0.923374
vt 0.214351 0.944400
vt 0.210072 0.946404
vt 0.210725 0.927414
vt 0.210072 0.946404
vt 0.206096 0.929583
vt 0.210725 0.927414
vt 0.818282 0.950180
vt 0.814573 0.949917
vt 0.820454 0.933359
vt 0.814573 0.949917
vt 0.816441 0.933074
vt 0.820454 0.933359
vt 0.814573 0.949917
vt 0.810827 0.947458
vt 0.816441 0.933074
vt 0.810827 0.947458
vt 0.812387 0.930413
vt 0.816441 0.933074
vt 0.271633 0.943199
vt 0.267792 0.939202
vt 0.275659 0.926154
vt 0.267792 0.939202
vt 0.271502 0.921830
vt 0.275659 0.926154
vt 0.267792 0.939202
vt 0.262327 0.934739
vt 0.271502 0.921830
vt 0.262327 0.934739
vt 0.265588 0.917000
vt 0.271502 0.921830
vt 0.265588 0.917000
vt 0.259501 0.912960
vt 0.268987 0.898484
vt 0.259501 0.912960
vt 0.262743 0.894340
vt 0.268987 0.898484
vt 0.259501 0.912960
vt 0.254871 0.910791
vt 0.262743 0.894340
vt 0.254871 0.910791
vt 0.257994 0.892116
vt 0.262743 0.894340
vt 0.787241 0.913299
vt 0.783228 0.913583
vt 0.785394 0.894623
vt 0.783228 0.913583
vt 0.781277 0.894915
vt 0.785394 0.894623
vt 0.783228 0.913583
vt 0.779174 0.916244
vt 0.781277 0.894915
vt 0.779174 0.916244
vt 0.777119 0.897645
vt 0.781277 0.894915
vt 0.226884 0.914220
vt 0.222727 0.918545
vt 0.223777 0.895620
vt 0.222727 0.918545
vt 0.219514 0.900056
vt 0.223777 0.895620
vt 0.222727 0.918545
vt 0.216813 0.923374
vt 0.219514 0.900056
vt 0.216813 0.923374
vt 0.213448 0.905010
vt 0.219514 0.900056
vt 0.216813 0.923374
vt 0.210725 0.927414
vt 0.213448 0.905010
vt 0.210725 0.927414
vt 0.207203 0.909154
vt 0.213448 0.905010
vt 0.210725 0.927414
vt 0.206096 0.929583
vt 0.207203 0.909154
vt 0.206096 0.929583
vt 0.202455 0.911378
vt 0.207203 0.909154
vt 0.820454 0.933359
vt 0.816441 0.933074
vt 0.822516 0.915154
vt 0.816441 0.933074
vt 0.818399 0.914862
vt 0.822516 0.915154
vt 0.816441 0.933074
vt 0.812387 0.930413
vt 0.818399 0.914862
vt 0.812387 0.930413
vt 0.814241 0.912133
vt 0.818399 0.914862
vt 0.275659 0.926154
vt 0.271502 0.921830
vt 0.279316 0.907874
vt 0.271502 0.921830
vt 0.275053 0.903438
vt 0.279316 0.907874
vt 0.271502 0.921830
vt 0.265588 0.917000
vt 0.275053 0.903438
vt 0.265588 0.917000
vt 0.268987 0.898484
vt 0.275053 0.903438
vt 0.268987 0.898484
vt 0.262743 0.894340
vt 0.273329 0.874807
vt 0.262743 0.894340
vt 0.267085 0.870663
vt 0.273329 0.874807
vt 0.262743 0.894340
vt 0.257994 0.892116
vt 0.267085 0.870663
vt 0.257994 0.892116
vt 0.262337 0.868439
vt 0.267085 0.870663
vt 0.785394 0.894623
vt 0.781277 0.894915
vt 0.782884 0.870946
vt 0.781277 0.894915
vt 0.778768 0.871238
vt 0.782884 0.870946
vt 0.781277 0.894915
vt 0.777119 0.897645
vt 0.778768 0.871238
vt 0.777119 0.897645
vt 0.774610 0.873967
vt 0.778768 0.871238
vt 0.223777 0.895620
vt 0.219514 0.900056
vt 0.219434 0.871943
vt 0.219514 0.900056
vt 0.215171 0.876379
vt 0.219434 0.871943
vt 0.219514 0.900056
vt 0.213448 0.905010
vt 0.215171 0.876379
vt 0.213448 0.905010
vt 0.209105 0.881332
vt 0.215171 0.876379
vt 0.213448 0.905010
vt 0.207203 0.909154
vt 0.209105 0.881332
vt 0.207203 0.909154
vt 0.202861 0.885477
vt 0.209105 0.881332
vt 0.207203 0.909154
vt 0.202455 0.911378
vt 0.202861 0.885477
vt 0.202455 0.911378
vt 0.198112 0.887701
vt 0.202861 0.885477
vt 0.822516 0.915154
vt 0.818399 0.914862
vt 0.825025 0.891477
vt 0.818399 0.914862
vt 0.820909 0.891185
vt 0.825025 0.891477
vt 0.818399 0.914862
vt 0.814241 0.912133
vt 0.820909 0.891185
vt 0.814241 0.912133
vt 0.816750 0.888456
vt 0.820909 0.891185
vt 0.279316 0.907874
vt 0.275053 0.903438
vt 0.283659 0.884196
vt 0.275053 0.903438
vt 0.279396 0.879761
vt 0.283659 0.884196
vt 0.275053 0.903438
vt 0.268987 0.898484
vt 0.279396 0.879761
vt 0.268987 0.898484
vt 0.273329 0.874807
vt 0.279396 0.879761
vt 0.273329 0.874807
vt 0.267085 0.870663
vt 0.277672 0.851130
vt 0.267085 0.870663
vt 0.271428 0.846986
vt 0.277672 0.851130
vt 0.267085 0.870663
vt 0.262337 0.868439
vt 0.271428 0.846986
vt 0.262337 0.868439
vt 0.266679 0.844761
vt 0.271428 0.846986
vt 0.782884 0.870946
vt 0.778768 0.871238
vt 0.780375 0.847269
vt 0.778768 0.871238
vt 0.776259 0.847561
vt 0.780375 0.847269
vt 0.778768 0.871238
vt 0.774610 0.873967
vt 0.776259 0.847561
vt 0.774610 0.873967
vt 0.772100 0.850290
vt 0.776259 0.847561
vt 0.219434 0.871943
vt 0.215171 0.876379
vt 0.215092 0.848266
vt 0.215171 0.876379
vt 0.210829 0.852702
vt 0.215092 0.848266
vt 0.215171 0.876379
vt 0.209105 0.881332
vt 0.210829 0.852702
vt 0.209105 0.881332
vt 0.204762 0.857655
vt 0.210829 0.852702
vt 0.209105 0.881332
vt 0.202861 0.885477
vt 0.204762 0.857655
vt 0.202861 0.885477
vt 0.198518 0.861800
vt 0.204762 0.857655
vt 0.202861 0.885477
vt 0.198112 0.887701
vt 0.198518 0.861800
vt 0.198112 0.887701
vt 0.193769 0.864024
vt 0.198518 0.861800
vt 0.825025 0.891477
vt 0.820909 0.891185
vt 0.827534 0.867800
vt 0.820909 0.891185
vt 0.823418 0.867508
vt 0.827534 0.867800
vt 0.820909 0.891185
vt 0.816750 0.888456
vt 0.823418 0.867508
vt 0.816750 0.888456
vt 0.819260 0.864779
vt 0.823418 0.867508
vt 0.283659 0.884196
vt 0.279396 0.879761
vt 0.288002 0.860519
vt 0.279396 0.879761
vt 0.283738 0.856083
vt 0.288002 0.860519
vt 0.279396 0.879761
vt 0.273329 0.874807
vt 0.283738 0.856083
vt 0.273329 0.874807
vt 0.277672 0.851130
vt 0.283738 0.856083
vt 0.277672 0.851130
vt 0.271428 0.846986
vt 0.282015 0.827453
vt 0.271428 0.846986
vt 0.275771 0.823309
vt 0.282015 0.827453
vt 0.271428 0.846986
vt 0.266679 0.844761
vt 0.275771 0.823309
vt 0.266679 0.844761
vt 0.271022 0.821084
vt 0.275771 0.823309
vt 0.780375 0.847269
vt 0.776259 0.847561
vt 0.777866 0.823592
vt 0.776259 0.847561
vt 0.773749 0.823884
vt 0.777866 0.823592
vt 0.776259 0.847561
vt 0.772100 0.850290
vt 0.773749 0.823884
vt 0.772100 0.850290
vt 0.769591 0.826613
vt 0.773749 0.823884
vt 0.215092 0.848266
vt 0.210829 0.852702
vt 0.210749 0.824589
vt 0.210829 0.852702
vt 0.206486 0.829025
vt 0.210749 0.824589
vt 0.210829 0.852702
vt 0.204762 0.857655
vt 0.206486 0.829025
vt 0.204762 0.857655
vt 0.200420 0.833978
vt 0.206486 0.829025
vt 0.204762 0.857655
vt 0.198518 0.861800
vt 0.200420 0.833978
vt 0.198518 0.861800
vt 0.194176 0.838122
vt 0.200420 0.833978
vt 0.198518 0.861800
vt 0.193769 0.864024
vt 0.194176 0.838122
vt 0.193769 0.864024
vt 0.189427 0.840347
vt 0.194176 0.838122
vt 0.827534 0.867800
vt 0.823418 0.867508
vt 0.830044 0.844123
vt 0.823418 0.867508
vt 0.825927 0.843831
vt 0.830044 0.844123
vt 0.823418 0.867508
vt 0.819260 0.864779
vt 0.825927 0.843831
vt 0.819260 0.864779
vt 0.821769 0.841101
vt 0.825927 0.843831
vt 0.288002 0.860519
vt 0.283738 0.856083
vt 0.292344 0.836842
vt 0.283738 0.856083
vt 0.288081 0.832406
vt 0.292344 0.836842
vt 0.283738 0.856083
vt 0.277672 0.851130
vt 0.288081 0.832406
vt 0.277672 0.851130
vt 0.282015 0.827453
vt 0.288081 0.832406
vt 0.282015 0.827453
vt 0.275771 0.823309
vt 0.286357 0.803776
vt 0.275771 0.823309
vt 0.280113 0.799631
vt 0.286357 0.803776
vt 0.275771 0.823309
vt 0.271022 0.821084
vt 0.280113 0.799631
vt 0.271022 0.821084
vt 0.275364 0.797407
vt 0.280113 0.799631
vt 0.777866 0.823592
vt 0.773749 0.823884
vt 0.775356 0.799915
vt 0.773749 0.823884
vt 0.771240 0.800207
vt 0.775356 0.799915
vt 0.773749 0.823884
vt 0.769591 0.826613
vt 0.771240 0.800207
vt 0.769591 0.826613
vt 0.767082 0.802936
vt 0.771240 0.800207
vt 0.210749 0.824589
vt 0.206486 0.829025
vt 0.206407 0.800912
vt 0.206486 0.829025
vt 0.202144 0.805348
vt 0.206407 0.800912
vt 0.206486 0.829025
vt 0.200420 0.833978
vt 0.202144 0.805348
vt 0.200420 0.833978
vt 0.196077 0.810301
vt 0.202144 0.805348
vt 0.200420 0.833978
vt 0.194176 0.838122
vt 0.196077 0.810301
vt 0.194176 0.838122
vt 0.189833 0.814445
vt 0.196077 0.810301
vt 0.194176 0.838122
vt 0.189427 0.840347
vt 0.189833 0.814445
vt 0.189427 0.840347
vt 0.185084 0.816670
vt 0.189833 0.814445
vt 0.830044 0.844123
vt 0.825927 0.843831
vt 0.832553 0.820446
vt 0.825927 0.843831
vt 0.828437 0.820154
vt 0.832553 0.820446
vt 0.825927 0.843831
vt 0.821769 0.841101
vt 0.828437 0.820154
vt 0.821769 0.841101
vt 0.824278 0.817424
vt 0.828437 0.820154
vt 0.292344 0.836842
vt 0.288081 0.832406
vt 0.296687 0.813165
vt 0.288081 0.832406
vt 0.292424 0.808729
vt 0.296687 0.813165
vt 0.288081 0.832406
vt 0.282015 0.827453
vt 0.292424 0.808729
vt 0.282015 0.827453
vt 0.286357 0.803776
vt 0.292424 0.808729
vt 0.286357 0.803776
vt 0.280113 0.799631
vt 0.290700 0.780099
vt 0.280113 0.799631
vt 0.284456 0.775954
vt 0.290700 0.780099
vt 0.280113 0.799631
vt 0.275364 0.797407
vt 0.284456 0.775954
vt 0.275364 0.797407
vt 0.279707 0.773730
vt 0.284456 0.775954
vt 0.775356 0.799915
vt 0.771240 0.800207
vt 0.772847 0.776238
vt 0.771240 0.800207
vt 0.768731 0.776530
vt 0.772847 0.776238
vt 0.771240 0.800207
vt 0.767082 0.802936
vt 0.768731 0.776530
vt 0.767082 0.802936
vt 0.764572 0.779259
vt 0.768731 0.776530
vt 0.206407 0.800912
vt 0.202144 0.805348
vt 0.202064 0.777235
vt 0.202144 0.805348
vt 0.197801 0.781670
vt 0.202064 0.777235
vt 0.202144 0.805348
vt 0.196077 0.810301
vt 0.197801 0.781670
vt 0.196077 0.810301
vt 0.191735 0.786624
vt 0.197801 0.781670
vt 0.196077 0.810301
vt 0.189833 0.814445
vt 0.191735 0.786624
vt 0.189833 0.814445
vt 0.185490 0.790768
vt 0.191735 0.786624
vt 0.189833 0.814445
vt 0.185084 0.816670
vt 0.185490 0.790768
vt 0.185084 0.816670
vt 0.180742 0.792992
vt 0.185490 0.790768
vt 0.832553 0.820446
vt 0.828437 0.820154
vt 0.835062 0.796768
vt 0.828437 0.820154
vt 0.830946 0.796477
vt 0.835062 0.796768
vt 0.828437 0.820154
vt 0.824278 0.817424
vt 0.830946 0.796477
vt 0.824278 0.817424
vt 0.826788 0.793747
vt 0.830946 0.796477
vt 0.296687 0.813165
vt 0.292424 0.808729
vt 0.301029 0.789488
vt 0.292424 0.808729
vt 0.296766 0.785052
vt 0.301029 0.789488
vt 0.292424 0.808729
vt 0.286357 0.803776
vt 0.296766 0.785052
vt 0.286357 0.803776
vt 0.290700 0.780099
vt 0.296766 0.785052
vt 0.290700 0.780099
vt 0.284456 0.775954
vt 0.295042 0.756421
vt 0.284456 0.775954
vt 0.288798 0.752277
vt 0.295042 0.756421
vt 0.284456 0.775954
vt 0.279707 0.773730
vt 0.288798 0.752277
vt 0.279707 0.773730
vt 0.284050 0.750053
vt 0.288798 0.752277
vt 0.772847 0.776238
vt 0.768731 0.776530
vt 0.770338 0.752561
vt 0.768731 0.776530
vt 0.766221 0.752852
vt 0.770338 0.752561
vt 0.768731 0.776530
vt 0.764572 0.779259
vt 0.766221 0.752852
vt 0.764572 0.779259
vt 0.762063 0.755582
vt 0.766221 0.752852
vt 0.202064 0.777235
vt 0.197801 0.781670
vt 0.197721 0.753557
vt 0.197801 0.781670
vt 0.193458 0.757993
vt 0.197721 0.753557
vt 0.197801 0.781670
vt 0.191735 0.786624
vt 0.193458 0.757993
vt 0.191735 0.786624
vt 0.187392 0.762947
vt 0.193458 0.757993
vt 0.191735 0.786624
vt 0.185490 0.790768
vt 0.187392 0.762947
vt 0.185490 0.790768
vt 0.181148 0.767091
vt 0.187392 0.762947
vt 0.185490 0.790768
vt 0.180742 0.792992
vt 0.181148 0.767091
vt 0.180742 0.792992
vt 0.176399 0.769315
vt 0.181148 0.767091
vt 0.835062 0.796768
vt 0.830946 0.796477
vt 0.837572 0.773091
vt 0.830946 0.796477
vt 0.833455 0.772800
vt 0.837572 0.773091
vt 0.830946 0.796477
vt 0.826788 0.793747
vt 0.833455 0.772800
vt 0.826788 0.793747
vt 0.829297 0.770070
vt 0.833455 0.772800
vt 0.301029 0.789488
vt 0.296766 0.785052
vt 0.305372 0.765811
vt 0.296766 0.785052
vt 0.301109 0.761375
vt 0.305372 0.765811
vt 0.296766 0.785052
vt 0.290700 0.780099
vt 0.301109 0.761375
vt 0.290700 0.780099
vt 0.295042 0.756421
vt 0.301109 0.761375
vt 0.295042 0.756421
vt 0.288798 0.752277
vt 0.299385 0.732744
vt 0.288798 0.752277
vt 0.293141 0.728600
vt 0.299385 0.732744
vt 0.288798 0.752277
vt 0.284050 0.750053
vt 0.293141 0.728600
vt 0.284050 0.750053
vt 0.288392 0.726376
vt 0.293141 0.728600
vt 0.770338 0.752561
vt 0.766221 0.752852
vt 0.767828 0.728884
vt 0.766221 0.752852
vt 0.763712 0.729175
vt 0.767828 0.728884
vt 0.766221 0.752852
vt 0.762063 0.755582
vt 0.763712 0.729175
vt 0.762063 0.755582
vt 0.759554 0.731905
vt 0.763712 0.729175
vt 0.197721 0.753557
vt 0.193458 0.757993
vt 0.193379 0.729880
vt 0.193458 0.757993
vt 0.189116 0.734316
vt 0.193379 0.729880
vt 0.193458 0.757993
vt 0.187392 0.762947
vt 0.189116 0.734316
vt 0.187392 0.762947
vt 0.183049 0.739270
vt 0.189116 0.734316
vt 0.187392 0.762947
vt 0.181148 0.767091
vt 0.183049 0.739270
vt 0.181148 0.767091
vt 0.176805 0.743414
vt 0.183049 0.739270
vt 0.181148 0.767091
vt 0.176399 0.769315
vt 0.176805 0.743414
vt 0.176399 0.769315
vt 0.172056 0.745638
vt 0.176805 0.743414
vt 0.837572 0.773091
vt 0.833455 0.772800
vt 0.840081 0.749414
vt 0.833455 0.772800
vt 0.835965 0.749123
vt 0.840081 0.749414
vt 0.833455 0.772800
vt 0.829297 0.770070
vt 0.835965 0.749123
vt 0.829297 0.770070
vt 0.831806 0.746393
vt 0.835965 0.749123
vt 0.305372 0.765811
vt 0.301109 0.761375
vt 0.309715 0.742134
vt 0.301109 0.761375
vt 0.305451 0.737698
vt 0.309715 0.742134
vt 0.301109 0.761375
vt 0.295042 0.756421
vt 0.305451 0.737698
vt 0.295042 0.756421
vt 0.299385 0.732744
vt 0.305451 0.737698
vt 0.299385 0.732744
vt 0.293141 0.728600
vt 0.302751 0.714380
vt 0.293141 0.728600
vt 0.296663 0.710340
vt 0.302751 0.714380
vt 0.293141 0.728600
vt 0.288392 0.726376
vt 0.296663 0.710340
vt 0.288392 0.726376
vt 0.292033 0.708171
vt 0.296663 0.710340
vt 0.767828 0.728884
vt 0.763712 0.729175
vt 0.765767 0.710679
vt 0.763712 0.729175
vt 0.761754 0.710963
vt 0.765767 0.710679
vt 0.763712 0.729175
vt 0.759554 0.731905
vt 0.761754 0.710963
vt 0.759554 0.731905
vt 0.757700 0.713624
vt 0.761754 0.710963
vt 0.193379 0.729880
vt 0.189116 0.734316
vt 0.189721 0.711600
vt 0.189116 0.734316
vt 0.185565 0.715924
vt 0.189721 0.711600
vt 0.189116 0.734316
vt 0.183049 0.739270
vt 0.185565 0.715924
vt 0.183049 0.739270
vt 0.179651 0.720754
vt 0.185565 0.715924
vt 0.183049 0.739270
vt 0.176805 0.743414
vt 0.179651 0.720754
vt 0.176805 0.743414
vt 0.173563 0.724794
vt 0.179651 0.720754
vt 0.176805 0.743414
vt 0.172056 0.745638
vt 0.173563 0.724794
vt 0.172056 0.745638
vt 0.168933 0.726963
vt 0.173563 0.724794
vt 0.840081 0.749414
vt 0.835965 0.749123
vt 0.841928 0.730739
vt 0.835965 0.749123
vt 0.837915 0.730454
vt 0.841928 0.730739
vt 0.835965 0.749123
vt 0.831806 0.746393
vt 0.837915 0.730454
vt 0.831806 0.746393
vt 0.833861 0.727793
vt 0.837915 0.730454
vt 0.309715 0.742134
vt 0.305451 0.737698
vt 0.312821 0.723534
vt 0.305451 0.737698
vt 0.308665 0.719209
vt 0.312821 0.723534
vt 0.305451 0.737698
vt 0.299385 0.732744
vt 0.308665 0.719209
vt 0.299385 0.732744
vt 0.302751 0.714380
vt 0.308665 0.719209
vt 0.302751 0.714380
vt 0.296663 0.710340
vt 0.305914 0.697088
vt 0.296663 0.710340
vt 0.300288 0.693354
vt 0.305914 0.697088
vt 0.296663 0.710340
vt 0.292033 0.708171
vt 0.300288 0.693354
vt 0.292033 0.708171
vt 0.296010 0.691350
vt 0.300288 0.693354
vt 0.765767 0.710679
vt 0.761754 0.710963
vt 0.763595 0.693858
vt 0.761754 0.710963
vt 0.759886 0.694120
vt 0.763595 0.693858
vt 0.761754 0.710963
vt 0.757700 0.713624
vt 0.759886 0.694120
vt 0.757700 0.713624
vt 0.756139 0.696580
vt 0.759886 0.694120
vt 0.189721 0.711600
vt 0.185565 0.715924
vt 0.185696 0.694555
vt 0.185565 0.715924
vt 0.181855 0.698552
vt 0.185696 0.694555
vt 0.185565 0.715924
vt 0.179651 0.720754
vt 0.181855 0.698552
vt 0.179651 0.720754
vt 0.176389 0.703015
vt 0.181855 0.698552
vt 0.179651 0.720754
vt 0.173563 0.724794
vt 0.176389 0.703015
vt 0.173563 0.724794
vt 0.170763 0.706749
vt 0.176389 0.703015
vt 0.173563 0.724794
vt 0.168933 0.726963
vt 0.170763 0.706749
vt 0.168933 0.726963
vt 0.166485 0.708752
vt 0.170763 0.706749
vt 0.841928 0.730739
vt 0.837915 0.730454
vt 0.843468 0.712528
vt 0.837915 0.730454
vt 0.839760 0.712266
vt 0.843468 0.712528
vt 0.837915 0.730454
vt 0.833861 0.727793
vt 0.839760 0.712266
vt 0.833861 0.727793
vt 0.836013 0.709807
vt 0.839760 0.712266
vt 0.312821 0.723534
vt 0.308665 0.719209
vt 0.315221 0.705547
vt 0.308665 0.719209
vt 0.311380 0.701551
vt 0.315221 0.705547
vt 0.308665 0.719209
vt 0.302751 0.714380
vt 0.311380 0.701551
vt 0.302751 0.714380
vt 0.305914 0.697088
vt 0.311380 0.701551
vt 0.305914 0.697088
vt 0.300288 0.693354
vt 0.308717 0.681735
vt 0.300288 0.693354
vt 0.303835 0.678495
vt 0.308717 0.681735
vt 0.300288 0.693354
vt 0.296010 0.691350
vt 0.303835 0.678495
vt 0.296010 0.691350
vt 0.300122 0.676756
vt 0.303835 0.678495
vt 0.763595 0.693858
vt 0.759886 0.694120
vt 0.761420 0.679264
vt 0.759886 0.694120
vt 0.758202 0.679492
vt 0.761420 0.679264
vt 0.759886 0.694120
vt 0.756139 0.696580
vt 0.758202 0.679492
vt 0.756139 0.696580
vt 0.754951 0.681626
vt 0.758202 0.679492
vt 0.185696 0.694555
vt 0.181855 0.698552
vt 0.181504 0.679601
vt 0.181855 0.698552
vt 0.178171 0.683069
vt 0.181504 0.679601
vt 0.181855 0.698552
vt 0.176389 0.703015
vt 0.178171 0.683069
vt 0.176389 0.703015
vt 0.173428 0.686942
vt 0.178171 0.683069
vt 0.176389 0.703015
vt 0.170763 0.706749
vt 0.173428 0.686942
vt 0.170763 0.706749
vt 0.168546 0.690182
vt 0.173428 0.686942
vt 0.170763 0.706749
vt 0.166485 0.708752
vt 0.168546 0.690182
vt 0.166485 0.708752
vt 0.164834 0.691921
vt 0.168546 0.690182
vt 0.843468 0.712528
vt 0.839760 0.712266
vt 0.844625 0.695697
vt 0.839760 0.712266
vt 0.841406 0.695469
vt 0.844625 0.695697
vt 0.839760 0.712266
vt 0.836013 0.709807
vt 0.841406 0.695469
vt 0.836013 0.709807
vt 0.838155 0.693335
vt 0.841406 0.695469
vt 0.315221 0.705547
vt 0.311380 0.701551
vt 0.316793 0.689076
vt 0.311380 0.701551
vt 0.313460 0.685608
vt 0.316793 0.689076
vt 0.311380 0.701551
vt 0.305914 0.697088
vt 0.313460 0.685608
vt 0.305914 0.697088
vt 0.308717 0.681735
vt 0.313460 0.685608
vt 0.308717 0.681735
vt 0.303835 0.678495
vt 0.311018 0.669092
vt 0.303835 0.678495
vt 0.307125 0.666508
vt 0.311018 0.669092
vt 0.303835 0.678495
vt 0.300122 0.676756
vt 0.307125 0.666508
vt 0.300122 0.676756
vt 0.304164 0.665121
vt 0.307125 0.666508
vt 0.761420 0.679264
vt 0.758202 0.679492
vt 0.759353 0.667629
vt 0.758202 0.679492
vt 0.756786 0.667811
vt 0.759353 0.667629
vt 0.758202 0.679492
vt 0.754951 0.681626
vt 0.756786 0.667811
vt 0.754951 0.681626
vt 0.754194 0.669512
vt 0.756786 0.667811
vt 0.181504 0.679601
vt 0.178171 0.683069
vt 0.177357 0.667488
vt 0.178171 0.683069
vt 0.174699 0.670254
vt 0.177357 0.667488
vt 0.178171 0.683069
vt 0.173428 0.686942
vt 0.174699 0.670254
vt 0.173428 0.686942
vt 0.170916 0.673342
vt 0.174699 0.670254
vt 0.173428 0.686942
vt 0.168546 0.690182
vt 0.170916 0.673342
vt 0.168546 0.690182
vt 0.167023 0.675926
vt 0.170916 0.673342
vt 0.168546 0.690182
vt 0.164834 0.691921
vt 0.167023 0.675926
vt 0.164834 0.691921
vt 0.164063 0.677313
vt 0.167023 0.675926
vt 0.844625 0.695697
vt 0.841406 0.695469
vt 0.845339 0.681089
vt 0.841406 0.695469
vt 0.842772 0.680907
vt 0.845339 0.681089
vt 0.841406 0.695469
vt 0.838155 0.693335
vt 0.842772 0.680907
vt 0.838155 0.693335
vt 0.840180 0.679205
vt 0.842772 0.680907
vt 0.316793 0.689076
vt 0.313460 0.685608
vt 0.317459 0.674946
vt 0.313460 0.685608
vt 0.314801 0.672180
vt 0.317459 0.674946
vt 0.313460 0.685608
vt 0.308717 0.681735
vt 0.314801 0.672180
vt 0.308717 0.681735
vt 0.311018 0.669092
vt 0.314801 0.672180
vt 0.311018 0.669092
vt 0.307125 0.666508
vt 0.312703 0.659791
vt 0.307125 0.666508
vt 0.309994 0.657993
vt 0.312703 0.659791
vt 0.307125 0.666508
vt 0.304164 0.665121
vt 0.309994 0.657993
vt 0.304164 0.665121
vt 0.307934 0.657028
vt 0.309994 0.657993
vt 0.251235 0.273438
vt 0.250000 0.268305
vt 0.255004 0.269724
vt 0.250000 0.268305
vt 0.254145 0.266152
vt 0.255004 0.269724
vt 0.756786 0.667811
vt 0.754194 0.669512
vt 0.755710 0.659663
vt 0.754194 0.669512
vt 0.753906 0.660847
vt 0.755710 0.659663
vt 0.177357 0.667488
vt 0.174699 0.670254
vt 0.173462 0.658822
vt 0.174699 0.670254
vt 0.171612 0.660747
vt 0.173462 0.658822
vt 0.174699 0.670254
vt 0.170916 0.673342
vt 0.171612 0.660747
vt 0.170916 0.673342
vt 0.168980 0.662896
vt 0.171612 0.660747
vt 0.170916 0.673342
vt 0.167023 0.675926
vt 0.168980 0.662896
vt 0.167023 0.675926
vt 0.166271 0.664694
vt 0.168980 0.662896
vt 0.167023 0.675926
vt 0.164063 0.677313
vt 0.166271 0.664694
vt 0.164063 0.677313
vt 0.164210 0.665659
vt 0.166271 0.664694
vt 0.845339 0.681089
vt 0.842772 0.680907
vt 0.845575 0.669436
vt 0.842772 0.680907
vt 0.843789 0.669309
vt 0.845575 0.669436
vt 0.842772 0.680907
vt 0.840180 0.679205
vt 0.843789 0.669309
vt 0.840180 0.679205
vt 0.841985 0.668125
vt 0.843789 0.669309
vt 0.317459 0.674946
vt 0.314801 0.672180
vt 0.317185 0.663865
vt 0.314801 0.672180
vt 0.315336 0.661941
vt 0.317185 0.663865
vt 0.314801 0.672180
vt 0.311018 0.669092
vt 0.315336 0.661941
vt 0.311018 0.669092
vt 0.312703 0.659791
vt 0.315336 0.661941
vt 0.312703 0.659791
vt 0.309994 0.657993
vt 0.313687 0.654301
vt 0.309994 0.657993
vt 0.312298 0.653379
vt 0.313687 0.654301
vt 0.257065 0.272303
vt 0.255004 0.269724
vt 0.259369 0.267942
vt 0.255004 0.269724
vt 0.258312 0.266619
vt 0.259369 0.267942
vt 0.255004 0.269724
vt 0.254145 0.266152
vt 0.258312 0.266619
vt 0.254145 0.266152
vt 0.257871 0.264787
vt 0.258312 0.266619
vt 0.254145 0.266152
vt 0.254717 0.262544
vt 0.257871 0.264787
vt 0.254717 0.262544
vt 0.258164 0.262937
vt 0.257871 0.264787
vt 0.173462 0.658822
vt 0.171612 0.660747
vt 0.170014 0.654040
vt 0.171612 0.660747
vt 0.169065 0.655027
vt 0.170014 0.654040
vt 0.171612 0.660747
vt 0.168980 0.662896
vt 0.169065 0.655027
vt 0.168980 0.662896
vt 0.167716 0.656129
vt 0.169065 0.655027
vt 0.168980 0.662896
vt 0.166271 0.664694
vt 0.167716 0.656129
vt 0.166271 0.664694
vt 0.166326 0.657051
vt 0.167716 0.656129
vt 0.166271 0.664694
vt 0.164210 0.665659
vt 0.166326 0.657051
vt 0.164210 0.665659
vt 0.165269 0.657546
vt 0.166326 0.657051
vt 0.845575 0.669436
vt 0.843789 0.669309
vt 0.845321 0.661322
vt 0.843789 0.669309
vt 0.844405 0.661257
vt 0.845321 0.661322
vt 0.843789 0.669309
vt 0.841985 0.668125
vt 0.844405 0.661257
vt 0.841985 0.668125
vt 0.843480 0.660650
vt 0.844405 0.661257
vt 0.841985 0.668125
vt 0.840646 0.666200
vt 0.843480 0.660650
vt 0.840646 0.666200
vt 0.842793 0.659663
vt 0.843480 0.660650
vt 0.315336 0.661941
vt 0.312703 0.659791
vt 0.315037 0.655403
vt 0.312703 0.659791
vt 0.313687 0.654301
vt 0.315037 0.655403
vt 0.260758 0.268400
vt 0.259369 0.267942
vt 0.260991 0.264277
vt 0.259369 0.267942
vt 0.260991 0.264277
vt 0.260991 0.264277
vt 0.259369 0.267942
vt 0.258312 0.266619
vt 0.260991 0.264277
vt 0.258312 0.266619
vt 0.260991 0.264277
vt 0.260991 0.264277
vt 0.258312 0.266619
vt 0.257871 0.264787
vt 0.260991 0.264277
vt 0.257871 0.264787
vt 0.260991 0.264277
vt 0.260991 0.264277
vt 0.257871 0.264787
vt 0.258164 0.262937
vt 0.260991 0.264277
vt 0.258164 0.262937
vt 0.260991 0.264277
vt 0.260991 0.264277
vt 0.258164 0.262937
vt 0.259113 0.261563
vt 0.260991 0.264277
vt 0.259113 0.261563
vt 0.260991 0.264277
vt 0.260991 0.264277
vt 0.259113 0.261563
vt 0.260463 0.261035
vt 0.260991 0.264277
vt 0.260463 0.261035
vt 0.260991 0.264277
vt 0.260991 0.264277
vt 0.167716 0.656129
vt 0.166326 0.657051
vt 0.167187 0.653379
vt 0.261852 0.261494
vt 0.260991 0.264277
vt 0.260991 0.264277
vt 0.261852 0.261494
vt 0.262909 0.262816
vt 0.260991 0.264277
vt 0.262909 0.262816
vt 0.260991 0.264277
vt 0.260991 0.264277
vt 0.262909 0.262816
vt 0.263350 0.264648
vt 0.260991 0.264277
vt 0.263350 0.264648
vt 0.260991 0.264277
vt 0.260991 0.264277
vt 0.263350 0.264648
vt 0.263057 0.266499
vt 0.260991 0.264277
vt 0.263057 0.266499
vt 0.260991 0.264277
vt 0.260991 0.264277
vt 0.263057 0.266499
vt 0.262108 0.267872
vt 0.260991 0.264277
vt 0.262108 0.267872
vt 0.260991 0.264277
vt 0.260991 0.264277
vt 0.262108 0.267872
vt 0.260758 0.268400
vt 0.260991 0.264277
vt 0.260758 0.268400
vt 0.260991 0.264277
vt 0.260991 0.264277
vt 0.315629 0.269091
vt 0.315629 0.269091
vt 0.315629 0.273438
vt 0.339067 0.269466
vt 0.337502 0.265677
vt 0.339067 0.265120
vt 0.315629 0.269091
vt 0.315629 0.269091
vt 0.314065 0.272880
vt 0.339067 0.269466
vt 0.336357 0.267199
vt 0.337502 0.265677
vt 0.315629 0.269091
vt 0.315629 0.269091
vt 0.312919 0.271358
vt 0.339067 0.269466
vt 0.335938 0.269279
vt 0.336357 0.267199
vt 0.315629 0.269091
vt 0.315629 0.269091
vt 0.312500 0.269279
vt 0.339067 0.269466
vt 0.336357 0.271358
vt 0.335938 0.269279
vt 0.315629 0.269091
vt 0.315629 0.269091
vt 0.312919 0.267199
vt 0.339067 0.269466
vt 0.337502 0.272880
vt 0.336357 0.271358
vt 0.315629 0.269091
vt 0.315629 0.269091
vt 0.314065 0.265677
vt 0.339067 0.269466
vt 0.339067 0.273438
vt 0.337502 0.272880
vt 0.315629 0.269091
vt 0.315629 0.269091
vt 0.315629 0.265120
vt 0.339067 0.269466
vt 0.340631 0.272880
vt 0.339067 0.273438
vt 0.315629 0.269091
vt 0.315629 0.269091
vt 0.317194 0.265677
vt 0.339067 0.269466
vt 0.341777 0.271358
vt 0.340631 0.272880
vt 0.315629 0.269091
vt 0.315629 0.269091
vt 0.318339 0.267199
vt 0.339067 0.269466
vt 0.342196 0.269279
vt 0.341777 0.271358
vt 0.315629 0.269091
vt 0.315629 0.269091
vt 0.318758 0.269279
vt 0.339067 0.269466
vt 0.341777 0.267199
vt 0.342196 0.269279
vt 0.315629 0.269091
vt 0.315629 0.269091
vt 0.318339 0.271358
vt 0.339067 0.269466
vt 0.340631 0.265677
vt 0.341777 0.267199
vt 0.315629 0.269091
vt 0.315629 0.269091
vt 0.317194 0.272880
vt 0.339067 0.269466
vt 0.339067 0.265120
vt 0.340631 0.265677
vt 0.019991 0.984375
vt 0.018426 0.984330
vt 0.019991 0.977780
vt 0.018426 0.984330
vt 0.016940 0.977693
vt 0.019991 0.977780
vt 0.018426 0.984330
vt 0.017281 0.984208
vt 0.016940 0.977693
vt 0.017281 0.984208
vt 0.014707 0.977455
vt 0.016940 0.977693
vt 0.054158 0.984375
vt 0.053118 0.984208
vt 0.055422 0.977622
vt 0.053118 0.984208
vt 0.053395 0.977297
vt 0.055422 0.977622
vt 0.053118 0.984208
vt 0.052078 0.984042
vt 0.053395 0.977297
vt 0.052078 0.984042
vt 0.051368 0.976972
vt 0.053395 0.977297
vt 0.100826 0.984375
vt 0.099681 0.984253
vt 0.103400 0.977305
vt 0.099681 0.984253
vt 0.101167 0.977067
vt 0.103400 0.977305
vt 0.099681 0.984253
vt 0.098116 0.984208
vt 0.101167 0.977067
vt 0.098116 0.984208
vt 0.098116 0.976980
vt 0.101167 0.977067
vt 0.098116 0.984208
vt 0.096551 0.984253
vt 0.098116 0.976980
vt 0.096551 0.984253
vt 0.095065 0.977067
vt 0.098116 0.976980
vt 0.096551 0.984253
vt 0.095406 0.984375
vt 0.095065 0.977067
vt 0.095406 0.984375
vt 0.092832 0.977305
vt 0.095065 0.977067
vt 0.147079 0.984042
vt 0.146039 0.984208
vt 0.147789 0.976972
vt 0.146039 0.984208
vt 0.145762 0.977297
vt 0.147789 0.976972
vt 0.146039 0.984208
vt 0.144999 0.984375
vt 0.145762 0.977297
vt 0.144999 0.984375
vt 0.143735 0.977622
vt 0.145762 0.977297
vt 0.022701 0.984208
vt 0.021556 0.984330
vt 0.025275 0.977455
vt 0.021556 0.984330
vt 0.023042 0.977693
vt 0.025275 0.977455
vt 0.021556 0.984330
vt 0.019991 0.984375
vt 0.023042 0.977693
vt 0.019991 0.984375
vt 0.019991 0.977780
vt 0.023042 0.977693
vt 0.019991 0.977780
vt 0.016940 0.977693
vt 0.019991 0.966931
vt 0.016940 0.977693
vt 0.015607 0.966806
vt 0.019991 0.966931
vt 0.016940 0.977693
vt 0.014707 0.977455
vt 0.015607 0.966806
vt 0.014707 0.977455
vt 0.012398 0.966464
vt 0.015607 0.966806
vt 0.055422 0.977622
vt 0.053395 0.977297
vt 0.056754 0.966630
vt 0.053395 0.977297
vt 0.053841 0.966163
vt 0.056754 0.966630
vt 0.053395 0.977297
vt 0.051368 0.976972
vt 0.053841 0.966163
vt 0.051368 0.976972
vt 0.050928 0.965696
vt 0.053841 0.966163
vt 0.103400 0.977305
vt 0.101167 0.977067
vt 0.105709 0.966030
vt 0.101167 0.977067
vt 0.102500 0.965688
vt 0.105709 0.966030
vt 0.101167 0.977067
vt 0.098116 0.976980
vt 0.102500 0.965688
vt 0.098116 0.976980
vt 0.098116 0.965563
vt 0.102500 0.965688
vt 0.098116 0.976980
vt 0.095065 0.977067
vt 0.098116 0.965563
vt 0.095065 0.977067
vt 0.093732 0.965688
vt 0.098116 0.965563
vt 0.095065 0.977067
vt 0.092832 0.977305
vt 0.093732 0.965688
vt 0.092832 0.977305
vt 0.090523 0.966030
vt 0.093732 0.965688
vt 0.147789 0.976972
vt 0.145762 0.977297
vt 0.148229 0.965696
vt 0.145762 0.977297
vt 0.145316 0.966163
vt 0.148229 0.965696
vt 0.145762 0.977297
vt 0.143735 0.977622
vt 0.145316 0.966163
vt 0.143735 0.977622
vt 0.142402 0.966630
vt 0.145316 0.966163
vt 0.025275 0.977455
vt 0.023042 0.977693
vt 0.027584 0.966464
vt 0.023042 0.977693
vt 0.024375 0.966806
vt 0.027584 0.966464
vt 0.023042 0.977693
vt 0.019991 0.977780
vt 0.024375 0.966806
vt 0.019991 0.977780
vt 0.019991 0.966931
vt 0.024375 0.966806
vt 0.019991 0.966931
vt 0.015607 0.966806
vt 0.019991 0.952371
vt 0.015607 0.966806
vt 0.014494 0.952214
vt 0.019991 0.952371
vt 0.015607 0.966806
vt 0.012398 0.966464
vt 0.014494 0.952214
vt 0.012398 0.966464
vt 0.010469 0.951785
vt 0.014494 0.952214
vt 0.056754 0.966630
vt 0.053841 0.966163
vt 0.058087 0.951952
vt 0.053841 0.966163
vt 0.054434 0.951366
vt 0.058087 0.951952
vt 0.053841 0.966163
vt 0.050928 0.965696
vt 0.054434 0.951366
vt 0.050928 0.965696
vt 0.050781 0.950781
vt 0.054434 0.951366
vt 0.105709 0.966030
vt 0.102500 0.965688
vt 0.107638 0.951114
vt 0.102500 0.965688
vt 0.103613 0.950685
vt 0.107638 0.951114
vt 0.102500 0.965688
vt 0.098116 0.965563
vt 0.103613 0.950685
vt 0.098116 0.965563
vt 0.098116 0.950528
vt 0.103613 0.950685
vt 0.098116 0.965563
vt 0.093732 0.965688
vt 0.098116 0.950528
vt 0.093732 0.965688
vt 0.092619 0.950685
vt 0.098116 0.950528
vt 0.093732 0.965688
vt 0.090523 0.966030
vt 0.092619 0.950685
vt 0.090523 0.966030
vt 0.088594 0.951114
vt 0.092619 0.950685
vt 0.148229 0.965696
vt 0.145316 0.966163
vt 0.148376 0.950781
vt 0.145316 0.966163
vt 0.144723 0.951366
vt 0.148376 0.950781
vt 0.145316 0.966163
vt 0.142402 0.966630
vt 0.144723 0.951366
vt 0.142402 0.966630
vt 0.141069 0.951952
vt 0.144723 0.951366
vt 0.027584 0.966464
vt 0.024375 0.966806
vt 0.029513 0.951785
vt 0.024375 0.966806
vt 0.025488 0.952214
vt 0.029513 0.951785
vt 0.024375 0.966806
vt 0.019991 0.966931
vt 0.025488 0.952214
vt 0.019991 0.966931
vt 0.019991 0.952371
vt 0.025488 0.952214
vt 0.019991 0.952371
vt 0.014494 0.952214
vt 0.019991 0.934831
vt 0.014494 0.952214
vt 0.013656 0.934650
vt 0.019991 0.934831
vt 0.014494 0.952214
vt 0.010469 0.951785
vt 0.013656 0.934650
vt 0.010469 0.951785
vt 0.009019 0.934156
vt 0.013656 0.934650
vt 0.058087 0.951952
vt 0.054434 0.951366
vt 0.059354 0.934323
vt 0.054434 0.951366
vt 0.055145 0.933648
vt 0.059354 0.934323
vt 0.054434 0.951366
vt 0.050781 0.950781
vt 0.055145 0.933648
vt 0.050781 0.950781
vt 0.050935 0.932973
vt 0.055145 0.933648
vt 0.107638 0.951114
vt 0.103613 0.950685
vt 0.109088 0.933306
vt 0.103613 0.950685
vt 0.104451 0.932812
vt 0.109088 0.933306
vt 0.103613 0.950685
vt 0.098116 0.950528
vt 0.104451 0.932812
vt 0.098116 0.950528
vt 0.098116 0.932631
vt 0.104451 0.932812
vt 0.098116 0.950528
vt 0.092619 0.950685
vt 0.098116 0.932631
vt 0.092619 0.950685
vt 0.091781 0.932812
vt 0.098116 0.932631
vt 0.092619 0.950685
vt 0.088594 0.951114
vt 0.091781 0.932812
vt 0.088594 0.951114
vt 0.087144 0.933306
vt 0.091781 0.932812
vt 0.148376 0.950781
vt 0.144723 0.951366
vt 0.148222 0.932973
vt 0.144723 0.951366
vt 0.144012 0.933648
vt 0.148222 0.932973
vt 0.144723 0.951366
vt 0.141069 0.951952
vt 0.144012 0.933648
vt 0.141069 0.951952
vt 0.139803 0.934323
vt 0.144012 0.933648
vt 0.029513 0.951785
vt 0.025488 0.952214
vt 0.030963 0.934156
vt 0.025488 0.952214
vt 0.026326 0.934650
vt 0.030963 0.934156
vt 0.025488 0.952214
vt 0.019991 0.952371
vt 0.026326 0.934650
vt 0.019991 0.952371
vt 0.019991 0.934831
vt 0.026326 0.934650
vt 0.019991 0.934831
vt 0.013656 0.934650
vt 0.019991 0.915190
vt 0.013656 0.934650
vt 0.013136 0.914994
vt 0.019991 0.915190
vt 0.013656 0.934650
vt 0.009019 0.934156
vt 0.013136 0.914994
vt 0.009019 0.934156
vt 0.008118 0.914459
vt 0.013136 0.914994
vt 0.059354 0.934323
vt 0.055145 0.933648
vt 0.060492 0.914626
vt 0.055145 0.933648
vt 0.055936 0.913896
vt 0.060492 0.914626
vt 0.055145 0.933648
vt 0.050935 0.932973
vt 0.055936 0.913896
vt 0.050935 0.932973
vt 0.051381 0.913165
vt 0.055936 0.913896
vt 0.109088 0.933306
vt 0.104451 0.932812
vt 0.109989 0.913499
vt 0.104451 0.932812
vt 0.104971 0.912964
vt 0.109989 0.913499
vt 0.104451 0.932812
vt 0.098116 0.932631
vt 0.104971 0.912964
vt 0.098116 0.932631
vt 0.098116 0.912768
vt 0.104971 0.912964
vt 0.098116 0.932631
vt 0.091781 0.932812
vt 0.098116 0.912768
vt 0.091781 0.932812
vt 0.091261 0.912964
vt 0.098116 0.912768
vt 0.091781 0.932812
vt 0.087144 0.933306
vt 0.091261 0.912964
vt 0.087144 0.933306
vt 0.086243 0.913499
vt 0.091261 0.912964
vt 0.148222 0.932973
vt 0.144012 0.933648
vt 0.147776 0.913165
vt 0.144012 0.933648
vt 0.143221 0.913896
vt 0.147776 0.913165
vt 0.144012 0.933648
vt 0.139803 0.934323
vt 0.143221 0.913896
vt 0.139803 0.934323
vt 0.138665 0.914626
vt 0.143221 0.913896
vt 0.030963 0.934156
vt 0.026326 0.934650
vt 0.031864 0.914459
vt 0.026326 0.934650
vt 0.026846 0.914994
vt 0.031864 0.914459
vt 0.026326 0.934650
vt 0.019991 0.934831
vt 0.026846 0.914994
vt 0.019991 0.934831
vt 0.019991 0.915190
vt 0.026846 0.914994
vt 0.019991 0.915190
vt 0.013136 0.914994
vt 0.019991 0.894433
vt 0.013136 0.914994
vt 0.012960 0.894232
vt 0.019991 0.894433
vt 0.013136 0.914994
vt 0.008118 0.914459
vt 0.012960 0.894232
vt 0.008118 0.914459
vt 0.007813 0.893684
vt 0.012960 0.894232
vt 0.060492 0.914626
vt 0.055936 0.913896
vt 0.061442 0.893850
vt 0.055936 0.913896
vt 0.056770 0.893101
vt 0.061442 0.893850
vt 0.055936 0.913896
vt 0.051381 0.913165
vt 0.056770 0.893101
vt 0.051381 0.913165
vt 0.052097 0.892352
vt 0.056770 0.893101
vt 0.109989 0.913499
vt 0.104971 0.912964
vt 0.110294 0.892685
vt 0.104971 0.912964
vt 0.105147 0.892137
vt 0.110294 0.892685
vt 0.104971 0.912964
vt 0.098116 0.912768
vt 0.105147 0.892137
vt 0.098116 0.912768
vt 0.098116 0.891936
vt 0.105147 0.892137
vt 0.098116 0.912768
vt 0.091261 0.912964
vt 0.098116 0.891936
vt 0.091261 0.912964
vt 0.091085 0.892137
vt 0.098116 0.891936
vt 0.091261 0.912964
vt 0.086243 0.913499
vt 0.091085 0.892137
vt 0.086243 0.913499
vt 0.085938 0.892685
vt 0.091085 0.892137
vt 0.147776 0.913165
vt 0.143221 0.913896
vt 0.147059 0.892352
vt 0.143221 0.913896
vt 0.142387 0.893101
vt 0.147059 0.892352
vt 0.143221 0.913896
vt 0.138665 0.914626
vt 0.142387 0.893101
vt 0.138665 0.914626
vt 0.137714 0.893850
vt 0.142387 0.893101
vt 0.031864 0.914459
vt 0.026846 0.914994
vt 0.032169 0.893684
vt 0.026846 0.914994
vt 0.027022 0.894232
vt 0.032169 0.893684
vt 0.026846 0.914994
vt 0.019991 0.915190
vt 0.027022 0.894232
vt 0.019991 0.915190
vt 0.019991 0.894433
vt 0.027022 0.894232
vt 0.019991 0.894433
vt 0.012960 0.894232
vt 0.019991 0.867733
vt 0.012960 0.894232
vt 0.012960 0.867532
vt 0.019991 0.867733
vt 0.012960 0.894232
vt 0.007813 0.893684
vt 0.012960 0.867532
vt 0.007813 0.893684
vt 0.007813 0.866984
vt 0.012960 0.867532
vt 0.061442 0.893850
vt 0.056770 0.893101
vt 0.062513 0.867150
vt 0.056770 0.893101
vt 0.057840 0.866401
vt 0.062513 0.867150
vt 0.056770 0.893101
vt 0.052097 0.892352
vt 0.057840 0.866401
vt 0.052097 0.892352
vt 0.053168 0.865652
vt 0.057840 0.866401
vt 0.110294 0.892685
vt 0.105147 0.892137
vt 0.110294 0.865985
vt 0.105147 0.892137
vt 0.105147 0.865437
vt 0.110294 0.865985
vt 0.105147 0.892137
vt 0.098116 0.891936
vt 0.105147 0.865437
vt 0.098116 0.891936
vt 0.098116 0.865236
vt 0.105147 0.865437
vt 0.098116 0.891936
vt 0.091085 0.892137
vt 0.098116 0.865236
vt 0.091085 0.892137
vt 0.091085 0.865437
vt 0.098116 0.865236
vt 0.091085 0.892137
vt 0.085938 0.892685
vt 0.091085 0.865437
vt 0.085938 0.892685
vt 0.085938 0.865985
vt 0.091085 0.865437
vt 0.147059 0.892352
vt 0.142387 0.893101
vt 0.145989 0.865652
vt 0.142387 0.893101
vt 0.141317 0.866401
vt 0.145989 0.865652
vt 0.142387 0.893101
vt 0.137714 0.893850
vt 0.141317 0.866401
vt 0.137714 0.893850
vt 0.136644 0.867150
vt 0.141317 0.866401
vt 0.032169 0.893684
vt 0.027022 0.894232
vt 0.032169 0.866984
vt 0.027022 0.894232
vt 0.027022 0.867532
vt 0.032169 0.866984
vt 0.027022 0.894232
vt 0.019991 0.894433
vt 0.027022 0.867532
vt 0.019991 0.894433
vt 0.019991 0.867733
vt 0.027022 0.867532
vt 0.019991 0.867733
vt 0.012960 0.867532
vt 0.019991 0.841033
vt 0.012960 0.867532
vt 0.012960 0.840832
vt 0.019991 0.841033
vt 0.012960 0.867532
vt 0.007813 0.866984
vt 0.012960 0.840832
vt 0.007813 0.866984
vt 0.007813 0.840284
vt 0.012960 0.840832
vt 0.062513 0.867150
vt 0.057840 0.866401
vt 0.063583 0.840450
vt 0.057840 0.866401
vt 0.058911 0.839701
vt 0.063583 0.840450
vt 0.057840 0.866401
vt 0.053168 0.865652
vt 0.058911 0.839701
vt 0.053168 0.865652
vt 0.054238 0.838952
vt 0.058911 0.839701
vt 0.110294 0.865985
vt 0.105147 0.865437
vt 0.110294 0.839285
vt 0.105147 0.865437
vt 0.105147 0.838737
vt 0.110294 0.839285
vt 0.105147 0.865437
vt 0.098116 0.865236
vt 0.105147 0.838737
vt 0.098116 0.865236
vt 0.098116 0.838536
vt 0.105147 0.838737
vt 0.098116 0.865236
vt 0.091085 0.865437
vt 0.098116 0.838536
vt 0.091085 0.865437
vt 0.091085 0.838737
vt 0.098116 0.838536
vt 0.091085 0.865437
vt 0.085938 0.865985
vt 0.091085 0.838737
vt 0.085938 0.865985
vt 0.085938 0.839285
vt 0.091085 0.838737
vt 0.145989 0.865652
vt 0.141317 0.866401
vt 0.144919 0.838952
vt 0.141317 0.866401
vt 0.140246 0.839701
vt 0.144919 0.838952
vt 0.141317 0.866401
vt 0.136644 0.867150
vt 0.140246 0.839701
vt 0.136644 0.867150
vt 0.135574 0.840450
vt 0.140246 0.839701
vt 0.032169 0.866984
vt 0.027022 0.867532
vt 0.032169 0.840284
vt 0.027022 0.867532
vt 0.027022 0.840832
vt 0.032169 0.840284
vt 0.027022 0.867532
vt 0.019991 0.867733
vt 0.027022 0.840832
vt 0.019991 0.867733
vt 0.019991 0.841033
vt 0.027022 0.840832
vt 0.019991 0.841033
vt 0.012960 0.840832
vt 0.019991 0.814333
vt 0.012960 0.840832
vt 0.012960 0.814132
vt 0.019991 0.814333
vt 0.012960 0.840832
vt 0.007813 0.840284
vt 0.012960 0.814132
vt 0.007813 0.840284
vt 0.007813 0.813583
vt 0.012960 0.814132
vt 0.063583 0.840450
vt 0.058911 0.839701
vt 0.064653 0.813750
vt 0.058911 0.839701
vt 0.059981 0.813001
vt 0.064653 0.813750
vt 0.058911 0.839701
vt 0.054238 0.838952
vt 0.059981 0.813001
vt 0.054238 0.838952
vt 0.055308 0.812252
vt 0.059981 0.813001
vt 0.110294 0.839285
vt 0.105147 0.838737
vt 0.110294 0.812585
vt 0.105147 0.838737
vt 0.105147 0.812037
vt 0.110294 0.812585
vt 0.105147 0.838737
vt 0.098116 0.838536
vt 0.105147 0.812037
vt 0.098116 0.838536
vt 0.098116 0.811836
vt 0.105147 0.812037
vt 0.098116 0.838536
vt 0.091085 0.838737
vt 0.098116 0.811836
vt 0.091085 0.838737
vt 0.091085 0.812037
vt 0.098116 0.811836
vt 0.091085 0.838737
vt 0.085938 0.839285
vt 0.091085 0.812037
vt 0.085938 0.839285
vt 0.085938 0.812585
vt 0.091085 0.812037
vt 0.144919 0.838952
vt 0.140246 0.839701
vt 0.143849 0.812252
vt 0.140246 0.839701
vt 0.139176 0.813001
vt 0.143849 0.812252
vt 0.140246 0.839701
vt 0.135574 0.840450
vt 0.139176 0.813001
vt 0.135574 0.840450
vt 0.134504 0.813750
vt 0.139176 0.813001
vt 0.032169 0.840284
vt 0.027022 0.840832
vt 0.032169 0.813583
vt 0.027022 0.840832
vt 0.027022 0.814132
vt 0.032169 0.813583
vt 0.027022 0.840832
vt 0.019991 0.841033
vt 0.027022 0.814132
vt 0.019991 0.841033
vt 0.019991 0.814333
vt 0.027022 0.814132
vt 0.019991 0.814333
vt 0.012960 0.814132
vt 0.019991 0.787633
vt 0.012960 0.814132
vt 0.012960 0.787432
vt 0.019991 0.787633
vt 0.012960 0.814132
vt 0.007813 0.813583
vt 0.012960 0.787432
vt 0.007813 0.813583
vt 0.007813 0.786883
vt 0.012960 0.787432
vt 0.064653 0.813750
vt 0.059981 0.813001
vt 0.065724 0.787050
vt 0.059981 0.813001
vt 0.061051 0.786301
vt 0.065724 0.787050
vt 0.059981 0.813001
vt 0.055308 0.812252
vt 0.061051 0.786301
vt 0.055308 0.812252
vt 0.056379 0.785552
vt 0.061051 0.786301
vt 0.110294 0.812585
vt 0.105147 0.812037
vt 0.110294 0.785885
vt 0.105147 0.812037
vt 0.105147 0.785337
vt 0.110294 0.785885
vt 0.105147 0.812037
vt 0.098116 0.811836
vt 0.105147 0.785337
vt 0.098116 0.811836
vt 0.098116 0.785136
vt 0.105147 0.785337
vt 0.098116 0.811836
vt 0.091085 0.812037
vt 0.098116 0.785136
vt 0.091085 0.812037
vt 0.091085 0.785337
vt 0.098116 0.785136
vt 0.091085 0.812037
vt 0.085938 0.812585
vt 0.091085 0.785337
vt 0.085938 0.812585
vt 0.085938 0.785885
vt 0.091085 0.785337
vt 0.143849 0.812252
vt 0.139176 0.813001
vt 0.142778 0.785552
vt 0.139176 0.813001
vt 0.138106 0.786301
vt 0.142778 0.785552
vt 0.139176 0.813001
vt 0.134504 0.813750
vt 0.138106 0.786301
vt 0.134504 0.813750
vt 0.133433 0.787050
vt 0.138106 0.786301
vt 0.032169 0.813583
vt 0.027022 0.814132
vt 0.032169 0.786883
vt 0.027022 0.814132
vt 0.027022 0.787432
vt 0.032169 0.786883
vt 0.027022 0.814132
vt 0.019991 0.814333
vt 0.027022 0.787432
vt 0.019991 0.814333
vt 0.019991 0.787633
vt 0.027022 0.787432
vt 0.019991 0.787633
vt 0.012960 0.787432
vt 0.019991 0.760933
vt 0.012960 0.787432
vt 0.012960 0.760732
vt 0.019991 0.760933
vt 0.012960 0.787432
vt 0.007813 0.786883
vt 0.012960 0.760732
vt 0.007813 0.786883
vt 0.007813 0.760183
vt 0.012960 0.760732
vt 0.065724 0.787050
vt 0.061051 0.786301
vt 0.066794 0.760350
vt 0.061051 0.786301
vt 0.062121 0.759601
vt 0.066794 0.760350
vt 0.061051 0.786301
vt 0.056379 0.785552
vt 0.062121 0.759601
vt 0.056379 0.785552
vt 0.057449 0.758852
vt 0.062121 0.759601
vt 0.110294 0.785885
vt 0.105147 0.785337
vt 0.110294 0.759185
vt 0.105147 0.785337
vt 0.105147 0.758637
vt 0.110294 0.759185
vt 0.105147 0.785337
vt 0.098116 0.785136
vt 0.105147 0.758637
vt 0.098116 0.785136
vt 0.098116 0.758436
vt 0.105147 0.758637
vt 0.098116 0.785136
vt 0.091085 0.785337
vt 0.098116 0.758436
vt 0.091085 0.785337
vt 0.091085 0.758637
vt 0.098116 0.758436
vt 0.091085 0.785337
vt 0.085938 0.785885
vt 0.091085 0.758637
vt 0.085938 0.785885
vt 0.085938 0.759185
vt 0.091085 0.758637
vt 0.142778 0.785552
vt 0.138106 0.786301
vt 0.141708 0.758852
vt 0.138106 0.786301
vt 0.137036 0.759601
vt 0.141708 0.758852
vt 0.138106 0.786301
vt 0.133433 0.787050
vt 0.137036 0.759601
vt 0.133433 0.787050
vt 0.132363 0.760350
vt 0.137036 0.759601
vt 0.032169 0.786883
vt 0.027022 0.787432
vt 0.032169 0.760183
vt 0.027022 0.787432
vt 0.027022 0.760732
vt 0.032169 0.760183
vt 0.027022 0.787432
vt 0.019991 0.787633
vt 0.027022 0.760732
vt 0.019991 0.787633
vt 0.019991 0.760933
vt 0.027022 0.760732
vt 0.019991 0.760933
vt 0.012960 0.760732
vt 0.019991 0.734233
vt 0.012960 0.760732
vt 0.012960 0.734032
vt 0.019991 0.734233
vt 0.012960 0.760732
vt 0.007813 0.760183
vt 0.012960 0.734032
vt 0.007813 0.760183
vt 0.007813 0.733483
vt 0.012960 0.734032
vt 0.066794 0.760350
vt 0.062121 0.759601
vt 0.067864 0.733650
vt 0.062121 0.759601
vt 0.063192 0.732901
vt 0.067864 0.733650
vt 0.062121 0.759601
vt 0.057449 0.758852
vt 0.063192 0.732901
vt 0.057449 0.758852
vt 0.058519 0.732152
vt 0.063192 0.732901
vt 0.110294 0.759185
vt 0.105147 0.758637
vt 0.110294 0.732485
vt 0.105147 0.758637
vt 0.105147 0.731937
vt 0.110294 0.732485
vt 0.105147 0.758637
vt 0.098116 0.758436
vt 0.105147 0.731937
vt 0.098116 0.758436
vt 0.098116 0.731736
vt 0.105147 0.731937
vt 0.098116 0.758436
vt 0.091085 0.758637
vt 0.098116 0.731736
vt 0.091085 0.758637
vt 0.091085 0.731937
vt 0.098116 0.731736
vt 0.091085 0.758637
vt 0.085938 0.759185
vt 0.091085 0.731937
vt 0.085938 0.759185
vt 0.085938 0.732485
vt 0.091085 0.731937
vt 0.141708 0.758852
vt 0.137036 0.759601
vt 0.140638 0.732152
vt 0.137036 0.759601
vt 0.135965 0.732901
vt 0.140638 0.732152
vt 0.137036 0.759601
vt 0.132363 0.760350
vt 0.135965 0.732901
vt 0.132363 0.760350
vt 0.131293 0.733650
vt 0.135965 0.732901
vt 0.032169 0.760183
vt 0.027022 0.760732
vt 0.032169 0.733483
vt 0.027022 0.760732
vt 0.027022 0.734032
vt 0.032169 0.733483
vt 0.027022 0.760732
vt 0.019991 0.760933
vt 0.027022 0.734032
vt 0.019991 0.760933
vt 0.019991 0.734233
vt 0.027022 0.734032
vt 0.019991 0.734233
vt 0.012960 0.734032
vt 0.019991 0.707532
vt 0.012960 0.734032
vt 0.012960 0.707332
vt 0.019991 0.707532
vt 0.012960 0.734032
vt 0.007813 0.733483
vt 0.012960 0.707332
vt 0.007813 0.733483
vt 0.007813 0.706783
vt 0.012960 0.707332
vt 0.067864 0.733650
vt 0.063192 0.732901
vt 0.068934 0.706950
vt 0.063192 0.732901
vt 0.064262 0.706201
vt 0.068934 0.706950
vt 0.063192 0.732901
vt 0.058519 0.732152
vt 0.064262 0.706201
vt 0.058519 0.732152
vt 0.059589 0.705452
vt 0.064262 0.706201
vt 0.110294 0.732485
vt 0.105147 0.731937
vt 0.110294 0.705785
vt 0.105147 0.731937
vt 0.105147 0.705237
vt 0.110294 0.705785
vt 0.105147 0.731937
vt 0.098116 0.731736
vt 0.105147 0.705237
vt 0.098116 0.731736
vt 0.098116 0.705036
vt 0.105147 0.705237
vt 0.098116 0.731736
vt 0.091085 0.731937
vt 0.098116 0.705036
vt 0.091085 0.731937
vt 0.091085 0.705237
vt 0.098116 0.705036
vt 0.091085 0.731937
vt 0.085938 0.732485
vt 0.091085 0.705237
vt 0.085938 0.732485
vt 0.085938 0.705785
vt 0.091085 0.705237
vt 0.140638 0.732152
vt 0.135965 0.732901
vt 0.139567 0.705452
vt 0.135965 0.732901
vt 0.134895 0.706201
vt 0.139567 0.705452
vt 0.135965 0.732901
vt 0.131293 0.733650
vt 0.134895 0.706201
vt 0.131293 0.733650
vt 0.130222 0.706950
vt 0.134895 0.706201
vt 0.032169 0.733483
vt 0.027022 0.734032
vt 0.032169 0.706783
vt 0.027022 0.734032
vt 0.027022 0.707332
vt 0.032169 0.706783
vt 0.027022 0.734032
vt 0.019991 0.734233
vt 0.027022 0.707332
vt 0.019991 0.734233
vt 0.019991 0.707532
vt 0.027022 0.707332
vt 0.019991 0.707532
vt 0.012960 0.707332
vt 0.019991 0.686700
vt 0.012960 0.707332
vt 0.013136 0.686505
vt 0.019991 0.686700
vt 0.012960 0.707332
vt 0.007813 0.706783
vt 0.013136 0.686505
vt 0.007813 0.706783
vt 0.008118 0.685970
vt 0.013136 0.686505
vt 0.068934 0.706950
vt 0.064262 0.706201
vt 0.069651 0.686137
vt 0.064262 0.706201
vt 0.065096 0.685406
vt 0.069651 0.686137
vt 0.064262 0.706201
vt 0.059589 0.705452
vt 0.065096 0.685406
vt 0.059589 0.705452
vt 0.060540 0.684676
vt 0.065096 0.685406
vt 0.110294 0.705785
vt 0.105147 0.705237
vt 0.109989 0.685009
vt 0.105147 0.705237
vt 0.104971 0.684474
vt 0.109989 0.685009
vt 0.105147 0.705237
vt 0.098116 0.705036
vt 0.104971 0.684474
vt 0.098116 0.705036
vt 0.098116 0.684279
vt 0.104971 0.684474
vt 0.098116 0.705036
vt 0.091085 0.705237
vt 0.098116 0.684279
vt 0.091085 0.705237
vt 0.091261 0.684474
vt 0.098116 0.684279
vt 0.091085 0.705237
vt 0.085938 0.705785
vt 0.091261 0.684474
vt 0.085938 0.705785
vt 0.086243 0.685009
vt 0.091261 0.684474
vt 0.139567 0.705452
vt 0.134895 0.706201
vt 0.138617 0.684676
vt 0.134895 0.706201
vt 0.134061 0.685406
vt 0.138617 0.684676
vt 0.134895 0.706201
vt 0.130222 0.706950
vt 0.134061 0.685406
vt 0.130222 0.706950
vt 0.129506 0.686137
vt 0.134061 0.685406
vt 0.032169 0.706783
vt 0.027022 0.707332
vt 0.031864 0.685970
vt 0.027022 0.707332
vt 0.026846 0.686505
vt 0.031864 0.685970
vt 0.027022 0.707332
vt 0.019991 0.707532
vt 0.026846 0.686505
vt 0.019991 0.707532
vt 0.019991 0.686700
vt 0.026846 0.686505
vt 0.019991 0.686700
vt 0.013136 0.686505
vt 0.019991 0.666838
vt 0.013136 0.686505
vt 0.013656 0.666657
vt 0.019991 0.666838
vt 0.013136 0.686505
vt 0.008118 0.685970
vt 0.013656 0.666657
vt 0.008118 0.685970
vt 0.009019 0.666163
vt 0.013656 0.666657
vt 0.069651 0.686137
vt 0.065096 0.685406
vt 0.070097 0.666329
vt 0.065096 0.685406
vt 0.065887 0.665654
vt 0.070097 0.666329
vt 0.065096 0.685406
vt 0.060540 0.684676
vt 0.065887 0.665654
vt 0.060540 0.684676
vt 0.061678 0.664979
vt 0.065887 0.665654
vt 0.109989 0.685009
vt 0.104971 0.684474
vt 0.109088 0.665313
vt 0.104971 0.684474
vt 0.104451 0.664819
vt 0.109088 0.665313
vt 0.104971 0.684474
vt 0.098116 0.684279
vt 0.104451 0.664819
vt 0.098116 0.684279
vt 0.098116 0.664638
vt 0.104451 0.664819
vt 0.098116 0.684279
vt 0.091261 0.684474
vt 0.098116 0.664638
vt 0.091261 0.684474
vt 0.091781 0.664819
vt 0.098116 0.664638
vt 0.091261 0.684474
vt 0.086243 0.685009
vt 0.091781 0.664819
vt 0.086243 0.685009
vt 0.087144 0.665313
vt 0.091781 0.664819
vt 0.138617 0.684676
vt 0.134061 0.685406
vt 0.137479 0.664979
vt 0.134061 0.685406
vt 0.133270 0.665654
vt 0.137479 0.664979
vt 0.134061 0.685406
vt 0.129506 0.686137
vt 0.133270 0.665654
vt 0.129506 0.686137
vt 0.129060 0.666329
vt 0.133270 0.665654
vt 0.031864 0.685970
vt 0.026846 0.686505
vt 0.030963 0.666163
vt 0.026846 0.686505
vt 0.026326 0.666657
vt 0.030963 0.666163
vt 0.026846 0.686505
vt 0.019991 0.686700
vt 0.026326 0.666657
vt 0.019991 0.686700
vt 0.019991 0.666838
vt 0.026326 0.666657
vt 0.019991 0.666838
vt 0.013656 0.666657
vt 0.019991 0.648940
vt 0.013656 0.666657
vt 0.014494 0.648783
vt 0.019991 0.648940
vt 0.013656 0.666657
vt 0.009019 0.666163
vt 0.014494 0.648783
vt 0.009019 0.666163
vt 0.010469 0.648355
vt 0.014494 0.648783
vt 0.070097 0.666329
vt 0.065887 0.665654
vt 0.070251 0.648521
vt 0.065887 0.665654
vt 0.066598 0.647936
vt 0.070251 0.648521
vt 0.065887 0.665654
vt 0.061678 0.664979
vt 0.066598 0.647936
vt 0.061678 0.664979
vt 0.062944 0.647350
vt 0.066598 0.647936
vt 0.109088 0.665313
vt 0.104451 0.664819
vt 0.107638 0.647683
vt 0.104451 0.664819
vt 0.103613 0.647254
vt 0.107638 0.647683
vt 0.104451 0.664819
vt 0.098116 0.664638
vt 0.103613 0.647254
vt 0.098116 0.664638
vt 0.098116 0.647097
vt 0.103613 0.647254
vt 0.098116 0.664638
vt 0.091781 0.664819
vt 0.098116 0.647097
vt 0.091781 0.664819
vt 0.092619 0.647254
vt 0.098116 0.647097
vt 0.091781 0.664819
vt 0.087144 0.665313
vt 0.092619 0.647254
vt 0.087144 0.665313
vt 0.088594 0.647683
vt 0.092619 0.647254
vt 0.137479 0.664979
vt 0.133270 0.665654
vt 0.136212 0.647350
vt 0.133270 0.665654
vt 0.132559 0.647936
vt 0.136212 0.647350
vt 0.133270 0.665654
vt 0.129060 0.666329
vt 0.132559 0.647936
vt 0.129060 0.666329
vt 0.128906 0.648521
vt 0.132559 0.647936
vt 0.030963 0.666163
vt 0.026326 0.666657
vt 0.029513 0.648355
vt 0.026326 0.666657
vt 0.025488 0.648783
vt 0.029513 0.648355
vt 0.026326 0.666657
vt 0.019991 0.666838
vt 0.025488 0.648783
vt 0.019991 0.666838
vt 0.019991 0.648940
vt 0.025488 0.648783
vt 0.019991 0.648940
vt 0.014494 0.648783
vt 0.019991 0.633906
vt 0.014494 0.648783
vt 0.015607 0.633781
vt 0.019991 0.633906
vt 0.014494 0.648783
vt 0.010469 0.648355
vt 0.015607 0.633781
vt 0.010469 0.648355
vt 0.012398 0.633439
vt 0.015607 0.633781
vt 0.070251 0.648521
vt 0.066598 0.647936
vt 0.070104 0.633606
vt 0.066598 0.647936
vt 0.067191 0.633139
vt 0.070104 0.633606
vt 0.066598 0.647936
vt 0.062944 0.647350
vt 0.067191 0.633139
vt 0.062944 0.647350
vt 0.064277 0.632671
vt 0.067191 0.633139
vt 0.107638 0.647683
vt 0.103613 0.647254
vt 0.105709 0.633005
vt 0.103613 0.647254
vt 0.102500 0.632663
vt 0.105709 0.633005
vt 0.103613 0.647254
vt 0.098116 0.647097
vt 0.102500 0.632663
vt 0.098116 0.647097
vt 0.098116 0.632538
vt 0.102500 0.632663
vt 0.098116 0.647097
vt 0.092619 0.647254
vt 0.098116 0.632538
vt 0.092619 0.647254
vt 0.093732 0.632663
vt 0.098116 0.632538
vt 0.092619 0.647254
vt 0.088594 0.647683
vt 0.093732 0.632663
vt 0.088594 0.647683
vt 0.090523 0.633005
vt 0.093732 0.632663
vt 0.136212 0.647350
vt 0.132559 0.647936
vt 0.134879 0.632671
vt 0.132559 0.647936
vt 0.131966 0.633139
vt 0.134879 0.632671
vt 0.132559 0.647936
vt 0.128906 0.648521
vt 0.131966 0.633139
vt 0.128906 0.648521
vt 0.129053 0.633606
vt 0.131966 0.633139
vt 0.029513 0.648355
vt 0.025488 0.648783
vt 0.027584 0.633439
vt 0.025488 0.648783
vt 0.024375 0.633781
vt 0.027584 0.633439
vt 0.025488 0.648783
vt 0.019991 0.648940
vt 0.024375 0.633781
vt 0.019991 0.648940
vt 0.019991 0.633906
vt 0.024375 0.633781
vt 0.019991 0.633906
vt 0.015607 0.633781
vt 0.019991 0.622489
vt 0.015607 0.633781
vt 0.016940 0.622401
vt 0.019991 0.622489
vt 0.015607 0.633781
vt 0.012398 0.633439
vt 0.016940 0.622401
vt 0.012398 0.633439
vt 0.014707 0.622163
vt 0.016940 0.622401
vt 0.070104 0.633606
vt 0.067191 0.633139
vt 0.069664 0.622330
vt 0.067191 0.633139
vt 0.067637 0.622005
vt 0.069664 0.622330
vt 0.067191 0.633139
vt 0.064277 0.632671
vt 0.067637 0.622005
vt 0.064277 0.632671
vt 0.065610 0.621680
vt 0.067637 0.622005
vt 0.105709 0.633005
vt 0.102500 0.632663
vt 0.103400 0.622013
vt 0.102500 0.632663
vt 0.101167 0.621775
vt 0.103400 0.622013
vt 0.102500 0.632663
vt 0.098116 0.632538
vt 0.101167 0.621775
vt 0.098116 0.632538
vt 0.098116 0.621688
vt 0.101167 0.621775
vt 0.098116 0.632538
vt 0.093732 0.632663
vt 0.098116 0.621688
vt 0.093732 0.632663
vt 0.095065 0.621775
vt 0.098116 0.621688
vt 0.093732 0.632663
vt 0.090523 0.633005
vt 0.095065 0.621775
vt 0.090523 0.633005
vt 0.092832 0.622013
vt 0.095065 0.621775
vt 0.134879 0.632671
vt 0.131966 0.633139
vt 0.133547 0.621680
vt 0.131966 0.633139
vt 0.131520 0.622005
vt 0.133547 0.621680
vt 0.131966 0.633139
vt 0.129053 0.633606
vt 0.131520 0.622005
vt 0.129053 0.633606
vt 0.129493 0.622330
vt 0.131520 0.622005
vt 0.027584 0.633439
vt 0.024375 0.633781
vt 0.025275 0.622163
vt 0.024375 0.633781
vt 0.023042 0.622401
vt 0.025275 0.622163
vt 0.024375 0.633781
vt 0.019991 0.633906
vt 0.023042 0.622401
vt 0.019991 0.633906
vt 0.019991 0.622489
vt 0.023042 0.622401
vt 0.019991 0.622489
vt 0.016940 0.622401
vt 0.019991 0.615260
vt 0.016940 0.622401
vt 0.018426 0.615216
vt 0.019991 0.615260
vt 0.016940 0.622401
vt 0.014707 0.622163
vt 0.018426 0.615216
vt 0.014707 0.622163
vt 0.017281 0.615094
vt 0.018426 0.615216
vt 0.069664 0.622330
vt 0.067637 0.622005
vt 0.068954 0.615260
vt 0.067637 0.622005
vt 0.067914 0.615094
vt 0.068954 0.615260
vt 0.067637 0.622005
vt 0.065610 0.621680
vt 0.067914 0.615094
vt 0.065610 0.621680
vt 0.066874 0.614927
vt 0.067914 0.615094
vt 0.103400 0.622013
vt 0.101167 0.621775
vt 0.100826 0.615260
vt 0.101167 0.621775
vt 0.099681 0.615138
vt 0.100826 0.615260
vt 0.101167 0.621775
vt 0.098116 0.621688
vt 0.099681 0.615138
vt 0.098116 0.621688
vt 0.098116 0.615094
vt 0.099681 0.615138
vt 0.098116 0.621688
vt 0.095065 0.621775
vt 0.098116 0.615094
vt 0.095065 0.621775
vt 0.096551 0.615138
vt 0.098116 0.615094
vt 0.095065 0.621775
vt 0.092832 0.622013
vt 0.096551 0.615138
vt 0.092832 0.622013
vt 0.095406 0.615260
vt 0.096551 0.615138
vt 0.133547 0.621680
vt 0.131520 0.622005
vt 0.132283 0.614927
vt 0.131520 0.622005
vt 0.131243 0.615094
vt 0.132283 0.614927
vt 0.131520 0.622005
vt 0.129493 0.622330
vt 0.131243 0.615094
vt 0.129493 0.622330
vt 0.130203 0.615260
vt 0.131243 0.615094
vt 0.025275 0.622163
vt 0.023042 0.622401
vt 0.022701 0.615094
vt 0.023042 0.622401
vt 0.021556 0.615216
vt 0.022701 0.615094
vt 0.023042 0.622401
vt 0.019991 0.622489
vt 0.021556 0.615216
vt 0.019991 0.622489
vt 0.019991 0.615260
vt 0.021556 0.615216
vt 0.362504 0.273438
vt 0.360940 0.272880
vt 0.362504 0.269466
vt 0.360940 0.272880
vt 0.362504 0.269466
vt 0.362504 0.269466
vt 0.360940 0.272880
vt 0.359794 0.271358
vt 0.362504 0.269466
vt 0.359794 0.271358
vt 0.362504 0.269466
vt 0.362504 0.269466
vt 0.359794 0.271358
vt 0.359375 0.269279
vt 0.362504 0.269466
vt 0.359375 0.269279
vt 0.362504 0.269466
vt 0.362504 0.269466
vt 0.359375 0.269279
vt 0.359794 0.267199
vt 0.362504 0.269466
vt 0.359794 0.267199
vt 0.362504 0.269466
vt 0.362504 0.269466
vt 0.359794 0.267199
vt 0.360940 0.265677
vt 0.362504 0.269466
vt 0.360940 0.265677
vt 0.362504 0.269466
vt 0.362504 0.269466
vt 0.360940 0.265677
vt 0.362504 0.265120
vt 0.362504 0.269466
vt 0.362504 0.265120
vt 0.362504 0.269466
vt 0.362504 0.269466
vt 0.362504 0.265120
vt 0.364069 0.265677
vt 0.362504 0.269466
vt 0.364069 0.265677
vt 0.362504 0.269466
vt 0.362504 0.269466
vt 0.364069 0.265677
vt 0.365214 0.267199
vt 0.362504 0.269466
vt 0.365214 0.267199
vt 0.362504 0.269466
vt 0.362504 0.269466
vt 0.365214 0.267199
vt 0.365633 0.269279
vt 0.362504 0.269466
vt 0.365633 0.269279
vt 0.362504 0.269466
vt 0.362504 0.269466
vt 0.365633 0.269279
vt 0.365214 0.271358
vt 0.362504 0.269466
vt 0.365214 0.271358
vt 0.362504 0.269466
vt 0.362504 0.269466
vt 0.365214 0.271358
vt 0.364069 0.272880
vt 0.362504 0.269466
vt 0.364069 0.272880
vt 0.362504 0.269466
vt 0.362504 0.269466
vt 0.364069 0.272880
vt 0.362504 0.273438
vt 0.362504 0.269466
vt 0.362504 0.273438
vt 0.362504 0.269466
vt 0.362504 0.269466
vt 0.510933 0.270195
vt 0.510933 0.270195
vt 0.510404 0.273438
vt 0.393804 0.264277
vt 0.391925 0.261563
vt 0.393275 0.261035
vt 0.510933 0.270195
vt 0.510933 0.270195
vt 0.509054 0.272909
vt 0.393804 0.264277
vt 0.390977 0.262937
vt 0.391925 0.261563
vt 0.510933 0.270195
vt 0.510933 0.270195
vt 0.508106 0.271536
vt 0.393804 0.264277
vt 0.390684 0.264787
vt 0.390977 0.262937
vt 0.510933 0.270195
vt 0.510933 0.270195
vt 0.507813 0.269685
vt 0.393804 0.264277
vt 0.391124 0.266619
vt 0.390684 0.264787
vt 0.510933 0.270195
vt 0.510933 0.270195
vt 0.508253 0.267853
vt 0.393804 0.264277
vt 0.392181 0.267942
vt 0.391124 0.266619
vt 0.510933 0.270195
vt 0.510933 0.270195
vt 0.509310 0.266531
vt 0.393804 0.264277
vt 0.393570 0.268400
vt 0.392181 0.267942
vt 0.510933 0.270195
vt 0.510933 0.270195
vt 0.510699 0.266072
vt 0.393804 0.264277
vt 0.394920 0.267872
vt 0.393570 0.268400
vt 0.510933 0.270195
vt 0.510933 0.270195
vt 0.512049 0.266601
vt 0.393804 0.264277
vt 0.395869 0.266499
vt 0.394920 0.267872
vt 0.510933 0.270195
vt 0.510933 0.270195
vt 0.512998 0.267974
vt 0.393804 0.264277
vt 0.396162 0.264648
vt 0.395869 0.266499
vt 0.510933 0.270195
vt 0.510933 0.270195
vt 0.513291 0.269825
vt 0.393804 0.264277
vt 0.395721 0.262816
vt 0.396162 0.264648
vt 0.510933 0.270195
vt 0.510933 0.270195
vt 0.512850 0.271657
vt 0.393804 0.264277
vt 0.394665 0.261494
vt 0.395721 0.262816
vt 0.510933 0.270195
vt 0.510933 0.270195
vt 0.511794 0.272979
vt 0.486209 0.984375
vt 0.485681 0.981625
vt 0.487070 0.980703
vt 0.485681 0.981625
vt 0.484331 0.982727
vt 0.484416 0.974857
vt 0.484331 0.982727
vt 0.481784 0.977007
vt 0.484416 0.974857
vt 0.484331 0.982727
vt 0.483382 0.983714
vt 0.481784 0.977007
vt 0.483382 0.983714
vt 0.479935 0.978931
vt 0.481784 0.977007
vt 0.390977 0.262937
vt 0.390684 0.264787
vt 0.387529 0.262544
vt 0.390684 0.264787
vt 0.386957 0.266152
vt 0.387529 0.262544
vt 0.390684 0.264787
vt 0.391124 0.266619
vt 0.386957 0.266152
vt 0.391124 0.266619
vt 0.387817 0.269724
vt 0.386957 0.266152
vt 0.391124 0.266619
vt 0.392181 0.267942
vt 0.387817 0.269724
vt 0.392181 0.267942
vt 0.389877 0.272303
vt 0.387817 0.269724
vt 0.341098 0.984375
vt 0.339709 0.983453
vt 0.343402 0.979760
vt 0.339709 0.983453
vt 0.340693 0.977962
vt 0.343402 0.979760
vt 0.339709 0.983453
vt 0.338359 0.982351
vt 0.340693 0.977962
vt 0.338359 0.982351
vt 0.338061 0.975813
vt 0.340693 0.977962
vt 0.647313 0.984375
vt 0.646626 0.983388
vt 0.649460 0.977838
vt 0.646626 0.983388
vt 0.648121 0.975913
vt 0.649460 0.977838
vt 0.646626 0.983388
vt 0.645701 0.982781
vt 0.648121 0.975913
vt 0.645701 0.982781
vt 0.646317 0.974729
vt 0.648121 0.975913
vt 0.645701 0.982781
vt 0.644785 0.982716
vt 0.646317 0.974729
vt 0.644785 0.982716
vt 0.644531 0.974602
vt 0.646317 0.974729
vt 0.488127 0.980208
vt 0.487070 0.980703
vt 0.489186 0.972094
vt 0.487070 0.980703
vt 0.487126 0.973059
vt 0.489186 0.972094
vt 0.487070 0.980703
vt 0.485681 0.981625
vt 0.487126 0.973059
vt 0.485681 0.981625
vt 0.484416 0.974857
vt 0.487126 0.973059
vt 0.484416 0.974857
vt 0.481784 0.977007
vt 0.482480 0.964412
vt 0.481784 0.977007
vt 0.478697 0.967500
vt 0.482480 0.964412
vt 0.481784 0.977007
vt 0.479935 0.978931
vt 0.478697 0.967500
vt 0.479935 0.978931
vt 0.476039 0.970266
vt 0.478697 0.967500
vt 0.736200 0.983191
vt 0.734396 0.984375
vt 0.735912 0.974525
vt 0.734396 0.984375
vt 0.733320 0.976227
vt 0.735912 0.974525
vt 0.386957 0.266152
vt 0.387817 0.269724
vt 0.382813 0.268305
vt 0.387817 0.269724
vt 0.384048 0.273438
vt 0.382813 0.268305
vt 0.345463 0.980726
vt 0.343402 0.979760
vt 0.349232 0.972633
vt 0.343402 0.979760
vt 0.346271 0.971246
vt 0.349232 0.972633
vt 0.343402 0.979760
vt 0.340693 0.977962
vt 0.346271 0.971246
vt 0.340693 0.977962
vt 0.342378 0.968662
vt 0.346271 0.971246
vt 0.340693 0.977962
vt 0.338061 0.975813
vt 0.342378 0.968662
vt 0.338061 0.975813
vt 0.338596 0.965574
vt 0.342378 0.968662
vt 0.338061 0.975813
vt 0.336211 0.973888
vt 0.338596 0.965574
vt 0.336211 0.973888
vt 0.335938 0.962808
vt 0.338596 0.965574
vt 0.648121 0.975913
vt 0.646317 0.974729
vt 0.649927 0.964833
vt 0.646317 0.974729
vt 0.647334 0.963131
vt 0.649927 0.964833
vt 0.646317 0.974729
vt 0.644531 0.974602
vt 0.647334 0.963131
vt 0.644531 0.974602
vt 0.644767 0.962949
vt 0.647334 0.963131
vt 0.489186 0.972094
vt 0.487126 0.973059
vt 0.489334 0.960441
vt 0.487126 0.973059
vt 0.486373 0.961828
vt 0.489334 0.960441
vt 0.487126 0.973059
vt 0.484416 0.974857
vt 0.486373 0.961828
vt 0.484416 0.974857
vt 0.482480 0.964412
vt 0.486373 0.961828
vt 0.482480 0.964412
vt 0.478697 0.967500
vt 0.479968 0.950812
vt 0.478697 0.967500
vt 0.475225 0.954685
vt 0.479968 0.950812
vt 0.478697 0.967500
vt 0.476039 0.970266
vt 0.475225 0.954685
vt 0.476039 0.970266
vt 0.471892 0.958153
vt 0.475225 0.954685
vt 0.735912 0.974525
vt 0.733320 0.976227
vt 0.735155 0.962412
vt 0.733320 0.976227
vt 0.731904 0.964546
vt 0.735155 0.962412
vt 0.733320 0.976227
vt 0.730753 0.976409
vt 0.731904 0.964546
vt 0.730753 0.976409
vt 0.728686 0.964774
vt 0.731904 0.964546
vt 0.349232 0.972633
vt 0.346271 0.971246
vt 0.353274 0.960998
vt 0.346271 0.971246
vt 0.349561 0.959259
vt 0.353274 0.960998
vt 0.346271 0.971246
vt 0.342378 0.968662
vt 0.349561 0.959259
vt 0.342378 0.968662
vt 0.344679 0.956019
vt 0.349561 0.959259
vt 0.342378 0.968662
vt 0.338596 0.965574
vt 0.344679 0.956019
vt 0.338596 0.965574
vt 0.339937 0.952146
vt 0.344679 0.956019
vt 0.338596 0.965574
vt 0.335938 0.962808
vt 0.339937 0.952146
vt 0.335938 0.962808
vt 0.336604 0.948678
vt 0.339937 0.952146
vt 0.649927 0.964833
vt 0.647334 0.963131
vt 0.651951 0.950702
vt 0.647334 0.963131
vt 0.648700 0.948568
vt 0.651951 0.950702
vt 0.647334 0.963131
vt 0.644767 0.962949
vt 0.648700 0.948568
vt 0.644767 0.962949
vt 0.645482 0.948340
vt 0.648700 0.948568
vt 0.489334 0.960441
vt 0.486373 0.961828
vt 0.488563 0.945833
vt 0.486373 0.961828
vt 0.484850 0.947572
vt 0.488563 0.945833
vt 0.486373 0.961828
vt 0.482480 0.964412
vt 0.484850 0.947572
vt 0.482480 0.964412
vt 0.479968 0.950812
vt 0.484850 0.947572
vt 0.479968 0.950812
vt 0.475225 0.954685
vt 0.477007 0.934739
vt 0.475225 0.954685
vt 0.471542 0.939202
vt 0.477007 0.934739
vt 0.475225 0.954685
vt 0.471892 0.958153
vt 0.471542 0.939202
vt 0.471892 0.958153
vt 0.467701 0.943199
vt 0.471542 0.939202
vt 0.735155 0.962412
vt 0.731904 0.964546
vt 0.733967 0.947458
vt 0.731904 0.964546
vt 0.730220 0.949917
vt 0.733967 0.947458
vt 0.731904 0.964546
vt 0.728686 0.964774
vt 0.730220 0.949917
vt 0.728686 0.964774
vt 0.726512 0.950180
vt 0.730220 0.949917
vt 0.353274 0.960998
vt 0.349561 0.959259
vt 0.357387 0.946404
vt 0.349561 0.959259
vt 0.353108 0.944400
vt 0.357387 0.946404
vt 0.349561 0.959259
vt 0.344679 0.956019
vt 0.353108 0.944400
vt 0.344679 0.956019
vt 0.347482 0.940666
vt 0.353108 0.944400
vt 0.344679 0.956019
vt 0.339937 0.952146
vt 0.347482 0.940666
vt 0.339937 0.952146
vt 0.342017 0.936203
vt 0.347482 0.940666
vt 0.339937 0.952146
vt 0.336604 0.948678
vt 0.342017 0.936203
vt 0.336604 0.948678
vt 0.338176 0.932207
vt 0.342017 0.936203
vt 0.651951 0.950702
vt 0.648700 0.948568
vt 0.654093 0.934231
vt 0.648700 0.948568
vt 0.650346 0.931772
vt 0.654093 0.934231
vt 0.648700 0.948568
vt 0.645482 0.948340
vt 0.650346 0.931772
vt 0.645482 0.948340
vt 0.646638 0.931509
vt 0.650346 0.931772
vt 0.488563 0.945833
vt 0.484850 0.947572
vt 0.486911 0.929001
vt 0.484850 0.947572
vt 0.482633 0.931005
vt 0.486911 0.929001
vt 0.484850 0.947572
vt 0.479968 0.950812
vt 0.482633 0.931005
vt 0.479968 0.950812
vt 0.477007 0.934739
vt 0.482633 0.931005
vt 0.477007 0.934739
vt 0.471542 0.939202
vt 0.473746 0.917000
vt 0.471542 0.939202
vt 0.467831 0.921830
vt 0.473746 0.917000
vt 0.471542 0.939202
vt 0.467701 0.943199
vt 0.467831 0.921830
vt 0.467701 0.943199
vt 0.463675 0.926154
vt 0.467831 0.921830
vt 0.733967 0.947458
vt 0.730220 0.949917
vt 0.732406 0.930413
vt 0.730220 0.949917
vt 0.728352 0.933074
vt 0.732406 0.930413
vt 0.730220 0.949917
vt 0.726512 0.950180
vt 0.728352 0.933074
vt 0.726512 0.950180
vt 0.724339 0.933359
vt 0.728352 0.933074
vt 0.357387 0.946404
vt 0.353108 0.944400
vt 0.361363 0.929583
vt 0.353108 0.944400
vt 0.356733 0.927414
vt 0.361363 0.929583
vt 0.353108 0.944400
vt 0.347482 0.940666
vt 0.356733 0.927414
vt 0.347482 0.940666
vt 0.350646 0.923374
vt 0.356733 0.927414
vt 0.347482 0.940666
vt 0.342017 0.936203
vt 0.350646 0.923374
vt 0.342017 0.936203
vt 0.344731 0.918545
vt 0.350646 0.923374
vt 0.342017 0.936203
vt 0.338176 0.932207
vt 0.344731 0.918545
vt 0.338176 0.932207
vt 0.340575 0.914220
vt 0.344731 0.918545
vt 0.654093 0.934231
vt 0.650346 0.931772
vt 0.656245 0.916244
vt 0.650346 0.931772
vt 0.652191 0.913583
vt 0.656245 0.916244
vt 0.650346 0.931772
vt 0.646638 0.931509
vt 0.652191 0.913583
vt 0.646638 0.931509
vt 0.648178 0.913299
vt 0.652191 0.913583
vt 0.486911 0.929001
vt 0.482633 0.931005
vt 0.484463 0.910791
vt 0.482633 0.931005
vt 0.479833 0.912960
vt 0.484463 0.910791
vt 0.482633 0.931005
vt 0.477007 0.934739
vt 0.479833 0.912960
vt 0.477007 0.934739
vt 0.473746 0.917000
vt 0.479833 0.912960
vt 0.473746 0.917000
vt 0.467831 0.921830
vt 0.470347 0.898484
vt 0.467831 0.921830
vt 0.464281 0.903438
vt 0.470347 0.898484
vt 0.467831 0.921830
vt 0.463675 0.926154
vt 0.464281 0.903438
vt 0.463675 0.926154
vt 0.460017 0.907874
vt 0.464281 0.903438
vt 0.732406 0.930413
vt 0.728352 0.933074
vt 0.730553 0.912133
vt 0.728352 0.933074
vt 0.726394 0.914862
vt 0.730553 0.912133
vt 0.728352 0.933074
vt 0.724339 0.933359
vt 0.726394 0.914862
vt 0.724339 0.933359
vt 0.722278 0.915154
vt 0.726394 0.914862
vt 0.361363 0.929583
vt 0.356733 0.927414
vt 0.365004 0.911378
vt 0.356733 0.927414
vt 0.360255 0.909154
vt 0.365004 0.911378
vt 0.356733 0.927414
vt 0.350646 0.923374
vt 0.360255 0.909154
vt 0.350646 0.923374
vt 0.354011 0.905010
vt 0.360255 0.909154
vt 0.350646 0.923374
vt 0.344731 0.918545
vt 0.354011 0.905010
vt 0.344731 0.918545
vt 0.347945 0.900056
vt 0.354011 0.905010
vt 0.344731 0.918545
vt 0.340575 0.914220
vt 0.347945 0.900056
vt 0.340575 0.914220
vt 0.343682 0.895620
vt 0.347945 0.900056
vt 0.656245 0.916244
vt 0.652191 0.913583
vt 0.658300 0.897645
vt 0.652191 0.913583
vt 0.654141 0.894915
vt 0.658300 0.897645
vt 0.652191 0.913583
vt 0.648178 0.913299
vt 0.654141 0.894915
vt 0.648178 0.913299
vt 0.650025 0.894623
vt 0.654141 0.894915
vt 0.484463 0.910791
vt 0.479833 0.912960
vt 0.481340 0.892116
vt 0.479833 0.912960
vt 0.476591 0.894340
vt 0.481340 0.892116
vt 0.479833 0.912960
vt 0.473746 0.917000
vt 0.476591 0.894340
vt 0.473746 0.917000
vt 0.470347 0.898484
vt 0.476591 0.894340
vt 0.470347 0.898484
vt 0.464281 0.903438
vt 0.466004 0.874807
vt 0.464281 0.903438
vt 0.459938 0.879761
vt 0.466004 0.874807
vt 0.464281 0.903438
vt 0.460017 0.907874
vt 0.459938 0.879761
vt 0.460017 0.907874
vt 0.455675 0.884196
vt 0.459938 0.879761
vt 0.730553 0.912133
vt 0.726394 0.914862
vt 0.728043 0.888456
vt 0.726394 0.914862
vt 0.723885 0.891185
vt 0.728043 0.888456
vt 0.726394 0.914862
vt 0.722278 0.915154
vt 0.723885 0.891185
vt 0.722278 0.915154
vt 0.719769 0.891477
vt 0.723885 0.891185
vt 0.365004 0.911378
vt 0.360255 0.909154
vt 0.369347 0.887701
vt 0.360255 0.909154
vt 0.364598 0.885477
vt 0.369347 0.887701
vt 0.360255 0.909154
vt 0.354011 0.905010
vt 0.364598 0.885477
vt 0.354011 0.905010
vt 0.358354 0.881332
vt 0.364598 0.885477
vt 0.354011 0.905010
vt 0.347945 0.900056
vt 0.358354 0.881332
vt 0.347945 0.900056
vt 0.352287 0.876379
vt 0.358354 0.881332
vt 0.347945 0.900056
vt 0.343682 0.895620
vt 0.352287 0.876379
vt 0.343682 0.895620
vt 0.348024 0.871943
vt 0.352287 0.876379
vt 0.658300 0.897645
vt 0.654141 0.894915
vt 0.660809 0.873967
vt 0.654141 0.894915
vt 0.656651 0.871238
vt 0.660809 0.873967
vt 0.654141 0.894915
vt 0.650025 0.894623
vt 0.656651 0.871238
vt 0.650025 0.894623
vt 0.652534 0.870946
vt 0.656651 0.871238
vt 0.481340 0.892116
vt 0.476591 0.894340
vt 0.476997 0.868439
vt 0.476591 0.894340
vt 0.472248 0.870663
vt 0.476997 0.868439
vt 0.476591 0.894340
vt 0.470347 0.898484
vt 0.472248 0.870663
vt 0.470347 0.898484
vt 0.466004 0.874807
vt 0.472248 0.870663
vt 0.466004 0.874807
vt 0.459938 0.879761
vt 0.461662 0.851130
vt 0.459938 0.879761
vt 0.455595 0.856083
vt 0.461662 0.851130
vt 0.459938 0.879761
vt 0.455675 0.884196
vt 0.455595 0.856083
vt 0.455675 0.884196
vt 0.451332 0.860519
vt 0.455595 0.856083
vt 0.728043 0.888456
vt 0.723885 0.891185
vt 0.725534 0.864779
vt 0.723885 0.891185
vt 0.721376 0.867508
vt 0.725534 0.864779
vt 0.723885 0.891185
vt 0.719769 0.891477
vt 0.721376 0.867508
vt 0.719769 0.891477
vt 0.717259 0.867800
vt 0.721376 0.867508
vt 0.369347 0.887701
vt 0.364598 0.885477
vt 0.373689 0.864024
vt 0.364598 0.885477
vt 0.368941 0.861800
vt 0.373689 0.864024
vt 0.364598 0.885477
vt 0.358354 0.881332
vt 0.368941 0.861800
vt 0.358354 0.881332
vt 0.362696 0.857655
vt 0.368941 0.861800
vt 0.358354 0.881332
vt 0.352287 0.876379
vt 0.362696 0.857655
vt 0.352287 0.876379
vt 0.356630 0.852702
vt 0.362696 0.857655
vt 0.352287 0.876379
vt 0.348024 0.871943
vt 0.356630 0.852702
vt 0.348024 0.871943
vt 0.352367 0.848266
vt 0.356630 0.852702
vt 0.660809 0.873967
vt 0.656651 0.871238
vt 0.663318 0.850290
vt 0.656651 0.871238
vt 0.659160 0.847561
vt 0.663318 0.850290
vt 0.656651 0.871238
vt 0.652534 0.870946
vt 0.659160 0.847561
vt 0.652534 0.870946
vt 0.655044 0.847269
vt 0.659160 0.847561
vt 0.476997 0.868439
vt 0.472248 0.870663
vt 0.472655 0.844761
vt 0.472248 0.870663
vt 0.467906 0.846986
vt 0.472655 0.844761
vt 0.472248 0.870663
vt 0.466004 0.874807
vt 0.467906 0.846986
vt 0.466004 0.874807
vt 0.461662 0.851130
vt 0.467906 0.846986
vt 0.461662 0.851130
vt 0.455595 0.856083
vt 0.457319 0.827453
vt 0.455595 0.856083
vt 0.451253 0.832406
vt 0.457319 0.827453
vt 0.455595 0.856083
vt 0.451332 0.860519
vt 0.451253 0.832406
vt 0.451332 0.860519
vt 0.446990 0.836842
vt 0.451253 0.832406
vt 0.725534 0.864779
vt 0.721376 0.867508
vt 0.723025 0.841101
vt 0.721376 0.867508
vt 0.718866 0.843831
vt 0.723025 0.841101
vt 0.721376 0.867508
vt 0.717259 0.867800
vt 0.718866 0.843831
vt 0.717259 0.867800
vt 0.714750 0.844123
vt 0.718866 0.843831
vt 0.373689 0.864024
vt 0.368941 0.861800
vt 0.378032 0.840347
vt 0.368941 0.861800
vt 0.373283 0.838122
vt 0.378032 0.840347
vt 0.368941 0.861800
vt 0.362696 0.857655
vt 0.373283 0.838122
vt 0.362696 0.857655
vt 0.367039 0.833978
vt 0.373283 0.838122
vt 0.362696 0.857655
vt 0.356630 0.852702
vt 0.367039 0.833978
vt 0.356630 0.852702
vt 0.360973 0.829025
vt 0.367039 0.833978
vt 0.356630 0.852702
vt 0.352367 0.848266
vt 0.360973 0.829025
vt 0.352367 0.848266
vt 0.356709 0.824589
vt 0.360973 0.829025
vt 0.663318 0.850290
vt 0.659160 0.847561
vt 0.665828 0.826613
vt 0.659160 0.847561
vt 0.661669 0.823884
vt 0.665828 0.826613
vt 0.659160 0.847561
vt 0.655044 0.847269
vt 0.661669 0.823884
vt 0.655044 0.847269
vt 0.657553 0.823592
vt 0.661669 0.823884
vt 0.472655 0.844761
vt 0.467906 0.846986
vt 0.468312 0.821084
vt 0.467906 0.846986
vt 0.463563 0.823309
vt 0.468312 0.821084
vt 0.467906 0.846986
vt 0.461662 0.851130
vt 0.463563 0.823309
vt 0.461662 0.851130
vt 0.457319 0.827453
vt 0.463563 0.823309
vt 0.457319 0.827453
vt 0.451253 0.832406
vt 0.452976 0.803776
vt 0.451253 0.832406
vt 0.446910 0.808729
vt 0.452976 0.803776
vt 0.451253 0.832406
vt 0.446990 0.836842
vt 0.446910 0.808729
vt 0.446990 0.836842
vt 0.442647 0.813165
vt 0.446910 0.808729
vt 0.723025 0.841101
vt 0.718866 0.843831
vt 0.720515 0.817424
vt 0.718866 0.843831
vt 0.716357 0.820154
vt 0.720515 0.817424
vt 0.718866 0.843831
vt 0.714750 0.844123
vt 0.716357 0.820154
vt 0.714750 0.844123
vt 0.712241 0.820446
vt 0.716357 0.820154
vt 0.378032 0.840347
vt 0.373283 0.838122
vt 0.382374 0.816670
vt 0.373283 0.838122
vt 0.377626 0.814445
vt 0.382374 0.816670
vt 0.373283 0.838122
vt 0.367039 0.833978
vt 0.377626 0.814445
vt 0.367039 0.833978
vt 0.371382 0.810301
vt 0.377626 0.814445
vt 0.367039 0.833978
vt 0.360973 0.829025
vt 0.371382 0.810301
vt 0.360973 0.829025
vt 0.365315 0.805348
vt 0.371382 0.810301
vt 0.360973 0.829025
vt 0.356709 0.824589
vt 0.365315 0.805348
vt 0.356709 0.824589
vt 0.361052 0.800912
vt 0.365315 0.805348
vt 0.665828 0.826613
vt 0.661669 0.823884
vt 0.668337 0.802936
vt 0.661669 0.823884
vt 0.664179 0.800207
vt 0.668337 0.802936
vt 0.661669 0.823884
vt 0.657553 0.823592
vt 0.664179 0.800207
vt 0.657553 0.823592
vt 0.660062 0.799915
vt 0.664179 0.800207
vt 0.468312 0.821084
vt 0.463563 0.823309
vt 0.463969 0.797407
vt 0.463563 0.823309
vt 0.459221 0.799631
vt 0.463969 0.797407
vt 0.463563 0.823309
vt 0.457319 0.827453
vt 0.459221 0.799631
vt 0.457319 0.827453
vt 0.452976 0.803776
vt 0.459221 0.799631
vt 0.452976 0.803776
vt 0.446910 0.808729
vt 0.448634 0.780099
vt 0.446910 0.808729
vt 0.442568 0.785052
vt 0.448634 0.780099
vt 0.446910 0.808729
vt 0.442647 0.813165
vt 0.442568 0.785052
vt 0.442647 0.813165
vt 0.438304 0.789488
vt 0.442568 0.785052
vt 0.720515 0.817424
vt 0.716357 0.820154
vt 0.718006 0.793747
vt 0.716357 0.820154
vt 0.713848 0.796477
vt 0.718006 0.793747
vt 0.716357 0.820154
vt 0.712241 0.820446
vt 0.713848 0.796477
vt 0.712241 0.820446
vt 0.709731 0.796768
vt 0.713848 0.796477
vt 0.382374 0.816670
vt 0.377626 0.814445
vt 0.386717 0.792992
vt 0.377626 0.814445
vt 0.381968 0.790768
vt 0.386717 0.792992
vt 0.377626 0.814445
vt 0.371382 0.810301
vt 0.381968 0.790768
vt 0.371382 0.810301
vt 0.375724 0.786624
vt 0.381968 0.790768
vt 0.371382 0.810301
vt 0.365315 0.805348
vt 0.375724 0.786624
vt 0.365315 0.805348
vt 0.369658 0.781670
vt 0.375724 0.786624
vt 0.365315 0.805348
vt 0.361052 0.800912
vt 0.369658 0.781670
vt 0.361052 0.800912
vt 0.365395 0.777235
vt 0.369658 0.781670
vt 0.668337 0.802936
vt 0.664179 0.800207
vt 0.670846 0.779259
vt 0.664179 0.800207
vt 0.666688 0.776530
vt 0.670846 0.779259
vt 0.664179 0.800207
vt 0.660062 0.799915
vt 0.666688 0.776530
vt 0.660062 0.799915
vt 0.662572 0.776238
vt 0.666688 0.776530
vt 0.463969 0.797407
vt 0.459221 0.799631
vt 0.459627 0.773730
vt 0.459221 0.799631
vt 0.454878 0.775954
vt 0.459627 0.773730
vt 0.459221 0.799631
vt 0.452976 0.803776
vt 0.454878 0.775954
vt 0.452976 0.803776
vt 0.448634 0.780099
vt 0.454878 0.775954
vt 0.448634 0.780099
vt 0.442568 0.785052
vt 0.444291 0.756421
vt 0.442568 0.785052
vt 0.438225 0.761375
vt 0.444291 0.756421
vt 0.442568 0.785052
vt 0.438304 0.789488
vt 0.438225 0.761375
vt 0.438304 0.789488
vt 0.433962 0.765811
vt 0.438225 0.761375
vt 0.718006 0.793747
vt 0.713848 0.796477
vt 0.715497 0.770070
vt 0.713848 0.796477
vt 0.711338 0.772800
vt 0.715497 0.770070
vt 0.713848 0.796477
vt 0.709731 0.796768
vt 0.711338 0.772800
vt 0.709731 0.796768
vt 0.707222 0.773091
vt 0.711338 0.772800
vt 0.386717 0.792992
vt 0.381968 0.790768
vt 0.391060 0.769315
vt 0.381968 0.790768
vt 0.386311 0.767091
vt 0.391060 0.769315
vt 0.381968 0.790768
vt 0.375724 0.786624
vt 0.386311 0.767091
vt 0.375724 0.786624
vt 0.380067 0.762947
vt 0.386311 0.767091
vt 0.375724 0.786624
vt 0.369658 0.781670
vt 0.380067 0.762947
vt 0.369658 0.781670
vt 0.374000 0.757993
vt 0.380067 0.762947
vt 0.369658 0.781670
vt 0.365395 0.777235
vt 0.374000 0.757993
vt 0.365395 0.777235
vt 0.369737 0.753557
vt 0.374000 0.757993
vt 0.670846 0.779259
vt 0.666688 0.776530
vt 0.673356 0.755582
vt 0.666688 0.776530
vt 0.669197 0.752852
vt 0.673356 0.755582
vt 0.666688 0.776530
vt 0.662572 0.776238
vt 0.669197 0.752852
vt 0.662572 0.776238
vt 0.665081 0.752561
vt 0.669197 0.752852
vt 0.459627 0.773730
vt 0.454878 0.775954
vt 0.455284 0.750053
vt 0.454878 0.775954
vt 0.450535 0.752277
vt 0.455284 0.750053
vt 0.454878 0.775954
vt 0.448634 0.780099
vt 0.450535 0.752277
vt 0.448634 0.780099
vt 0.444291 0.756421
vt 0.450535 0.752277
vt 0.444291 0.756421
vt 0.438225 0.761375
vt 0.439949 0.732744
vt 0.438225 0.761375
vt 0.433882 0.737698
vt 0.439949 0.732744
vt 0.438225 0.761375
vt 0.433962 0.765811
vt 0.433882 0.737698
vt 0.433962 0.765811
vt 0.429619 0.742134
vt 0.433882 0.737698
vt 0.715497 0.770070
vt 0.711338 0.772800
vt 0.712987 0.746393
vt 0.711338 0.772800
vt 0.708829 0.749123
vt 0.712987 0.746393
vt 0.711338 0.772800
vt 0.707222 0.773091
vt 0.708829 0.749123
vt 0.707222 0.773091
vt 0.704713 0.749414
vt 0.708829 0.749123
vt 0.391060 0.769315
vt 0.386311 0.767091
vt 0.395402 0.745638
vt 0.386311 0.767091
vt 0.390654 0.743414
vt 0.395402 0.745638
vt 0.386311 0.767091
vt 0.380067 0.762947
vt 0.390654 0.743414
vt 0.380067 0.762947
vt 0.384409 0.739270
vt 0.390654 0.743414
vt 0.380067 0.762947
vt 0.374000 0.757993
vt 0.384409 0.739270
vt 0.374000 0.757993
vt 0.378343 0.734316
vt 0.384409 0.739270
vt 0.374000 0.757993
vt 0.369737 0.753557
vt 0.378343 0.734316
vt 0.369737 0.753557
vt 0.374080 0.729880
vt 0.378343 0.734316
vt 0.673356 0.755582
vt 0.669197 0.752852
vt 0.675865 0.731905
vt 0.669197 0.752852
vt 0.671707 0.729175
vt 0.675865 0.731905
vt 0.669197 0.752852
vt 0.665081 0.752561
vt 0.671707 0.729175
vt 0.665081 0.752561
vt 0.667590 0.728884
vt 0.671707 0.729175
vt 0.455284 0.750053
vt 0.450535 0.752277
vt 0.450942 0.726376
vt 0.450535 0.752277
vt 0.446193 0.728600
vt 0.450942 0.726376
vt 0.450535 0.752277
vt 0.444291 0.756421
vt 0.446193 0.728600
vt 0.444291 0.756421
vt 0.439949 0.732744
vt 0.446193 0.728600
vt 0.439949 0.732744
vt 0.433882 0.737698
vt 0.436583 0.714380
vt 0.433882 0.737698
vt 0.430669 0.719209
vt 0.436583 0.714380
vt 0.433882 0.737698
vt 0.429619 0.742134
vt 0.430669 0.719209
vt 0.429619 0.742134
vt 0.426513 0.723534
vt 0.430669 0.719209
vt 0.712987 0.746393
vt 0.708829 0.749123
vt 0.710933 0.727793
vt 0.708829 0.749123
vt 0.706879 0.730454
vt 0.710933 0.727793
vt 0.708829 0.749123
vt 0.704713 0.749414
vt 0.706879 0.730454
vt 0.704713 0.749414
vt 0.702865 0.730739
vt 0.706879 0.730454
vt 0.395402 0.745638
vt 0.390654 0.743414
vt 0.398525 0.726963
vt 0.390654 0.743414
vt 0.393896 0.724794
vt 0.398525 0.726963
vt 0.390654 0.743414
vt 0.384409 0.739270
vt 0.393896 0.724794
vt 0.384409 0.739270
vt 0.387808 0.720754
vt 0.393896 0.724794
vt 0.384409 0.739270
vt 0.378343 0.734316
vt 0.387808 0.720754
vt 0.378343 0.734316
vt 0.381894 0.715924
vt 0.387808 0.720754
vt 0.378343 0.734316
vt 0.374080 0.729880
vt 0.381894 0.715924
vt 0.374080 0.729880
vt 0.377738 0.711600
vt 0.381894 0.715924
vt 0.675865 0.731905
vt 0.671707 0.729175
vt 0.677719 0.713624
vt 0.671707 0.729175
vt 0.673665 0.710963
vt 0.677719 0.713624
vt 0.671707 0.729175
vt 0.667590 0.728884
vt 0.673665 0.710963
vt 0.667590 0.728884
vt 0.669652 0.710679
vt 0.673665 0.710963
vt 0.450942 0.726376
vt 0.446193 0.728600
vt 0.447301 0.708171
vt 0.446193 0.728600
vt 0.442671 0.710340
vt 0.447301 0.708171
vt 0.446193 0.728600
vt 0.439949 0.732744
vt 0.442671 0.710340
vt 0.439949 0.732744
vt 0.436583 0.714380
vt 0.442671 0.710340
vt 0.436583 0.714380
vt 0.430669 0.719209
vt 0.433420 0.697088
vt 0.430669 0.719209
vt 0.427954 0.701551
vt 0.433420 0.697088
vt 0.430669 0.719209
vt 0.426513 0.723534
vt 0.427954 0.701551
vt 0.426513 0.723534
vt 0.424113 0.705547
vt 0.427954 0.701551
vt 0.710933 0.727793
vt 0.706879 0.730454
vt 0.708780 0.709807
vt 0.706879 0.730454
vt 0.705034 0.712266
vt 0.708780 0.709807
vt 0.706879 0.730454
vt 0.702865 0.730739
vt 0.705034 0.712266
vt 0.702865 0.730739
vt 0.701325 0.712528
vt 0.705034 0.712266
vt 0.398525 0.726963
vt 0.393896 0.724794
vt 0.400974 0.708752
vt 0.393896 0.724794
vt 0.396695 0.706749
vt 0.400974 0.708752
vt 0.393896 0.724794
vt 0.387808 0.720754
vt 0.396695 0.706749
vt 0.387808 0.720754
vt 0.391070 0.703015
vt 0.396695 0.706749
vt 0.387808 0.720754
vt 0.381894 0.715924
vt 0.391070 0.703015
vt 0.381894 0.715924
vt 0.385604 0.698552
vt 0.391070 0.703015
vt 0.381894 0.715924
vt 0.377738 0.711600
vt 0.385604 0.698552
vt 0.377738 0.711600
vt 0.381763 0.694555
vt 0.385604 0.698552
vt 0.677719 0.713624
vt 0.673665 0.710963
vt 0.679279 0.696580
vt 0.673665 0.710963
vt 0.675533 0.694120
vt 0.679279 0.696580
vt 0.673665 0.710963
vt 0.669652 0.710679
vt 0.675533 0.694120
vt 0.669652 0.710679
vt 0.671824 0.693858
vt 0.675533 0.694120
vt 0.447301 0.708171
vt 0.442671 0.710340
vt 0.443324 0.691350
vt 0.442671 0.710340
vt 0.439046 0.693354
vt 0.443324 0.691350
vt 0.442671 0.710340
vt 0.436583 0.714380
vt 0.439046 0.693354
vt 0.436583 0.714380
vt 0.433420 0.697088
vt 0.439046 0.693354
vt 0.433420 0.697088
vt 0.427954 0.701551
vt 0.430617 0.681735
vt 0.427954 0.701551
vt 0.425874 0.685608
vt 0.430617 0.681735
vt 0.427954 0.701551
vt 0.424113 0.705547
vt 0.425874 0.685608
vt 0.424113 0.705547
vt 0.422541 0.689076
vt 0.425874 0.685608
vt 0.708780 0.709807
vt 0.705034 0.712266
vt 0.706638 0.693335
vt 0.705034 0.712266
vt 0.703387 0.695469
vt 0.706638 0.693335
vt 0.705034 0.712266
vt 0.701325 0.712528
vt 0.703387 0.695469
vt 0.701325 0.712528
vt 0.700169 0.695697
vt 0.703387 0.695469
vt 0.400974 0.708752
vt 0.396695 0.706749
vt 0.402625 0.691921
vt 0.396695 0.706749
vt 0.398912 0.690182
vt 0.402625 0.691921
vt 0.396695 0.706749
vt 0.391070 0.703015
vt 0.398912 0.690182
vt 0.391070 0.703015
vt 0.394031 0.686942
vt 0.398912 0.690182
vt 0.391070 0.703015
vt 0.385604 0.698552
vt 0.394031 0.686942
vt 0.385604 0.698552
vt 0.389288 0.683069
vt 0.394031 0.686942
vt 0.385604 0.698552
vt 0.381763 0.694555
vt 0.389288 0.683069
vt 0.381763 0.694555
vt 0.385955 0.679601
vt 0.389288 0.683069
vt 0.679279 0.696580
vt 0.675533 0.694120
vt 0.680468 0.681626
vt 0.675533 0.694120
vt 0.677217 0.679492
vt 0.680468 0.681626
vt 0.675533 0.694120
vt 0.671824 0.693858
vt 0.677217 0.679492
vt 0.671824 0.693858
vt 0.673998 0.679264
vt 0.677217 0.679492
vt 0.443324 0.691350
vt 0.439046 0.693354
vt 0.439212 0.676756
vt 0.439046 0.693354
vt 0.435499 0.678495
vt 0.439212 0.676756
vt 0.439046 0.693354
vt 0.433420 0.697088
vt 0.435499 0.678495
vt 0.433420 0.697088
vt 0.430617 0.681735
vt 0.435499 0.678495
vt 0.430617 0.681735
vt 0.425874 0.685608
vt 0.428315 0.669092
vt 0.425874 0.685608
vt 0.424533 0.672180
vt 0.428315 0.669092
vt 0.425874 0.685608
vt 0.422541 0.689076
vt 0.424533 0.672180
vt 0.422541 0.689076
vt 0.421875 0.674946
vt 0.424533 0.672180
vt 0.706638 0.693335
vt 0.703387 0.695469
vt 0.704614 0.679205
vt 0.703387 0.695469
vt 0.702021 0.680907
vt 0.704614 0.679205
vt 0.703387 0.695469
vt 0.700169 0.695697
vt 0.702021 0.680907
vt 0.700169 0.695697
vt 0.699455 0.681089
vt 0.702021 0.680907
vt 0.402625 0.691921
vt 0.398912 0.690182
vt 0.403396 0.677313
vt 0.398912 0.690182
vt 0.400435 0.675926
vt 0.403396 0.677313
vt 0.398912 0.690182
vt 0.394031 0.686942
vt 0.400435 0.675926
vt 0.394031 0.686942
vt 0.396542 0.673342
vt 0.400435 0.675926
vt 0.394031 0.686942
vt 0.389288 0.683069
vt 0.396542 0.673342
vt 0.389288 0.683069
vt 0.392760 0.670254
vt 0.396542 0.673342
vt 0.389288 0.683069
vt 0.385955 0.679601
vt 0.392760 0.670254
vt 0.385955 0.679601
vt 0.390102 0.667488
vt 0.392760 0.670254
vt 0.680468 0.681626
vt 0.677217 0.679492
vt 0.681225 0.669512
vt 0.677217 0.679492
vt 0.678632 0.667811
vt 0.681225 0.669512
vt 0.677217 0.679492
vt 0.673998 0.679264
vt 0.678632 0.667811
vt 0.673998 0.679264
vt 0.676066 0.667629
vt 0.678632 0.667811
vt 0.439212 0.676756
vt 0.435499 0.678495
vt 0.435169 0.665121
vt 0.435499 0.678495
vt 0.432209 0.666508
vt 0.435169 0.665121
vt 0.435499 0.678495
vt 0.430617 0.681735
vt 0.432209 0.666508
vt 0.430617 0.681735
vt 0.428315 0.669092
vt 0.432209 0.666508
vt 0.428315 0.669092
vt 0.424533 0.672180
vt 0.426630 0.659791
vt 0.424533 0.672180
vt 0.423998 0.661941
vt 0.426630 0.659791
vt 0.424533 0.672180
vt 0.421875 0.674946
vt 0.423998 0.661941
vt 0.421875 0.674946
vt 0.422149 0.663865
vt 0.423998 0.661941
vt 0.704614 0.679205
vt 0.702021 0.680907
vt 0.702809 0.668125
vt 0.702021 0.680907
vt 0.701005 0.669309
vt 0.702809 0.668125
vt 0.702021 0.680907
vt 0.699455 0.681089
vt 0.701005 0.669309
vt 0.699455 0.681089
vt 0.699219 0.669436
vt 0.701005 0.669309
vt 0.403396 0.677313
vt 0.400435 0.675926
vt 0.403248 0.665659
vt 0.400435 0.675926
vt 0.401188 0.664694
vt 0.403248 0.665659
vt 0.400435 0.675926
vt 0.396542 0.673342
vt 0.401188 0.664694
vt 0.396542 0.673342
vt 0.398479 0.662896
vt 0.401188 0.664694
vt 0.396542 0.673342
vt 0.392760 0.670254
vt 0.398479 0.662896
vt 0.392760 0.670254
vt 0.395847 0.660747
vt 0.398479 0.662896
vt 0.392760 0.670254
vt 0.390102 0.667488
vt 0.395847 0.660747
vt 0.390102 0.667488
vt 0.393997 0.658822
vt 0.395847 0.660747
vt 0.681225 0.669512
vt 0.678632 0.667811
vt 0.681512 0.660847
vt 0.678632 0.667811
vt 0.679708 0.659663
vt 0.681512 0.660847
vt 0.294600 0.268305
vt 0.293365 0.273438
vt 0.290455 0.266152
vt 0.293365 0.273438
vt 0.289595 0.269724
vt 0.290455 0.266152
vt 0.435169 0.665121
vt 0.432209 0.666508
vt 0.431400 0.657028
vt 0.432209 0.666508
vt 0.429340 0.657993
vt 0.431400 0.657028
vt 0.432209 0.666508
vt 0.428315 0.669092
vt 0.429340 0.657993
vt 0.428315 0.669092
vt 0.426630 0.659791
vt 0.429340 0.657993
vt 0.426630 0.659791
vt 0.423998 0.661941
vt 0.425646 0.654301
vt 0.423998 0.661941
vt 0.424297 0.655403
vt 0.425646 0.654301
vt 0.704148 0.666200
vt 0.702809 0.668125
vt 0.702000 0.659663
vt 0.702809 0.668125
vt 0.701314 0.660650
vt 0.702000 0.659663
vt 0.702809 0.668125
vt 0.701005 0.669309
vt 0.701314 0.660650
vt 0.701005 0.669309
vt 0.700388 0.661257
vt 0.701314 0.660650
vt 0.701005 0.669309
vt 0.699219 0.669436
vt 0.700388 0.661257
vt 0.699219 0.669436
vt 0.699472 0.661322
vt 0.700388 0.661257
vt 0.403248 0.665659
vt 0.401188 0.664694
vt 0.402189 0.657546
vt 0.401188 0.664694
vt 0.401133 0.657051
vt 0.402189 0.657546
vt 0.401188 0.664694
vt 0.398479 0.662896
vt 0.401133 0.657051
vt 0.398479 0.662896
vt 0.399743 0.656129
vt 0.401133 0.657051
vt 0.398479 0.662896
vt 0.395847 0.660747
vt 0.399743 0.656129
vt 0.395847 0.660747
vt 0.398393 0.655027
vt 0.399743 0.656129
vt 0.395847 0.660747
vt 0.393997 0.658822
vt 0.398393 0.655027
vt 0.393997 0.658822
vt 0.397445 0.654040
vt 0.398393 0.655027
vt 0.289883 0.262544
vt 0.290455 0.266152
vt 0.286435 0.262937
vt 0.290455 0.266152
vt 0.286729 0.264787
vt 0.286435 0.262937
vt 0.290455 0.266152
vt 0.289595 0.269724
vt 0.286729 0.264787
vt 0.289595 0.269724
vt 0.286288 0.266619
vt 0.286729 0.264787
vt 0.289595 0.269724
vt 0.287535 0.272303
vt 0.286288 0.266619
vt 0.287535 0.272303
vt 0.285231 0.267942
vt 0.286288 0.266619
vt 0.429340 0.657993
vt 0.426630 0.659791
vt 0.427036 0.653379
vt 0.426630 0.659791
vt 0.425646 0.654301
vt 0.427036 0.653379
vt 0.283842 0.268400
vt 0.282492 0.267872
vt 0.283608 0.264277
vt 0.282492 0.267872
vt 0.283608 0.264277
vt 0.283608 0.264277
vt 0.282492 0.267872
vt 0.281543 0.266499
vt 0.283608 0.264277
vt 0.281543 0.266499
vt 0.283608 0.264277
vt 0.283608 0.264277
vt 0.281543 0.266499
vt 0.281250 0.264648
vt 0.283608 0.264277
vt 0.281250 0.264648
vt 0.283608 0.264277
vt 0.283608 0.264277
vt 0.281250 0.264648
vt 0.281691 0.262816
vt 0.283608 0.264277
vt 0.281691 0.262816
vt 0.283608 0.264277
vt 0.283608 0.264277
vt 0.281691 0.262816
vt 0.282748 0.261494
vt 0.283608 0.264277
vt 0.282748 0.261494
vt 0.283608 0.264277
vt 0.283608 0.264277
vt 0.401133 0.657051
vt 0.399743 0.656129
vt 0.400272 0.653379
vt 0.284137 0.261035
vt 0.283608 0.264277
vt 0.283608 0.264277
vt 0.284137 0.261035
vt 0.285487 0.261563
vt 0.283608 0.264277
vt 0.285487 0.261563
vt 0.283608 0.264277
vt 0.283608 0.264277
vt 0.285487 0.261563
vt 0.286435 0.262937
vt 0.283608 0.264277
vt 0.286435 0.262937
vt 0.283608 0.264277
vt 0.283608 0.264277
vt 0.286435 0.262937
vt 0.286729 0.264787
vt 0.283608 0.264277
vt 0.286729 0.264787
vt 0.283608 0.264277
vt 0.283608 0.264277
vt 0.286729 0.264787
vt 0.286288 0.266619
vt 0.283608 0.264277
vt 0.286288 0.266619
vt 0.283608 0.264277
vt 0.283608 0.264277
vt 0.286288 0.266619
vt 0.285231 0.267942
vt 0.283608 0.264277
vt 0.285231 0.267942
vt 0.283608 0.264277
vt 0.283608 0.264277
vt 0.285231 0.267942
vt 0.283842 0.268400
vt 0.283608 0.264277
vt 0.283842 0.268400
vt 0.283608 0.264277
vt 0.283608 0.264277
vt 0.440246 0.269411
vt 0.440246 0.269411
vt 0.439770 0.273438
vt 0.177103 0.270051
vt 0.175547 0.266590
vt 0.176627 0.266025
vt 0.440246 0.269411
vt 0.440246 0.269411
vt 0.438689 0.272872
vt 0.177103 0.270051
vt 0.174716 0.267997
vt 0.175547 0.266590
vt 0.440246 0.269411
vt 0.440246 0.269411
vt 0.437858 0.271465
vt 0.177103 0.270051
vt 0.174357 0.269868
vt 0.174716 0.267997
vt 0.440246 0.269411
vt 0.440246 0.269411
vt 0.437500 0.269594
vt 0.177103 0.270051
vt 0.174567 0.271703
vt 0.174357 0.269868
vt 0.440246 0.269411
vt 0.440246 0.269411
vt 0.437710 0.267759
vt 0.177103 0.270051
vt 0.175289 0.273010
vt 0.174567 0.271703
vt 0.440246 0.269411
vt 0.440246 0.269411
vt 0.438432 0.266453
vt 0.177103 0.270051
vt 0.176330 0.273438
vt 0.175289 0.273010
vt 0.440246 0.269411
vt 0.440246 0.269411
vt 0.439472 0.266025
vt 0.188638 0.577019
vt 0.188331 0.573320
vt 0.189411 0.574938
vt 0.440246 0.269411
vt 0.440246 0.269411
vt 0.440553 0.266590
vt 0.697796 0.578125
vt 0.698503 0.573382
vt 0.699206 0.574426
vt 0.440246 0.269411
vt 0.440246 0.269411
vt 0.441384 0.267997
vt 0.697796 0.578125
vt 0.697567 0.573191
vt 0.698503 0.573382
vt 0.440246 0.269411
vt 0.440246 0.269411
vt 0.441742 0.269868
vt 0.697796 0.578125
vt 0.696649 0.573906
vt 0.697567 0.573191
vt 0.440246 0.269411
vt 0.440246 0.269411
vt 0.441532 0.271703
vt 0.697796 0.578125
vt 0.695996 0.575334
vt 0.696649 0.573906
vt 0.440246 0.269411
vt 0.440246 0.269411
vt 0.440810 0.273010
vt 0.177103 0.270051
vt 0.176627 0.266025
vt 0.177668 0.266453
vt 0.408926 0.576507
vt 0.407845 0.578125
vt 0.407224 0.572413
vt 0.407845 0.578125
vt 0.405117 0.575569
vt 0.407224 0.572413
vt 0.175547 0.266590
vt 0.174716 0.267997
vt 0.172819 0.262662
vt 0.174716 0.267997
vt 0.171199 0.265405
vt 0.172819 0.262662
vt 0.174716 0.267997
vt 0.174357 0.269868
vt 0.171199 0.265405
vt 0.174357 0.269868
vt 0.170500 0.269054
vt 0.171199 0.265405
vt 0.174357 0.269868
vt 0.174567 0.271703
vt 0.170500 0.269054
vt 0.174567 0.271703
vt 0.170909 0.272632
vt 0.170500 0.269054
vt 0.191174 0.578125
vt 0.190452 0.576697
vt 0.194832 0.576063
vt 0.190452 0.576697
vt 0.193424 0.573279
vt 0.194832 0.576063
vt 0.190452 0.576697
vt 0.189411 0.574938
vt 0.193424 0.573279
vt 0.189411 0.574938
vt 0.191395 0.569849
vt 0.193424 0.573279
vt 0.189411 0.574938
vt 0.188331 0.573320
vt 0.191395 0.569849
vt 0.188331 0.573320
vt 0.189289 0.566694
vt 0.191395 0.569849
vt 0.188331 0.573320
vt 0.187500 0.572276
vt 0.189289 0.566694
vt 0.187500 0.572276
vt 0.187669 0.564657
vt 0.189289 0.566694
vt 0.698503 0.573382
vt 0.697567 0.573191
vt 0.698854 0.565764
vt 0.697567 0.573191
vt 0.697029 0.565392
vt 0.698854 0.565764
vt 0.697567 0.573191
vt 0.696649 0.573906
vt 0.697029 0.565392
vt 0.696649 0.573906
vt 0.695241 0.566785
vt 0.697029 0.565392
vt 0.696649 0.573906
vt 0.695996 0.575334
vt 0.695241 0.566785
vt 0.695996 0.575334
vt 0.693967 0.569570
vt 0.695241 0.566785
vt 0.409966 0.574748
vt 0.408926 0.576507
vt 0.409253 0.568984
vt 0.408926 0.576507
vt 0.407224 0.572413
vt 0.409253 0.568984
vt 0.407224 0.572413
vt 0.405117 0.575569
vt 0.404382 0.565464
vt 0.405117 0.575569
vt 0.401355 0.569998
vt 0.404382 0.565464
vt 0.172819 0.262662
vt 0.171199 0.265405
vt 0.169056 0.258464
vt 0.171199 0.265405
vt 0.166728 0.262406
vt 0.169056 0.258464
vt 0.171199 0.265405
vt 0.170500 0.269054
vt 0.166728 0.262406
vt 0.170500 0.269054
vt 0.165724 0.267650
vt 0.166728 0.262406
vt 0.170500 0.269054
vt 0.170909 0.272632
vt 0.165724 0.267650
vt 0.170909 0.272632
vt 0.166312 0.272791
vt 0.165724 0.267650
vt 0.194832 0.576063
vt 0.193424 0.573279
vt 0.199429 0.570936
vt 0.193424 0.573279
vt 0.197406 0.566935
vt 0.199429 0.570936
vt 0.193424 0.573279
vt 0.191395 0.569849
vt 0.197406 0.566935
vt 0.191395 0.569849
vt 0.194490 0.562007
vt 0.197406 0.566935
vt 0.191395 0.569849
vt 0.189289 0.566694
vt 0.194490 0.562007
vt 0.189289 0.566694
vt 0.191463 0.557472
vt 0.194490 0.562007
vt 0.189289 0.566694
vt 0.187669 0.564657
vt 0.191463 0.557472
vt 0.187669 0.564657
vt 0.189135 0.554546
vt 0.191463 0.557472
vt 0.698854 0.565764
vt 0.697029 0.565392
vt 0.698832 0.555652
vt 0.697029 0.565392
vt 0.696210 0.555119
vt 0.698832 0.555652
vt 0.697029 0.565392
vt 0.695241 0.566785
vt 0.696210 0.555119
vt 0.695241 0.566785
vt 0.693640 0.557121
vt 0.696210 0.555119
vt 0.410661 0.566199
vt 0.409253 0.568984
vt 0.409321 0.556535
vt 0.409253 0.568984
vt 0.407298 0.560536
vt 0.409321 0.556535
vt 0.409253 0.568984
vt 0.407224 0.572413
vt 0.407298 0.560536
vt 0.407224 0.572413
vt 0.404382 0.565464
vt 0.407298 0.560536
vt 0.404382 0.565464
vt 0.401355 0.569998
vt 0.400542 0.556007
vt 0.401355 0.569998
vt 0.396746 0.561693
vt 0.400542 0.556007
vt 0.401355 0.569998
vt 0.399027 0.572924
vt 0.396746 0.561693
vt 0.399027 0.572924
vt 0.393827 0.565362
vt 0.396746 0.561693
vt 0.166728 0.262406
vt 0.165724 0.267650
vt 0.161529 0.259149
vt 0.165724 0.267650
vt 0.160269 0.265725
vt 0.161529 0.259149
vt 0.165724 0.267650
vt 0.166312 0.272791
vt 0.160269 0.265725
vt 0.166312 0.272791
vt 0.161007 0.272172
vt 0.160269 0.265725
vt 0.199429 0.570936
vt 0.197406 0.566935
vt 0.204734 0.563001
vt 0.197406 0.566935
vt 0.202198 0.557984
vt 0.204734 0.563001
vt 0.197406 0.566935
vt 0.194490 0.562007
vt 0.202198 0.557984
vt 0.194490 0.562007
vt 0.198542 0.551805
vt 0.202198 0.557984
vt 0.194490 0.562007
vt 0.191463 0.557472
vt 0.198542 0.551805
vt 0.191463 0.557472
vt 0.194746 0.546118
vt 0.198542 0.551805
vt 0.191463 0.557472
vt 0.189135 0.554546
vt 0.194746 0.546118
vt 0.189135 0.554546
vt 0.191827 0.542449
vt 0.194746 0.546118
vt 0.698832 0.555652
vt 0.696210 0.555119
vt 0.698438 0.543555
vt 0.696210 0.555119
vt 0.695150 0.542886
vt 0.698438 0.543555
vt 0.696210 0.555119
vt 0.693640 0.557121
vt 0.695150 0.542886
vt 0.693640 0.557121
vt 0.691927 0.545396
vt 0.695150 0.542886
vt 0.409321 0.556535
vt 0.407298 0.560536
vt 0.406735 0.544810
vt 0.407298 0.560536
vt 0.404198 0.549827
vt 0.406735 0.544810
vt 0.407298 0.560536
vt 0.404382 0.565464
vt 0.404198 0.549827
vt 0.404382 0.565464
vt 0.400542 0.556007
vt 0.404198 0.549827
vt 0.400542 0.556007
vt 0.396746 0.561693
vt 0.395897 0.544517
vt 0.396746 0.561693
vt 0.391523 0.551070
vt 0.395897 0.544517
vt 0.396746 0.561693
vt 0.393827 0.565362
vt 0.391523 0.551070
vt 0.393827 0.565362
vt 0.388159 0.555298
vt 0.391523 0.551070
vt 0.161529 0.259149
vt 0.160269 0.265725
vt 0.155860 0.255799
vt 0.160269 0.265725
vt 0.154409 0.263377
vt 0.155860 0.255799
vt 0.160269 0.265725
vt 0.161007 0.272172
vt 0.154409 0.263377
vt 0.161007 0.272172
vt 0.155259 0.270806
vt 0.154409 0.263377
vt 0.204734 0.563001
vt 0.202198 0.557984
vt 0.210482 0.552656
vt 0.202198 0.557984
vt 0.207559 0.546875
vt 0.210482 0.552656
vt 0.202198 0.557984
vt 0.198542 0.551805
vt 0.207559 0.546875
vt 0.198542 0.551805
vt 0.203346 0.539753
vt 0.207559 0.546875
vt 0.198542 0.551805
vt 0.194746 0.546118
vt 0.203346 0.539753
vt 0.194746 0.546118
vt 0.198971 0.533201
vt 0.203346 0.539753
vt 0.194746 0.546118
vt 0.191827 0.542449
vt 0.198971 0.533201
vt 0.191827 0.542449
vt 0.195608 0.528972
vt 0.198971 0.533201
vt 0.698438 0.543555
vt 0.695150 0.542886
vt 0.697692 0.530079
vt 0.695150 0.542886
vt 0.693902 0.529307
vt 0.697692 0.530079
vt 0.695150 0.542886
vt 0.691927 0.545396
vt 0.693902 0.529307
vt 0.691927 0.545396
vt 0.690188 0.532200
vt 0.693902 0.529307
vt 0.406735 0.544810
vt 0.404198 0.549827
vt 0.403034 0.531614
vt 0.404198 0.549827
vt 0.400111 0.537396
vt 0.403034 0.531614
vt 0.404198 0.549827
vt 0.400542 0.556007
vt 0.400111 0.537396
vt 0.400542 0.556007
vt 0.395897 0.544517
vt 0.400111 0.537396
vt 0.395897 0.544517
vt 0.391523 0.551070
vt 0.390680 0.531570
vt 0.391523 0.551070
vt 0.385946 0.538661
vt 0.390680 0.531570
vt 0.391523 0.551070
vt 0.388159 0.555298
vt 0.385946 0.538661
vt 0.388159 0.555298
vt 0.382307 0.543236
vt 0.385946 0.538661
vt 0.155860 0.255799
vt 0.154409 0.263377
vt 0.150008 0.252523
vt 0.154409 0.263377
vt 0.148438 0.260723
vt 0.150008 0.252523
vt 0.718558 0.578125
vt 0.714844 0.575232
vt 0.719885 0.566126
vt 0.714844 0.575232
vt 0.715866 0.562996
vt 0.719885 0.566126
vt 0.210482 0.552656
vt 0.207559 0.546875
vt 0.216384 0.540420
vt 0.207559 0.546875
vt 0.213221 0.534164
vt 0.216384 0.540420
vt 0.207559 0.546875
vt 0.203346 0.539753
vt 0.213221 0.534164
vt 0.203346 0.539753
vt 0.208662 0.526458
vt 0.213221 0.534164
vt 0.203346 0.539753
vt 0.198971 0.533201
vt 0.208662 0.526458
vt 0.198971 0.533201
vt 0.203928 0.519368
vt 0.208662 0.526458
vt 0.198971 0.533201
vt 0.195608 0.528972
vt 0.203928 0.519368
vt 0.195608 0.528972
vt 0.200288 0.514792
vt 0.203928 0.519368
vt 0.697692 0.530079
vt 0.693902 0.529307
vt 0.696630 0.515898
vt 0.693902 0.529307
vt 0.692530 0.515064
vt 0.696630 0.515898
vt 0.693902 0.529307
vt 0.690188 0.532200
vt 0.692530 0.515064
vt 0.690188 0.532200
vt 0.688511 0.518194
vt 0.692530 0.515064
vt 0.403034 0.531614
vt 0.400111 0.537396
vt 0.398402 0.517608
vt 0.400111 0.537396
vt 0.395239 0.523864
vt 0.398402 0.517608
vt 0.400111 0.537396
vt 0.395897 0.544517
vt 0.395239 0.523864
vt 0.395897 0.544517
vt 0.390680 0.531570
vt 0.395239 0.523864
vt 0.390680 0.531570
vt 0.385946 0.538661
vt 0.385152 0.517815
vt 0.385946 0.538661
vt 0.380297 0.525088
vt 0.385152 0.517815
vt 0.385946 0.538661
vt 0.382307 0.543236
vt 0.380297 0.525088
vt 0.382307 0.543236
vt 0.376563 0.529782
vt 0.380297 0.525088
vt 0.723985 0.565292
vt 0.719885 0.566126
vt 0.725504 0.551837
vt 0.719885 0.566126
vt 0.721298 0.552693
vt 0.725504 0.551837
vt 0.719885 0.566126
vt 0.715866 0.562996
vt 0.721298 0.552693
vt 0.715866 0.562996
vt 0.717176 0.549482
vt 0.721298 0.552693
vt 0.216384 0.540420
vt 0.213221 0.534164
vt 0.222144 0.526906
vt 0.213221 0.534164
vt 0.218900 0.520489
vt 0.222144 0.526906
vt 0.213221 0.534164
vt 0.208662 0.526458
vt 0.218900 0.520489
vt 0.208662 0.526458
vt 0.214223 0.512585
vt 0.218900 0.520489
vt 0.208662 0.526458
vt 0.203928 0.519368
vt 0.214223 0.512585
vt 0.203928 0.519368
vt 0.209368 0.505313
vt 0.214223 0.512585
vt 0.203928 0.519368
vt 0.200288 0.514792
vt 0.209368 0.505313
vt 0.200288 0.514792
vt 0.205634 0.500619
vt 0.209368 0.505313
vt 0.696630 0.515898
vt 0.692530 0.515064
vt 0.695307 0.501726
vt 0.692530 0.515064
vt 0.691101 0.500870
vt 0.695307 0.501726
vt 0.692530 0.515064
vt 0.688511 0.518194
vt 0.691101 0.500870
vt 0.688511 0.518194
vt 0.686978 0.504080
vt 0.691101 0.500870
vt 0.398402 0.517608
vt 0.395239 0.523864
vt 0.393073 0.503494
vt 0.395239 0.523864
vt 0.389829 0.509912
vt 0.393073 0.503494
vt 0.395239 0.523864
vt 0.390680 0.531570
vt 0.389829 0.509912
vt 0.390680 0.531570
vt 0.385152 0.517815
vt 0.389829 0.509912
vt 0.385152 0.517815
vt 0.380297 0.525088
vt 0.378033 0.500079
vt 0.380297 0.525088
vt 0.373177 0.507352
vt 0.378033 0.500079
vt 0.380297 0.525088
vt 0.376563 0.529782
vt 0.373177 0.507352
vt 0.376563 0.529782
vt 0.369444 0.512045
vt 0.373177 0.507352
vt 0.725504 0.551837
vt 0.721298 0.552693
vt 0.727328 0.534101
vt 0.721298 0.552693
vt 0.723123 0.534957
vt 0.727328 0.534101
vt 0.721298 0.552693
vt 0.717176 0.549482
vt 0.723123 0.534957
vt 0.717176 0.549482
vt 0.719000 0.531746
vt 0.723123 0.534957
vt 0.222144 0.526906
vt 0.218900 0.520489
vt 0.229263 0.509170
vt 0.218900 0.520489
vt 0.226019 0.502753
vt 0.229263 0.509170
vt 0.218900 0.520489
vt 0.214223 0.512585
vt 0.226019 0.502753
vt 0.214223 0.512585
vt 0.221342 0.494849
vt 0.226019 0.502753
vt 0.214223 0.512585
vt 0.209368 0.505313
vt 0.221342 0.494849
vt 0.209368 0.505313
vt 0.216487 0.487576
vt 0.221342 0.494849
vt 0.209368 0.505313
vt 0.205634 0.500619
vt 0.216487 0.487576
vt 0.205634 0.500619
vt 0.212754 0.482883
vt 0.216487 0.487576
vt 0.695307 0.501726
vt 0.691101 0.500870
vt 0.693482 0.483989
vt 0.691101 0.500870
vt 0.689277 0.483133
vt 0.693482 0.483989
vt 0.691101 0.500870
vt 0.686978 0.504080
vt 0.689277 0.483133
vt 0.686978 0.504080
vt 0.685154 0.486344
vt 0.689277 0.483133
vt 0.393073 0.503494
vt 0.389829 0.509912
vt 0.385954 0.485758
vt 0.389829 0.509912
vt 0.382709 0.492175
vt 0.385954 0.485758
vt 0.389829 0.509912
vt 0.385152 0.517815
vt 0.382709 0.492175
vt 0.385152 0.517815
vt 0.378033 0.500079
vt 0.382709 0.492175
vt 0.378033 0.500079
vt 0.373177 0.507352
vt 0.370913 0.482342
vt 0.373177 0.507352
vt 0.366058 0.489615
vt 0.370913 0.482342
vt 0.373177 0.507352
vt 0.369444 0.512045
vt 0.366058 0.489615
vt 0.369444 0.512045
vt 0.362325 0.494308
vt 0.366058 0.489615
vt 0.727328 0.534101
vt 0.723123 0.534957
vt 0.729153 0.516364
vt 0.723123 0.534957
vt 0.724947 0.517220
vt 0.729153 0.516364
vt 0.723123 0.534957
vt 0.719000 0.531746
vt 0.724947 0.517220
vt 0.719000 0.531746
vt 0.720825 0.514009
vt 0.724947 0.517220
vt 0.229263 0.509170
vt 0.226019 0.502753
vt 0.236383 0.491433
vt 0.226019 0.502753
vt 0.233138 0.485016
vt 0.236383 0.491433
vt 0.226019 0.502753
vt 0.221342 0.494849
vt 0.233138 0.485016
vt 0.221342 0.494849
vt 0.228462 0.477112
vt 0.233138 0.485016
vt 0.221342 0.494849
vt 0.216487 0.487576
vt 0.228462 0.477112
vt 0.216487 0.487576
vt 0.223606 0.469839
vt 0.228462 0.477112
vt 0.216487 0.487576
vt 0.212754 0.482883
vt 0.223606 0.469839
vt 0.212754 0.482883
vt 0.219873 0.465146
vt 0.223606 0.469839
vt 0.693482 0.483989
vt 0.689277 0.483133
vt 0.691658 0.466252
vt 0.689277 0.483133
vt 0.687452 0.465396
vt 0.691658 0.466252
vt 0.689277 0.483133
vt 0.685154 0.486344
vt 0.687452 0.465396
vt 0.685154 0.486344
vt 0.683329 0.468607
vt 0.687452 0.465396
vt 0.385954 0.485758
vt 0.382709 0.492175
vt 0.378834 0.468021
vt 0.382709 0.492175
vt 0.375590 0.474438
vt 0.378834 0.468021
vt 0.382709 0.492175
vt 0.378033 0.500079
vt 0.375590 0.474438
vt 0.378033 0.500079
vt 0.370913 0.482342
vt 0.375590 0.474438
vt 0.370913 0.482342
vt 0.366058 0.489615
vt 0.363794 0.464605
vt 0.366058 0.489615
vt 0.358939 0.471878
vt 0.363794 0.464605
vt 0.366058 0.489615
vt 0.362325 0.494308
vt 0.358939 0.471878
vt 0.362325 0.494308
vt 0.355205 0.476572
vt 0.358939 0.471878
vt 0.729153 0.516364
vt 0.724947 0.517220
vt 0.730977 0.498627
vt 0.724947 0.517220
vt 0.726772 0.499483
vt 0.730977 0.498627
vt 0.724947 0.517220
vt 0.720825 0.514009
vt 0.726772 0.499483
vt 0.720825 0.514009
vt 0.722649 0.496272
vt 0.726772 0.499483
vt 0.236383 0.491433
vt 0.233138 0.485016
vt 0.243502 0.473696
vt 0.233138 0.485016
vt 0.240258 0.467279
vt 0.243502 0.473696
vt 0.233138 0.485016
vt 0.228462 0.477112
vt 0.240258 0.467279
vt 0.228462 0.477112
vt 0.235581 0.459375
vt 0.240258 0.467279
vt 0.228462 0.477112
vt 0.223606 0.469839
vt 0.235581 0.459375
vt 0.223606 0.469839
vt 0.230726 0.452102
vt 0.235581 0.459375
vt 0.223606 0.469839
vt 0.219873 0.465146
vt 0.230726 0.452102
vt 0.219873 0.465146
vt 0.226992 0.447409
vt 0.230726 0.452102
vt 0.691658 0.466252
vt 0.687452 0.465396
vt 0.689833 0.448516
vt 0.687452 0.465396
vt 0.685628 0.447660
vt 0.689833 0.448516
vt 0.687452 0.465396
vt 0.683329 0.468607
vt 0.685628 0.447660
vt 0.683329 0.468607
vt 0.681505 0.450870
vt 0.685628 0.447660
vt 0.378834 0.468021
vt 0.375590 0.474438
vt 0.371715 0.450284
vt 0.375590 0.474438
vt 0.368471 0.456701
vt 0.371715 0.450284
vt 0.375590 0.474438
vt 0.370913 0.482342
vt 0.368471 0.456701
vt 0.370913 0.482342
vt 0.363794 0.464605
vt 0.368471 0.456701
vt 0.363794 0.464605
vt 0.358939 0.471878
vt 0.356675 0.446869
vt 0.358939 0.471878
vt 0.351819 0.454142
vt 0.356675 0.446869
vt 0.358939 0.471878
vt 0.355205 0.476572
vt 0.351819 0.454142
vt 0.355205 0.476572
vt 0.348086 0.458835
vt 0.351819 0.454142
vt 0.730977 0.498627
vt 0.726772 0.499483
vt 0.732802 0.480890
vt 0.726772 0.499483
vt 0.728596 0.481746
vt 0.732802 0.480890
vt 0.726772 0.499483
vt 0.722649 0.496272
vt 0.728596 0.481746
vt 0.722649 0.496272
vt 0.724474 0.478536
vt 0.728596 0.481746
vt 0.243502 0.473696
vt 0.240258 0.467279
vt 0.250621 0.455960
vt 0.240258 0.467279
vt 0.247377 0.449543
vt 0.250621 0.455960
vt 0.240258 0.467279
vt 0.235581 0.459375
vt 0.247377 0.449543
vt 0.235581 0.459375
vt 0.242700 0.441639
vt 0.247377 0.449543
vt 0.235581 0.459375
vt 0.230726 0.452102
vt 0.242700 0.441639
vt 0.230726 0.452102
vt 0.237845 0.434366
vt 0.242700 0.441639
vt 0.230726 0.452102
vt 0.226992 0.447409
vt 0.237845 0.434366
vt 0.226992 0.447409
vt 0.234112 0.429673
vt 0.237845 0.434366
vt 0.689833 0.448516
vt 0.685628 0.447660
vt 0.688009 0.430779
vt 0.685628 0.447660
vt 0.683803 0.429923
vt 0.688009 0.430779
vt 0.685628 0.447660
vt 0.681505 0.450870
vt 0.683803 0.429923
vt 0.681505 0.450870
vt 0.679680 0.433134
vt 0.683803 0.429923
vt 0.371715 0.450284
vt 0.368471 0.456701
vt 0.364596 0.432548
vt 0.368471 0.456701
vt 0.361351 0.438965
vt 0.364596 0.432548
vt 0.368471 0.456701
vt 0.363794 0.464605
vt 0.361351 0.438965
vt 0.363794 0.464605
vt 0.356675 0.446869
vt 0.361351 0.438965
vt 0.356675 0.446869
vt 0.351819 0.454142
vt 0.349555 0.429132
vt 0.351819 0.454142
vt 0.344700 0.436405
vt 0.349555 0.429132
vt 0.351819 0.454142
vt 0.348086 0.458835
vt 0.344700 0.436405
vt 0.348086 0.458835
vt 0.340967 0.441098
vt 0.344700 0.436405
vt 0.732802 0.480890
vt 0.728596 0.481746
vt 0.734626 0.463154
vt 0.728596 0.481746
vt 0.730421 0.464010
vt 0.734626 0.463154
vt 0.728596 0.481746
vt 0.724474 0.478536
vt 0.730421 0.464010
vt 0.724474 0.478536
vt 0.726298 0.460799
vt 0.730421 0.464010
vt 0.250621 0.455960
vt 0.247377 0.449543
vt 0.257741 0.438223
vt 0.247377 0.449543
vt 0.254496 0.431806
vt 0.257741 0.438223
vt 0.247377 0.449543
vt 0.242700 0.441639
vt 0.254496 0.431806
vt 0.242700 0.441639
vt 0.249820 0.423902
vt 0.254496 0.431806
vt 0.242700 0.441639
vt 0.237845 0.434366
vt 0.249820 0.423902
vt 0.237845 0.434366
vt 0.244964 0.416629
vt 0.249820 0.423902
vt 0.237845 0.434366
vt 0.234112 0.429673
vt 0.244964 0.416629
vt 0.234112 0.429673
vt 0.241231 0.411936
vt 0.244964 0.416629
vt 0.688009 0.430779
vt 0.683803 0.429923
vt 0.686184 0.413042
vt 0.683803 0.429923
vt 0.681979 0.412186
vt 0.686184 0.413042
vt 0.683803 0.429923
vt 0.679680 0.433134
vt 0.681979 0.412186
vt 0.679680 0.433134
vt 0.677856 0.415397
vt 0.681979 0.412186
vt 0.364596 0.432548
vt 0.361351 0.438965
vt 0.357476 0.414811
vt 0.361351 0.438965
vt 0.354232 0.421228
vt 0.357476 0.414811
vt 0.361351 0.438965
vt 0.356675 0.446869
vt 0.354232 0.421228
vt 0.356675 0.446869
vt 0.349555 0.429132
vt 0.354232 0.421228
vt 0.349555 0.429132
vt 0.344700 0.436405
vt 0.342436 0.411395
vt 0.344700 0.436405
vt 0.337581 0.418668
vt 0.342436 0.411395
vt 0.344700 0.436405
vt 0.340967 0.441098
vt 0.337581 0.418668
vt 0.340967 0.441098
vt 0.333848 0.423361
vt 0.337581 0.418668
vt 0.734626 0.463154
vt 0.730421 0.464010
vt 0.736451 0.445417
vt 0.730421 0.464010
vt 0.732245 0.446273
vt 0.736451 0.445417
vt 0.730421 0.464010
vt 0.726298 0.460799
vt 0.732245 0.446273
vt 0.726298 0.460799
vt 0.728123 0.443062
vt 0.732245 0.446273
vt 0.257741 0.438223
vt 0.254496 0.431806
vt 0.264860 0.420486
vt 0.254496 0.431806
vt 0.261615 0.414069
vt 0.264860 0.420486
vt 0.254496 0.431806
vt 0.249820 0.423902
vt 0.261615 0.414069
vt 0.249820 0.423902
vt 0.256939 0.406165
vt 0.261615 0.414069
vt 0.249820 0.423902
vt 0.244964 0.416629
vt 0.256939 0.406165
vt 0.244964 0.416629
vt 0.252084 0.398892
vt 0.256939 0.406165
vt 0.244964 0.416629
vt 0.241231 0.411936
vt 0.252084 0.398892
vt 0.241231 0.411936
vt 0.248350 0.394199
vt 0.252084 0.398892
vt 0.686184 0.413042
vt 0.681979 0.412186
vt 0.684360 0.395305
vt 0.681979 0.412186
vt 0.680154 0.394450
vt 0.684360 0.395305
vt 0.681979 0.412186
vt 0.677856 0.415397
vt 0.680154 0.394450
vt 0.677856 0.415397
vt 0.676031 0.397660
vt 0.680154 0.394450
vt 0.357476 0.414811
vt 0.354232 0.421228
vt 0.350357 0.397074
vt 0.354232 0.421228
vt 0.347113 0.403491
vt 0.350357 0.397074
vt 0.354232 0.421228
vt 0.349555 0.429132
vt 0.347113 0.403491
vt 0.349555 0.429132
vt 0.342436 0.411395
vt 0.347113 0.403491
vt 0.342436 0.411395
vt 0.337581 0.418668
vt 0.335317 0.393659
vt 0.337581 0.418668
vt 0.330462 0.400932
vt 0.335317 0.393659
vt 0.337581 0.418668
vt 0.333848 0.423361
vt 0.330462 0.400932
vt 0.333848 0.423361
vt 0.326728 0.405625
vt 0.330462 0.400932
vt 0.736451 0.445417
vt 0.732245 0.446273
vt 0.738275 0.427680
vt 0.732245 0.446273
vt 0.734070 0.428536
vt 0.738275 0.427680
vt 0.732245 0.446273
vt 0.728123 0.443062
vt 0.734070 0.428536
vt 0.728123 0.443062
vt 0.729947 0.425326
vt 0.734070 0.428536
vt 0.264860 0.420486
vt 0.261615 0.414069
vt 0.271979 0.402750
vt 0.261615 0.414069
vt 0.268735 0.396333
vt 0.271979 0.402750
vt 0.261615 0.414069
vt 0.256939 0.406165
vt 0.268735 0.396333
vt 0.256939 0.406165
vt 0.264058 0.388429
vt 0.268735 0.396333
vt 0.256939 0.406165
vt 0.252084 0.398892
vt 0.264058 0.388429
vt 0.252084 0.398892
vt 0.259203 0.381156
vt 0.264058 0.388429
vt 0.252084 0.398892
vt 0.248350 0.394199
vt 0.259203 0.381156
vt 0.248350 0.394199
vt 0.255470 0.376462
vt 0.259203 0.381156
vt 0.684360 0.395305
vt 0.680154 0.394450
vt 0.682535 0.377569
vt 0.680154 0.394450
vt 0.678330 0.376713
vt 0.682535 0.377569
vt 0.680154 0.394450
vt 0.676031 0.397660
vt 0.678330 0.376713
vt 0.676031 0.397660
vt 0.674207 0.379924
vt 0.678330 0.376713
vt 0.350357 0.397074
vt 0.347113 0.403491
vt 0.343238 0.379338
vt 0.347113 0.403491
vt 0.339993 0.385755
vt 0.343238 0.379338
vt 0.347113 0.403491
vt 0.342436 0.411395
vt 0.339993 0.385755
vt 0.342436 0.411395
vt 0.335317 0.393659
vt 0.339993 0.385755
vt 0.335317 0.393659
vt 0.330462 0.400932
vt 0.329755 0.379786
vt 0.330462 0.400932
vt 0.325022 0.386876
vt 0.329755 0.379786
vt 0.330462 0.400932
vt 0.326728 0.405625
vt 0.325022 0.386876
vt 0.326728 0.405625
vt 0.321382 0.391452
vt 0.325022 0.386876
vt 0.738275 0.427680
vt 0.734070 0.428536
vt 0.739599 0.413508
vt 0.734070 0.428536
vt 0.735499 0.414342
vt 0.739599 0.413508
vt 0.734070 0.428536
vt 0.729947 0.425326
vt 0.735499 0.414342
vt 0.729947 0.425326
vt 0.731479 0.411212
vt 0.735499 0.414342
vt 0.271979 0.402750
vt 0.268735 0.396333
vt 0.277309 0.388636
vt 0.268735 0.396333
vt 0.274145 0.382380
vt 0.277309 0.388636
vt 0.268735 0.396333
vt 0.264058 0.388429
vt 0.274145 0.382380
vt 0.264058 0.388429
vt 0.269586 0.374674
vt 0.274145 0.382380
vt 0.264058 0.388429
vt 0.259203 0.381156
vt 0.269586 0.374674
vt 0.259203 0.381156
vt 0.264853 0.367583
vt 0.269586 0.374674
vt 0.259203 0.381156
vt 0.255470 0.376462
vt 0.264853 0.367583
vt 0.255470 0.376462
vt 0.261213 0.363008
vt 0.264853 0.367583
vt 0.682535 0.377569
vt 0.678330 0.376713
vt 0.681016 0.364114
vt 0.678330 0.376713
vt 0.676916 0.363280
vt 0.681016 0.364114
vt 0.678330 0.376713
vt 0.674207 0.379924
vt 0.676916 0.363280
vt 0.674207 0.379924
vt 0.672897 0.366410
vt 0.676916 0.363280
vt 0.343238 0.379338
vt 0.339993 0.385755
vt 0.337478 0.365824
vt 0.339993 0.385755
vt 0.334315 0.372080
vt 0.337478 0.365824
vt 0.339993 0.385755
vt 0.335317 0.393659
vt 0.334315 0.372080
vt 0.335317 0.393659
vt 0.329755 0.379786
vt 0.334315 0.372080
vt 0.329755 0.379786
vt 0.325022 0.386876
vt 0.324439 0.366491
vt 0.325022 0.386876
vt 0.320065 0.373043
vt 0.324439 0.366491
vt 0.325022 0.386876
vt 0.321382 0.391452
vt 0.320065 0.373043
vt 0.321382 0.391452
vt 0.316701 0.377272
vt 0.320065 0.373043
vt 0.739599 0.413508
vt 0.735499 0.414342
vt 0.740660 0.399327
vt 0.735499 0.414342
vt 0.736871 0.400099
vt 0.740660 0.399327
vt 0.735499 0.414342
vt 0.731479 0.411212
vt 0.736871 0.400099
vt 0.731479 0.411212
vt 0.733157 0.397206
vt 0.736871 0.400099
vt 0.277309 0.388636
vt 0.274145 0.382380
vt 0.281940 0.374630
vt 0.274145 0.382380
vt 0.279017 0.368848
vt 0.281940 0.374630
vt 0.274145 0.382380
vt 0.269586 0.374674
vt 0.279017 0.368848
vt 0.269586 0.374674
vt 0.274804 0.361727
vt 0.279017 0.368848
vt 0.269586 0.374674
vt 0.264853 0.367583
vt 0.274804 0.361727
vt 0.264853 0.367583
vt 0.270429 0.355174
vt 0.274804 0.361727
vt 0.264853 0.367583
vt 0.261213 0.363008
vt 0.270429 0.355174
vt 0.261213 0.363008
vt 0.267065 0.350946
vt 0.270429 0.355174
vt 0.083279 0.252523
vt 0.084850 0.260723
vt 0.077427 0.255799
vt 0.084850 0.260723
vt 0.078878 0.263377
vt 0.077427 0.255799
vt 0.676916 0.363280
vt 0.672897 0.366410
vt 0.675590 0.351281
vt 0.672897 0.366410
vt 0.671875 0.354174
vt 0.675590 0.351281
vt 0.337478 0.365824
vt 0.334315 0.372080
vt 0.331576 0.353588
vt 0.334315 0.372080
vt 0.328653 0.359369
vt 0.331576 0.353588
vt 0.334315 0.372080
vt 0.329755 0.379786
vt 0.328653 0.359369
vt 0.329755 0.379786
vt 0.324439 0.366491
vt 0.328653 0.359369
vt 0.324439 0.366491
vt 0.320065 0.373043
vt 0.319635 0.354440
vt 0.320065 0.373043
vt 0.315839 0.360126
vt 0.319635 0.354440
vt 0.320065 0.373043
vt 0.316701 0.377272
vt 0.315839 0.360126
vt 0.316701 0.377272
vt 0.312920 0.363795
vt 0.315839 0.360126
vt 0.740660 0.399327
vt 0.736871 0.400099
vt 0.741407 0.385851
vt 0.736871 0.400099
vt 0.738119 0.386520
vt 0.741407 0.385851
vt 0.736871 0.400099
vt 0.733157 0.397206
vt 0.738119 0.386520
vt 0.733157 0.397206
vt 0.734896 0.384010
vt 0.738119 0.386520
vt 0.281940 0.374630
vt 0.279017 0.368848
vt 0.285641 0.361434
vt 0.279017 0.368848
vt 0.283105 0.356417
vt 0.285641 0.361434
vt 0.279017 0.368848
vt 0.274804 0.361727
vt 0.283105 0.356417
vt 0.274804 0.361727
vt 0.279449 0.350237
vt 0.283105 0.356417
vt 0.274804 0.361727
vt 0.270429 0.355174
vt 0.279449 0.350237
vt 0.270429 0.355174
vt 0.275652 0.344551
vt 0.279449 0.350237
vt 0.270429 0.355174
vt 0.267065 0.350946
vt 0.275652 0.344551
vt 0.267065 0.350946
vt 0.272734 0.340882
vt 0.275652 0.344551
vt 0.077427 0.255799
vt 0.078878 0.263377
vt 0.071758 0.259149
vt 0.078878 0.263377
vt 0.073018 0.265725
vt 0.071758 0.259149
vt 0.078878 0.263377
vt 0.078028 0.270806
vt 0.073018 0.265725
vt 0.078028 0.270806
vt 0.072280 0.272172
vt 0.073018 0.265725
vt 0.331576 0.353588
vt 0.328653 0.359369
vt 0.325828 0.343243
vt 0.328653 0.359369
vt 0.323292 0.348260
vt 0.325828 0.343243
vt 0.328653 0.359369
vt 0.324439 0.366491
vt 0.323292 0.348260
vt 0.324439 0.366491
vt 0.319635 0.354440
vt 0.323292 0.348260
vt 0.319635 0.354440
vt 0.315839 0.360126
vt 0.315584 0.344237
vt 0.315839 0.360126
vt 0.312557 0.348772
vt 0.315584 0.344237
vt 0.315839 0.360126
vt 0.312920 0.363795
vt 0.312557 0.348772
vt 0.312920 0.363795
vt 0.310229 0.351698
vt 0.312557 0.348772
vt 0.741407 0.385851
vt 0.738119 0.386520
vt 0.741801 0.373754
vt 0.738119 0.386520
vt 0.739179 0.374287
vt 0.741801 0.373754
vt 0.738119 0.386520
vt 0.734896 0.384010
vt 0.739179 0.374287
vt 0.734896 0.384010
vt 0.736608 0.372285
vt 0.739179 0.374287
vt 0.285641 0.361434
vt 0.283105 0.356417
vt 0.288227 0.349709
vt 0.283105 0.356417
vt 0.286204 0.345708
vt 0.288227 0.349709
vt 0.283105 0.356417
vt 0.279449 0.350237
vt 0.286204 0.345708
vt 0.279449 0.350237
vt 0.283288 0.340780
vt 0.286204 0.345708
vt 0.279449 0.350237
vt 0.275652 0.344551
vt 0.283288 0.340780
vt 0.275652 0.344551
vt 0.280261 0.336246
vt 0.283288 0.340780
vt 0.275652 0.344551
vt 0.272734 0.340882
vt 0.280261 0.336246
vt 0.272734 0.340882
vt 0.277933 0.333320
vt 0.280261 0.336246
vt 0.071758 0.259149
vt 0.073018 0.265725
vt 0.066559 0.262406
vt 0.073018 0.265725
vt 0.067563 0.267650
vt 0.066559 0.262406
vt 0.073018 0.265725
vt 0.072280 0.272172
vt 0.067563 0.267650
vt 0.072280 0.272172
vt 0.066975 0.272791
vt 0.067563 0.267650
vt 0.325828 0.343243
vt 0.323292 0.348260
vt 0.320523 0.335308
vt 0.323292 0.348260
vt 0.318500 0.339309
vt 0.320523 0.335308
vt 0.323292 0.348260
vt 0.319635 0.354440
vt 0.318500 0.339309
vt 0.319635 0.354440
vt 0.315584 0.344237
vt 0.318500 0.339309
vt 0.315584 0.344237
vt 0.312557 0.348772
vt 0.312489 0.336395
vt 0.312557 0.348772
vt 0.310382 0.339550
vt 0.312489 0.336395
vt 0.312557 0.348772
vt 0.310229 0.351698
vt 0.310382 0.339550
vt 0.310229 0.351698
vt 0.308762 0.341587
vt 0.310382 0.339550
vt 0.741801 0.373754
vt 0.739179 0.374287
vt 0.741823 0.363642
vt 0.739179 0.374287
vt 0.739998 0.364014
vt 0.741823 0.363642
vt 0.739179 0.374287
vt 0.736608 0.372285
vt 0.739998 0.364014
vt 0.736608 0.372285
vt 0.738209 0.362621
vt 0.739998 0.364014
vt 0.288227 0.349709
vt 0.286204 0.345708
vt 0.289567 0.340045
vt 0.286204 0.345708
vt 0.288159 0.337260
vt 0.289567 0.340045
vt 0.286204 0.345708
vt 0.283288 0.340780
vt 0.288159 0.337260
vt 0.283288 0.340780
vt 0.286130 0.333831
vt 0.288159 0.337260
vt 0.283288 0.340780
vt 0.280261 0.336246
vt 0.286130 0.333831
vt 0.280261 0.336246
vt 0.284024 0.330675
vt 0.286130 0.333831
vt 0.064231 0.258464
vt 0.066559 0.262406
vt 0.060468 0.262662
vt 0.066559 0.262406
vt 0.062088 0.265405
vt 0.060468 0.262662
vt 0.066559 0.262406
vt 0.067563 0.267650
vt 0.062088 0.265405
vt 0.067563 0.267650
vt 0.062787 0.269054
vt 0.062088 0.265405
vt 0.067563 0.267650
vt 0.066975 0.272791
vt 0.062787 0.269054
vt 0.066975 0.272791
vt 0.062378 0.272632
vt 0.062787 0.269054
vt 0.320523 0.335308
vt 0.318500 0.339309
vt 0.315926 0.330181
vt 0.318500 0.339309
vt 0.314518 0.332965
vt 0.315926 0.330181
vt 0.318500 0.339309
vt 0.315584 0.344237
vt 0.314518 0.332965
vt 0.315584 0.344237
vt 0.312489 0.336395
vt 0.314518 0.332965
vt 0.312489 0.336395
vt 0.310382 0.339550
vt 0.310505 0.331306
vt 0.310382 0.339550
vt 0.309424 0.332924
vt 0.310505 0.331306
vt 0.310382 0.339550
vt 0.308762 0.341587
vt 0.309424 0.332924
vt 0.308762 0.341587
vt 0.308594 0.333969
vt 0.309424 0.332924
vt 0.741823 0.363642
vt 0.739998 0.364014
vt 0.741471 0.356024
vt 0.739998 0.364014
vt 0.740536 0.356215
vt 0.741471 0.356024
vt 0.739998 0.364014
vt 0.738209 0.362621
vt 0.740536 0.356215
vt 0.738209 0.362621
vt 0.739618 0.355500
vt 0.740536 0.356215
vt 0.738209 0.362621
vt 0.736936 0.359836
vt 0.739618 0.355500
vt 0.736936 0.359836
vt 0.738965 0.354072
vt 0.739618 0.355500
vt 0.288159 0.337260
vt 0.286130 0.333831
vt 0.288873 0.331496
vt 0.286130 0.333831
vt 0.287832 0.329737
vt 0.288873 0.331496
vt 0.286130 0.333831
vt 0.284024 0.330675
vt 0.287832 0.329737
vt 0.284024 0.330675
vt 0.286752 0.328119
vt 0.287832 0.329737
vt 0.060468 0.262662
vt 0.062088 0.265405
vt 0.057740 0.266590
vt 0.062088 0.265405
vt 0.058571 0.267997
vt 0.057740 0.266590
vt 0.062088 0.265405
vt 0.062787 0.269054
vt 0.058571 0.267997
vt 0.062787 0.269054
vt 0.058930 0.269868
vt 0.058571 0.267997
vt 0.062787 0.269054
vt 0.062378 0.272632
vt 0.058930 0.269868
vt 0.062378 0.272632
vt 0.058720 0.271703
vt 0.058930 0.269868
vt 0.315926 0.330181
vt 0.314518 0.332965
vt 0.312267 0.328119
vt 0.314518 0.332965
vt 0.311546 0.329547
vt 0.312267 0.328119
vt 0.314518 0.332965
vt 0.312489 0.336395
vt 0.311546 0.329547
vt 0.312489 0.336395
vt 0.310505 0.331306
vt 0.311546 0.329547
vt 0.310505 0.331306
vt 0.309424 0.332924
vt 0.309732 0.329225
vt 0.055877 0.272872
vt 0.056184 0.270051
vt 0.056184 0.270051
vt 0.742175 0.354980
vt 0.741471 0.356024
vt 0.740764 0.351281
vt 0.055046 0.271465
vt 0.056184 0.270051
vt 0.056184 0.270051
vt 0.741471 0.356024
vt 0.740536 0.356215
vt 0.740764 0.351281
vt 0.054688 0.269594
vt 0.056184 0.270051
vt 0.056184 0.270051
vt 0.740536 0.356215
vt 0.739618 0.355500
vt 0.740764 0.351281
vt 0.054897 0.267759
vt 0.056184 0.270051
vt 0.056184 0.270051
vt 0.739618 0.355500
vt 0.738965 0.354072
vt 0.740764 0.351281
vt 0.055619 0.266453
vt 0.056184 0.270051
vt 0.056184 0.270051
vt 0.055619 0.266453
vt 0.056660 0.266025
vt 0.056184 0.270051
vt 0.056660 0.266025
vt 0.056184 0.270051
vt 0.056184 0.270051
vt 0.056660 0.266025
vt 0.057740 0.266590
vt 0.056184 0.270051
vt 0.057740 0.266590
vt 0.056184 0.270051
vt 0.056184 0.270051
vt 0.057740 0.266590
vt 0.058571 0.267997
vt 0.056184 0.270051
vt 0.058571 0.267997
vt 0.056184 0.270051
vt 0.056184 0.270051
vt 0.058571 0.267997
vt 0.058930 0.269868
vt 0.056184 0.270051
vt 0.058930 0.269868
vt 0.056184 0.270051
vt 0.056184 0.270051
vt 0.058930 0.269868
vt 0.058720 0.271703
vt 0.056184 0.270051
vt 0.058720 0.271703
vt 0.056184 0.270051
vt 0.056184 0.270051
vt 0.058720 0.271703
vt 0.057998 0.273010
vt 0.056184 0.270051
vt 0.057998 0.273010
vt 0.056184 0.270051
vt 0.056184 0.270051
vt 0.057998 0.273010
vt 0.056957 0.273438
vt 0.056184 0.270051
vt 0.056957 0.273438
vt 0.056184 0.270051
vt 0.056184 0.270051
vt 0.463649 0.271649
vt 0.463649 0.271649
vt 0.463649 0.273438
vt 0.119930 0.578125
vt 0.118574 0.574891
vt 0.119930 0.574657
vt 0.463649 0.271649
vt 0.463649 0.271649
vt 0.462293 0.273056
vt 0.119930 0.578125
vt 0.117581 0.575529
vt 0.118574 0.574891
vt 0.463649 0.271649
vt 0.463649 0.271649
vt 0.461301 0.272015
vt 0.852002 0.553600
vt 0.849290 0.554656
vt 0.849653 0.553234
vt 0.463649 0.271649
vt 0.463649 0.271649
vt 0.460938 0.270592
vt 0.852002 0.553600
vt 0.849653 0.556079
vt 0.849290 0.554656
vt 0.463649 0.271649
vt 0.463649 0.271649
vt 0.461301 0.269169
vt 0.852002 0.553600
vt 0.850646 0.557121
vt 0.849653 0.556079
vt 0.463649 0.271649
vt 0.463649 0.271649
vt 0.462293 0.268128
vt 0.852002 0.553600
vt 0.852002 0.557502
vt 0.850646 0.557121
vt 0.463649 0.271649
vt 0.463649 0.271649
vt 0.463649 0.267746
vt 0.852002 0.553600
vt 0.853358 0.557121
vt 0.852002 0.557502
vt 0.463649 0.271649
vt 0.463649 0.271649
vt 0.465005 0.268128
vt 0.852002 0.553600
vt 0.854351 0.556079
vt 0.853358 0.557121
vt 0.463649 0.271649
vt 0.463649 0.271649
vt 0.465998 0.269169
vt 0.852002 0.553600
vt 0.854714 0.554656
vt 0.854351 0.556079
vt 0.463649 0.271649
vt 0.463649 0.271649
vt 0.466361 0.270592
vt 0.852002 0.553600
vt 0.854351 0.553234
vt 0.854714 0.554656
vt 0.463649 0.271649
vt 0.463649 0.271649
vt 0.465998 0.272015
vt 0.119930 0.578125
vt 0.121286 0.574891
vt 0.122278 0.575529
vt 0.463649 0.271649
vt 0.463649 0.271649
vt 0.465005 0.273056
vt 0.119930 0.578125
vt 0.119930 0.574657
vt 0.121286 0.574891
vt 0.119930 0.574657
vt 0.118574 0.574891
vt 0.119930 0.567916
vt 0.118574 0.574891
vt 0.117286 0.568372
vt 0.119930 0.567916
vt 0.118574 0.574891
vt 0.117581 0.575529
vt 0.117286 0.568372
vt 0.117581 0.575529
vt 0.115350 0.569617
vt 0.117286 0.568372
vt 0.947931 0.982630
vt 0.947219 0.983503
vt 0.947048 0.976718
vt 0.947219 0.983503
vt 0.945661 0.978419
vt 0.947048 0.976718
vt 0.947219 0.983503
vt 0.946508 0.984375
vt 0.945661 0.978419
vt 0.946508 0.984375
vt 0.944274 0.980120
vt 0.945661 0.978419
vt 0.849653 0.556079
vt 0.850646 0.557121
vt 0.847422 0.560547
vt 0.850646 0.557121
vt 0.849358 0.562578
vt 0.847422 0.560547
vt 0.850646 0.557121
vt 0.852002 0.557502
vt 0.849358 0.562578
vt 0.852002 0.557502
vt 0.852002 0.563322
vt 0.849358 0.562578
vt 0.852002 0.557502
vt 0.853358 0.557121
vt 0.852002 0.563322
vt 0.853358 0.557121
vt 0.854646 0.562578
vt 0.852002 0.563322
vt 0.853358 0.557121
vt 0.854351 0.556079
vt 0.854646 0.562578
vt 0.854351 0.556079
vt 0.856582 0.560547
vt 0.854646 0.562578
vt 0.009235 0.578125
vt 0.008524 0.577253
vt 0.011469 0.573870
vt 0.008524 0.577253
vt 0.010082 0.572169
vt 0.011469 0.573870
vt 0.008524 0.577253
vt 0.007813 0.576380
vt 0.010082 0.572169
vt 0.007813 0.576380
vt 0.008695 0.570468
vt 0.010082 0.572169
vt 0.122278 0.575529
vt 0.121286 0.574891
vt 0.124509 0.569617
vt 0.121286 0.574891
vt 0.122574 0.568372
vt 0.124509 0.569617
vt 0.121286 0.574891
vt 0.119930 0.574657
vt 0.122574 0.568372
vt 0.119930 0.574657
vt 0.119930 0.567916
vt 0.122574 0.568372
vt 0.119930 0.567916
vt 0.117286 0.568372
vt 0.119930 0.558241
vt 0.117286 0.568372
vt 0.116130 0.558896
vt 0.119930 0.558241
vt 0.117286 0.568372
vt 0.115350 0.569617
vt 0.116130 0.558896
vt 0.115350 0.569617
vt 0.113349 0.560685
vt 0.116130 0.558896
vt 0.947048 0.976718
vt 0.945661 0.978419
vt 0.945144 0.967786
vt 0.945661 0.978419
vt 0.943151 0.970230
vt 0.945144 0.967786
vt 0.945661 0.978419
vt 0.944274 0.980120
vt 0.943151 0.970230
vt 0.944274 0.980120
vt 0.941157 0.972674
vt 0.943151 0.970230
vt 0.847422 0.560547
vt 0.849358 0.562578
vt 0.845421 0.566780
vt 0.849358 0.562578
vt 0.848203 0.569699
vt 0.845421 0.566780
vt 0.849358 0.562578
vt 0.852002 0.563322
vt 0.848203 0.569699
vt 0.852002 0.563322
vt 0.852002 0.570767
vt 0.848203 0.569699
vt 0.852002 0.563322
vt 0.854646 0.562578
vt 0.852002 0.570767
vt 0.854646 0.562578
vt 0.855801 0.569699
vt 0.852002 0.570767
vt 0.854646 0.562578
vt 0.856582 0.560547
vt 0.855801 0.569699
vt 0.856582 0.560547
vt 0.858583 0.566780
vt 0.855801 0.569699
vt 0.011469 0.573870
vt 0.010082 0.572169
vt 0.014586 0.566424
vt 0.010082 0.572169
vt 0.012593 0.563980
vt 0.014586 0.566424
vt 0.010082 0.572169
vt 0.008695 0.570468
vt 0.012593 0.563980
vt 0.008695 0.570468
vt 0.010599 0.561536
vt 0.012593 0.563980
vt 0.124509 0.569617
vt 0.122574 0.568372
vt 0.126510 0.560685
vt 0.122574 0.568372
vt 0.123729 0.558896
vt 0.126510 0.560685
vt 0.122574 0.568372
vt 0.119930 0.567916
vt 0.123729 0.558896
vt 0.119930 0.567916
vt 0.119930 0.558241
vt 0.123729 0.558896
vt 0.119930 0.558241
vt 0.116130 0.558896
vt 0.119930 0.546116
vt 0.116130 0.558896
vt 0.115165 0.546937
vt 0.119930 0.546116
vt 0.116130 0.558896
vt 0.113349 0.560685
vt 0.115165 0.546937
vt 0.113349 0.560685
vt 0.111678 0.549181
vt 0.115165 0.546937
vt 0.945144 0.967786
vt 0.943151 0.970230
vt 0.942314 0.956282
vt 0.943151 0.970230
vt 0.939814 0.959347
vt 0.942314 0.956282
vt 0.943151 0.970230
vt 0.941157 0.972674
vt 0.939814 0.959347
vt 0.941157 0.972674
vt 0.937315 0.962412
vt 0.939814 0.959347
vt 0.845421 0.566780
vt 0.848203 0.569699
vt 0.843750 0.574465
vt 0.848203 0.569699
vt 0.847238 0.578125
vt 0.843750 0.574465
vt 0.162792 0.577470
vt 0.158992 0.578125
vt 0.163756 0.567662
vt 0.158992 0.578125
vt 0.158992 0.568483
vt 0.163756 0.567662
vt 0.158992 0.578125
vt 0.155193 0.577470
vt 0.158992 0.568483
vt 0.155193 0.577470
vt 0.154228 0.567662
vt 0.158992 0.568483
vt 0.855801 0.569699
vt 0.858583 0.566780
vt 0.856766 0.578125
vt 0.858583 0.566780
vt 0.860254 0.574465
vt 0.856766 0.578125
vt 0.014586 0.566424
vt 0.012593 0.563980
vt 0.018428 0.556162
vt 0.012593 0.563980
vt 0.015929 0.553097
vt 0.018428 0.556162
vt 0.012593 0.563980
vt 0.010599 0.561536
vt 0.015929 0.553097
vt 0.010599 0.561536
vt 0.013429 0.550032
vt 0.015929 0.553097
vt 0.126510 0.560685
vt 0.123729 0.558896
vt 0.128182 0.549181
vt 0.123729 0.558896
vt 0.124694 0.546937
vt 0.128182 0.549181
vt 0.123729 0.558896
vt 0.119930 0.558241
vt 0.124694 0.546937
vt 0.119930 0.558241
vt 0.119930 0.546116
vt 0.124694 0.546937
vt 0.119930 0.546116
vt 0.115165 0.546937
vt 0.119930 0.532149
vt 0.115165 0.546937
vt 0.114439 0.533096
vt 0.119930 0.532149
vt 0.115165 0.546937
vt 0.111678 0.549181
vt 0.114439 0.533096
vt 0.111678 0.549181
vt 0.110420 0.535681
vt 0.114439 0.533096
vt 0.942314 0.956282
vt 0.939814 0.959347
vt 0.938699 0.942782
vt 0.939814 0.959347
vt 0.935819 0.946314
vt 0.938699 0.942782
vt 0.939814 0.959347
vt 0.937315 0.962412
vt 0.935819 0.946314
vt 0.937315 0.962412
vt 0.932939 0.949846
vt 0.935819 0.946314
vt 0.167244 0.565418
vt 0.163756 0.567662
vt 0.168502 0.552852
vt 0.163756 0.567662
vt 0.164482 0.555438
vt 0.168502 0.552852
vt 0.163756 0.567662
vt 0.158992 0.568483
vt 0.164482 0.555438
vt 0.158992 0.568483
vt 0.158992 0.556384
vt 0.164482 0.555438
vt 0.158992 0.568483
vt 0.154228 0.567662
vt 0.158992 0.556384
vt 0.154228 0.567662
vt 0.153502 0.555438
vt 0.158992 0.556384
vt 0.154228 0.567662
vt 0.150740 0.565418
vt 0.153502 0.555438
vt 0.150740 0.565418
vt 0.149483 0.552852
vt 0.153502 0.555438
vt 0.018428 0.556162
vt 0.015929 0.553097
vt 0.022805 0.543596
vt 0.015929 0.553097
vt 0.019924 0.540064
vt 0.022805 0.543596
vt 0.015929 0.553097
vt 0.013429 0.550032
vt 0.019924 0.540064
vt 0.013429 0.550032
vt 0.017044 0.536532
vt 0.019924 0.540064
vt 0.128182 0.549181
vt 0.124694 0.546937
vt 0.129439 0.535681
vt 0.124694 0.546937
vt 0.125420 0.533096
vt 0.129439 0.535681
vt 0.124694 0.546937
vt 0.119930 0.546116
vt 0.125420 0.533096
vt 0.119930 0.546116
vt 0.119930 0.532149
vt 0.125420 0.533096
vt 0.119930 0.532149
vt 0.114439 0.533096
vt 0.119930 0.517041
vt 0.114439 0.533096
vt 0.113989 0.518065
vt 0.119930 0.517041
vt 0.114439 0.533096
vt 0.110420 0.535681
vt 0.113989 0.518065
vt 0.110420 0.535681
vt 0.109640 0.520863
vt 0.113989 0.518065
vt 0.938699 0.942782
vt 0.935819 0.946314
vt 0.934482 0.927964
vt 0.935819 0.946314
vt 0.931366 0.931786
vt 0.934482 0.927964
vt 0.935819 0.946314
vt 0.932939 0.949846
vt 0.931366 0.931786
vt 0.932939 0.949846
vt 0.928249 0.935608
vt 0.931366 0.931786
vt 0.168502 0.552852
vt 0.164482 0.555438
vt 0.169282 0.538614
vt 0.164482 0.555438
vt 0.164933 0.541412
vt 0.169282 0.538614
vt 0.164482 0.555438
vt 0.158992 0.556384
vt 0.164933 0.541412
vt 0.158992 0.556384
vt 0.158992 0.542436
vt 0.164933 0.541412
vt 0.158992 0.556384
vt 0.153502 0.555438
vt 0.158992 0.542436
vt 0.153502 0.555438
vt 0.153051 0.541412
vt 0.158992 0.542436
vt 0.153502 0.555438
vt 0.149483 0.552852
vt 0.153051 0.541412
vt 0.149483 0.552852
vt 0.148702 0.538614
vt 0.153051 0.541412
vt 0.022805 0.543596
vt 0.019924 0.540064
vt 0.027495 0.529358
vt 0.019924 0.540064
vt 0.024378 0.525536
vt 0.027495 0.529358
vt 0.019924 0.540064
vt 0.017044 0.536532
vt 0.024378 0.525536
vt 0.017044 0.536532
vt 0.021261 0.521714
vt 0.024378 0.525536
vt 0.129439 0.535681
vt 0.125420 0.533096
vt 0.130220 0.520863
vt 0.125420 0.533096
vt 0.125871 0.518065
vt 0.130220 0.520863
vt 0.125420 0.533096
vt 0.119930 0.532149
vt 0.125871 0.518065
vt 0.119930 0.532149
vt 0.119930 0.517041
vt 0.125871 0.518065
vt 0.119930 0.517041
vt 0.113989 0.518065
vt 0.119930 0.501550
vt 0.113989 0.518065
vt 0.113836 0.502600
vt 0.119930 0.501550
vt 0.113989 0.518065
vt 0.109640 0.520863
vt 0.113836 0.502600
vt 0.109640 0.520863
vt 0.109375 0.505470
vt 0.113836 0.502600
vt 0.934482 0.927964
vt 0.931366 0.931786
vt 0.929874 0.912571
vt 0.931366 0.931786
vt 0.926677 0.916491
vt 0.929874 0.912571
vt 0.931366 0.931786
vt 0.928249 0.935608
vt 0.926677 0.916491
vt 0.928249 0.935608
vt 0.923480 0.920411
vt 0.926677 0.916491
vt 0.169282 0.538614
vt 0.164933 0.541412
vt 0.169547 0.523418
vt 0.164933 0.541412
vt 0.165086 0.526288
vt 0.169547 0.523418
vt 0.164933 0.541412
vt 0.158992 0.542436
vt 0.165086 0.526288
vt 0.158992 0.542436
vt 0.158992 0.527338
vt 0.165086 0.526288
vt 0.158992 0.542436
vt 0.153051 0.541412
vt 0.158992 0.527338
vt 0.153051 0.541412
vt 0.152898 0.526288
vt 0.158992 0.527338
vt 0.153051 0.541412
vt 0.148702 0.538614
vt 0.152898 0.526288
vt 0.148702 0.538614
vt 0.148438 0.523418
vt 0.152898 0.526288
vt 0.027495 0.529358
vt 0.024378 0.525536
vt 0.032263 0.514161
vt 0.024378 0.525536
vt 0.029066 0.510241
vt 0.032263 0.514161
vt 0.024378 0.525536
vt 0.021261 0.521714
vt 0.029066 0.510241
vt 0.021261 0.521714
vt 0.025869 0.506321
vt 0.029066 0.510241
vt 0.130220 0.520863
vt 0.125871 0.518065
vt 0.130484 0.505470
vt 0.125871 0.518065
vt 0.126023 0.502600
vt 0.130484 0.505470
vt 0.125871 0.518065
vt 0.119930 0.517041
vt 0.126023 0.502600
vt 0.119930 0.517041
vt 0.119930 0.501550
vt 0.126023 0.502600
vt 0.119930 0.501550
vt 0.113836 0.502600
vt 0.119930 0.481911
vt 0.113836 0.502600
vt 0.113836 0.482962
vt 0.119930 0.481911
vt 0.113836 0.502600
vt 0.109375 0.505470
vt 0.113836 0.482962
vt 0.109375 0.505470
vt 0.109375 0.485832
vt 0.113836 0.482962
vt 0.929874 0.912571
vt 0.926677 0.916491
vt 0.923854 0.892933
vt 0.926677 0.916491
vt 0.920657 0.896853
vt 0.923854 0.892933
vt 0.926677 0.916491
vt 0.923480 0.920411
vt 0.920657 0.896853
vt 0.923480 0.920411
vt 0.917460 0.900773
vt 0.920657 0.896853
vt 0.169547 0.523418
vt 0.165086 0.526288
vt 0.169547 0.503779
vt 0.165086 0.526288
vt 0.165086 0.506649
vt 0.169547 0.503779
vt 0.165086 0.526288
vt 0.158992 0.527338
vt 0.165086 0.506649
vt 0.158992 0.527338
vt 0.158992 0.507699
vt 0.165086 0.506649
vt 0.158992 0.527338
vt 0.152898 0.526288
vt 0.158992 0.507699
vt 0.152898 0.526288
vt 0.152898 0.506649
vt 0.158992 0.507699
vt 0.152898 0.526288
vt 0.148438 0.523418
vt 0.152898 0.506649
vt 0.148438 0.523418
vt 0.148438 0.503779
vt 0.152898 0.506649
vt 0.032263 0.514161
vt 0.029066 0.510241
vt 0.038284 0.494523
vt 0.029066 0.510241
vt 0.035087 0.490603
vt 0.038284 0.494523
vt 0.029066 0.510241
vt 0.025869 0.506321
vt 0.035087 0.490603
vt 0.025869 0.506321
vt 0.031890 0.486683
vt 0.035087 0.490603
vt 0.130484 0.505470
vt 0.126023 0.502600
vt 0.130484 0.485832
vt 0.126023 0.502600
vt 0.126023 0.482962
vt 0.130484 0.485832
vt 0.126023 0.502600
vt 0.119930 0.501550
vt 0.126023 0.482962
vt 0.119930 0.501550
vt 0.119930 0.481911
vt 0.126023 0.482962
vt 0.119930 0.481911
vt 0.113836 0.482962
vt 0.119930 0.462273
vt 0.113836 0.482962
vt 0.113836 0.463323
vt 0.119930 0.462273
vt 0.113836 0.482962
vt 0.109375 0.485832
vt 0.113836 0.463323
vt 0.109375 0.485832
vt 0.109375 0.466193
vt 0.113836 0.463323
vt 0.923854 0.892933
vt 0.920657 0.896853
vt 0.917833 0.873294
vt 0.920657 0.896853
vt 0.914636 0.877214
vt 0.917833 0.873294
vt 0.920657 0.896853
vt 0.917460 0.900773
vt 0.914636 0.877214
vt 0.917460 0.900773
vt 0.911439 0.881134
vt 0.914636 0.877214
vt 0.169547 0.503779
vt 0.165086 0.506649
vt 0.169547 0.484141
vt 0.165086 0.506649
vt 0.165086 0.487010
vt 0.169547 0.484141
vt 0.165086 0.506649
vt 0.158992 0.507699
vt 0.165086 0.487010
vt 0.158992 0.507699
vt 0.158992 0.488061
vt 0.165086 0.487010
vt 0.158992 0.507699
vt 0.152898 0.506649
vt 0.158992 0.488061
vt 0.152898 0.506649
vt 0.152898 0.487010
vt 0.158992 0.488061
vt 0.152898 0.506649
vt 0.148438 0.503779
vt 0.152898 0.487010
vt 0.148438 0.503779
vt 0.148438 0.484141
vt 0.152898 0.487010
vt 0.038284 0.494523
vt 0.035087 0.490603
vt 0.044304 0.474884
vt 0.035087 0.490603
vt 0.041107 0.470964
vt 0.044304 0.474884
vt 0.035087 0.490603
vt 0.031890 0.486683
vt 0.041107 0.470964
vt 0.031890 0.486683
vt 0.037910 0.467044
vt 0.041107 0.470964
vt 0.130484 0.485832
vt 0.126023 0.482962
vt 0.130484 0.466193
vt 0.126023 0.482962
vt 0.126023 0.463323
vt 0.130484 0.466193
vt 0.126023 0.482962
vt 0.119930 0.481911
vt 0.126023 0.463323
vt 0.119930 0.481911
vt 0.119930 0.462273
vt 0.126023 0.463323
vt 0.119930 0.462273
vt 0.113836 0.463323
vt 0.119930 0.442634
vt 0.113836 0.463323
vt 0.113836 0.443685
vt 0.119930 0.442634
vt 0.113836 0.463323
vt 0.109375 0.466193
vt 0.113836 0.443685
vt 0.109375 0.466193
vt 0.109375 0.446555
vt 0.113836 0.443685
vt 0.917833 0.873294
vt 0.914636 0.877214
vt 0.911813 0.853656
vt 0.914636 0.877214
vt 0.908616 0.857576
vt 0.911813 0.853656
vt 0.914636 0.877214
vt 0.911439 0.881134
vt 0.908616 0.857576
vt 0.911439 0.881134
vt 0.905419 0.861496
vt 0.908616 0.857576
vt 0.169547 0.484141
vt 0.165086 0.487010
vt 0.169547 0.464502
vt 0.165086 0.487010
vt 0.165086 0.467372
vt 0.169547 0.464502
vt 0.165086 0.487010
vt 0.158992 0.488061
vt 0.165086 0.467372
vt 0.158992 0.488061
vt 0.158992 0.468422
vt 0.165086 0.467372
vt 0.158992 0.488061
vt 0.152898 0.487010
vt 0.158992 0.468422
vt 0.152898 0.487010
vt 0.152898 0.467372
vt 0.158992 0.468422
vt 0.152898 0.487010
vt 0.148438 0.484141
vt 0.152898 0.467372
vt 0.148438 0.484141
vt 0.148438 0.464502
vt 0.152898 0.467372
vt 0.044304 0.474884
vt 0.041107 0.470964
vt 0.050324 0.455246
vt 0.041107 0.470964
vt 0.047127 0.451326
vt 0.050324 0.455246
vt 0.041107 0.470964
vt 0.037910 0.467044
vt 0.047127 0.451326
vt 0.037910 0.467044
vt 0.043930 0.447406
vt 0.047127 0.451326
vt 0.130484 0.466193
vt 0.126023 0.463323
vt 0.130484 0.446555
vt 0.126023 0.463323
vt 0.126023 0.443685
vt 0.130484 0.446555
vt 0.126023 0.463323
vt 0.119930 0.462273
vt 0.126023 0.443685
vt 0.119930 0.462273
vt 0.119930 0.442634
vt 0.126023 0.443685
vt 0.119930 0.442634
vt 0.113836 0.443685
vt 0.119930 0.422996
vt 0.113836 0.443685
vt 0.113836 0.424046
vt 0.119930 0.422996
vt 0.113836 0.443685
vt 0.109375 0.446555
vt 0.113836 0.424046
vt 0.109375 0.446555
vt 0.109375 0.426916
vt 0.113836 0.424046
vt 0.911813 0.853656
vt 0.908616 0.857576
vt 0.905793 0.834017
vt 0.908616 0.857576
vt 0.902596 0.837937
vt 0.905793 0.834017
vt 0.908616 0.857576
vt 0.905419 0.861496
vt 0.902596 0.837937
vt 0.905419 0.861496
vt 0.899399 0.841857
vt 0.902596 0.837937
vt 0.169547 0.464502
vt 0.165086 0.467372
vt 0.169547 0.444864
vt 0.165086 0.467372
vt 0.165086 0.447733
vt 0.169547 0.444864
vt 0.165086 0.467372
vt 0.158992 0.468422
vt 0.165086 0.447733
vt 0.158992 0.468422
vt 0.158992 0.448784
vt 0.165086 0.447733
vt 0.158992 0.468422
vt 0.152898 0.467372
vt 0.158992 0.448784
vt 0.152898 0.467372
vt 0.152898 0.447733
vt 0.158992 0.448784
vt 0.152898 0.467372
vt 0.148438 0.464502
vt 0.152898 0.447733
vt 0.148438 0.464502
vt 0.148438 0.444864
vt 0.152898 0.447733
vt 0.050324 0.455246
vt 0.047127 0.451326
vt 0.056344 0.435607
vt 0.047127 0.451326
vt 0.053147 0.431687
vt 0.056344 0.435607
vt 0.047127 0.451326
vt 0.043930 0.447406
vt 0.053147 0.431687
vt 0.043930 0.447406
vt 0.049950 0.427767
vt 0.053147 0.431687
vt 0.130484 0.446555
vt 0.126023 0.443685
vt 0.130484 0.426916
vt 0.126023 0.443685
vt 0.126023 0.424046
vt 0.130484 0.426916
vt 0.126023 0.443685
vt 0.119930 0.442634
vt 0.126023 0.424046
vt 0.119930 0.442634
vt 0.119930 0.422996
vt 0.126023 0.424046
vt 0.119930 0.422996
vt 0.113836 0.424046
vt 0.119930 0.403357
vt 0.113836 0.424046
vt 0.113836 0.404408
vt 0.119930 0.403357
vt 0.113836 0.424046
vt 0.109375 0.426916
vt 0.113836 0.404408
vt 0.109375 0.426916
vt 0.109375 0.407277
vt 0.113836 0.404408
vt 0.905793 0.834017
vt 0.902596 0.837937
vt 0.899773 0.814379
vt 0.902596 0.837937
vt 0.896576 0.818299
vt 0.899773 0.814379
vt 0.902596 0.837937
vt 0.899399 0.841857
vt 0.896576 0.818299
vt 0.899399 0.841857
vt 0.893379 0.822219
vt 0.896576 0.818299
vt 0.169547 0.444864
vt 0.165086 0.447733
vt 0.169547 0.425225
vt 0.165086 0.447733
vt 0.165086 0.428095
vt 0.169547 0.425225
vt 0.165086 0.447733
vt 0.158992 0.448784
vt 0.165086 0.428095
vt 0.158992 0.448784
vt 0.158992 0.429145
vt 0.165086 0.428095
vt 0.158992 0.448784
vt 0.152898 0.447733
vt 0.158992 0.429145
vt 0.152898 0.447733
vt 0.152898 0.428095
vt 0.158992 0.429145
vt 0.152898 0.447733
vt 0.148438 0.444864
vt 0.152898 0.428095
vt 0.148438 0.444864
vt 0.148438 0.425225
vt 0.152898 0.428095
vt 0.056344 0.435607
vt 0.053147 0.431687
vt 0.062365 0.415969
vt 0.053147 0.431687
vt 0.059168 0.412049
vt 0.062365 0.415969
vt 0.053147 0.431687
vt 0.049950 0.427767
vt 0.059168 0.412049
vt 0.049950 0.427767
vt 0.055971 0.408128
vt 0.059168 0.412049
vt 0.130484 0.426916
vt 0.126023 0.424046
vt 0.130484 0.407277
vt 0.126023 0.424046
vt 0.126023 0.404408
vt 0.130484 0.407277
vt 0.126023 0.424046
vt 0.119930 0.422996
vt 0.126023 0.404408
vt 0.119930 0.422996
vt 0.119930 0.403357
vt 0.126023 0.404408
vt 0.119930 0.403357
vt 0.113836 0.404408
vt 0.119930 0.383719
vt 0.113836 0.404408
vt 0.113836 0.384769
vt 0.119930 0.383719
vt 0.113836 0.404408
vt 0.109375 0.407277
vt 0.113836 0.384769
vt 0.109375 0.407277
vt 0.109375 0.387639
vt 0.113836 0.384769
vt 0.899773 0.814379
vt 0.896576 0.818299
vt 0.893752 0.794740
vt 0.896576 0.818299
vt 0.890555 0.798660
vt 0.893752 0.794740
vt 0.896576 0.818299
vt 0.893379 0.822219
vt 0.890555 0.798660
vt 0.893379 0.822219
vt 0.887358 0.802580
vt 0.890555 0.798660
vt 0.169547 0.425225
vt 0.165086 0.428095
vt 0.169547 0.405587
vt 0.165086 0.428095
vt 0.165086 0.408456
vt 0.169547 0.405587
vt 0.165086 0.428095
vt 0.158992 0.429145
vt 0.165086 0.408456
vt 0.158992 0.429145
vt 0.158992 0.409507
vt 0.165086 0.408456
vt 0.158992 0.429145
vt 0.152898 0.428095
vt 0.158992 0.409507
vt 0.152898 0.428095
vt 0.152898 0.408456
vt 0.158992 0.409507
vt 0.152898 0.428095
vt 0.148438 0.425225
vt 0.152898 0.408456
vt 0.148438 0.425225
vt 0.148438 0.405587
vt 0.152898 0.408456
vt 0.062365 0.415969
vt 0.059168 0.412049
vt 0.068385 0.396330
vt 0.059168 0.412049
vt 0.065188 0.392410
vt 0.068385 0.396330
vt 0.059168 0.412049
vt 0.055971 0.408128
vt 0.065188 0.392410
vt 0.055971 0.408128
vt 0.061991 0.388490
vt 0.065188 0.392410
vt 0.130484 0.407277
vt 0.126023 0.404408
vt 0.130484 0.387639
vt 0.126023 0.404408
vt 0.126023 0.384769
vt 0.130484 0.387639
vt 0.126023 0.404408
vt 0.119930 0.403357
vt 0.126023 0.384769
vt 0.119930 0.403357
vt 0.119930 0.383719
vt 0.126023 0.384769
vt 0.119930 0.383719
vt 0.113836 0.384769
vt 0.119930 0.364080
vt 0.113836 0.384769
vt 0.113836 0.365131
vt 0.119930 0.364080
vt 0.113836 0.384769
vt 0.109375 0.387639
vt 0.113836 0.365131
vt 0.109375 0.387639
vt 0.109375 0.368001
vt 0.113836 0.365131
vt 0.893752 0.794740
vt 0.890555 0.798660
vt 0.887732 0.775101
vt 0.890555 0.798660
vt 0.884535 0.779022
vt 0.887732 0.775101
vt 0.890555 0.798660
vt 0.887358 0.802580
vt 0.884535 0.779022
vt 0.887358 0.802580
vt 0.881338 0.782942
vt 0.884535 0.779022
vt 0.169547 0.405587
vt 0.165086 0.408456
vt 0.169547 0.385948
vt 0.165086 0.408456
vt 0.165086 0.388818
vt 0.169547 0.385948
vt 0.165086 0.408456
vt 0.158992 0.409507
vt 0.165086 0.388818
vt 0.158992 0.409507
vt 0.158992 0.389868
vt 0.165086 0.388818
vt 0.158992 0.409507
vt 0.152898 0.408456
vt 0.158992 0.389868
vt 0.152898 0.408456
vt 0.152898 0.388818
vt 0.158992 0.389868
vt 0.152898 0.408456
vt 0.148438 0.405587
vt 0.152898 0.388818
vt 0.148438 0.405587
vt 0.148438 0.385948
vt 0.152898 0.388818
vt 0.068385 0.396330
vt 0.065188 0.392410
vt 0.074405 0.376692
vt 0.065188 0.392410
vt 0.071208 0.372772
vt 0.074405 0.376692
vt 0.065188 0.392410
vt 0.061991 0.388490
vt 0.071208 0.372772
vt 0.061991 0.388490
vt 0.068011 0.368851
vt 0.071208 0.372772
vt 0.130484 0.387639
vt 0.126023 0.384769
vt 0.130484 0.368001
vt 0.126023 0.384769
vt 0.126023 0.365131
vt 0.130484 0.368001
vt 0.126023 0.384769
vt 0.119930 0.383719
vt 0.126023 0.365131
vt 0.119930 0.383719
vt 0.119930 0.364080
vt 0.126023 0.365131
vt 0.119930 0.364080
vt 0.113836 0.365131
vt 0.119930 0.348982
vt 0.113836 0.365131
vt 0.113989 0.350006
vt 0.119930 0.348982
vt 0.113836 0.365131
vt 0.109375 0.368001
vt 0.113989 0.350006
vt 0.109375 0.368001
vt 0.109640 0.352804
vt 0.113989 0.350006
vt 0.887732 0.775101
vt 0.884535 0.779022
vt 0.882963 0.759905
vt 0.884535 0.779022
vt 0.879846 0.763727
vt 0.882963 0.759905
vt 0.884535 0.779022
vt 0.881338 0.782942
vt 0.879846 0.763727
vt 0.881338 0.782942
vt 0.876730 0.767549
vt 0.879846 0.763727
vt 0.169547 0.385948
vt 0.165086 0.388818
vt 0.169282 0.370555
vt 0.165086 0.388818
vt 0.164933 0.373353
vt 0.169282 0.370555
vt 0.165086 0.388818
vt 0.158992 0.389868
vt 0.164933 0.373353
vt 0.158992 0.389868
vt 0.158992 0.374377
vt 0.164933 0.373353
vt 0.158992 0.389868
vt 0.152898 0.388818
vt 0.158992 0.374377
vt 0.152898 0.388818
vt 0.153051 0.373353
vt 0.158992 0.374377
vt 0.152898 0.388818
vt 0.148438 0.385948
vt 0.153051 0.373353
vt 0.148438 0.385948
vt 0.148702 0.370555
vt 0.153051 0.373353
vt 0.074405 0.376692
vt 0.071208 0.372772
vt 0.079014 0.361299
vt 0.071208 0.372772
vt 0.075897 0.357477
vt 0.079014 0.361299
vt 0.071208 0.372772
vt 0.068011 0.368851
vt 0.075897 0.357477
vt 0.068011 0.368851
vt 0.072780 0.353655
vt 0.075897 0.357477
vt 0.130484 0.368001
vt 0.126023 0.365131
vt 0.130220 0.352804
vt 0.126023 0.365131
vt 0.125871 0.350006
vt 0.130220 0.352804
vt 0.126023 0.365131
vt 0.119930 0.364080
vt 0.125871 0.350006
vt 0.119930 0.364080
vt 0.119930 0.348982
vt 0.125871 0.350006
vt 0.119930 0.348982
vt 0.113989 0.350006
vt 0.119930 0.335034
vt 0.113989 0.350006
vt 0.114439 0.335980
vt 0.119930 0.335034
vt 0.113989 0.350006
vt 0.109640 0.352804
vt 0.114439 0.335980
vt 0.109640 0.352804
vt 0.110420 0.338566
vt 0.114439 0.335980
vt 0.882963 0.759905
vt 0.879846 0.763727
vt 0.878273 0.745667
vt 0.879846 0.763727
vt 0.875393 0.749199
vt 0.878273 0.745667
vt 0.879846 0.763727
vt 0.876730 0.767549
vt 0.875393 0.749199
vt 0.876730 0.767549
vt 0.872513 0.752731
vt 0.875393 0.749199
vt 0.169282 0.370555
vt 0.164933 0.373353
vt 0.168502 0.355737
vt 0.164933 0.373353
vt 0.164482 0.358323
vt 0.168502 0.355737
vt 0.164933 0.373353
vt 0.158992 0.374377
vt 0.164482 0.358323
vt 0.158992 0.374377
vt 0.158992 0.359269
vt 0.164482 0.358323
vt 0.158992 0.374377
vt 0.153051 0.373353
vt 0.158992 0.359269
vt 0.153051 0.373353
vt 0.153502 0.358323
vt 0.158992 0.359269
vt 0.153051 0.373353
vt 0.148702 0.370555
vt 0.153502 0.358323
vt 0.148702 0.370555
vt 0.149483 0.355737
vt 0.153502 0.358323
vt 0.079014 0.361299
vt 0.075897 0.357477
vt 0.083231 0.346481
vt 0.075897 0.357477
vt 0.080350 0.342949
vt 0.083231 0.346481
vt 0.075897 0.357477
vt 0.072780 0.353655
vt 0.080350 0.342949
vt 0.072780 0.353655
vt 0.077470 0.339417
vt 0.080350 0.342949
vt 0.130220 0.352804
vt 0.125871 0.350006
vt 0.129439 0.338566
vt 0.125871 0.350006
vt 0.125420 0.335980
vt 0.129439 0.338566
vt 0.125871 0.350006
vt 0.119930 0.348982
vt 0.125420 0.335980
vt 0.119930 0.348982
vt 0.119930 0.335034
vt 0.125420 0.335980
vt 0.119930 0.335034
vt 0.114439 0.335980
vt 0.119930 0.322935
vt 0.114439 0.335980
vt 0.115165 0.323757
vt 0.119930 0.322935
vt 0.114439 0.335980
vt 0.110420 0.338566
vt 0.115165 0.323757
vt 0.110420 0.338566
vt 0.111678 0.326000
vt 0.115165 0.323757
vt 0.878273 0.745667
vt 0.875393 0.749199
vt 0.873897 0.733101
vt 0.875393 0.749199
vt 0.871398 0.736166
vt 0.873897 0.733101
vt 0.875393 0.749199
vt 0.872513 0.752731
vt 0.871398 0.736166
vt 0.872513 0.752731
vt 0.868898 0.739231
vt 0.871398 0.736166
vt 0.168502 0.355737
vt 0.164482 0.358323
vt 0.167244 0.342237
vt 0.164482 0.358323
vt 0.163756 0.344481
vt 0.167244 0.342237
vt 0.164482 0.358323
vt 0.158992 0.359269
vt 0.163756 0.344481
vt 0.158992 0.359269
vt 0.158992 0.345302
vt 0.163756 0.344481
vt 0.158992 0.359269
vt 0.153502 0.358323
vt 0.158992 0.345302
vt 0.153502 0.358323
vt 0.154228 0.344481
vt 0.158992 0.345302
vt 0.153502 0.358323
vt 0.149483 0.355737
vt 0.154228 0.344481
vt 0.149483 0.355737
vt 0.150740 0.342237
vt 0.154228 0.344481
vt 0.083231 0.346481
vt 0.080350 0.342949
vt 0.086845 0.332981
vt 0.080350 0.342949
vt 0.084346 0.329916
vt 0.086845 0.332981
vt 0.080350 0.342949
vt 0.077470 0.339417
vt 0.084346 0.329916
vt 0.077470 0.339417
vt 0.081846 0.326851
vt 0.084346 0.329916
vt 0.129439 0.338566
vt 0.125420 0.335980
vt 0.128182 0.326000
vt 0.125420 0.335980
vt 0.124694 0.323757
vt 0.128182 0.326000
vt 0.125420 0.335980
vt 0.119930 0.335034
vt 0.124694 0.323757
vt 0.119930 0.335034
vt 0.119930 0.322935
vt 0.124694 0.323757
vt 0.119930 0.322935
vt 0.115165 0.323757
vt 0.119930 0.313293
vt 0.115165 0.323757
vt 0.116130 0.313948
vt 0.119930 0.313293
vt 0.882394 0.578125
vt 0.878906 0.574465
vt 0.883359 0.569699
vt 0.878906 0.574465
vt 0.880578 0.566780
vt 0.883359 0.569699
vt 0.873897 0.733101
vt 0.871398 0.736166
vt 0.870055 0.722838
vt 0.871398 0.736166
vt 0.868061 0.725283
vt 0.870055 0.722838
vt 0.871398 0.736166
vt 0.868898 0.739231
vt 0.868061 0.725283
vt 0.868898 0.739231
vt 0.866068 0.727727
vt 0.868061 0.725283
vt 0.167244 0.342237
vt 0.163756 0.344481
vt 0.165573 0.330733
vt 0.163756 0.344481
vt 0.162792 0.332522
vt 0.165573 0.330733
vt 0.163756 0.344481
vt 0.158992 0.345302
vt 0.162792 0.332522
vt 0.158992 0.345302
vt 0.158992 0.333177
vt 0.162792 0.332522
vt 0.158992 0.345302
vt 0.154228 0.344481
vt 0.158992 0.333177
vt 0.154228 0.344481
vt 0.155193 0.332522
vt 0.158992 0.333177
vt 0.154228 0.344481
vt 0.150740 0.342237
vt 0.155193 0.332522
vt 0.150740 0.342237
vt 0.152411 0.330733
vt 0.155193 0.332522
vt 0.086845 0.332981
vt 0.084346 0.329916
vt 0.089675 0.321477
vt 0.084346 0.329916
vt 0.087682 0.319033
vt 0.089675 0.321477
vt 0.084346 0.329916
vt 0.081846 0.326851
vt 0.087682 0.319033
vt 0.081846 0.326851
vt 0.085689 0.316588
vt 0.087682 0.319033
vt 0.895410 0.574465
vt 0.891923 0.578125
vt 0.893739 0.566780
vt 0.891923 0.578125
vt 0.890958 0.569699
vt 0.893739 0.566780
vt 0.124694 0.323757
vt 0.119930 0.322935
vt 0.123729 0.313948
vt 0.119930 0.322935
vt 0.119930 0.313293
vt 0.123729 0.313948
vt 0.887158 0.570767
vt 0.883359 0.569699
vt 0.887158 0.563322
vt 0.883359 0.569699
vt 0.884514 0.562578
vt 0.887158 0.563322
vt 0.883359 0.569699
vt 0.880578 0.566780
vt 0.884514 0.562578
vt 0.880578 0.566780
vt 0.882579 0.560547
vt 0.884514 0.562578
vt 0.870055 0.722838
vt 0.868061 0.725283
vt 0.866938 0.715393
vt 0.868061 0.725283
vt 0.865551 0.717094
vt 0.866938 0.715393
vt 0.868061 0.725283
vt 0.866068 0.727727
vt 0.865551 0.717094
vt 0.866068 0.727727
vt 0.864164 0.718795
vt 0.865551 0.717094
vt 0.165573 0.330733
vt 0.162792 0.332522
vt 0.163572 0.321801
vt 0.162792 0.332522
vt 0.161636 0.323046
vt 0.163572 0.321801
vt 0.162792 0.332522
vt 0.158992 0.333177
vt 0.161636 0.323046
vt 0.158992 0.333177
vt 0.158992 0.323502
vt 0.161636 0.323046
vt 0.158992 0.333177
vt 0.155193 0.332522
vt 0.158992 0.323502
vt 0.155193 0.332522
vt 0.156348 0.323046
vt 0.158992 0.323502
vt 0.155193 0.332522
vt 0.152411 0.330733
vt 0.156348 0.323046
vt 0.152411 0.330733
vt 0.154413 0.321801
vt 0.156348 0.323046
vt 0.089675 0.321477
vt 0.087682 0.319033
vt 0.091579 0.312545
vt 0.087682 0.319033
vt 0.090192 0.310844
vt 0.091579 0.312545
vt 0.087682 0.319033
vt 0.085689 0.316588
vt 0.090192 0.310844
vt 0.085689 0.316588
vt 0.088805 0.309143
vt 0.090192 0.310844
vt 0.893739 0.566780
vt 0.890958 0.569699
vt 0.891738 0.560547
vt 0.890958 0.569699
vt 0.889802 0.562578
vt 0.891738 0.560547
vt 0.890958 0.569699
vt 0.887158 0.570767
vt 0.889802 0.562578
vt 0.887158 0.570767
vt 0.887158 0.563322
vt 0.889802 0.562578
vt 0.887158 0.563322
vt 0.884514 0.562578
vt 0.887158 0.557502
vt 0.884514 0.562578
vt 0.885802 0.557121
vt 0.887158 0.557502
vt 0.884514 0.562578
vt 0.882579 0.560547
vt 0.885802 0.557121
vt 0.882579 0.560547
vt 0.884810 0.556079
vt 0.885802 0.557121
vt 0.866938 0.715393
vt 0.865551 0.717094
vt 0.864704 0.711138
vt 0.865551 0.717094
vt 0.863993 0.712010
vt 0.864704 0.711138
vt 0.865551 0.717094
vt 0.864164 0.718795
vt 0.863993 0.712010
vt 0.864164 0.718795
vt 0.863281 0.712883
vt 0.863993 0.712010
vt 0.163572 0.321801
vt 0.161636 0.323046
vt 0.161341 0.315889
vt 0.161636 0.323046
vt 0.160348 0.316527
vt 0.161341 0.315889
vt 0.161636 0.323046
vt 0.158992 0.323502
vt 0.160348 0.316527
vt 0.158992 0.323502
vt 0.158992 0.316761
vt 0.160348 0.316527
vt 0.158992 0.323502
vt 0.156348 0.323046
vt 0.158992 0.316761
vt 0.156348 0.323046
vt 0.157636 0.316527
vt 0.158992 0.316761
vt 0.156348 0.323046
vt 0.154413 0.321801
vt 0.157636 0.316527
vt 0.154413 0.321801
vt 0.156644 0.315889
vt 0.157636 0.316527
vt 0.091579 0.312545
vt 0.090192 0.310844
vt 0.092462 0.306633
vt 0.090192 0.310844
vt 0.091751 0.305760
vt 0.092462 0.306633
vt 0.090192 0.310844
vt 0.088805 0.309143
vt 0.091751 0.305760
vt 0.088805 0.309143
vt 0.091039 0.304888
vt 0.091751 0.305760
vt 0.891738 0.560547
vt 0.889802 0.562578
vt 0.889507 0.556079
vt 0.889802 0.562578
vt 0.888514 0.557121
vt 0.889507 0.556079
vt 0.889802 0.562578
vt 0.887158 0.563322
vt 0.888514 0.557121
vt 0.887158 0.563322
vt 0.887158 0.557502
vt 0.888514 0.557121
vt 0.887158 0.557502
vt 0.885802 0.557121
vt 0.887158 0.553600
vt 0.885802 0.557121
vt 0.887158 0.553600
vt 0.887158 0.553600
vt 0.885802 0.557121
vt 0.884810 0.556079
vt 0.887158 0.553600
vt 0.884810 0.556079
vt 0.887158 0.553600
vt 0.887158 0.553600
vt 0.884810 0.556079
vt 0.884446 0.554656
vt 0.887158 0.553600
vt 0.884446 0.554656
vt 0.887158 0.553600
vt 0.887158 0.553600
vt 0.884446 0.554656
vt 0.884810 0.553234
vt 0.887158 0.553600
vt 0.884810 0.553234
vt 0.887158 0.553600
vt 0.887158 0.553600
vt 0.161341 0.315889
vt 0.160348 0.316527
vt 0.158992 0.313293
vt 0.885802 0.552192
vt 0.887158 0.553600
vt 0.887158 0.553600
vt 0.160348 0.316527
vt 0.158992 0.316761
vt 0.158992 0.313293
vt 0.887158 0.551811
vt 0.887158 0.553600
vt 0.887158 0.553600
vt 0.158992 0.316761
vt 0.157636 0.316527
vt 0.158992 0.313293
vt 0.888514 0.552192
vt 0.887158 0.553600
vt 0.887158 0.553600
vt 0.157636 0.316527
vt 0.156644 0.315889
vt 0.158992 0.313293
vt 0.889507 0.553234
vt 0.887158 0.553600
vt 0.887158 0.553600
vt 0.889507 0.553234
vt 0.889870 0.554656
vt 0.887158 0.553600
vt 0.889870 0.554656
vt 0.887158 0.553600
vt 0.887158 0.553600
vt 0.889870 0.554656
vt 0.889507 0.556079
vt 0.887158 0.553600
vt 0.889507 0.556079
vt 0.887158 0.553600
vt 0.887158 0.553600
vt 0.889507 0.556079
vt 0.888514 0.557121
vt 0.887158 0.553600
vt 0.888514 0.557121
vt 0.887158 0.553600
vt 0.887158 0.553600
vt 0.888514 0.557121
vt 0.887158 0.557502
vt 0.887158 0.553600
vt 0.887158 0.557502
vt 0.887158 0.553600
vt 0.887158 0.553600
f 1/1 2/2 3/3
f 4/4 5/5 6/6
f 7/7 8/8 9/9
f 10/10 11/11 12/12
f 13/13 14/14 15/15
f 16/16 17/17 18/18
f 19/19 20/20 21/21
f 22/22 23/23 24/24
f 25/25 26/26 27/27
f 28/28 29/29 30/30
f 31/31 32/32 33/33
f 34/34 35/35 36/36
f 37/37 38/38 39/39
f 40/40 41/41 42/42
f 43/43 44/44 45/45
f 46/46 47/47 48/48
f 49/49 50/50 51/51
f 52/52 53/53 54/54
f 55/55 56/56 57/57
f 58/58 59/59 60/60
f 61/61 62/62 63/63
f 64/64 65/65 66/66
f 67/67 68/68 69/69
f 70/70 71/71 72/72
f 73/73 74/74 75/75
f 76/76 77/77 78/78
f 79/79 80/80 81/81
f 82/82 83/83 84/84
f 85/85 86/86 87/87
f 88/88 89/89 90/90
f 91/91 92/92 93/93
f 94/94 95/95 96/96
f 97/97 98/98 99/99
f 100/100 101/101 102/102
f 103/103 104/104 105/105
f 106/106 107/107 108/108
f 109/109 110/110 111/111
f 112/112 113/113 114/114
f 115/115 116/116 117/117
f 118/118 119/119 120/120
f 121/121 122/122 123/123
f 124/124 125/125 126/126
f 127/127 128/128 129/129
f 130/130 131/131 132/132
f 133/133 134/134 135/135
f 136/136 137/137 138/138
f 139/139 140/140 141/141
f 142/142 143/143 144/144
f 145/145 146/146 147/147
f 148/148 149/149 150/150
f 151/151 152/152 153/153
f 154/154 155/155 156/156
f 157/157 158/158 159/159
f 160/160 161/161 162/162
f 163/163 164/164 165/165
f 166/166 167/167 168/168
f 169/169 170/170 171/171
f 172/172 173/173 174/174
f 175/175 176/176 177/177
f 178/178 179/179 180/180
f 181/181 182/182 183/183
f 184/184 185/185 186/186
f 187/187 188/188 189/189
f 190/190 191/191 192/192
f 193/193 194/194 195/195
f 196/196 197/197 198/198
f 199/199 200/200 201/201
f 202/202 203/203 204/204
f 205/205 206/206 207/207
f 208/208 209/209 210/210
f 211/211 212/212 213/213
f 214/214 215/215 216/216
f 217/217 218/218 219/219
f 220/220 221/221 222/222
f 223/223 224/224 225/225
f 226/226 227/227 228/228
f 229/229 230/230 231/231
f 232/232 233/233 234/234
f 235/235 236/236 237/237
f 238/238 239/239 240/240
f 241/241 242/242 243/243
f 244/244 245/245 246/246
f 247/247 248/248 249/249
f 250/250 251/251 252/252
f 253/253 254/254 255/255
f 256/256 257/257 258/258
f 259/259 260/260 261/261
f 262/262 263/263 264/264
f 265/265 266/266 267/267
f 268/268 269/269 270/270
f 271/271 272/272 273/273
f 274/274 275/275 276/276
f 277/277 278/278 279/279
f 280/280 281/281 282/282
f 283/283 284/284 285/285
f 286/286 287/287 288/288
f 289/289 290/290 291/291
f 292/292 293/293 294/294
f 295/295 296/296 297/297
f 298/298 299/299 300/300
f 301/301 302/302 303/303
f 304/304 305/305 306/306
f 307/307 308/308 309/309
f 310/310 311/311 312/312
f 313/313 314/314 315/315
f 316/316 317/317 318/318
f 319/319 320/320 321/321
f 322/322 323/323 324/324
f 325/325 326/326 327/327
f 328/328 329/329 330/330
f 331/331 332/332 333/333
f 334/334 335/335 336/336
f 337/337 338/338 339/339
f 340/340 341/341 342/342
f 343/343 344/344 345/345
f 346/346 347/347 348/348
f 349/349 350/350 351/351
f 352/352 353/353 354/354
f 355/355 356/356 357/357
f 358/358 359/359 360/360
f 361/361 362/362 363/363
f 364/364 365/365 366/366
f 367/367 368/368 369/369
f 370/370 371/371 372/372
f 373/373 374/374 375/375
f 376/376 377/377 378/378
f 379/379 380/380 381/381
f 382/382 383/383 384/384
f 385/385 386/386 387/387
f 388/388 389/389 390/390
f 391/391 392/392 393/393
f 394/394 395/395 396/396
f 397/397 398/398 399/399
f 400/400 401/401 402/402
f 403/403 404/404 405/405
f 406/406 407/407 408/408
f 409/409 410/410 411/411
f 412/412 413/413 414/414
f 415/415 416/416 417/417
f 418/418 419/419 420/420
f 421/421 422/422 423/423
f 424/424 425/425 426/426
f 427/427 428/428 429/429
f 430/430 431/431 432/432
f 433/433 434/434 435/435
f 436/436 437/437 438/438
f 439/439 440/440 441/441
f 442/442 443/443 444/444
f 445/445 446/446 447/447
f 448/448 449/449 450/450
f 451/451 452/452 453/453
f 454/454 455/455 456/456
f 457/457 458/458 459/459
f 460/460 461/461 462/462
f 463/463 464/464 465/465
f 466/466 467/467 468/468
f 469/469 470/470 471/471
f 472/472 473/473 474/474
f 475/475 476/476 477/477
f 478/478 479/479 480/480
f 481/481 482/482 483/483
f 484/484 485/485 486/486
f 487/487 488/488 489/489
f 490/490 491/491 492/492
f 493/493 494/494 495/495
f 496/496 497/497 498/498
f 499/499 500/500 501/501
f 502/502 503/503 504/504
f 505/505 506/506 507/507
f 508/508 509/509 510/510
f 511/511 512/512 513/513
f 514/514 515/515 516/516
f 517/517 518/518 519/519
f 520/520 521/521 522/522
f 523/523 524/524 525/525
f 526/526 527/527 528/528
f 529/529 530/530 531/531
f 532/532 533/533 534/534
f 535/535 536/536 537/537
f 538/538 539/539 540/540
f 541/541 542/542 543/543
f 544/544 545/545 546/546
f 547/547 548/548 549/549
f 550/550 551/551 552/552
f 553/553 554/554 555/555
f 556/556 557/557 558/558
f 559/559 560/560 561/561
f 562/562 563/563 564/564
f 565/565 566/566 567/567
f 568/568 569/569 570/570
f 571/571 572/572 573/573
f 574/574 575/575 576/576
f 577/577 578/578 579/579
f 580/580 581/581 582/582
f 583/583 584/584 585/585
f 586/586 587/587 588/588
f 589/589 590/590 591/591
f 592/592 593/593 594/594
f 595/595 596/596 597/597
f 598/598 599/599 600/600
f 601/601 602/602 603/603
f 604/604 605/605 606/606
f 607/607 608/608 609/609
f 610/610 611/611 612/612
f 613/613 614/614 615/615
f 616/616 617/617 618/618
f 619/619 620/620 621/621
f 622/622 623/623 624/624
f 625/625 626/626 627/627
f 628/628 629/629 630/630
f 631/631 632/632 633/633
f 634/634 635/635 636/636
f 637/637 638/638 639/639
f 640/640 641/641 642/642
f 643/643 644/644 645/645
f 646/646 647/647 648/648
f 649/649 650/650 651/651
f 652/652 653/653 654/654
f 655/655 656/656 657/657
f 658/658 659/659 660/660
f 661/661 662/662 663/663
f 664/664 665/665 666/666
f 667/667 668/668 669/669
f 670/670 671/671 672/672
f 673/673 674/674 675/675
f 676/676 677/677 678/678
f 679/679 680/680 681/681
f 682/682 683/683 684/684
f 685/685 686/686 687/687
f 688/688 689/689 690/690
f 691/691 692/692 693/693
f 694/694 695/695 696/696
f 697/697 698/698 699/699
f 700/700 701/701 702/702
f 703/703 704/704 705/705
f 706/706 707/707 708/708
f 709/709 710/710 711/711
f 712/712 713/713 714/714
f 715/715 716/716 717/717
f 718/718 719/719 720/720
f 721/721 722/722 723/723
f 724/724 725/725 726/726
f 727/727 728/728 729/729
f 730/730 731/731 732/732
f 733/733 734/734 735/735
f 736/736 737/737 738/738
f 739/739 740/740 741/741
f 742/742 743/743 744/744
f 745/745 746/746 747/747
f 748/748 749/749 750/750
f 751/751 752/752 753/753
f 754/754 755/755 756/756
f 757/757 758/758 759/759
f 760/760 761/761 762/762
f 763/763 764/764 765/765
f 766/766 767/767 768/768
f 769/769 770/770 771/771
f 772/772 773/773 774/774
f 775/775 776/776 777/777
f 778/778 779/779 780/780
f 781/781 782/782 783/783
f 784/784 785/785 786/786
f 787/787 788/788 789/789
f 790/790 791/791 792/792
f 793/793 794/794 795/795
f 796/796 797/797 798/798
f 799/799 800/800 801/801
f 802/802 803/803 804/804
f 805/805 806/806 807/807
f 808/808 809/809 810/810
f 811/811 812/812 813/813
f 814/814 815/815 816/816
f 817/817 818/818 819/819
f 820/820 821/821 822/822
f 823/823 824/824 825/825
f 826/826 827/827 828/828
f 829/829 830/830 831/831
f 832/832 833/833 834/834
f 835/835 836/836 837/837
f 838/838 839/839 840/840
f 841/841 842/842 843/843
f 844/844 845/845 846/846
f 847/847 848/848 849/849
f 850/850 851/851 852/852
f 853/853 854/854 855/855
f 856/856 857/857 858/858
f 859/859 860/860 861/861
f 862/862 863/863 864/864
f 865/865 866/866 867/867
f 868/868 869/869 870/870
f 871/871 872/872 873/873
f 874/874 875/875 876/876
f 877/877 878/878 879/879
f 880/880 881/881 882/882
f 883/883 884/884 885/885
f 886/886 887/887 888/888
f 889/889 890/890 891/891
f 892/892 893/893 894/894
f 895/895 896/896 897/897
f 898/898 899/899 900/900
f 901/901 902/902 903/903
f 904/904 905/905 906/906
f 907/907 908/908 909/909
f 910/910 911/911 912/912
f 913/913 914/914 915/915
f 916/916 917/917 918/918
f 919/919 920/920 921/921
f 922/922 923/923 924/924
f 925/925 926/926 927/927
f 928/928 929/929 930/930
f 931/931 932/932 933/933
f 934/934 935/935 936/936
f 937/937 938/938 939/939
f 940/940 941/941 942/942
f 943/943 944/944 945/945
f 946/946 947/947 948/948
f 949/949 950/950 951/951
f 952/952 953/953 954/954
f 955/955 956/956 957/957
f 958/958 959/959 960/960
f 961/961 962/962 963/963
f 964/964 965/965 966/966
f 967/967 968/968 969/969
f 970/970 971/971 972/972
f 973/973 974/974 975/975
f 976/976 977/977 978/978
f 979/979 980/980 981/981
f 982/982 983/983 984/984
f 985/985 986/986 987/987
f 988/988 989/989 990/990
f 991/991 992/992 993/993
f 994/994 995/995 996/996
f 997/997 998/998 999/999
f 1000/1000 1001/1001 1002/1002
f 1003/1003 1004/1004 1005/1005
f 1006/1006 1007/1007 1008/1008
f 1009/1009 1010/1010 1011/1011
f 1012/1012 1013/1013 1014/1014
f 1015/1015 1016/1016 1017/1017
f 1018/1018 1019/1019 1020/1020
f 1021/1021 1022/1022 1023/1023
f 1024/1024 1025/1025 1026/1026
f 1027/1027 1028/1028 1029/1029
f 1030/1030 1031/1031 1032/1032
f 1033/1033 1034/1034 1035/1035
f 1036/1036 1037/1037 1038/1038
f 1039/1039 1040/1040 1041/1041
f 1042/1042 1043/1043 1044/1044
f 1045/1045 1046/1046 1047/1047
f 1048/1048 1049/1049 1050/1050
f 1051/1051 1052/1052 1053/1053
f 1054/1054 1055/1055 1056/1056
f 1057/1057 1058/1058 1059/1059
f 1060/1060 1061/1061 1062/1062
f 1063/1063 1064/1064 1065/1065
f 1066/1066 1067/1067 1068/1068
f 1069/1069 1070/1070 1071/1071
f 1072/1072 1073/1073 1074/1074
f 1075/1075 1076/1076 1077/1077
f 1078/1078 1079/1079 1080/1080
f 1081/1081 1082/1082 1083/1083
f 1084/1084 1085/1085 1086/1086
f 1087/1087 1088/1088 1089/1089
f 1090/1090 1091/1091 1092/1092
f 1093/1093 1094/1094 1095/1095
f 1096/1096 1097/1097 1098/1098
f 1099/1099 1100/1100 1101/1101
f 1102/1102 1103/1103 1104/1104
f 1105/1105 1106/1106 1107/1107
f 1108/1108 1109/1109 1110/1110
f 1111/1111 1112/1112 1113/1113
f 1114/1114 1115/1115 1116/1116
f 1117/1117 1118/1118 1119/1119
f 1120/1120 1121/1121 1122/1122
f 1123/1123 1124/1124 1125/1125
f 1126/1126 1127/1127 1128/1128
f 1129/1129 1130/1130 1131/1131
f 1132/1132 1133/1133 1134/1134
f 1135/1135 1136/1136 1137/1137
f 1138/1138 1139/1139 1140/1140
f 1141/1141 1142/1142 1143/1143
f 1144/1144 1145/1145 1146/1146
f 1147/1147 1148/1148 1149/1149
f 1150/1150 1151/1151 1152/1152
f 1153/1153 1154/1154 1155/1155
f 1156/1156 1157/1157 1158/1158
f 1159/1159 1160/1160 1161/1161
f 1162/1162 1163/1163 1164/1164
f 1165/1165 1166/1166 1167/1167
f 1168/1168 1169/1169 1170/1170
f 1171/1171 1172/1172 1173/1173
f 1174/1174 1175/1175 1176/1176
f 1177/1177 1178/1178 1179/1179
f 1180/1180 1181/1181 1182/1182
f 1183/1183 1184/1184 1185/1185
f 1186/1186 1187/1187 1188/1188
f 1189/1189 1190/1190 1191/1191
f 1192/1192 1193/1193 1194/1194
f 1195/1195 1196/1196 1197/1197
f 1198/1198 1199/1199 1200/1200
f 1201/1201 1202/1202 1203/1203
f 1204/1204 1205/1205 1206/1206
f 1207/1207 1208/1208 1209/1209
f 1210/1210 1211/1211 1212/1212
f 1213/1213 1214/1214 1215/1215
f 1216/1216 1217/1217 1218/1218
f 1219/1219 1220/1220 1221/1221
f 1222/1222 1223/1223 1224/1224
f 1225/1225 1226/1226 1227/1227
f 1228/1228 1229/1229 1230/1230
f 1231/1231 1232/1232 1233/1233
f 1234/1234 1235/1235 1236/1236
f 1237/1237 1238/1238 1239/1239
f 1240/1240 1241/1241 1242/1242
f 1243/1243 1244/1244 1245/1245
f 1246/1246 1247/1247 1248/1248
f 1249/1249 1250/1250 1251/1251
f 1252/1252 1253/1253 1254/1254
f 1255/1255 1256/1256 1257/1257
f 1258/1258 1259/1259 1260/1260
f 1261/1261 1262/1262 1263/1263
f 1264/1264 1265/1265 1266/1266
f 1267/1267 1268/1268 1269/1269
f 1270/1270 1271/1271 1272/1272
f 1273/1273 1274/1274 1275/1275
f 1276/1276 1277/1277 1278/1278
f 1279/1279 1280/1280 1281/1281
f 1282/1282 1283/1283 1284/1284
f 1285/1285 1286/1286 1287/1287
f 1288/1288 1289/1289 1290/1290
f 1291/1291 1292/1292 1293/1293
f 1294/1294 1295/1295 1296/1296
f 1297/1297 1298/1298 1299/1299
f 1300/1300 1301/1301 1302/1302
f 1303/1303 1304/1304 1305/1305
f 1306/1306 1307/1307 1308/1308
f 1309/1309 1310/1310 1311/1311
f 1312/1312 1313/1313 1314/1314
f 1315/1315 1316/1316 1317/1317
f 1318/1318 1319/1319 1320/1320
f 1321/1321 1322/1322 1323/1323
f 1324/1324 1325/1325 1326/1326
f 1327/1327 1328/1328 1329/1329
f 1330/1330 1331/1331 1332/1332
f 1333/1333 1334/1334 1335/1335
f 1336/1336 1337/1337 1338/1338
f 1339/1339 1340/1340 1341/1341
f 1342/1342 1343/1343 1344/1344
f 1345/1345 1346/1346 1347/1347
f 1348/1348 1349/1349 1350/1350
f 1351/1351 1352/1352 1353/1353
f 1354/1354 1355/1355 1356/1356
f 1357/1357 1358/1358 1359/1359
f 1360/1360 1361/1361 1362/1362
f 1363/1363 1364/1364 1365/1365
f 1366/1366 1367/1367 1368/1368
f 1369/1369 1370/1370 1371/1371
f 1372/1372 1373/1373 1374/1374
f 1375/1375 1376/1376 1377/1377
f 1378/1378 1379/1379 1380/1380
f 1381/1381 1382/1382 1383/1383
f 1384/1384 1385/1385 1386/1386
f 1387/1387 1388/1388 1389/1389
f 1390/1390 1391/1391 1392/1392
f 1393/1393 1394/1394 1395/1395
f 1396/1396 1397/1397 1398/1398
f 1399/1399 1400/1400 1401/1401
f 1402/1402 1403/1403 1404/1404
f 1405/1405 1406/1406 1407/1407
f 1408/1408 1409/1409 1410/1410
f 1411/1411 1412/1412 1413/1413
f 1414/1414 1415/1415 1416/1416
f 1417/1417 1418/1418 1419/1419
f 1420/1420 1421/1421 1422/1422
f 1423/1423 1424/1424 1425/1425
f 1426/1426 1427/1427 1428/1428
f 1429/1429 1430/1430 1431/1431
f 1432/1432 1433/1433 1434/1434
f 1435/1435 1436/1436 1437/1437
f 1438/1438 1439/1439 1440/1440
f 1441/1441 1442/1442 1443/1443
f 1444/1444 1445/1445 1446/1446
f 1447/1447 1448/1448 1449/1449
f 1450/1450 1451/1451 1452/1452
f 1453/1453 1454/1454 1455/1455
f 1456/1456 1457/1457 1458/1458
f 1459/1459 1460/1460 1461/1461
f 1462/1462 1463/1463 1464/1464
f 1465/1465 1466/1466 1467/1467
f 1468/1468 1469/1469 1470/1470
f 1471/1471 1472/1472 1473/1473
f 1474/1474 1475/1475 1476/1476
f 1477/1477 1478/1478 1479/1479
f 1480/1480 1481/1481 1482/1482
f 1483/1483 1484/1484 1485/1485
f 1486/1486 1487/1487 1488/1488
f 1489/1489 1490/1490 1491/1491
f 1492/1492 1493/1493 1494/1494
f 1495/1495 1496/1496 1497/1497
f 1498/1498 1499/1499 1500/1500
f 1501/1501 1502/1502 1503/1503
f 1504/1504 1505/1505 1506/1506
f 1507/1507 1508/1508 1509/1509
f 1510/1510 1511/1511 1512/1512
f 1513/1513 1514/1514 1515/1515
f 1516/1516 1517/1517 1518/1518
f 1519/1519 1520/1520 1521/1521
f 1522/1522 1523/1523 1524/1524
f 1525/1525 1526/1526 1527/1527
f 1528/1528 1529/1529 1530/1530
f 1531/1531 1532/1532 1533/1533
f 1534/1534 1535/1535 1536/1536
f 1537/1537 1538/1538 1539/1539
f 1540/1540 1541/1541 1542/1542
f 1543/1543 1544/1544 1545/1545
f 1546/1546 1547/1547 1548/1548
f 1549/1549 1550/1550 1551/1551
f 1552/1552 1553/1553 1554/1554
f 1555/1555 1556/1556 1557/1557
f 1558/1558 1559/1559 1560/1560
f 1561/1561 1562/1562 1563/1563
f 1564/1564 1565/1565 1566/1566
f 1567/1567 1568/1568 1569/1569
f 1570/1570 1571/1571 1572/1572
f 1573/1573 1574/1574 1575/1575
f 1576/1576 1577/1577 1578/1578
f 1579/1579 1580/1580 1581/1581
f 1582/1582 1583/1583 1584/1584
f 1585/1585 1586/1586 1587/1587
f 1588/1588 1589/1589 1590/1590
f 1591/1591 1592/1592 1593/1593
f 1594/1594 1595/1595 1596/1596
f 1597/1597 1598/1598 1599/1599
f 1600/1600 1601/1601 1602/1602
f 1603/1603 1604/1604 1605/1605
f 1606/1606 1607/1607 1608/1608
f 1609/1609 1610/1610 1611/1611
f 1612/1612 1613/1613 1614/1614
f 1615/1615 1616/1616 1617/1617
f 1618/1618 1619/1619 1620/1620
f 1621/1621 1622/1622 1623/1623
f 1624/1624 1625/1625 1626/1626
f 1627/1627 1628/1628 1629/1629
f 1630/1630 1631/1631 1632/1632
f 1633/1633 1634/1634 1635/1635
f 1636/1636 1637/1637 1638/1638
f 1639/1639 1640/1640 1641/1641
f 1642/1642 1643/1643 1644/1644
f 1645/1645 1646/1646 1647/1647
f 1648/1648 1649/1649 1650/1650
f 1651/1651 1652/1652 1653/1653
f 1654/1654 1655/1655 1656/1656
f 1657/1657 1658/1658 1659/1659
f 1660/1660 1661/1661 1662/1662
f 1663/1663 1664/1664 1665/1665
f 1666/1666 1667/1667 1668/1668
f 1669/1669 1670/1670 1671/1671
f 1672/1672 1673/1673 1674/1674
f 1675/1675 1676/1676 1677/1677
f 1678/1678 1679/1679 1680/1680
f 1681/1681 1682/1682 1683/1683
f 1684/1684 1685/1685 1686/1686
f 1687/1687 1688/1688 1689/1689
f 1690/1690 1691/1691 1692/1692
f 1693/1693 1694/1694 1695/1695
f 1696/1696 1697/1697 1698/1698
f 1699/1699 1700/1700 1701/1701
f 1702/1702 1703/1703 1704/1704
f 1705/1705 1706/1706 1707/1707
f 1708/1708 1709/1709 1710/1710
f 1711/1711 1712/1712 1713/1713
f 1714/1714 1715/1715 1716/1716
f 1717/1717 1718/1718 1719/1719
f 1720/1720 1721/1721 1722/1722
f 1723/1723 1724/1724 1725/1725
f 1726/1726 1727/1727 1728/1728
f 1729/1729 1730/1730 1731/1731
f 1732/1732 1733/1733 1734/1734
f 1735/1735 1736/1736 1737/1737
f 1738/1738 1739/1739 1740/1740
f 1741/1741 1742/1742 1743/1743
f 1744/1744 1745/1745 1746/1746
f 1747/1747 1748/1748 1749/1749
f 1750/1750 1751/1751 1752/1752
f 1753/1753 1754/1754 1755/1755
f 1756/1756 1757/1757 1758/1758
f 1759/1759 1760/1760 1761/1761
f 1762/1762 1763/1763 1764/1764
f 1765/1765 1766/1766 1767/1767
f 1768/1768 1769/1769 1770/1770
f 1771/1771 1772/1772 1773/1773
f 1774/1774 1775/1775 1776/1776
f 1777/1777 1778/1778 1779/1779
f 1780/1780 1781/1781 1782/1782
f 1783/1783 1784/1784 1785/1785
f 1786/1786 1787/1787 1788/1788
f 1789/1789 1790/1790 1791/1791
f 1792/1792 1793/1793 1794/1794
f 1795/1795 1796/1796 1797/1797
f 1798/1798 1799/1799 1800/1800
f 1801/1801 1802/1802 1803/1803
f 1804/1804 1805/1805 1806/1806
f 1807/1807 1808/1808 1809/1809
f 1810/1810 1811/1811 1812/1812
f 1813/1813 1814/1814 1815/1815
f 1816/1816 1817/1817 1818/1818
f 1819/1819 1820/1820 1821/1821
f 1822/1822 1823/1823 1824/1824
f 1825/1825 1826/1826 1827/1827
f 1828/1828 1829/1829 1830/1830
f 1831/1831 1832/1832 1833/1833
f 1834/1834 1835/1835 1836/1836
f 1837/1837 1838/1838 1839/1839
f 1840/1840 1841/1841 1842/1842
f 1843/1843 1844/1844 1845/1845
f 1846/1846 1847/1847 1848/1848
f 1849/1849 1850/1850 1851/1851
f 1852/1852 1853/1853 1854/1854
f 1855/1855 1856/1856 1857/1857
f 1858/1858 1859/1859 1860/1860
f 1861/1861 1862/1862 1863/1863
f 1864/1864 1865/1865 1866/1866
f 1867/1867 1868/1868 1869/1869
f 1870/1870 1871/1871 1872/1872
f 1873/1873 1874/1874 1875/1875
f 1876/1876 1877/1877 1878/1878
f 1879/1879 1880/1880 1881/1881
f 1882/1882 1883/1883 1884/1884
f 1885/1885 1886/1886 1887/1887
f 1888/1888 1889/1889 1890/1890
f 1891/1891 1892/1892 1893/1893
f 1894/1894 1895/1895 1896/1896
f 1897/1897 1898/1898 1899/1899
f 1900/1900 1901/1901 1902/1902
f 1903/1903 1904/1904 1905/1905
f 1906/1906 1907/1907 1908/1908
f 1909/1909 1910/1910 1911/1911
f 1912/1912 1913/1913 1914/1914
f 1915/1915 1916/1916 1917/1917
f 1918/1918 1919/1919 1920/1920
f 1921/1921 1922/1922 1923/1923
f 1924/1924 1925/1925 1926/1926
f 1927/1927 1928/1928 1929/1929
f 1930/1930 1931/1931 1932/1932
f 1933/1933 1934/1934 1935/1935
f 1936/1936 1937/1937 1938/1938
f 1939/1939 1940/1940 1941/1941
f 1942/1942 1943/1943 1944/1944
f 1945/1945 1946/1946 1947/1947
f 1948/1948 1949/1949 1950/1950
f 1951/1951 1952/1952 1953/1953
f 1954/1954 1955/1955 1956/1956
f 1957/1957 1958/1958 1959/1959
f 1960/1960 1961/1961 1962/1962
f 1963/1963 1964/1964 1965/1965
f 1966/1966 1967/1967 1968/1968
f 1969/1969 1970/1970 1971/1971
f 1972/1972 1973/1973 1974/1974
f 1975/1975 1976/1976 1977/1977
f 1978/1978 1979/1979 1980/1980
f 1981/1981 1982/1982 1983/1983
f 1984/1984 1985/1985 1986/1986
f 1987/1987 1988/1988 1989/1989
f 1990/1990 1991/1991 1992/1992
f 1993/1993 1994/1994 1995/1995
f 1996/1996 1997/1997 1998/1998
f 1999/1999 2000/2000 2001/2001
f 2002/2002 2003/2003 2004/2004
f 2005/2005 2006/2006 2007/2007
f 2008/2008 2009/2009 2010/2010
f 2011/2011 2012/2012 2013/2013
f 2014/2014 2015/2015 2016/2016
f 2017/2017 2018/2018 2019/2019
f 2020/2020 2021/2021 2022/2022
f 2023/2023 2024/2024 2025/2025
f 2026/2026 2027/2027 2028/2028
f 2029/2029 2030/2030 2031/2031
f 2032/2032 2033/2033 2034/2034
f 2035/2035 2036/2036 2037/2037
f 2038/2038 2039/2039 2040/2040
f 2041/2041 2042/2042 2043/2043
f 2044/2044 2045/2045 2046/2046
f 2047/2047 2048/2048 2049/2049
f 2050/2050 2051/2051 2052/2052
f 2053/2053 2054/2054 2055/2055
f 2056/2056 2057/2057 2058/2058
f 2059/2059 2060/2060 2061/2061
f 2062/2062 2063/2063 2064/2064
f 2065/2065 2066/2066 2067/2067
f 2068/2068 2069/2069 2070/2070
f 2071/2071 2072/2072 2073/2073
f 2074/2074 2075/2075 2076/2076
f 2077/2077 2078/2078 2079/2079
f 2080/2080 2081/2081 2082/2082
f 2083/2083 2084/2084 2085/2085
f 2086/2086 2087/2087 2088/2088
f 2089/2089 2090/2090 2091/2091
f 2092/2092 2093/2093 2094/2094
f 2095/2095 2096/2096 2097/2097
f 2098/2098 2099/2099 2100/2100
f 2101/2101 2102/2102 2103/2103
f 2104/2104 2105/2105 2106/2106
f 2107/2107 2108/2108 2109/2109
f 2110/2110 2111/2111 2112/2112
f 2113/2113 2114/2114 2115/2115
f 2116/2116 2117/2117 2118/2118
f 2119/2119 2120/2120 2121/2121
f 2122/2122 2123/2123 2124/2124
f 2125/2125 2126/2126 2127/2127
f 2128/2128 2129/2129 2130/2130
f 2131/2131 2132/2132 2133/2133
f 2134/2134 2135/2135 2136/2136
f 2137/2137 2138/2138 2139/2139
f 2140/2140 2141/2141 2142/2142
f 2143/2143 2144/2144 2145/2145
f 2146/2146 2147/2147 2148/2148
f 2149/2149 2150/2150 2151/2151
f 2152/2152 2153/2153 2154/2154
f 2155/2155 2156/2156 2157/2157
f 2158/2158 2159/2159 2160/2160
f 2161/2161 2162/2162 2163/2163
f 2164/2164 2165/2165 2166/2166
f 2167/2167 2168/2168 2169/2169
f 2170/2170 2171/2171 2172/2172
f 2173/2173 2174/2174 2175/2175
f 2176/2176 2177/2177 2178/2178
f 2179/2179 2180/2180 2181/2181
f 2182/2182 2183/2183 2184/2184
f 2185/2185 2186/2186 2187/2187
f 2188/2188 2189/2189 2190/2190
f 2191/2191 2192/2192 2193/2193
f 2194/2194 2195/2195 2196/2196
f 2197/2197 2198/2198 2199/2199
f 2200/2200 2201/2201 2202/2202
f 2203/2203 2204/2204 2205/2205
f 2206/2206 2207/2207 2208/2208
f 2209/2209 2210/2210 2211/2211
f 2212/2212 2213/2213 2214/2214
f 2215/2215 2216/2216 2217/2217
f 2218/2218 2219/2219 2220/2220
f 2221/2221 2222/2222 2223/2223
f 2224/2224 2225/2225 2226/2226
f 2227/2227 2228/2228 2229/2229
f 2230/2230 2231/2231 2232/2232
f 2233/2233 2234/2234 2235/2235
f 2236/2236 2237/2237 2238/2238
f 2239/2239 2240/2240 2241/2241
f 2242/2242 2243/2243 2244/2244
f 2245/2245 2246/2246 2247/2247
f 2248/2248 2249/2249 2250/2250
f 2251/2251 2252/2252 2253/2253
f 2254/2254 2255/2255 2256/2256
f 2257/2257 2258/2258 2259/2259
f 2260/2260 2261/2261 2262/2262
f 2263/2263 2264/2264 2265/2265
f 2266/2266 2267/2267 2268/2268
f 2269/2269 2270/2270 2271/2271
f 2272/2272 2273/2273 2274/2274
f 2275/2275 2276/2276 2277/2277
f 2278/2278 2279/2279 2280/2280
f 2281/2281 2282/2282 2283/2283
f 2284/2284 2285/2285 2286/2286
f 2287/2287 2288/2288 2289/2289
f 2290/2290 2291/2291 2292/2292
f 2293/2293 2294/2294 2295/2295
f 2296/2296 2297/2297 2298/2298
f 2299/2299 2300/2300 2301/2301
f 2302/2302 2303/2303 2304/2304
f 2305/2305 2306/2306 2307/2307
f 2308/2308 2309/2309 2310/2310
f 2311/2311 2312/2312 2313/2313
f 2314/2314 2315/2315 2316/2316
f 2317/2317 2318/2318 2319/2319
f 2320/2320 2321/2321 2322/2322
f 2323/2323 2324/2324 2325/2325
f 2326/2326 2327/2327 2328/2328
f 2329/2329 2330/2330 2331/2331
f 2332/2332 2333/2333 2334/2334
f 2335/2335 2336/2336 2337/2337
f 2338/2338 2339/2339 2340/2340
f 2341/2341 2342/2342 2343/2343
f 2344/2344 2345/2345 2346/2346
f 2347/2347 2348/2348 2349/2349
f 2350/2350 2351/2351 2352/2352
f 2353/2353 2354/2354 2355/2355
f 2356/2356 2357/2357 2358/2358
f 2359/2359 2360/2360 2361/2361
f 2362/2362 2363/2363 2364/2364
f 2365/2365 2366/2366 2367/2367
f 2368/2368 2369/2369 2370/2370
f 2371/2371 2372/2372 2373/2373
f 2374/2374 2375/2375 2376/2376
f 2377/2377 2378/2378 2379/2379
f 2380/2380 2381/2381 2382/2382
f 2383/2383 2384/2384 2385/2385
f 2386/2386 2387/2387 2388/2388
f 2389/2389 2390/2390 2391/2391
f 2392/2392 2393/2393 2394/2394
f 2395/2395 2396/2396 2397/2397
f 2398/2398 2399/2399 2400/2400
f 2401/2401 2402/2402 2403/2403
f 2404/2404 2405/2405 2406/2406
f 2407/2407 2408/2408 2409/2409
f 2410/2410 2411/2411 2412/2412
f 2413/2413 2414/2414 2415/2415
f 2416/2416 2417/2417 2418/2418
f 2419/2419 2420/2420 2421/2421
f 2422/2422 2423/2423 2424/2424
f 2425/2425 2426/2426 2427/2427
f 2428/2428 2429/2429 2430/2430
f 2431/2431 2432/2432 2433/2433
f 2434/2434 2435/2435 2436/2436
f 2437/2437 2438/2438 2439/2439
f 2440/2440 2441/2441 2442/2442
f 2443/2443 2444/2444 2445/2445
f 2446/2446 2447/2447 2448/2448
f 2449/2449 2450/2450 2451/2451
f 2452/2452 2453/2453 2454/2454
f 2455/2455 2456/2456 2457/2457
f 2458/2458 2459/2459 2460/2460
f 2461/2461 2462/2462 2463/2463
f 2464/2464 2465/2465 2466/2466
f 2467/2467 2468/2468 2469/2469
f 2470/2470 2471/2471 2472/2472
f 2473/2473 2474/2474 2475/2475
f 2476/2476 2477/2477 2478/2478
f 2479/2479 2480/2480 2481/2481
f 2482/2482 2483/2483 2484/2484
f 2485/2485 2486/2486 2487/2487
f 2488/2488 2489/2489 2490/2490
f 2491/2491 2492/2492 2493/2493
f 2494/2494 2495/2495 2496/2496
f 2497/2497 2498/2498 2499/2499
f 2500/2500 2501/2501 2502/2502
f 2503/2503 2504/2504 2505/2505
f 2506/2506 2507/2507 2508/2508
f 2509/2509 2510/2510 2511/2511
f 2512/2512 2513/2513 2514/2514
f 2515/2515 2516/2516 2517/2517
f 2518/2518 2519/2519 2520/2520
f 2521/2521 2522/2522 2523/2523
f 2524/2524 2525/2525 2526/2526
f 2527/2527 2528/2528 2529/2529
f 2530/2530 2531/2531 2532/2532
f 2533/2533 2534/2534 2535/2535
f 2536/2536 2537/2537 2538/2538
f 2539/2539 2540/2540 2541/2541
f 2542/2542 2543/2543 2544/2544
f 2545/2545 2546/2546 2547/2547
f 2548/2548 2549/2549 2550/2550
f 2551/2551 2552/2552 2553/2553
f 2554/2554 2555/2555 2556/2556
f 2557/2557 2558/2558 2559/2559
f 2560/2560 2561/2561 2562/2562
f 2563/2563 2564/2564 2565/2565
f 2566/2566 2567/2567 2568/2568
f 2569/2569 2570/2570 2571/2571
f 2572/2572 2573/2573 2574/2574
f 2575/2575 2576/2576 2577/2577
f 2578/2578 2579/2579 2580/2580
f 2581/2581 2582/2582 2583/2583
f 2584/2584 2585/2585 2586/2586
f 2587/2587 2588/2588 2589/2589
f 2590/2590 2591/2591 2592/2592
f 2593/2593 2594/2594 2595/2595
f 2596/2596 2597/2597 2598/2598
f 2599/2599 2600/2600 2601/2601
f 2602/2602 2603/2603 2604/2604
f 2605/2605 2606/2606 2607/2607
f 2608/2608 2609/2609 2610/2610
f 2611/2611 2612/2612 2613/2613
f 2614/2614 2615/2615 2616/2616
f 2617/2617 2618/2618 2619/2619
f 2620/2620 2621/2621 2622/2622
f 2623/2623 2624/2624 2625/2625
f 2626/2626 2627/2627 2628/2628
f 2629/2629 2630/2630 2631/2631
f 2632/2632 2633/2633 2634/2634
f 2635/2635 2636/2636 2637/2637
f 2638/2638 2639/2639 2640/2640
f 2641/2641 2642/2642 2643/2643
f 2644/2644 2645/2645 2646/2646
f 2647/2647 2648/2648 2649/2649
f 2650/2650 2651/2651 2652/2652
f 2653/2653 2654/2654 2655/2655
f 2656/2656 2657/2657 2658/2658
f 2659/2659 2660/2660 2661/2661
f 2662/2662 2663/2663 2664/2664
f 2665/2665 2666/2666 2667/2667
f 2668/2668 2669/2669 2670/2670
f 2671/2671 2672/2672 2673/2673
f 2674/2674 2675/2675 2676/2676
f 2677/2677 2678/2678 2679/2679
f 2680/2680 2681/2681 2682/2682
f 2683/2683 2684/2684 2685/2685
f 2686/2686 2687/2687 2688/2688
f 2689/2689 2690/2690 2691/2691
f 2692/2692 2693/2693 2694/2694
f 2695/2695 2696/2696 2697/2697
f 2698/2698 2699/2699 2700/2700
f 2701/2701 2702/2702 2703/2703
f 2704/2704 2705/2705 2706/2706
f 2707/2707 2708/2708 2709/2709
f 2710/2710 2711/2711 2712/2712
f 2713/2713 2714/2714 2715/2715
f 2716/2716 2717/2717 2718/2718
f 2719/2719 2720/2720 2721/2721
f 2722/2722 2723/2723 2724/2724
f 2725/2725 2726/2726 2727/2727
f 2728/2728 2729/2729 2730/2730
f 2731/2731 2732/2732 2733/2733
f 2734/2734 2735/2735 2736/2736
f 2737/2737 2738/2738 2739/2739
f 2740/2740 2741/2741 2742/2742
f 2743/2743 2744/2744 2745/2745
f 2746/2746 2747/2747 2748/2748
f 2749/2749 2750/2750 2751/2751
f 2752/2752 2753/2753 2754/2754
f 2755/2755 2756/2756 2757/2757
f 2758/2758 2759/2759 2760/2760
f 2761/2761 2762/2762 2763/2763
f 2764/2764 2765/2765 2766/2766
f 2767/2767 2768/2768 2769/2769
f 2770/2770 2771/2771 2772/2772
f 2773/2773 2774/2774 2775/2775
f 2776/2776 2777/2777 2778/2778
f 2779/2779 2780/2780 2781/2781
f 2782/2782 2783/2783 2784/2784
f 2785/2785 2786/2786 2787/2787
f 2788/2788 2789/2789 2790/2790
f 2791/2791 2792/2792 2793/2793
f 2794/2794 2795/2795 2796/2796
f 2797/2797 2798/2798 2799/2799
f 2800/2800 2801/2801 2802/2802
f 2803/2803 2804/2804 2805/2805
f 2806/2806 2807/2807 2808/2808
f 2809/2809 2810/2810 2811/2811
f 2812/2812 2813/2813 2814/2814
f 2815/2815 2816/2816 2817/2817
f 2818/2818 2819/2819 2820/2820
f 2821/2821 2822/2822 2823/2823
f 2824/2824 2825/2825 2826/2826
f 2827/2827 2828/2828 2829/2829
f 2830/2830 2831/2831 2832/2832
f 2833/2833 2834/2834 2835/2835
f 2836/2836 2837/2837 2838/2838
f 2839/2839 2840/2840 2841/2841
f 2842/2842 2843/2843 2844/2844
f 2845/2845 2846/2846 2847/2847
f 2848/2848 2849/2849 2850/2850
f 2851/2851 2852/2852 2853/2853
f 2854/2854 2855/2855 2856/2856
f 2857/2857 2858/2858 2859/2859
f 2860/2860 2861/2861 2862/2862
f 2863/2863 2864/2864 2865/2865
f 2866/2866 2867/2867 2868/2868
f 2869/2869 2870/2870 2871/2871
f 2872/2872 2873/2873 2874/2874
f 2875/2875 2876/2876 2877/2877
f 2878/2878 2879/2879 2880/2880
f 2881/2881 2882/2882 2883/2883
f 2884/2884 2885/2885 2886/2886
f 2887/2887 2888/2888 2889/2889
f 2890/2890 2891/2891 2892/2892
f 2893/2893 2894/2894 2895/2895
f 2896/2896 2897/2897 2898/2898
f 2899/2899 2900/2900 2901/2901
f 2902/2902 2903/2903 2904/2904
f 2905/2905 2906/2906 2907/2907
f 2908/2908 2909/2909 2910/2910
f 2911/2911 2912/2912 2913/2913
f 2914/2914 2915/2915 2916/2916
f 2917/2917 2918/2918 2919/2919
f 2920/2920 2921/2921 2922/2922
f 2923/2923 2924/2924 2925/2925
f 2926/2926 2927/2927 2928/2928
f 2929/2929 2930/2930 2931/2931
f 2932/2932 2933/2933 2934/2934
f 2935/2935 2936/2936 2937/2937
f 2938/2938 2939/2939 2940/2940
f 2941/2941 2942/2942 2943/2943
f 2944/2944 2945/2945 2946/2946
f 2947/2947 2948/2948 2949/2949
f 2950/2950 2951/2951 2952/2952
f 2953/2953 2954/2954 2955/2955
f 2956/2956 2957/2957 2958/2958
f 2959/2959 2960/2960 2961/2961
f 2962/2962 2963/2963 2964/2964
f 2965/2965 2966/2966 2967/2967
f 2968/2968 2969/2969 2970/2970
f 2971/2971 2972/2972 2973/2973
f 2974/2974 2975/2975 2976/2976
f 2977/2977 2978/2978 2979/2979
f 2980/2980 2981/2981 2982/2982
f 2983/2983 2984/2984 2985/2985
f 2986/2986 2987/2987 2988/2988
f 2989/2989 2990/2990 2991/2991
f 2992/2992 2993/2993 2994/2994
f 2995/2995 2996/2996 2997/2997
f 2998/2998 2999/2999 3000/3000
f 3001/3001 3002/3002 3003/3003
f 3004/3004 3005/3005 3006/3006
f 3007/3007 3008/3008 3009/3009
f 3010/3010 3011/3011 3012/3012
f 3013/3013 3014/3014 3015/3015
f 3016/3016 3017/3017 3018/3018
f 3019/3019 3020/3020 3021/3021
f 3022/3022 3023/3023 3024/3024
f 3025/3025 3026/3026 3027/3027
f 3028/3028 3029/3029 3030/3030
f 3031/3031 3032/3032 3033/3033
f 3034/3034 3035/3035 3036/3036
f 3037/3037 3038/3038 3039/3039
f 3040/3040 3041/3041 3042/3042
f 3043/3043 3044/3044 3045/3045
f 3046/3046 3047/3047 3048/3048
f 3049/3049 3050/3050 3051/3051
f 3052/3052 3053/3053 3054/3054
f 3055/3055 3056/3056 3057/3057
f 3058/3058 3059/3059 3060/3060
f 3061/3061 3062/3062 3063/3063
f 3064/3064 3065/3065 3066/3066
f 3067/3067 3068/3068 3069/3069
f 3070/3070 3071/3071 3072/3072
f 3073/3073 3074/3074 3075/3075
f 3076/3076 3077/3077 3078/3078
f 3079/3079 3080/3080 3081/3081
f 3082/3082 3083/3083 3084/3084
f 3085/3085 3086/3086 3087/3087
f 3088/3088 3089/3089 3090/3090
f 3091/3091 3092/3092 3093/3093
f 3094/3094 3095/3095 3096/3096
f 3097/3097 3098/3098 3099/3099
f 3100/3100 3101/3101 3102/3102
f 3103/3103 3104/3104 3105/3105
f 3106/3106 3107/3107 3108/3108
f 3109/3109 3110/3110 3111/3111
f 3112/3112 3113/3113 3114/3114
f 3115/3115 3116/3116 3117/3117
f 3118/3118 3119/3119 3120/3120
f 3121/3121 3122/3122 3123/3123
f 3124/3124 3125/3125 3126/3126
f 3127/3127 3128/3128 3129/3129
f 3130/3130 3131/3131 3132/3132
f 3133/3133 3134/3134 3135/3135
f 3136/3136 3137/3137 3138/3138
f 3139/3139 3140/3140 3141/3141
f 3142/3142 3143/3143 3144/3144
f 3145/3145 3146/3146 3147/3147
f 3148/3148 3149/3149 3150/3150
f 3151/3151 3152/3152 3153/3153
f 3154/3154 3155/3155 3156/3156
f 3157/3157 3158/3158 3159/3159
f 3160/3160 3161/3161 3162/3162
f 3163/3163 3164/3164 3165/3165
f 3166/3166 3167/3167 3168/3168
f 3169/3169 3170/3170 3171/3171
f 3172/3172 3173/3173 3174/3174
f 3175/3175 3176/3176 3177/3177
f 3178/3178 3179/3179 3180/3180
f 3181/3181 3182/3182 3183/3183
f 3184/3184 3185/3185 3186/3186
f 3187/3187 3188/3188 3189/3189
f 3190/3190 3191/3191 3192/3192
f 3193/3193 3194/3194 3195/3195
f 3196/3196 3197/3197 3198/3198
f 3199/3199 3200/3200 3201/3201
f 3202/3202 3203/3203 3204/3204
f 3205/3205 3206/3206 3207/3207
f 3208/3208 3209/3209 3210/3210
f 3211/3211 3212/3212 3213/3213
f 3214/3214 3215/3215 3216/3216
f 3217/3217 3218/3218 3219/3219
f 3220/3220 3221/3221 3222/3222
f 3223/3223 3224/3224 3225/3225
f 3226/3226 3227/3227 3228/3228
f 3229/3229 3230/3230 3231/3231
f 3232/3232 3233/3233 3234/3234
f 3235/3235 3236/3236 3237/3237
f 3238/3238 3239/3239 3240/3240
f 3241/3241 3242/3242 3243/3243
f 3244/3244 3245/3245 3246/3246
f 3247/3247 3248/3248 3249/3249
f 3250/3250 3251/3251 3252/3252
f 3253/3253 3254/3254 3255/3255
f 3256/3256 3257/3257 3258/3258
f 3259/3259 3260/3260 3261/3261
f 3262/3262 3263/3263 3264/3264
f 3265/3265 3266/3266 3267/3267
f 3268/3268 3269/3269 3270/3270
f 3271/3271 3272/3272 3273/3273
f 3274/3274 3275/3275 3276/3276
f 3277/3277 3278/3278 3279/3279
f 3280/3280 3281/3281 3282/3282
f 3283/3283 3284/3284 3285/3285
f 3286/3286 3287/3287 3288/3288
f 3289/3289 3290/3290 3291/3291
f 3292/3292 3293/3293 3294/3294
f 3295/3295 3296/3296 3297/3297
f 3298/3298 3299/3299 3300/3300
f 3301/3301 3302/3302 3303/3303
f 3304/3304 3305/3305 3306/3306
f 3307/3307 3308/3308 3309/3309
f 3310/3310 3311/3311 3312/3312
f 3313/3313 3314/3314 3315/3315
f 3316/3316 3317/3317 3318/3318
f 3319/3319 3320/3320 3321/3321
f 3322/3322 3323/3323 3324/3324
f 3325/3325 3326/3326 3327/3327
f 3328/3328 3329/3329 3330/3330
f 3331/3331 3332/3332 3333/3333
f 3334/3334 3335/3335 3336/3336
f 3337/3337 3338/3338 3339/3339
f 3340/3340 3341/3341 3342/3342
f 3343/3343 3344/3344 3345/3345
f 3346/3346 3347/3347 3348/3348
f 3349/3349 3350/3350 3351/3351
f 3352/3352 3353/3353 3354/3354
f 3355/3355 3356/3356 3357/3357
f 3358/3358 3359/3359 3360/3360
f 3361/3361 3362/3362 3363/3363
f 3364/3364 3365/3365 3366/3366
f 3367/3367 3368/3368 3369/3369
f 3370/3370 3371/3371 3372/3372
f 3373/3373 3374/3374 3375/3375
f 3376/3376 3377/3377 3378/3378
f 3379/3379 3380/3380 3381/3381
f 3382/3382 3383/3383 3384/3384
f 3385/3385 3386/3386 3387/3387
f 3388/3388 3389/3389 3390/3390
f 3391/3391 3392/3392 3393/3393
f 3394/3394 3395/3395 3396/3396
f 3397/3397 3398/3398 3399/3399
f 3400/3400 3401/3401 3402/3402
f 3403/3403 3404/3404 3405/3405
f 3406/3406 3407/3407 3408/3408
f 3409/3409 3410/3410 3411/3411
f 3412/3412 3413/3413 3414/3414
f 3415/3415 3416/3416 3417/3417
f 3418/3418 3419/3419 3420/3420
f 3421/3421 3422/3422 3423/3423
f 3424/3424 3425/3425 3426/3426
f 3427/3427 3428/3428 3429/3429
f 3430/3430 3431/3431 3432/3432
f 3433/3433 3434/3434 3435/3435
f 3436/3436 3437/3437 3438/3438
f 3439/3439 3440/3440 3441/3441
f 3442/3442 3443/3443 3444/3444
f 3445/3445 3446/3446 3447/3447
f 3448/3448 3449/3449 3450/3450
f 3451/3451 3452/3452 3453/3453
f 3454/3454 3455/3455 3456/3456
f 3457/3457 3458/3458 3459/3459
f 3460/3460 3461/3461 3462/3462
f 3463/3463 3464/3464 3465/3465
f 3466/3466 3467/3467 3468/3468
f 3469/3469 3470/3470 3471/3471
f 3472/3472 3473/3473 3474/3474
f 3475/3475 3476/3476 3477/3477
f 3478/3478 3479/3479 3480/3480
f 3481/3481 3482/3482 3483/3483
f 3484/3484 3485/3485 3486/3486
f 3487/3487 3488/3488 3489/3489
f 3490/3490 3491/3491 3492/3492
f 3493/3493 3494/3494 3495/3495
f 3496/3496 3497/3497 3498/3498
f 3499/3499 3500/3500 3501/3501
f 3502/3502 3503/3503 3504/3504
f 3505/3505 3506/3506 3507/3507
f 3508/3508 3509/3509 3510/3510
f 3511/3511 3512/3512 3513/3513
f 3514/3514 3515/3515 3516/3516
f 3517/3517 3518/3518 3519/3519
f 3520/3520 3521/3521 3522/3522
f 3523/3523 3524/3524 3525/3525
f 3526/3526 3527/3527 3528/3528
f 3529/3529 3530/3530 3531/3531
f 3532/3532 3533/3533 3534/3534
f 3535/3535 3536/3536 3537/3537
f 3538/3538 3539/3539 3540/3540
f 3541/3541 3542/3542 3543/3543
f 3544/3544 3545/3545 3546/3546
f 3547/3547 3548/3548 3549/3549
f 3550/3550 3551/3551 3552/3552
f 3553/3553 3554/3554 3555/3555
f 3556/3556 3557/3557 3558/3558
f 3559/3559 3560/3560 3561/3561
f 3562/3562 3563/3563 3564/3564
f 3565/3565 3566/3566 3567/3567
f 3568/3568 3569/3569 3570/3570
f 3571/3571 3572/3572 3573/3573
f 3574/3574 3575/3575 3576/3576
f 3577/3577 3578/3578 3579/3579
f 3580/3580 3581/3581 3582/3582
f 3583/3583 3584/3584 3585/3585
f 3586/3586 3587/3587 3588/3588
f 3589/3589 3590/3590 3591/3591
f 3592/3592 3593/3593 3594/3594
f 3595/3595 3596/3596 3597/3597
f 3598/3598 3599/3599 3600/3600
f 3601/3601 3602/3602 3603/3603
f 3604/3604 3605/3605 3606/3606
f 3607/3607 3608/3608 3609/3609
f 3610/3610 3611/3611 3612/3612
f 3613/3613 3614/3614 3615/3615
f 3616/3616 3617/3617 3618/3618
f 3619/3619 3620/3620 3621/3621
f 3622/3622 3623/3623 3624/3624
f 3625/3625 3626/3626 3627/3627
f 3628/3628 3629/3629 3630/3630
f 3631/3631 3632/3632 3633/3633
f 3634/3634 3635/3635 3636/3636
f 3637/3637 3638/3638 3639/3639
f 3640/3640 3641/3641 3642/3642
f 3643/3643 3644/3644 3645/3645
f 3646/3646 3647/3647 3648/3648
f 3649/3649 3650/3650 3651/3651
f 3652/3652 3653/3653 3654/3654
f 3655/3655 3656/3656 3657/3657
f 3658/3658 3659/3659 3660/3660
f 3661/3661 3662/3662 3663/3663
f 3664/3664 3665/3665 3666/3666
f 3667/3667 3668/3668 3669/3669
f 3670/3670 3671/3671 3672/3672
f 3673/3673 3674/3674 3675/3675
f 3676/3676 3677/3677 3678/3678
f 3679/3679 3680/3680 3681/3681
f 3682/3682 3683/3683 3684/3684
f 3685/3685 3686/3686 3687/3687
f 3688/3688 3689/3689 3690/3690
f 3691/3691 3692/3692 3693/3693
f 3694/3694 3695/3695 3696/3696
f 3697/3697 3698/3698 3699/3699
f 3700/3700 3701/3701 3702/3702
f 3703/3703 3704/3704 3705/3705
f 3706/3706 3707/3707 3708/3708
f 3709/3709 3710/3710 3711/3711
f 3712/3712 3713/3713 3714/3714
f 3715/3715 3716/3716 3717/3717
f 3718/3718 3719/3719 3720/3720
f 3721/3721 3722/3722 3723/3723
f 3724/3724 3725/3725 3726/3726
f 3727/3727 3728/3728 3729/3729
f 3730/3730 3731/3731 3732/3732
f 3733/3733 3734/3734 3735/3735
f 3736/3736 3737/3737 3738/3738
f 3739/3739 3740/3740 3741/3741
f 3742/3742 3743/3743 3744/3744
f 3745/3745 3746/3746 3747/3747
f 3748/3748 3749/3749 3750/3750
f 3751/3751 3752/3752 3753/3753
f 3754/3754 3755/3755 3756/3756
f 3757/3757 3758/3758 3759/3759
f 3760/3760 3761/3761 3762/3762
f 3763/3763 3764/3764 3765/3765
f 3766/3766 3767/3767 3768/3768
f 3769/3769 3770/3770 3771/3771
f 3772/3772 3773/3773 3774/3774
f 3775/3775 3776/3776 3777/3777
f 3778/3778 3779/3779 3780/3780
f 3781/3781 3782/3782 3783/3783
f 3784/3784 3785/3785 3786/3786
f 3787/3787 3788/3788 3789/3789
f 3790/3790 3791/3791 3792/3792
f 3793/3793 3794/3794 3795/3795
f 3796/3796 3797/3797 3798/3798
f 3799/3799 3800/3800 3801/3801
f 3802/3802 3803/3803 3804/3804
f 3805/3805 3806/3806 3807/3807
f 3808/3808 3809/3809 3810/3810
f 3811/3811 3812/3812 3813/3813
f 3814/3814 3815/3815 3816/3816
f 3817/3817 3818/3818 3819/3819
f 3820/3820 3821/3821 3822/3822
f 3823/3823 3824/3824 3825/3825
f 3826/3826 3827/3827 3828/3828
f 3829/3829 3830/3830 3831/3831
f 3832/3832 3833/3833 3834/3834
f 3835/3835 3836/3836 3837/3837
f 3838/3838 3839/3839 3840/3840
f 3841/3841 3842/3842 3843/3843
f 3844/3844 3845/3845 3846/3846
f 3847/3847 3848/3848 3849/3849
f 3850/3850 3851/3851 3852/3852
f 3853/3853 3854/3854 3855/3855
f 3856/3856 3857/3857 3858/3858
f 3859/3859 3860/3860 3861/3861
f 3862/3862 3863/3863 3864/3864
f 3865/3865 3866/3866 3867/3867
f 3868/3868 3869/3869 3870/3870
f 3871/3871 3872/3872 3873/3873
f 3874/3874 3875/3875 3876/3876
f 3877/3877 3878/3878 3879/3879
f 3880/3880 3881/3881 3882/3882
f 3883/3883 3884/3884 3885/3885
f 3886/3886 3887/3887 3888/3888
f 3889/3889 3890/3890 3891/3891
f 3892/3892 3893/3893 3894/3894
f 3895/3895 3896/3896 3897/3897
f 3898/3898 3899/3899 3900/3900
f 3901/3901 3902/3902 3903/3903
f 3904/3904 3905/3905 3906/3906
f 3907/3907 3908/3908 3909/3909
f 3910/3910 3911/3911 3912/3912
f 3913/3913 3914/3914 3915/3915
f 3916/3916 3917/3917 3918/3918
f 3919/3919 3920/3920 3921/3921
f 3922/3922 3923/3923 3924/3924
f 3925/3925 3926/3926 3927/3927
f 3928/3928 3929/3929 3930/3930
f 3931/3931 3932/3932 3933/3933
f 3934/3934 3935/3935 3936/3936
f 3937/3937 3938/3938 3939/3939
f 3940/3940 3941/3941 3942/3942
f 3943/3943 3944/3944 3945/3945
f 3946/3946 3947/3947 3948/3948
f 3949/3949 3950/3950 3951/3951
f 3952/3952 3953/3953 3954/3954
f 3955/3955 3956/3956 3957/3957
f 3958/3958 3959/3959 3960/3960
f 3961/3961 3962/3962 3963/3963
f 3964/3964 3965/3965 3966/3966
f 3967/3967 3968/3968 3969/3969
f 3970/3970 3971/3971 3972/3972
f 3973/3973 3974/3974 3975/3975
f 3976/3976 3977/3977 3978/3978
f 3979/3979 3980/3980 3981/3981
f 3982/3982 3983/3983 3984/3984
f 3985/3985 3986/3986 3987/3987
f 3988/3988 3989/3989 3990/3990
f 3991/3991 3992/3992 3993/3993
f 3994/3994 3995/3995 3996/3996
f 3997/3997 3998/3998 3999/3999
f 4000/4000 4001/4001 4002/4002
f 4003/4003 4004/4004 4005/4005
f 4006/4006 4007/4007 4008/4008
f 4009/4009 4010/4010 4011/4011
f 4012/4012 4013/4013 4014/4014
f 4015/4015 4016/4016 4017/4017
f 4018/4018 4019/4019 4020/4020
f 4021/4021 4022/4022 4023/4023
f 4024/4024 4025/4025 4026/4026
f 4027/4027 4028/4028 4029/4029
f 4030/4030 4031/4031 4032/4032
f 4033/4033 4034/4034 4035/4035
f 4036/4036 4037/4037 4038/4038
f 4039/4039 4040/4040 4041/4041
f 4042/4042 4043/4043 4044/4044
f 4045/4045 4046/4046 4047/4047
f 4048/4048 4049/4049 4050/4050
f 4051/4051 4052/4052 4053/4053
f 4054/4054 4055/4055 4056/4056
f 4057/4057 4058/4058 4059/4059
f 4060/4060 4061/4061 4062/4062
f 4063/4063 4064/4064 4065/4065
f 4066/4066 4067/4067 4068/4068
f 4069/4069 4070/4070 4071/4071
f 4072/4072 4073/4073 4074/4074
f 4075/4075 4076/4076 4077/4077
f 4078/4078 4079/4079 4080/4080
f 4081/4081 4082/4082 4083/4083
f 4084/4084 4085/4085 4086/4086
f 4087/4087 4088/4088 4089/4089
f 4090/4090 4091/4091 4092/4092
f 4093/4093 4094/4094 4095/4095
f 4096/4096 4097/4097 4098/4098
f 4099/4099 4100/4100 4101/4101
f 4102/4102 4103/4103 4104/4104
f 4105/4105 4106/4106 4107/4107
f 4108/4108 4109/4109 4110/4110
f 4111/4111 4112/4112 4113/4113
f 4114/4114 4115/4115 4116/4116
f 4117/4117 4118/4118 4119/4119
f 4120/4120 4121/4121 4122/4122
f 4123/4123 4124/4124 4125/4125
f 4126/4126 4127/4127 4128/4128
f 4129/4129 4130/4130 4131/4131
f 4132/4132 4133/4133 4134/4134
f 4135/4135 4136/4136 4137/4137
f 4138/4138 4139/4139 4140/4140
f 4141/4141 4142/4142 4143/4143
f 4144/4144 4145/4145 4146/4146
f 4147/4147 4148/4148 4149/4149
f 4150/4150 4151/4151 4152/4152
f 4153/4153 4154/4154 4155/4155
f 4156/4156 4157/4157 4158/4158
f 4159/4159 4160/4160 4161/4161
f 4162/4162 4163/4163 4164/4164
f 4165/4165 4166/4166 4167/4167
f 4168/4168 4169/4169 4170/4170
f 4171/4171 4172/4172 4173/4173
f 4174/4174 4175/4175 4176/4176
f 4177/4177 4178/4178 4179/4179
f 4180/4180 4181/4181 4182/4182
f 4183/4183 4184/4184 4185/4185
f 4186/4186 4187/4187 4188/4188
f 4189/4189 4190/4190 4191/4191
f 4192/4192 4193/4193 4194/4194
f 4195/4195 4196/4196 4197/4197
f 4198/4198 4199/4199 4200/4200
f 4201/4201 4202/4202 4203/4203
f 4204/4204 4205/4205 4206/4206
f 4207/4207 4208/4208 4209/4209
f 4210/4210 4211/4211 4212/4212
f 4213/4213 4214/4214 4215/4215
f 4216/4216 4217/4217 4218/4218
f 4219/4219 4220/4220 4221/4221
f 4222/4222 4223/4223 4224/4224
f 4225/4225 4226/4226 4227/4227
f 4228/4228 4229/4229 4230/4230
f 4231/4231 4232/4232 4233/4233
f 4234/4234 4235/4235 4236/4236
f 4237/4237 4238/4238 4239/4239
f 4240/4240 4241/4241 4242/4242
f 4243/4243 4244/4244 4245/4245
f 4246/4246 4247/4247 4248/4248
f 4249/4249 4250/4250 4251/4251
f 4252/4252 4253/4253 4254/4254
f 4255/4255 4256/4256 4257/4257
f 4258/4258 4259/4259 4260/4260
f 4261/4261 4262/4262 4263/4263
f 4264/4264 4265/4265 4266/4266
f 4267/4267 4268/4268 4269/4269
f 4270/4270 4271/4271 4272/4272
f 4273/4273 4274/4274 4275/4275
f 4276/4276 4277/4277 4278/4278
f 4279/4279 4280/4280 4281/4281
f 4282/4282 4283/4283 4284/4284
f 4285/4285 4286/4286 4287/4287
f 4288/4288 4289/4289 4290/4290
f 4291/4291 4292/4292 4293/4293
f 4294/4294 4295/4295 4296/4296
f 4297/4297 4298/4298 4299/4299
f 4300/4300 4301/4301 4302/4302
f 4303/4303 4304/4304 4305/4305
f 4306/4306 4307/4307 4308/4308
f 4309/4309 4310/4310 4311/4311
f 4312/4312 4313/4313 4314/4314
f 4315/4315 4316/4316 4317/4317
f 4318/4318 4319/4319 4320/4320
f 4321/4321 4322/4322 4323/4323
f 4324/4324 4325/4325 4326/4326
f 4327/4327 4328/4328 4329/4329
f 4330/4330 4331/4331 4332/4332
f 4333/4333 4334/4334 4335/4335
f 4336/4336 4337/4337 4338/4338
f 4339/4339 4340/4340 4341/4341
f 4342/4342 4343/4343 4344/4344
f 4345/4345 4346/4346 4347/4347
f 4348/4348 4349/4349 4350/4350
f 4351/4351 4352/4352 4353/4353
f 4354/4354 4355/4355 4356/4356
f 4357/4357 4358/4358 4359/4359
f 4360/4360 4361/4361 4362/4362
f 4363/4363 4364/4364 4365/4365
f 4366/4366 4367/4367 4368/4368
f 4369/4369 4370/4370 4371/4371
f 4372/4372 4373/4373 4374/4374
f 4375/4375 4376/4376 4377/4377
f 4378/4378 4379/4379 4380/4380
f 4381/4381 4382/4382 4383/4383
f 4384/4384 4385/4385 4386/4386
f 4387/4387 4388/4388 4389/4389
f 4390/4390 4391/4391 4392/4392
f 4393/4393 4394/4394 4395/4395
f 4396/4396 4397/4397 4398/4398
f 4399/4399 4400/4400 4401/4401
f 4402/4402 4403/4403 4404/4404
f 4405/4405 4406/4406 4407/4407
f 4408/4408 4409/4409 4410/4410
f 4411/4411 4412/4412 4413/4413
f 4414/4414 4415/4415 4416/4416
f 4417/4417 4418/4418 4419/4419
f 4420/4420 4421/4421 4422/4422
f 4423/4423 4424/4424 4425/4425
f 4426/4426 4427/4427 4428/4428
f 4429/4429 4430/4430 4431/4431
f 4432/4432 4433/4433 4434/4434
f 4435/4435 4436/4436 4437/4437
f 4438/4438 4439/4439 4440/4440
f 4441/4441 4442/4442 4443/4443
f 4444/4444 4445/4445 4446/4446
f 4447/4447 4448/4448 4449/4449
f 4450/4450 4451/4451 4452/4452
f 4453/4453 4454/4454 4455/4455
f 4456/4456 4457/4457 4458/4458
f 4459/4459 4460/4460 4461/4461
f 4462/4462 4463/4463 4464/4464
f 4465/4465 4466/4466 4467/4467
f 4468/4468 4469/4469 4470/4470
f 4471/4471 4472/4472 4473/4473
f 4474/4474 4475/4475 4476/4476
f 4477/4477 4478/4478 4479/4479
f 4480/4480 4481/4481 4482/4482
f 4483/4483 4484/4484 4485/4485
f 4486/4486 4487/4487 4488/4488
f 4489/4489 4490/4490 4491/4491
f 4492/4492 4493/4493 4494/4494
f 4495/4495 4496/4496 4497/4497
f 4498/4498 4499/4499 4500/4500
f 4501/4501 4502/4502 4503/4503
f 4504/4504 4505/4505 4506/4506
f 4507/4507 4508/4508 4509/4509
f 4510/4510 4511/4511 4512/4512
f 4513/4513 4514/4514 4515/4515
f 4516/4516 4517/4517 4518/4518
f 4519/4519 4520/4520 4521/4521
f 4522/4522 4523/4523 4524/4524
f 4525/4525 4526/4526 4527/4527
f 4528/4528 4529/4529 4530/4530
f 4531/4531 4532/4532 4533/4533
f 4534/4534 4535/4535 4536/4536
f 4537/4537 4538/4538 4539/4539
f 4540/4540 4541/4541 4542/4542
f 4543/4543 4544/4544 4545/4545
f 4546/4546 4547/4547 4548/4548
f 4549/4549 4550/4550 4551/4551
f 4552/4552 4553/4553 4554/4554
f 4555/4555 4556/4556 4557/4557
f 4558/4558 4559/4559 4560/4560
f 4561/4561 4562/4562 4563/4563
f 4564/4564 4565/4565 4566/4566
f 4567/4567 4568/4568 4569/4569
f 4570/4570 4571/4571 4572/4572
f 4573/4573 4574/4574 4575/4575
f 4576/4576 4577/4577 4578/4578
f 4579/4579 4580/4580 4581/4581
f 4582/4582 4583/4583 4584/4584
f 4585/4585 4586/4586 4587/4587
f 4588/4588 4589/4589 4590/4590
f 4591/4591 4592/4592 4593/4593
f 4594/4594 4595/4595 4596/4596
f 4597/4597 4598/4598 4599/4599
f 4600/4600 4601/4601 4602/4602
f 4603/4603 4604/4604 4605/4605
f 4606/4606 4607/4607 4608/4608
f 4609/4609 4610/4610 4611/4611
f 4612/4612 4613/4613 4614/4614
f 4615/4615 4616/4616 4617/4617
f 4618/4618 4619/4619 4620/4620
f 4621/4621 4622/4622 4623/4623
f 4624/4624 4625/4625 4626/4626
f 4627/4627 4628/4628 4629/4629
f 4630/4630 4631/4631 4632/4632
f 4633/4633 4634/4634 4635/4635
f 4636/4636 4637/4637 4638/4638
f 4639/4639 4640/4640 4641/4641
f 4642/4642 4643/4643 4644/4644
f 4645/4645 4646/4646 4647/4647
f 4648/4648 4649/4649 4650/4650
f 4651/4651 4652/4652 4653/4653
f 4654/4654 4655/4655 4656/4656
f 4657/4657 4658/4658 4659/4659
f 4660/4660 4661/4661 4662/4662
f 4663/4663 4664/4664 4665/4665
f 4666/4666 4667/4667 4668/4668
f 4669/4669 4670/4670 4671/4671
f 4672/4672 4673/4673 4674/4674
f 4675/4675 4676/4676 4677/4677
f 4678/4678 4679/4679 4680/4680
f 4681/4681 4682/4682 4683/4683
f 4684/4684 4685/4685 4686/4686
f 4687/4687 4688/4688 4689/4689
f 4690/4690 4691/4691 4692/4692
f 4693/4693 4694/4694 4695/4695
f 4696/4696 4697/4697 4698/4698
f 4699/4699 4700/4700 4701/4701
f 4702/4702 4703/4703 4704/4704
f 4705/4705 4706/4706 4707/4707
f 4708/4708 4709/4709 4710/4710
f 4711/4711 4712/4712 4713/4713
f 4714/4714 4715/4715 4716/4716
f 4717/4717 4718/4718 4719/4719
f 4720/4720 4721/4721 4722/4722
f 4723/4723 4724/4724 4725/4725
f 4726/4726 4727/4727 4728/4728
f 4729/4729 4730/4730 4731/4731
f 4732/4732 4733/4733 4734/4734
f 4735/4735 4736/4736 4737/4737
f 4738/4738 4739/4739 4740/4740
f 4741/4741 4742/4742 4743/4743
f 4744/4744 4745/4745 4746/4746
f 4747/4747 4748/4748 4749/4749
f 4750/4750 4751/4751 4752/4752
f 4753/4753 4754/4754 4755/4755
f 4756/4756 4757/4757 4758/4758
f 4759/4759 4760/4760 4761/4761
f 4762/4762 4763/4763 4764/4764
f 4765/4765 4766/4766 4767/4767
f 4768/4768 4769/4769 4770/4770
f 4771/4771 4772/4772 4773/4773
f 4774/4774 4775/4775 4776/4776
f 4777/4777 4778/4778 4779/4779
f 4780/4780 4781/4781 4782/4782
f 4783/4783 4784/4784 4785/4785
f 4786/4786 4787/4787 4788/4788
f 4789/4789 4790/4790 4791/4791
f 4792/4792 4793/4793 4794/4794
f 4795/4795 4796/4796 4797/4797
f 4798/4798 4799/4799 4800/4800
f 4801/4801 4802/4802 4803/4803
f 4804/4804 4805/4805 4806/4806
f 4807/4807 4808/4808 4809/4809
f 4810/4810 4811/4811 4812/4812
f 4813/4813 4814/4814 4815/4815
f 4816/4816 4817/4817 4818/4818
f 4819/4819 4820/4820 4821/4821
f 4822/4822 4823/4823 4824/4824
f 4825/4825 4826/4826 4827/4827
f 4828/4828 4829/4829 4830/4830
f 4831/4831 4832/4832 4833/4833
f 4834/4834 4835/4835 4836/4836
f 4837/4837 4838/4838 4839/4839
f 4840/4840 4841/4841 4842/4842
f 4843/4843 4844/4844 4845/4845
f 4846/4846 4847/4847 4848/4848
f 4849/4849 4850/4850 4851/4851
f 4852/4852 4853/4853 4854/4854
f 4855/4855 4856/4856 4857/4857
f 4858/4858 4859/4859 4860/4860
f 4861/4861 4862/4862 4863/4863
f 4864/4864 4865/4865 4866/4866
f 4867/4867 4868/4868 4869/4869
f 4870/4870 4871/4871 4872/4872
f 4873/4873 4874/4874 4875/4875
f 4876/4876 4877/4877 4878/4878
f 4879/4879 4880/4880 4881/4881
f 4882/4882 4883/4883 4884/4884
f 4885/4885 4886/4886 4887/4887
f 4888/4888 4889/4889 4890/4890
f 4891/4891 4892/4892 4893/4893
f 4894/4894 4895/4895 4896/4896
f 4897/4897 4898/4898 4899/4899
f 4900/4900 4901/4901 4902/4902
f 4903/4903 4904/4904 4905/4905
f 4906/4906 4907/4907 4908/4908
f 4909/4909 4910/4910 4911/4911
f 4912/4912 4913/4913 4914/4914
f 4915/4915 4916/4916 4917/4917
f 4918/4918 4919/4919 4920/4920
f 4921/4921 4922/4922 4923/4923
f 4924/4924 4925/4925 4926/4926
f 4927/4927 4928/4928 4929/4929
f 4930/4930 4931/4931 4932/4932
f 4933/4933 4934/4934 4935/4935
f 4936/4936 4937/4937 4938/4938
f 4939/4939 4940/4940 4941/4941
f 4942/4942 4943/4943 4944/4944
f 4945/4945 4946/4946 4947/4947
f 4948/4948 4949/4949 4950/4950
f 4951/4951 4952/4952 4953/4953
f 4954/4954 4955/4955 4956/4956
f 4957/4957 4958/4958 4959/4959
f 4960/4960 4961/4961 4962/4962
f 4963/4963 4964/4964 4965/4965
f 4966/4966 4967/4967 4968/4968
f 4969/4969 4970/4970 4971/4971
f 4972/4972 4973/4973 4974/4974
f 4975/4975 4976/4976 4977/4977
f 4978/4978 4979/4979 4980/4980
f 4981/4981 4982/4982 4983/4983
f 4984/4984 4985/4985 4986/4986
f 4987/4987 4988/4988 4989/4989
f 4990/4990 4991/4991 4992/4992
f 4993/4993 4994/4994 4995/4995
f 4996/4996 4997/4997 4998/4998
f 4999/4999 5000/5000 5001/5001
f 5002/5002 5003/5003 5004/5004
f 5005/5005 5006/5006 5007/5007
f 5008/5008 5009/5009 5010/5010
f 5011/5011 5012/5012 5013/5013
f 5014/5014 5015/5015 5016/5016
f 5017/5017 5018/5018 5019/5019
f 5020/5020 5021/5021 5022/5022
f 5023/5023 5024/5024 5025/5025
f 5026/5026 5027/5027 5028/5028
f 5029/5029 5030/5030 5031/5031
f 5032/5032 5033/5033 5034/5034
f 5035/5035 5036/5036 5037/5037
f 5038/5038 5039/5039 5040/5040
f 5041/5041 5042/5042 5043/5043
f 5044/5044 5045/5045 5046/5046
f 5047/5047 5048/5048 5049/5049
f 5050/5050 5051/5051 5052/5052
f 5053/5053 5054/5054 5055/5055
f 5056/5056 5057/5057 5058/5058
f 5059/5059 5060/5060 5061/5061
f 5062/5062 5063/5063 5064/5064
f 5065/5065 5066/5066 5067/5067
f 5068/5068 5069/5069 5070/5070
f 5071/5071 5072/5072 5073/5073
f 5074/5074 5075/5075 5076/5076
f 5077/5077 5078/5078 5079/5079
f 5080/5080 5081/5081 5082/5082
f 5083/5083 5084/5084 5085/5085
f 5086/5086 5087/5087 5088/5088
f 5089/5089 5090/5090 5091/5091
f 5092/5092 5093/5093 5094/5094
f 5095/5095 5096/5096 5097/5097
f 5098/5098 5099/5099 5100/5100
f 5101/5101 5102/5102 5103/5103
f 5104/5104 5105/5105 5106/5106
f 5107/5107 5108/5108 5109/5109
f 5110/5110 5111/5111 5112/5112
f 5113/5113 5114/5114 5115/5115
f 5116/5116 5117/5117 5118/5118
f 5119/5119 5120/5120 5121/5121
f 5122/5122 5123/5123 5124/5124
f 5125/5125 5126/5126 5127/5127
f 5128/5128 5129/5129 5130/5130
f 5131/5131 5132/5132 5133/5133
f 5134/5134 5135/5135 5136/5136
f 5137/5137 5138/5138 5139/5139
f 5140/5140 5141/5141 5142/5142
f 5143/5143 5144/5144 5145/5145
f 5146/5146 5147/5147 5148/5148
f 5149/5149 5150/5150 5151/5151
f 5152/5152 5153/5153 5154/5154
f 5155/5155 5156/5156 5157/5157
f 5158/5158 5159/5159 5160/5160
f 5161/5161 5162/5162 5163/5163
f 5164/5164 5165/5165 5166/5166
f 5167/5167 5168/5168 5169/5169
f 5170/5170 5171/5171 5172/5172
f 5173/5173 5174/5174 5175/5175
f 5176/5176 5177/5177 5178/5178
f 5179/5179 5180/5180 5181/5181
f 5182/5182 5183/5183 5184/5184
f 5185/5185 5186/5186 5187/5187
f 5188/5188 5189/5189 5190/5190
f 5191/5191 5192/5192 5193/5193
f 5194/5194 5195/5195 5196/5196
f 5197/5197 5198/5198 5199/5199
f 5200/5200 5201/5201 5202/5202
f 5203/5203 5204/5204 5205/5205
f 5206/5206 5207/5207 5208/5208
f 5209/5209 5210/5210 5211/5211
f 5212/5212 5213/5213 5214/5214
f 5215/5215 5216/5216 5217/5217
f 5218/5218 5219/5219 5220/5220
f 5221/5221 5222/5222 5223/5223
f 5224/5224 5225/5225 5226/5226
f 5227/5227 5228/5228 5229/5229
f 5230/5230 5231/5231 5232/5232
f 5233/5233 5234/5234 5235/5235
f 5236/5236 5237/5237 5238/5238
f 5239/5239 5240/5240 5241/5241
f 5242/5242 5243/5243 5244/5244
f 5245/5245 5246/5246 5247/5247
f 5248/5248 5249/5249 5250/5250
f 5251/5251 5252/5252 5253/5253
f 5254/5254 5255/5255 5256/5256
f 5257/5257 5258/5258 5259/5259
f 5260/5260 5261/5261 5262/5262
f 5263/5263 5264/5264 5265/5265
f 5266/5266 5267/5267 5268/5268
f 5269/5269 5270/5270 5271/5271
f 5272/5272 5273/5273 5274/5274
f 5275/5275 5276/5276 5277/5277
f 5278/5278 5279/5279 5280/5280
f 5281/5281 5282/5282 5283/5283
f 5284/5284 5285/5285 5286/5286
f 5287/5287 5288/5288 5289/5289
f 5290/5290 5291/5291 5292/5292
f 5293/5293 5294/5294 5295/5295
f 5296/5296 5297/5297 5298/5298
f 5299/5299 5300/5300 5301/5301
f 5302/5302 5303/5303 5304/5304
f 5305/5305 5306/5306 5307/5307
f 5308/5308 5309/5309 5310/5310
f 5311/5311 5312/5312 5313/5313
f 5314/5314 5315/5315 5316/5316
f 5317/5317 5318/5318 5319/5319
f 5320/5320 5321/5321 5322/5322
f 5323/5323 5324/5324 5325/5325
f 5326/5326 5327/5327 5328/5328
f 5329/5329 5330/5330 5331/5331
f 5332/5332 5333/5333 5334/5334
f 5335/5335 5336/5336 5337/5337
f 5338/5338 5339/5339 5340/5340
f 5341/5341 5342/5342 5343/5343
f 5344/5344 5345/5345 5346/5346
f 5347/5347 5348/5348 5349/5349
f 5350/5350 5351/5351 5352/5352
f 5353/5353 5354/5354 5355/5355
f 5356/5356 5357/5357 5358/5358
f 5359/5359 5360/5360 5361/5361
f 5362/5362 5363/5363 5364/5364
f 5365/5365 5366/5366 5367/5367
f 5368/5368 5369/5369 5370/5370
f 5371/5371 5372/5372 5373/5373
f 5374/5374 5375/5375 5376/5376
f 5377/5377 5378/5378 5379/5379
f 5380/5380 5381/5381 5382/5382
f 5383/5383 5384/5384 5385/5385
f 5386/5386 5387/5387 5388/5388
f 5389/5389 5390/5390 5391/5391
f 5392/5392 5393/5393 5394/5394
f 5395/5395 5396/5396 5397/5397
f 5398/5398 5399/5399 5400/5400
f 5401/5401 5402/5402 5403/5403
f 5404/5404 5405/5405 5406/5406
f 5407/5407 5408/5408 5409/5409
f 5410/5410 5411/5411 5412/5412
f 5413/5413 5414/5414 5415/5415
f 5416/5416 5417/5417 5418/5418
f 5419/5419 5420/5420 5421/5421
f 5422/5422 5423/5423 5424/5424
f 5425/5425 5426/5426 5427/5427
f 5428/5428 5429/5429 5430/5430
f 5431/5431 5432/5432 5433/5433
f 5434/5434 5435/5435 5436/5436
f 5437/5437 5438/5438 5439/5439
f 5440/5440 5441/5441 5442/5442
f 5443/5443 5444/5444 5445/5445
f 5446/5446 5447/5447 5448/5448
f 5449/5449 5450/5450 5451/5451
f 5452/5452 5453/5453 5454/5454
f 5455/5455 5456/5456 5457/5457
f 5458/5458 5459/5459 5460/5460
f 5461/5461 5462/5462 5463/5463
f 5464/5464 5465/5465 5466/5466
f 5467/5467 5468/5468 5469/5469
f 5470/5470 5471/5471 5472/5472
f 5473/5473 5474/5474 5475/5475
f 5476/5476 5477/5477 5478/5478
f 5479/5479 5480/5480 5481/5481
f 5482/5482 5483/5483 5484/5484
f 5485/5485 5486/5486 5487/5487
f 5488/5488 5489/5489 5490/5490
f 5491/5491 5492/5492 5493/5493
f 5494/5494 5495/5495 5496/5496
f 5497/5497 5498/5498 5499/5499
f 5500/5500 5501/5501 5502/5502
f 5503/5503 5504/5504 5505/5505
f 5506/5506 5507/5507 5508/5508
f 5509/5509 5510/5510 5511/5511
f 5512/5512 5513/5513 5514/5514
f 5515/5515 5516/5516 5517/5517
f 5518/5518 5519/5519 5520/5520
f 5521/5521 5522/5522 5523/5523
f 5524/5524 5525/5525 5526/5526
f 5527/5527 5528/5528 5529/5529
f 5530/5530 5531/5531 5532/5532
f 5533/5533 5534/5534 5535/5535
f 5536/5536 5537/5537 5538/5538
f 5539/5539 5540/5540 5541/5541
f 5542/5542 5543/5543 5544/5544
f 5545/5545 5546/5546 5547/5547
f 5548/5548 5549/5549 5550/5550
f 5551/5551 5552/5552 5553/5553
f 5554/5554 5555/5555 5556/5556
f 5557/5557 5558/5558 5559/5559
f 5560/5560 5561/5561 5562/5562
f 5563/5563 5564/5564 5565/5565
f 5566/5566 5567/5567 5568/5568
f 5569/5569 5570/5570 5571/5571
f 5572/5572 5573/5573 5574/5574
f 5575/5575 5576/5576 5577/5577
f 5578/5578 5579/5579 5580/5580
f 5581/5581 5582/5582 5583/5583
f 5584/5584 5585/5585 5586/5586
f 5587/5587 5588/5588 5589/5589
f 5590/5590 5591/5591 5592/5592
f 5593/5593 5594/5594 5595/5595
f 5596/5596 5597/5597 5598/5598
f 5599/5599 5600/5600 5601/5601
f 5602/5602 5603/5603 5604/5604
f 5605/5605 5606/5606 5607/5607
f 5608/5608 5609/5609 5610/5610
f 5611/5611 5612/5612 5613/5613
f 5614/5614 5615/5615 5616/5616
f 5617/5617 5618/5618 5619/5619
f 5620/5620 5621/5621 5622/5622
f 5623/5623 5624/5624 5625/5625
f 5626/5626 5627/5627 5628/5628
f 5629/5629 5630/5630 5631/5631
f 5632/5632 5633/5633 5634/5634
f 5635/5635 5636/5636 5637/5637
f 5638/5638 5639/5639 5640/5640
f 5641/5641 5642/5642 5643/5643
f 5644/5644 5645/5645 5646/5646
f 5647/5647 5648/5648 5649/5649
f 5650/5650 5651/5651 5652/5652
f 5653/5653 5654/5654 5655/5655
f 5656/5656 5657/5657 5658/5658
f 5659/5659 5660/5660 5661/5661
f 5662/5662 5663/5663 5664/5664
f 5665/5665 5666/5666 5667/5667
f 5668/5668 5669/5669 5670/5670
f 5671/5671 5672/5672 5673/5673
f 5674/5674 5675/5675 5676/5676
f 5677/5677 5678/5678 5679/5679
f 5680/5680 5681/5681 5682/5682
f 5683/5683 5684/5684 5685/5685
f 5686/5686 5687/5687 5688/5688
f 5689/5689 5690/5690 5691/5691
f 5692/5692 5693/5693 5694/5694
f 5695/5695 5696/5696 5697/5697
f 5698/5698 5699/5699 5700/5700
f 5701/5701 5702/5702 5703/5703
f 5704/5704 5705/5705 5706/5706
f 5707/5707 5708/5708 5709/5709
f 5710/5710 5711/5711 5712/5712
f 5713/5713 5714/5714 5715/5715
f 5716/5716 5717/5717 5718/5718
f 5719/5719 5720/5720 5721/5721
f 5722/5722 5723/5723 5724/5724
f 5725/5725 5726/5726 5727/5727
f 5728/5728 5729/5729 5730/5730
f 5731/5731 5732/5732 5733/5733
f 5734/5734 5735/5735 5736/5736
f 5737/5737 5738/5738 5739/5739
f 5740/5740 5741/5741 5742/5742
f 5743/5743 5744/5744 5745/5745
f 5746/5746 5747/5747 5748/5748
f 5749/5749 5750/5750 5751/5751
f 5752/5752 5753/5753 5754/5754
f 5755/5755 5756/5756 5757/5757
f 5758/5758 5759/5759 5760/5760
f 5761/5761 5762/5762 5763/5763
f 5764/5764 5765/5765 5766/5766
f 5767/5767 5768/5768 5769/5769
f 5770/5770 5771/5771 5772/5772
f 5773/5773 5774/5774 5775/5775
f 5776/5776 5777/5777 5778/5778
f 5779/5779 5780/5780 5781/5781
f 5782/5782 5783/5783 5784/5784
f 5785/5785 5786/5786 5787/5787
f 5788/5788 5789/5789 5790/5790
f 5791/5791 5792/5792 5793/5793
f 5794/5794 5795/5795 5796/5796
f 5797/5797 5798/5798 5799/5799
f 5800/5800 5801/5801 5802/5802
f 5803/5803 5804/5804 5805/5805
f 5806/5806 5807/5807 5808/5808
f 5809/5809 5810/5810 5811/5811
f 5812/5812 5813/5813 5814/5814
f 5815/5815 5816/5816 5817/5817
f 5818/5818 5819/5819 5820/5820
f 5821/5821 5822/5822 5823/5823
f 5824/5824 5825/5825 5826/5826
f 5827/5827 5828/5828 5829/5829
f 5830/5830 5831/5831 5832/5832
f 5833/5833 5834/5834 5835/5835
f 5836/5836 5837/5837 5838/5838
f 5839/5839 5840/5840 5841/5841
f 5842/5842 5843/5843 5844/5844
f 5845/5845 5846/5846 5847/5847
f 5848/5848 5849/5849 5850/5850
f 5851/5851 5852/5852 5853/5853
f 5854/5854 5855/5855 5856/5856
f 5857/5857 5858/5858 5859/5859
f 5860/5860 5861/5861 5862/5862
f 5863/5863 5864/5864 5865/5865
f 5866/5866 5867/5867 5868/5868
f 5869/5869 5870/5870 5871/5871
f 5872/5872 5873/5873 5874/5874
f 5875/5875 5876/5876 5877/5877
f 5878/5878 5879/5879 5880/5880
f 5881/5881 5882/5882 5883/5883
f 5884/5884 5885/5885 5886/5886
f 5887/5887 5888/5888 5889/5889
f 5890/5890 5891/5891 5892/5892
f 5893/5893 5894/5894 5895/5895
f 5896/5896 5897/5897 5898/5898
f 5899/5899 5900/5900 5901/5901
f 5902/5902 5903/5903 5904/5904
f 5905/5905 5906/5906 5907/5907
f 5908/5908 5909/5909 5910/5910
f 5911/5911 5912/5912 5913/5913
f 5914/5914 5915/5915 5916/5916
f 5917/5917 5918/5918 5919/5919
f 5920/5920 5921/5921 5922/5922
f 5923/5923 5924/5924 5925/5925
f 5926/5926 5927/5927 5928/5928
f 5929/5929 5930/5930 5931/5931
f 5932/5932 5933/5933 5934/5934
f 5935/5935 5936/5936 5937/5937
f 5938/5938 5939/5939 5940/5940
f 5941/5941 5942/5942 5943/5943
f 5944/5944 5945/5945 5946/5946
f 5947/5947 5948/5948 5949/5949
f 5950/5950 5951/5951 5952/5952
f 5953/5953 5954/5954 5955/5955
f 5956/5956 5957/5957 5958/5958
f 5959/5959 5960/5960 5961/5961
f 5962/5962 5963/5963 5964/5964
f 5965/5965 5966/5966 5967/5967
f 5968/5968 5969/5969 5970/5970
f 5971/5971 5972/5972 5973/5973
f 5974/5974 5975/5975 5976/5976
f 5977/5977 5978/5978 5979/5979
f 5980/5980 5981/5981 5982/5982
f 5983/5983 5984/5984 5985/5985
f 5986/5986 5987/5987 5988/5988
f 5989/5989 5990/5990 5991/5991
f 5992/5992 5993/5993 5994/5994
f 5995/5995 5996/5996 5997/5997
f 5998/5998 5999/5999 6000/6000
f 6001/6001 6002/6002 6003/6003
f 6004/6004 6005/6005 6006/6006
f 6007/6007 6008/6008 6009/6009
f 6010/6010 6011/6011 6012/6012
f 6013/6013 6014/6014 6015/6015
f 6016/6016 6017/6017 6018/6018
f 6019/6019 6020/6020 6021/6021
f 6022/6022 6023/6023 6024/6024
f 6025/6025 6026/6026 6027/6027
f 6028/6028 6029/6029 6030/6030
f 6031/6031 6032/6032 6033/6033
f 6034/6034 6035/6035 6036/6036
f 6037/6037 6038/6038 6039/6039
f 6040/6040 6041/6041 6042/6042
f 6043/6043 6044/6044 6045/6045
f 6046/6046 6047/6047 6048/6048
f 6049/6049 6050/6050 6051/6051
f 6052/6052 6053/6053 6054/6054
f 6055/6055 6056/6056 6057/6057
f 6058/6058 6059/6059 6060/6060
f 6061/6061 6062/6062 6063/6063
f 6064/6064 6065/6065 6066/6066
f 6067/6067 6068/6068 6069/6069
f 6070/6070 6071/6071 6072/6072
f 6073/6073 6074/6074 6075/6075
f 6076/6076 6077/6077 6078/6078
f 6079/6079 6080/6080 6081/6081
f 6082/6082 6083/6083 6084/6084
f 6085/6085 6086/6086 6087/6087
f 6088/6088 6089/6089 6090/6090
f 6091/6091 6092/6092 6093/6093
f 6094/6094 6095/6095 6096/6096
f 6097/6097 6098/6098 6099/6099
f 6100/6100 6101/6101 6102/6102
f 6103/6103 6104/6104 6105/6105
f 6106/6106 6107/6107 6108/6108
f 6109/6109 6110/6110 6111/6111
f 6112/6112 6113/6113 6114/6114
f 6115/6115 6116/6116 6117/6117
f 6118/6118 6119/6119 6120/6120
f 6121/6121 6122/6122 6123/6123
f 6124/6124 6125/6125 6126/6126
f 6127/6127 6128/6128 6129/6129
f 6130/6130 6131/6131 6132/6132
f 6133/6133 6134/6134 6135/6135
f 6136/6136 6137/6137 6138/6138
f 6139/6139 6140/6140 6141/6141
f 6142/6142 6143/6143 6144/6144
f 6145/6145 6146/6146 6147/6147
f 6148/6148 6149/6149 6150/6150
f 6151/6151 6152/6152 6153/6153
f 6154/6154 6155/6155 6156/6156
f 6157/6157 6158/6158 6159/6159
f 6160/6160 6161/6161 6162/6162
f 6163/6163 6164/6164 6165/6165
f 6166/6166 6167/6167 6168/6168
f 6169/6169 6170/6170 6171/6171
f 6172/6172 6173/6173 6174/6174
f 6175/6175 6176/6176 6177/6177
f 6178/6178 6179/6179 6180/6180
f 6181/6181 6182/6182 6183/6183
f 6184/6184 6185/6185 6186/6186
f 6187/6187 6188/6188 6189/6189
f 6190/6190 6191/6191 6192/6192
f 6193/6193 6194/6194 6195/6195
f 6196/6196 6197/6197 6198/6198
f 6199/6199 6200/6200 6201/6201
f 6202/6202 6203/6203 6204/6204
f 6205/6205 6206/6206 6207/6207
f 6208/6208 6209/6209 6210/6210
f 6211/6211 6212/6212 6213/6213
f 6214/6214 6215/6215 6216/6216
f 6217/6217 6218/6218 6219/6219
f 6220/6220 6221/6221 6222/6222
f 6223/6223 6224/6224 6225/6225
f 6226/6226 6227/6227 6228/6228
f 6229/6229 6230/6230 6231/6231
f 6232/6232 6233/6233 6234/6234
f 6235/6235 6236/6236 6237/6237
f 6238/6238 6239/6239 6240/6240
f 6241/6241 6242/6242 6243/6243
f 6244/6244 6245/6245 6246/6246
f 6247/6247 6248/6248 6249/6249
f 6250/6250 6251/6251 6252/6252
f 6253/6253 6254/6254 6255/6255
f 6256/6256 6257/6257 6258/6258
f 6259/6259 6260/6260 6261/6261
f 6262/6262 6263/6263 6264/6264
f 6265/6265 6266/6266 6267/6267
f 6268/6268 6269/6269 6270/6270
f 6271/6271 6272/6272 6273/6273
f 6274/6274 6275/6275 6276/6276
f 6277/6277 6278/6278 6279/6279
f 6280/6280 6281/6281 6282/6282
f 6283/6283 6284/6284 6285/6285
f 6286/6286 6287/6287 6288/6288
f 6289/6289 6290/6290 6291/6291
f 6292/6292 6293/6293 6294/6294
f 6295/6295 6296/6296 6297/6297
f 6298/6298 6299/6299 6300/6300
f 6301/6301 6302/6302 6303/6303
f 6304/6304 6305/6305 6306/6306
f 6307/6307 6308/6308 6309/6309
f 6310/6310 6311/6311 6312/6312
f 6313/6313 6314/6314 6315/6315
f 6316/6316 6317/6317 6318/6318
f 6319/6319 6320/6320 6321/6321
f 6322/6322 6323/6323 6324/6324
f 6325/6325 6326/6326 6327/6327
f 6328/6328 6329/6329 6330/6330
f 6331/6331 6332/6332 6333/6333
f 6334/6334 6335/6335 6336/6336
f 6337/6337 6338/6338 6339/6339
f 6340/6340 6341/6341 6342/6342
f 6343/6343 6344/6344 6345/6345
f 6346/6346 6347/6347 6348/6348
f 6349/6349 6350/6350 6351/6351
f 6352/6352 6353/6353 6354/6354
f 6355/6355 6356/6356 6357/6357
f 6358/6358 6359/6359 6360/6360
f 6361/6361 6362/6362 6363/6363
f 6364/6364 6365/6365 6366/6366
f 6367/6367 6368/6368 6369/6369
f 6370/6370 6371/6371 6372/6372
f 6373/6373 6374/6374 6375/6375
f 6376/6376 6377/6377 6378/6378
f 6379/6379 6380/6380 6381/6381
f 6382/6382 6383/6383 6384/6384
f 6385/6385 6386/6386 6387/6387
f 6388/6388 6389/6389 6390/6390
f 6391/6391 6392/6392 6393/6393
f 6394/6394 6395/6395 6396/6396
f 6397/6397 6398/6398 6399/6399
f 6400/6400 6401/6401 6402/6402
f 6403/6403 6404/6404 6405/6405
f 6406/6406 6407/6407 6408/6408
f 6409/6409 6410/6410 6411/6411
f 6412/6412 6413/6413 6414/6414
f 6415/6415 6416/6416 6417/6417
f 6418/6418 6419/6419 6420/6420
f 6421/6421 6422/6422 6423/6423
f 6424/6424 6425/6425 6426/6426
f 6427/6427 6428/6428 6429/6429
f 6430/6430 6431/6431 6432/6432
f 6433/6433 6434/6434 6435/6435
f 6436/6436 6437/6437 6438/6438
f 6439/6439 6440/6440 6441/6441
f 6442/6442 6443/6443 6444/6444
f 6445/6445 6446/6446 6447/6447
f 6448/6448 6449/6449 6450/6450
f 6451/6451 6452/6452 6453/6453
f 6454/6454 6455/6455 6456/6456
f 6457/6457 6458/6458 6459/6459
f 6460/6460 6461/6461 6462/6462
f 6463/6463 6464/6464 6465/6465
f 6466/6466 6467/6467 6468/6468
f 6469/6469 6470/6470 6471/6471
f 6472/6472 6473/6473 6474/6474
f 6475/6475 6476/6476 6477/6477
f 6478/6478 6479/6479 6480/6480
f 6481/6481 6482/6482 6483/6483
f 6484/6484 6485/6485 6486/6486
f 6487/6487 6488/6488 6489/6489
f 6490/6490 6491/6491 6492/6492
f 6493/6493 6494/6494 6495/6495
f 6496/6496 6497/6497 6498/6498
f 6499/6499 6500/6500 6501/6501
f 6502/6502 6503/6503 6504/6504
f 6505/6505 6506/6506 6507/6507
f 6508/6508 6509/6509 6510/6510
f 6511/6511 6512/6512 6513/6513
f 6514/6514 6515/6515 6516/6516
f 6517/6517 6518/6518 6519/6519
f 6520/6520 6521/6521 6522/6522
f 6523/6523 6524/6524 6525/6525
f 6526/6526 6527/6527 6528/6528
f 6529/6529 6530/6530 6531/6531
f 6532/6532 6533/6533 6534/6534
f 6535/6535 6536/6536 6537/6537
f 6538/6538 6539/6539 6540/6540
f 6541/6541 6542/6542 6543/6543
f 6544/6544 6545/6545 6546/6546
f 6547/6547 6548/6548 6549/6549
f 6550/6550 6551/6551 6552/6552
f 6553/6553 6554/6554 6555/6555
f 6556/6556 6557/6557 6558/6558
f 6559/6559 6560/6560 6561/6561
f 6562/6562 6563/6563 6564/6564
f 6565/6565 6566/6566 6567/6567
f 6568/6568 6569/6569 6570/6570
f 6571/6571 6572/6572 6573/6573
f 6574/6574 6575/6575 6576/6576
f 6577/6577 6578/6578 6579/6579
f 6580/6580 6581/6581 6582/6582
f 6583/6583 6584/6584 6585/6585
f 6586/6586 6587/6587 6588/6588
f 6589/6589 6590/6590 6591/6591
f 6592/6592 6593/6593 6594/6594
f 6595/6595 6596/6596 6597/6597
f 6598/6598 6599/6599 6600/6600
f 6601/6601 6602/6602 6603/6603
f 6604/6604 6605/6605 6606/6606
f 6607/6607 6608/6608 6609/6609
f 6610/6610 6611/6611 6612/6612
f 6613/6613 6614/6614 6615/6615
f 6616/6616 6617/6617 6618/6618
f 6619/6619 6620/6620 6621/6621
f 6622/6622 6623/6623 6624/6624
f 6625/6625 6626/6626 6627/6627
f 6628/6628 6629/6629 6630/6630
f 6631/6631 6632/6632 6633/6633
f 6634/6634 6635/6635 6636/6636
f 6637/6637 6638/6638 6639/6639
f 6640/6640 6641/6641 6642/6642
f 6643/6643 6644/6644 6645/6645
f 6646/6646 6647/6647 6648/6648
f 6649/6649 6650/6650 6651/6651
f 6652/6652 6653/6653 6654/6654
f 6655/6655 6656/6656 6657/6657
f 6658/6658 6659/6659 6660/6660
f 6661/6661 6662/6662 6663/6663
f 6664/6664 6665/6665 6666/6666
f 6667/6667 6668/6668 6669/6669
f 6670/6670 6671/6671 6672/6672
f 6673/6673 6674/6674 6675/6675
f 6676/6676 6677/6677 6678/6678
f 6679/6679 6680/6680 6681/6681
f 6682/6682 6683/6683 6684/6684
f 6685/6685 6686/6686 6687/6687
f 6688/6688 6689/6689 6690/6690
f 6691/6691 6692/6692 6693/6693
f 6694/6694 6695/6695 6696/6696
f 6697/6697 6698/6698 6699/6699
f 6700/6700 6701/6701 6702/6702
f 6703/6703 6704/6704 6705/6705
f 6706/6706 6707/6707 6708/6708
f 6709/6709 6710/6710 6711/6711
f 6712/6712 6713/6713 6714/6714
f 6715/6715 6716/6716 6717/6717
f 6718/6718 6719/6719 6720/6720
f 6721/6721 6722/6722 6723/6723
f 6724/6724 6725/6725 6726/6726
f 6727/6727 6728/6728 6729/6729
f 6730/6730 6731/6731 6732/6732
f 6733/6733 6734/6734 6735/6735
f 6736/6736 6737/6737 6738/6738
f 6739/6739 6740/6740 6741/6741
f 6742/6742 6743/6743 6744/6744
f 6745/6745 6746/6746 6747/6747
f 6748/6748 6749/6749 6750/6750
f 6751/6751 6752/6752 6753/6753
f 6754/6754 6755/6755 6756/6756
f 6757/6757 6758/6758 6759/6759
f 6760/6760 6761/6761 6762/6762
f 6763/6763 6764/6764 6765/6765
f 6766/6766 6767/6767 6768/6768
f 6769/6769 6770/6770 6771/6771
f 6772/6772 6773/6773 6774/6774
f 6775/6775 6776/6776 6777/6777
f 6778/6778 6779/6779 6780/6780
f 6781/6781 6782/6782 6783/6783
f 6784/6784 6785/6785 6786/6786
f 6787/6787 6788/6788 6789/6789
f 6790/6790 6791/6791 6792/6792
f 6793/6793 6794/6794 6795/6795
f 6796/6796 6797/6797 6798/6798
f 6799/6799 6800/6800 6801/6801
f 6802/6802 6803/6803 6804/6804
f 6805/6805 6806/6806 6807/6807
f 6808/6808 6809/6809 6810/6810
f 6811/6811 6812/6812 6813/6813
f 6814/6814 6815/6815 6816/6816
f 6817/6817 6818/6818 6819/6819
f 6820/6820 6821/6821 6822/6822
f 6823/6823 6824/6824 6825/6825
f 6826/6826 6827/6827 6828/6828
f 6829/6829 6830/6830 6831/6831
f 6832/6832 6833/6833 6834/6834
f 6835/6835 6836/6836 6837/6837
f 6838/6838 6839/6839 6840/6840
f 6841/6841 6842/6842 6843/6843
f 6844/6844 6845/6845 6846/6846
f 6847/6847 6848/6848 6849/6849
f 6850/6850 6851/6851 6852/6852
f 6853/6853 6854/6854 6855/6855
f 6856/6856 6857/6857 6858/6858
f 6859/6859 6860/6860 6861/6861
f 6862/6862 6863/6863 6864/6864
f 6865/6865 6866/6866 6867/6867
f 6868/6868 6869/6869 6870/6870
f 6871/6871 6872/6872 6873/6873
f 6874/6874 6875/6875 6876/6876
f 6877/6877 6878/6878 6879/6879
f 6880/6880 6881/6881 6882/6882
f 6883/6883 6884/6884 6885/6885
f 6886/6886 6887/6887 6888/6888
f 6889/6889 6890/6890 6891/6891
f 6892/6892 6893/6893 6894/6894
f 6895/6895 6896/6896 6897/6897
f 6898/6898 6899/6899 6900/6900
f 6901/6901 6902/6902 6903/6903
f 6904/6904 6905/6905 6906/6906
f 6907/6907 6908/6908 6909/6909
f 6910/6910 6911/6911 6912/6912
f 6913/6913 6914/6914 6915/6915
f 6916/6916 6917/6917 6918/6918
f 6919/6919 6920/6920 6921/6921
f 6922/6922 6923/6923 6924/6924
f 6925/6925 6926/6926 6927/6927
f 6928/6928 6929/6929 6930/6930
f 6931/6931 6932/6932 6933/6933
f 6934/6934 6935/6935 6936/6936
f 6937/6937 6938/6938 6939/6939
f 6940/6940 6941/6941 6942/6942
f 6943/6943 6944/6944 6945/6945
f 6946/6946 6947/6947 6948/6948
f 6949/6949 6950/6950 6951/6951
f 6952/6952 6953/6953 6954/6954
f 6955/6955 6956/6956 6957/6957
f 6958/6958 6959/6959 6960/6960
f 6961/6961 6962/6962 6963/6963
f 6964/6964 6965/6965 6966/6966
f 6967/6967 6968/6968 6969/6969
f 6970/6970 6971/6971 6972/6972
f 6973/6973 6974/6974 6975/6975
f 6976/6976 6977/6977 6978/6978
f 6979/6979 6980/6980 6981/6981
f 6982/6982 6983/6983 6984/6984
f 6985/6985 6986/6986 6987/6987
f 6988/6988 6989/6989 6990/6990
f 6991/6991 6992/6992 6993/6993
f 6994/6994 6995/6995 6996/6996
f 6997/6997 6998/6998 6999/6999
f 7000/7000 7001/7001 7002/7002
f 7003/7003 7004/7004 7005/7005
f 7006/7006 7007/7007 7008/7008
f 7009/7009 7010/7010 7011/7011
f 7012/7012 7013/7013 7014/7014
f 7015/7015 7016/7016 7017/7017
f 7018/7018 7019/7019 7020/7020
f 7021/7021 7022/7022 7023/7023
f 7024/7024 7025/7025 7026/7026
f 7027/7027 7028/7028 7029/7029
f 7030/7030 7031/7031 7032/7032
f 7033/7033 7034/7034 7035/7035
f 7036/7036 7037/7037 7038/7038
f 7039/7039 7040/7040 7041/7041
f 7042/7042 7043/7043 7044/7044
f 7045/7045 7046/7046 7047/7047
f 7048/7048 7049/7049 7050/7050
f 7051/7051 7052/7052 7053/7053
f 7054/7054 7055/7055 7056/7056
f 7057/7057 7058/7058 7059/7059
f 7060/7060 7061/7061 7062/7062
f 7063/7063 7064/7064 7065/7065
f 7066/7066 7067/7067 7068/7068
f 7069/7069 7070/7070 7071/7071
f 7072/7072 7073/7073 7074/7074
f 7075/7075 7076/7076 7077/7077
f 7078/7078 7079/7079 7080/7080
f 7081/7081 7082/7082 7083/7083
f 7084/7084 7085/7085 7086/7086
f 7087/7087 7088/7088 7089/7089
f 7090/7090 7091/7091 7092/7092
f 7093/7093 7094/7094 7095/7095
f 7096/7096 7097/7097 7098/7098
f 7099/7099 7100/7100 7101/7101
f 7102/7102 7103/7103 7104/7104
f 7105/7105 7106/7106 7107/7107
f 7108/7108 7109/7109 7110/7110
f 7111/7111 7112/7112 7113/7113
f 7114/7114 7115/7115 7116/7116
f 7117/7117 7118/7118 7119/7119
f 7120/7120 7121/7121 7122/7122
f 7123/7123 7124/7124 7125/7125
f 7126/7126 7127/7127 7128/7128
f 7129/7129 7130/7130 7131/7131
f 7132/7132 7133/7133 7134/7134
f 7135/7135 7136/7136 7137/7137
f 7138/7138 7139/7139 7140/7140
f 7141/7141 7142/7142 7143/7143
f 7144/7144 7145/7145 7146/7146
f 7147/7147 7148/7148 7149/7149
f 7150/7150 7151/7151 7152/7152
f 7153/7153 7154/7154 7155/7155
f 7156/7156 7157/7157 7158/7158
f 7159/7159 7160/7160 7161/7161
f 7162/7162 7163/7163 7164/7164
f 7165/7165 7166/7166 7167/7167
f 7168/7168 7169/7169 7170/7170
f 7171/7171 7172/7172 7173/7173
f 7174/7174 7175/7175 7176/7176
f 7177/7177 7178/7178 7179/7179
f 7180/7180 7181/7181 7182/7182
f 7183/7183 7184/7184 7185/7185
f 7186/7186 7187/7187 7188/7188
f 7189/7189 7190/7190 7191/7191
f 7192/7192 7193/7193 7194/7194
f 7195/7195 7196/7196 7197/7197
f 7198/7198 7199/7199 7200/7200
f 7201/7201 7202/7202 7203/7203
f 7204/7204 7205/7205 7206/7206
f 7207/7207 7208/7208 7209/7209
f 7210/7210 7211/7211 7212/7212
f 7213/7213 7214/7214 7215/7215
f 7216/7216 7217/7217 7218/7218
f 7219/7219 7220/7220 7221/7221
f 7222/7222 7223/7223 7224/7224
f 7225/7225 7226/7226 7227/7227
f 7228/7228 7229/7229 7230/7230
f 7231/7231 7232/7232 7233/7233
f 7234/7234 7235/7235 7236/7236
f 7237/7237 7238/7238 7239/7239
f 7240/7240 7241/7241 7242/7242
f 7243/7243 7244/7244 7245/7245
f 7246/7246 7247/7247 7248/7248
f 7249/7249 7250/7250 7251/7251
f 7252/7252 7253/7253 7254/7254
f 7255/7255 7256/7256 7257/7257
f 7258/7258 7259/7259 7260/7260
f 7261/7261 7262/7262 7263/7263
f 7264/7264 7265/7265 7266/7266
f 7267/7267 7268/7268 7269/7269
f 7270/7270 7271/7271 7272/7272
f 7273/7273 7274/7274 7275/7275
f 7276/7276 7277/7277 7278/7278
f 7279/7279 7280/7280 7281/7281
f 7282/7282 7283/7283 7284/7284
f 7285/7285 7286/7286 7287/7287
f 7288/7288 7289/7289 7290/7290
f 7291/7291 7292/7292 7293/7293
f 7294/7294 7295/7295 7296/7296
f 7297/7297 7298/7298 7299/7299
f 7300/7300 7301/7301 7302/7302
f 7303/7303 7304/7304 7305/7305
f 7306/7306 7307/7307 7308/7308
f 7309/7309 7310/7310 7311/7311
f 7312/7312 7313/7313 7314/7314
f 7315/7315 7316/7316 7317/7317
f 7318/7318 7319/7319 7320/7320
f 7321/7321 7322/7322 7323/7323
f 7324/7324 7325/7325 7326/7326
f 7327/7327 7328/7328 7329/7329
f 7330/7330 7331/7331 7332/7332
f 7333/7333 7334/7334 7335/7335
f 7336/7336 7337/7337 7338/7338
f 7339/7339 7340/7340 7341/7341
f 7342/7342 7343/7343 7344/7344
f 7345/7345 7346/7346 7347/7347
f 7348/7348 7349/7349 7350/7350
f 7351/7351 7352/7352 7353/7353
f 7354/7354 7355/7355 7356/7356
f 7357/7357 7358/7358 7359/7359
f 7360/7360 7361/7361 7362/7362
f 7363/7363 7364/7364 7365/7365
f 7366/7366 7367/7367 7368/7368
f 7369/7369 7370/7370 7371/7371
f 7372/7372 7373/7373 7374/7374
f 7375/7375 7376/7376 7377/7377
f 7378/7378 7379/7379 7380/7380
f 7381/7381 7382/7382 7383/7383
f 7384/7384 7385/7385 7386/7386
f 7387/7387 7388/7388 7389/7389
f 7390/7390 7391/7391 7392/7392
f 7393/7393 7394/7394 7395/7395
f 7396/7396 7397/7397 7398/7398
f 7399/7399 7400/7400 7401/7401
f 7402/7402 7403/7403 7404/7404
f 7405/7405 7406/7406 7407/7407
f 7408/7408 7409/7409 7410/7410
f 7411/7411 7412/7412 7413/7413
f 7414/7414 7415/7415 7416/7416
f 7417/7417 7418/7418 7419/7419
f 7420/7420 7421/7421 7422/7422
f 7423/7423 7424/7424 7425/7425
f 7426/7426 7427/7427 7428/7428
f 7429/7429 7430/7430 7431/7431
f 7432/7432 7433/7433 7434/7434
f 7435/7435 7436/7436 7437/7437
f 7438/7438 7439/7439 7440/7440
f 7441/7441 7442/7442 7443/7443
f 7444/7444 7445/7445 7446/7446
f 7447/7447 7448/7448 7449/7449
f 7450/7450 7451/7451 7452/7452
f 7453/7453 7454/7454 7455/7455
f 7456/7456 7457/7457 7458/7458
f 7459/7459 7460/7460 7461/7461
f 7462/7462 7463/7463 7464/7464
f 7465/7465 7466/7466 7467/7467
f 7468/7468 7469/7469 7470/7470
f 7471/7471 7472/7472 7473/7473
f 7474/7474 7475/7475 7476/7476
f 7477/7477 7478/7478 7479/7479
f 7480/7480 7481/7481 7482/7482
f 7483/7483 7484/7484 7485/7485
f 7486/7486 7487/7487 7488/7488
f 7489/7489 7490/7490 7491/7491
f 7492/7492 7493/7493 7494/7494
f 7495/7495 7496/7496 7497/7497
f 7498/7498 7499/7499 7500/7500
f 7501/7501 7502/7502 7503/7503
f 7504/7504 7505/7505 7506/7506
f 7507/7507 7508/7508 7509/7509
f 7510/7510 7511/7511 7512/7512
f 7513/7513 7514/7514 7515/7515
f 7516/7516 7517/7517 7518/7518
f 7519/7519 7520/7520 7521/7521
f 7522/7522 7523/7523 7524/7524
f 7525/7525 7526/7526 7527/7527
f 7528/7528 7529/7529 7530/7530
f 7531/7531 7532/7532 7533/7533
f 7534/7534 7535/7535 7536/7536
f 7537/7537 7538/7538 7539/7539
f 7540/7540 7541/7541 7542/7542
f 7543/7543 7544/7544 7545/7545
f 7546/7546 7547/7547 7548/7548
f 7549/7549 7550/7550 7551/7551
f 7552/7552 7553/7553 7554/7554
f 7555/7555 7556/7556 7557/7557
f 7558/7558 7559/7559 7560/7560
f 7561/7561 7562/7562 7563/7563
f 7564/7564 7565/7565 7566/7566
f 7567/7567 7568/7568 7569/7569
f 7570/7570 7571/7571 7572/7572
f 7573/7573 7574/7574 7575/7575
f 7576/7576 7577/7577 7578/7578
f 7579/7579 7580/7580 7581/7581
f 7582/7582 7583/7583 7584/7584
f 7585/7585 7586/7586 7587/7587
f 7588/7588 7589/7589 7590/7590
f 7591/7591 7592/7592 7593/7593
f 7594/7594 7595/7595 7596/7596
f 7597/7597 7598/7598 7599/7599
f 7600/7600 7601/7601 7602/7602
f 7603/7603 7604/7604 7605/7605
f 7606/7606 7607/7607 7608/7608
f 7609/7609 7610/7610 7611/7611
f 7612/7612 7613/7613 7614/7614
f 7615/7615 7616/7616 7617/7617
f 7618/7618 7619/7619 7620/7620
f 7621/7621 7622/7622 7623/7623
f 7624/7624 7625/7625 7626/7626
f 7627/7627 7628/7628 7629/7629
f 7630/7630 7631/7631 7632/7632
f 7633/7633 7634/7634 7635/7635
f 7636/7636 7637/7637 7638/7638
f 7639/7639 7640/7640 7641/7641
f 7642/7642 7643/7643 7644/7644
f 7645/7645 7646/7646 7647/7647
f 7648/7648 7649/7649 7650/7650
f 7651/7651 7652/7652 7653/7653
f 7654/7654 7655/7655 7656/7656
f 7657/7657 7658/7658 7659/7659
f 7660/7660 7661/7661 7662/7662
f 7663/7663 7664/7664 7665/7665
f 7666/7666 7667/7667 7668/7668
f 7669/7669 7670/7670 7671/7671
f 7672/7672 7673/7673 7674/7674
f 7675/7675 7676/7676 7677/7677
f 7678/7678 7679/7679 7680/7680
f 7681/7681 7682/7682 7683/7683
f 7684/7684 7685/7685 7686/7686
f 7687/7687 7688/7688 7689/7689
f 7690/7690 7691/7691 7692/7692
f 7693/7693 7694/7694 7695/7695
f 7696/7696 7697/7697 7698/7698
f 7699/7699 7700/7700 7701/7701
f 7702/7702 7703/7703 7704/7704
f 7705/7705 7706/7706 7707/7707
f 7708/7708 7709/7709 7710/7710
f 7711/7711 7712/7712 7713/7713
f 7714/7714 7715/7715 7716/7716
f 7717/7717 7718/7718 7719/7719
f 7720/7720 7721/7721 7722/7722
f 7723/7723 7724/7724 7725/7725
f 7726/7726 7727/7727 7728/7728
f 7729/7729 7730/7730 7731/7731
f 7732/7732 7733/7733 7734/7734
f 7735/7735 7736/7736 7737/7737
f 7738/7738 7739/7739 7740/7740
f 7741/7741 7742/7742 7743/7743
f 7744/7744 7745/7745 7746/7746
f 7747/7747 7748/7748 7749/7749
f 7750/7750 7751/7751 7752/7752
f 7753/7753 7754/7754 7755/7755
f 7756/7756 7757/7757 7758/7758
f 7759/7759 7760/7760 7761/7761
f 7762/7762 7763/7763 7764/7764
f 7765/7765 7766/7766 7767/7767
f 7768/7768 7769/7769 7770/7770
f 7771/7771 7772/7772 7773/7773
f 7774/7774 7775/7775 7776/7776
f 7777/7777 7778/7778 7779/7779
f 7780/7780 7781/7781 7782/7782
f 7783/7783 7784/7784 7785/7785
f 7786/7786 7787/7787 7788/7788
f 7789/7789 7790/7790 7791/7791
f 7792/7792 7793/7793 7794/7794
f 7795/7795 7796/7796 7797/7797
f 7798/7798 7799/7799 7800/7800
f 7801/7801 7802/7802 7803/7803
f 7804/7804 7805/7805 7806/7806
f 7807/7807 7808/7808 7809/7809
f 7810/7810 7811/7811 7812/7812
f 7813/7813 7814/7814 7815/7815
f 7816/7816 7817/7817 7818/7818
f 7819/7819 7820/7820 7821/7821
f 7822/7822 7823/7823 7824/7824
f 7825/7825 7826/7826 7827/7827
f 7828/7828 7829/7829 7830/7830
f 7831/7831 7832/7832 7833/7833
f 7834/7834 7835/7835 7836/7836
f 7837/7837 7838/7838 7839/7839
f 7840/7840 7841/7841 7842/7842
f 7843/7843 7844/7844 7845/7845
f 7846/7846 7847/7847 7848/7848
f 7849/7849 7850/7850 7851/7851
f 7852/7852 7853/7853 7854/7854
f 7855/7855 7856/7856 7857/7857
f 7858/7858 7859/7859 7860/7860
f 7861/7861 7862/7862 7863/7863
f 7864/7864 7865/7865 7866/7866
f 7867/7867 7868/7868 7869/7869
f 7870/7870 7871/7871 7872/7872
f 7873/7873 7874/7874 7875/7875
f 7876/7876 7877/7877 7878/7878
f 7879/7879 7880/7880 7881/7881
f 7882/7882 7883/7883 7884/7884
f 7885/7885 7886/7886 7887/7887
f 7888/7888 7889/7889 7890/7890
f 7891/7891 7892/7892 7893/7893
f 7894/7894 7895/7895 7896/7896
f 7897/7897 7898/7898 7899/7899
f 7900/7900 7901/7901 7902/7902
f 7903/7903 7904/7904 7905/7905
f 7906/7906 7907/7907 7908/7908
f 7909/7909 7910/7910 7911/7911
f 7912/7912 7913/7913 7914/7914
f 7915/7915 7916/7916 7917/7917
f 7918/7918 7919/7919 7920/7920
f 7921/7921 7922/7922 7923/7923
f 7924/7924 7925/7925 7926/7926
f 7927/7927 7928/7928 7929/7929
f 7930/7930 7931/7931 7932/7932
f 7933/7933 7934/7934 7935/7935
f 7936/7936 7937/7937 7938/7938
f 7939/7939 7940/7940 7941/7941
f 7942/7942 7943/7943 7944/7944
f 7945/7945 7946/7946 7947/7947
f 7948/7948 7949/7949 7950/7950
f 7951/7951 7952/7952 7953/7953
f 7954/7954 7955/7955 7956/7956
f 7957/7957 7958/7958 7959/7959
f 7960/7960 7961/7961 7962/7962
f 7963/7963 7964/7964 7965/7965
f 7966/7966 7967/7967 7968/7968
f 7969/7969 7970/7970 7971/7971
f 7972/7972 7973/7973 7974/7974
f 7975/7975 7976/7976 7977/7977
f 7978/7978 7979/7979 7980/7980
f 7981/7981 7982/7982 7983/7983
f 7984/7984 7985/7985 7986/7986
f 7987/7987 7988/7988 7989/7989
f 7990/7990 7991/7991 7992/7992
f 7993/7993 7994/7994 7995/7995
f 7996/7996 7997/7997 7998/7998
f 7999/7999 8000/8000 8001/8001
f 8002/8002 8003/8003 8004/8004
f 8005/8005 8006/8006 8007/8007
f 8008/8008 8009/8009 8010/8010
f 8011/8011 8012/8012 8013/8013
f 8014/8014 8015/8015 8016/8016
f 8017/8017 8018/8018 8019/8019
f 8020/8020 8021/8021 8022/8022
f 8023/8023 8024/8024 8025/8025
f 8026/8026 8027/8027 8028/8028
f 8029/8029 8030/8030 8031/8031
f 8032/8032 8033/8033 8034/8034
f 8035/8035 8036/8036 8037/8037
f 8038/8038 8039/8039 8040/8040
f 8041/8041 8042/8042 8043/8043
f 8044/8044 8045/8045 8046/8046
f 8047/8047 8048/8048 8049/8049
f 8050/8050 8051/8051 8052/8052
f 8053/8053 8054/8054 8055/8055
f 8056/8056 8057/8057 8058/8058
f 8059/8059 8060/8060 8061/8061
f 8062/8062 8063/8063 8064/8064
f 8065/8065 8066/8066 8067/8067
f 8068/8068 8069/8069 8070/8070
f 8071/8071 8072/8072 8073/8073
f 8074/8074 8075/8075 8076/8076
f 8077/8077 8078/8078 8079/8079
f 8080/8080 8081/8081 8082/8082
f 8083/8083 8084/8084 8085/8085
f 8086/8086 8087/8087 8088/8088
f 8089/8089 8090/8090 8091/8091
f 8092/8092 8093/8093 8094/8094
f 8095/8095 8096/8096 8097/8097
f 8098/8098 8099/8099 8100/8100
f 8101/8101 8102/8102 8103/8103
f 8104/8104 8105/8105 8106/8106
f 8107/8107 8108/8108 8109/8109
f 8110/8110 8111/8111 8112/8112
f 8113/8113 8114/8114 8115/8115
f 8116/8116 8117/8117 8118/8118
f 8119/8119 8120/8120 8121/8121
f 8122/8122 8123/8123 8124/8124
f 8125/8125 8126/8126 8127/8127
f 8128/8128 8129/8129 8130/8130
f 8131/8131 8132/8132 8133/8133
f 8134/8134 8135/8135 8136/8136
f 8137/8137 8138/8138 8139/8139
f 8140/8140 8141/8141 8142/8142
f 8143/8143 8144/8144 8145/8145
f 8146/8146 8147/8147 8148/8148
f 8149/8149 8150/8150 8151/8151
f 8152/8152 8153/8153 8154/8154
f 8155/8155 8156/8156 8157/8157
f 8158/8158 8159/8159 8160/8160
f 8161/8161 8162/8162 8163/8163
f 8164/8164 8165/8165 8166/8166
f 8167/8167 8168/8168 8169/8169
f 8170/8170 8171/8171 8172/8172
f 8173/8173 8174/8174 8175/8175
f 8176/8176 8177/8177 8178/8178
f 8179/8179 8180/8180 8181/8181
f 8182/8182 8183/8183 8184/8184
f 8185/8185 8186/8186 8187/8187
f 8188/8188 8189/8189 8190/8190
f 8191/8191 8192/8192 8193/8193
f 8194/8194 8195/8195 8196/8196
f 8197/8197 8198/8198 8199/8199
f 8200/8200 8201/8201 8202/8202
f 8203/8203 8204/8204 8205/8205
f 8206/8206 8207/8207 8208/8208
f 8209/8209 8210/8210 8211/8211
f 8212/8212 8213/8213 8214/8214
f 8215/8215 8216/8216 8217/8217
f 8218/8218 8219/8219 8220/8220
f 8221/8221 8222/8222 8223/8223
f 8224/8224 8225/8225 8226/8226
f 8227/8227 8228/8228 8229/8229
f 8230/8230 8231/8231 8232/8232
f 8233/8233 8234/8234 8235/8235
f 8236/8236 8237/8237 8238/8238
f 8239/8239 8240/8240 8241/8241
f 8242/8242 8243/8243 8244/8244
f 8245/8245 8246/8246 8247/8247
f 8248/8248 8249/8249 8250/8250
f 8251/8251 8252/8252 8253/8253
f 8254/8254 8255/8255 8256/8256
f 8257/8257 8258/8258 8259/8259
f 8260/8260 8261/8261 8262/8262
f 8263/8263 8264/8264 8265/8265
f 8266/8266 8267/8267 8268/8268
f 8269/8269 8270/8270 8271/8271
f 8272/8272 8273/8273 8274/8274
f 8275/8275 8276/8276 8277/8277
f 8278/8278 8279/8279 8280/8280
f 8281/8281 8282/8282 8283/8283
f 8284/8284 8285/8285 8286/8286
f 8287/8287 8288/8288 8289/8289
f 8290/8290 8291/8291 8292/8292
f 8293/8293 8294/8294 8295/8295
f 8296/8296 8297/8297 8298/8298
f 8299/8299 8300/8300 8301/8301
f 8302/8302 8303/8303 8304/8304
f 8305/8305 8306/8306 8307/8307
f 8308/8308 8309/8309 8310/8310
f 8311/8311 8312/8312 8313/8313
f 8314/8314 8315/8315 8316/8316
f 8317/8317 8318/8318 8319/8319
f 8320/8320 8321/8321 8322/8322
f 8323/8323 8324/8324 8325/8325
f 8326/8326 8327/8327 8328/8328
f 8329/8329 8330/8330 8331/8331
f 8332/8332 8333/8333 8334/8334
f 8335/8335 8336/8336 8337/8337
f 8338/8338 8339/8339 8340/8340
f 8341/8341 8342/8342 8343/8343
f 8344/8344 8345/8345 8346/8346
f 8347/8347 8348/8348 8349/8349
f 8350/8350 8351/8351 8352/8352
f 8353/8353 8354/8354 8355/8355
f 8356/8356 8357/8357 8358/8358
f 8359/8359 8360/8360 8361/8361
f 8362/8362 8363/8363 8364/8364
f 8365/8365 8366/8366 8367/8367
f 8368/8368 8369/8369 8370/8370
f 8371/8371 8372/8372 8373/8373
f 8374/8374 8375/8375 8376/8376
f 8377/8377 8378/8378 8379/8379
f 8380/8380 8381/8381 8382/8382
f 8383/8383 8384/8384 8385/8385
f 8386/8386 8387/8387 8388/8388
f 8389/8389 8390/8390 8391/8391
f 8392/8392 8393/8393 8394/8394
f 8395/8395 8396/8396 8397/8397
f 8398/8398 8399/8399 8400/8400
f 8401/8401 8402/8402 8403/8403
f 8404/8404 8405/8405 8406/8406
f 8407/8407 8408/8408 8409/8409
f 8410/8410 8411/8411 8412/8412
f 8413/8413 8414/8414 8415/8415
f 8416/8416 8417/8417 8418/8418
f 8419/8419 8420/8420 8421/8421
f 8422/8422 8423/8423 8424/8424
f 8425/8425 8426/8426 8427/8427
f 8428/8428 8429/8429 8430/8430
f 8431/8431 8432/8432 8433/8433
f 8434/8434 8435/8435 8436/8436
f 8437/8437 8438/8438 8439/8439
f 8440/8440 8441/8441 8442/8442
f 8443/8443 8444/8444 8445/8445
f 8446/8446 8447/8447 8448/8448
f 8449/8449 8450/8450 8451/8451
f 8452/8452 8453/8453 8454/8454
f 8455/8455 8456/8456 8457/8457
f 8458/8458 8459/8459 8460/8460
f 8461/8461 8462/8462 8463/8463
f 8464/8464 8465/8465 8466/8466
f 8467/8467 8468/8468 8469/8469
f 8470/8470 8471/8471 8472/8472
f 8473/8473 8474/8474 8475/8475
f 8476/8476 8477/8477 8478/8478
f 8479/8479 8480/8480 8481/8481
f 8482/8482 8483/8483 8484/8484
f 8485/8485 8486/8486 8487/8487
f 8488/8488 8489/8489 8490/8490
f 8491/8491 8492/8492 8493/8493
f 8494/8494 8495/8495 8496/8496
f 8497/8497 8498/8498 8499/8499
f 8500/8500 8501/8501 8502/8502
f 8503/8503 8504/8504 8505/8505
f 8506/8506 8507/8507 8508/8508
f 8509/8509 8510/8510 8511/8511
f 8512/8512 8513/8513 8514/8514
f 8515/8515 8516/8516 8517/8517
f 8518/8518 8519/8519 8520/8520
f 8521/8521 8522/8522 8523/8523
f 8524/8524 8525/8525 8526/8526
f 8527/8527 8528/8528 8529/8529
f 8530/8530 8531/8531 8532/8532
f 8533/8533 8534/8534 8535/8535
f 8536/8536 8537/8537 8538/8538
f 8539/8539 8540/8540 8541/8541
f 8542/8542 8543/8543 8544/8544
f 8545/8545 8546/8546 8547/8547
f 8548/8548 8549/8549 8550/8550
f 8551/8551 8552/8552 8553/8553
f 8554/8554 8555/8555 8556/8556
f 8557/8557 8558/8558 8559/8559
f 8560/8560 8561/8561 8562/8562
f 8563/8563 8564/8564 8565/8565
f 8566/8566 8567/8567 8568/8568
f 8569/8569 8570/8570 8571/8571
f 8572/8572 8573/8573 8574/8574
f 8575/8575 8576/8576 8577/8577
f 8578/8578 8579/8579 8580/8580
f 8581/8581 8582/8582 8583/8583
f 8584/8584 8585/8585 8586/8586
f 8587/8587 8588/8588 8589/8589
f 8590/8590 8591/8591 8592/8592
f 8593/8593 8594/8594 8595/8595
f 8596/8596 8597/8597 8598/8598
f 8599/8599 8600/8600 8601/8601
f 8602/8602 8603/8603 8604/8604
f 8605/8605 8606/8606 8607/8607
f 8608/8608 8609/8609 8610/8610
f 8611/8611 8612/8612 8613/8613
f 8614/8614 8615/8615 8616/8616
f 8617/8617 8618/8618 8619/8619
f 8620/8620 8621/8621 8622/8622
f 8623/8623 8624/8624 8625/8625
f 8626/8626 8627/8627 8628/8628
f 8629/8629 8630/8630 8631/8631
f 8632/8632 8633/8633 8634/8634
f 8635/8635 8636/8636 8637/8637
f 8638/8638 8639/8639 8640/8640
f 8641/8641 8642/8642 8643/8643
f 8644/8644 8645/8645 8646/8646
f 8647/8647 8648/8648 8649/8649
f 8650/8650 8651/8651 8652/8652
f 8653/8653 8654/8654 8655/8655
f 8656/8656 8657/8657 8658/8658
f 8659/8659 8660/8660 8661/8661
f 8662/8662 8663/8663 8664/8664
f 8665/8665 8666/8666 8667/8667
f 8668/8668 8669/8669 8670/8670
f 8671/8671 8672/8672 8673/8673
f 8674/8674 8675/8675 8676/8676
f 8677/8677 8678/8678 8679/8679
f 8680/8680 8681/8681 8682/8682
f 8683/8683 8684/8684 8685/8685
f 8686/8686 8687/8687 8688/8688
f 8689/8689 8690/8690 8691/8691
f 8692/8692 8693/8693 8694/8694
f 8695/8695 8696/8696 8697/8697
f 8698/8698 8699/8699 8700/8700
f 8701/8701 8702/8702 8703/8703
f 8704/8704 8705/8705 8706/8706
f 8707/8707 8708/8708 8709/8709
f 8710/8710 8711/8711 8712/8712
f 8713/8713 8714/8714 8715/8715
f 8716/8716 8717/8717 8718/8718
f 8719/8719 8720/8720 8721/8721
f 8722/8722 8723/8723 8724/8724
f 8725/8725 8726/8726 8727/8727
f 8728/8728 8729/8729 8730/8730
f 8731/8731 8732/8732 8733/8733
f 8734/8734 8735/8735 8736/8736
f 8737/8737 8738/8738 8739/8739
f 8740/8740 8741/8741 8742/8742
f 8743/8743 8744/8744 8745/8745
f 8746/8746 8747/8747 8748/8748
f 8749/8749 8750/8750 8751/8751
f 8752/8752 8753/8753 8754/8754
f 8755/8755 8756/8756 8757/8757
f 8758/8758 8759/8759 8760/8760
f 8761/8761 8762/8762 8763/8763
f 8764/8764 8765/8765 8766/8766
f 8767/8767 8768/8768 8769/8769
f 8770/8770 8771/8771 8772/8772
f 8773/8773 8774/8774 8775/8775
f 8776/8776 8777/8777 8778/8778
f 8779/8779 8780/8780 8781/8781
f 8782/8782 8783/8783 8784/8784
f 8785/8785 8786/8786 8787/8787
f 8788/8788 8789/8789 8790/8790
f 8791/8791 8792/8792 8793/8793
f 8794/8794 8795/8795 8796/8796
f 8797/8797 8798/8798 8799/8799
f 8800/8800 8801/8801 8802/8802
f 8803/8803 8804/8804 8805/8805
f 8806/8806 8807/8807 8808/8808
f 8809/8809 8810/8810 8811/8811
f 8812/8812 8813/8813 8814/8814
f 8815/8815 8816/8816 8817/8817
f 8818/8818 8819/8819 8820/8820
f 8821/8821 8822/8822 8823/8823
f 8824/8824 8825/8825 8826/8826
f 8827/8827 8828/8828 8829/8829
f 8830/8830 8831/8831 8832/8832
f 8833/8833 8834/8834 8835/8835
f 8836/8836 8837/8837 8838/8838
f 8839/8839 8840/8840 8841/8841
f 8842/8842 8843/8843 8844/8844
f 8845/8845 8846/8846 8847/8847
f 8848/8848 8849/8849 8850/8850
f 8851/8851 8852/8852 8853/8853
f 8854/8854 8855/8855 8856/8856
f 8857/8857 8858/8858 8859/8859
f 8860/8860 8861/8861 8862/8862
f 8863/8863 8864/8864 8865/8865
f 8866/8866 8867/8867 8868/8868
f 8869/8869 8870/8870 8871/8871
f 8872/8872 8873/8873 8874/8874
f 8875/8875 8876/8876 8877/8877
f 8878/8878 8879/8879 8880/8880
f 8881/8881 8882/8882 8883/8883
f 8884/8884 8885/8885 8886/8886
f 8887/8887 8888/8888 8889/8889
f 8890/8890 8891/8891 8892/8892
f 8893/8893 8894/8894 8895/8895
f 8896/8896 8897/8897 8898/8898
f 8899/8899 8900/8900 8901/8901
f 8902/8902 8903/8903 8904/8904
f 8905/8905 8906/8906 8907/8907
f 8908/8908 8909/8909 8910/8910
f 8911/8911 8912/8912 8913/8913
f 8914/8914 8915/8915 8916/8916
f 8917/8917 8918/8918 8919/8919
f 8920/8920 8921/8921 8922/8922
f 8923/8923 8924/8924 8925/8925
f 8926/8926 8927/8927 8928/8928
f 8929/8929 8930/8930 8931/8931
f 8932/8932 8933/8933 8934/8934
f 8935/8935 8936/8936 8937/8937
f 8938/8938 8939/8939 8940/8940
f 8941/8941 8942/8942 8943/8943
f 8944/8944 8945/8945 8946/8946
f 8947/8947 8948/8948 8949/8949
f 8950/8950 8951/8951 8952/8952
f 8953/8953 8954/8954 8955/8955
f 8956/8956 8957/8957 8958/8958
f 8959/8959 8960/8960 8961/8961
f 8962/8962 8963/8963 8964/8964
f 8965/8965 8966/8966 8967/8967
f 8968/8968 8969/8969 8970/8970
f 8971/8971 8972/8972 8973/8973
f 8974/8974 8975/8975 8976/8976
f 8977/8977 8978/8978 8979/8979
f 8980/8980 8981/8981 8982/8982
f 8983/8983 8984/8984 8985/8985
f 8986/8986 8987/8987 8988/8988
f 8989/8989 8990/8990 8991/8991
f 8992/8992 8993/8993 8994/8994
f 8995/8995 8996/8996 8997/8997
f 8998/8998 8999/8999 9000/9000
f 9001/9001 9002/9002 9003/9003
f 9004/9004 9005/9005 9006/9006
f 9007/9007 9008/9008 9009/9009
f 9010/9010 9011/9011 9012/9012
f 9013/9013 9014/9014 9015/9015
f 9016/9016 9017/9017 9018/9018
f 9019/9019 9020/9020 9021/9021
f 9022/9022 9023/9023 9024/9024
f 9025/9025 9026/9026 9027/9027
f 9028/9028 9029/9029 9030/9030
f 9031/9031 9032/9032 9033/9033
f 9034/9034 9035/9035 9036/9036
f 9037/9037 9038/9038 9039/9039
f 9040/9040 9041/9041 9042/9042
f 9043/9043 9044/9044 9045/9045
f 9046/9046 9047/9047 9048/9048
f 9049/9049 9050/9050 9051/9051
f 9052/9052 9053/9053 9054/9054
f 9055/9055 9056/9056 9057/9057
f 9058/9058 9059/9059 9060/9060
f 9061/9061 9062/9062 9063/9063
f 9064/9064 9065/9065 9066/9066
f 9067/9067 9068/9068 9069/9069
f 9070/9070 9071/9071 9072/9072
f 9073/9073 9074/9074 9075/9075
f 9076/9076 9077/9077 9078/9078
f 9079/9079 9080/9080 9081/9081
f 9082/9082 9083/9083 9084/9084
f 9085/9085 9086/9086 9087/9087
f 9088/9088 9089/9089 9090/9090
f 9091/9091 9092/9092 9093/9093
f 9094/9094 9095/9095 9096/9096
f 9097/9097 9098/9098 9099/9099
f 9100/9100 9101/9101 9102/9102
f 9103/9103 9104/9104 9105/9105
f 9106/9106 9107/9107 9108/9108
f 9109/9109 9110/9110 9111/9111
f 9112/9112 9113/9113 9114/9114
f 9115/9115 9116/9116 9117/9117
f 9118/9118 9119/9119 9120/9120
f 9121/9121 9122/9122 9123/9123
f 9124/9124 9125/9125 9126/9126
f 9127/9127 9128/9128 9129/9129
f 9130/9130 9131/9131 9132/9132
f 9133/9133 9134/9134 9135/9135
f 9136/9136 9137/9137 9138/9138
f 9139/9139 9140/9140 9141/9141
f 9142/9142 9143/9143 9144/9144
f 9145/9145 9146/9146 9147/9147
f 9148/9148 9149/9149 9150/9150
f 9151/9151 9152/9152 9153/9153
f 9154/9154 9155/9155 9156/9156
f 9157/9157 9158/9158 9159/9159
f 9160/9160 9161/9161 9162/9162
f 9163/9163 9164/9164 9165/9165
f 9166/9166 9167/9167 9168/9168
f 9169/9169 9170/9170 9171/9171
f 9172/9172 9173/9173 9174/9174
f 9175/9175 9176/9176 9177/9177
f 9178/9178 9179/9179 9180/9180
f 9181/9181 9182/9182 9183/9183
f 9184/9184 9185/9185 9186/9186
f 9187/9187 9188/9188 9189/9189
f 9190/9190 9191/9191 9192/9192
f 9193/9193 9194/9194 9195/9195
f 9196/9196 9197/9197 9198/9198
f 9199/9199 9200/9200 9201/9201
f 9202/9202 9203/9203 9204/9204
f 9205/9205 9206/9206 9207/9207
f 9208/9208 9209/9209 9210/9210
f 9211/9211 9212/9212 9213/9213
f 9214/9214 9215/9215 9216/9216
f 9217/9217 9218/9218 9219/9219
f 9220/9220 9221/9221 9222/9222
f 9223/9223 9224/9224 9225/9225
f 9226/9226 9227/9227 9228/9228
f 9229/9229 9230/9230 9231/9231
f 9232/9232 9233/9233 9234/9234
f 9235/9235 9236/9236 9237/9237
f 9238/9238 9239/9239 9240/9240
f 9241/9241 9242/9242 9243/9243
f 9244/9244 9245/9245 9246/9246
f 9247/9247 9248/9248 9249/9249
f 9250/9250 9251/9251 9252/9252
f 9253/9253 9254/9254 9255/9255
f 9256/9256 9257/9257 9258/9258
f 9259/9259 9260/9260 9261/9261
f 9262/9262 9263/9263 9264/9264
f 9265/9265 9266/9266 9267/9267
f 9268/9268 9269/9269 9270/9270
f 9271/9271 9272/9272 9273/9273
f 9274/9274 9275/9275 9276/9276
f 9277/9277 9278/9278 9279/9279
f 9280/9280 9281/9281 9282/9282
f 9283/9283 9284/9284 9285/9285
f 9286/9286 9287/9287 9288/9288
f 9289/9289 9290/9290 9291/9291
f 9292/9292 9293/9293 9294/9294
f 9295/9295 9296/9296 9297/9297
f 9298/9298 9299/9299 9300/9300
f 9301/9301 9302/9302 9303/9303
f 9304/9304 9305/9305 9306/9306
f 9307/9307 9308/9308 9309/9309
f 9310/9310 9311/9311 9312/9312
f 9313/9313 9314/9314 9315/9315
f 9316/9316 9317/9317 9318/9318
f 9319/9319 9320/9320 9321/9321
f 9322/9322 9323/9323 9324/9324
f 9325/9325 9326/9326 9327/9327
f 9328/9328 9329/9329 9330/9330
f 9331/9331 9332/9332 9333/9333
f 9334/9334 9335/9335 9336/9336
f 9337/9337 9338/9338 9339/9339
f 9340/9340 9341/9341 9342/9342
f 9343/9343 9344/9344 9345/9345
f 9346/9346 9347/9347 9348/9348
f 9349/9349 9350/9350 9351/9351
f 9352/9352 9353/9353 9354/9354
f 9355/9355 9356/9356 9357/9357
f 9358/9358 9359/9359 9360/9360
f 9361/9361 9362/9362 9363/9363
f 9364/9364 9365/9365 9366/9366
f 9367/9367 9368/9368 9369/9369
f 9370/9370 9371/9371 9372/9372
f 9373/9373 9374/9374 9375/9375
f 9376/9376 9377/9377 9378/9378
f 9379/9379 9380/9380 9381/9381
f 9382/9382 9383/9383 9384/9384
f 9385/9385 9386/9386 9387/9387
f 9388/9388 9389/9389 9390/9390
f 9391/9391 9392/9392 9393/9393
f 9394/9394 9395/9395 9396/9396
f 9397/9397 9398/9398 9399/9399
f 9400/9400 9401/9401 9402/9402
f 9403/9403 9404/9404 9405/9405
f 9406/9406 9407/9407 9408/9408
f 9409/9409 9410/9410 9411/9411
f 9412/9412 9413/9413 9414/9414
f 9415/9415 9416/9416 9417/9417
f 9418/9418 9419/9419 9420/9420
f 9421/9421 9422/9422 9423/9423
f 9424/9424 9425/9425 9426/9426
f 9427/9427 9428/9428 9429/9429
f 9430/9430 9431/9431 9432/9432
f 9433/9433 9434/9434 9435/9435
f 9436/9436 9437/9437 9438/9438
f 9439/9439 9440/9440 9441/9441
f 9442/9442 9443/9443 9444/9444
f 9445/9445 9446/9446 9447/9447
f 9448/9448 9449/9449 9450/9450
f 9451/9451 9452/9452 9453/9453
f 9454/9454 9455/9455 9456/9456
f 9457/9457 9458/9458 9459/9459
f 9460/9460 9461/9461 9462/9462
f 9463/9463 9464/9464 9465/9465
f 9466/9466 9467/9467 9468/9468
f 9469/9469 9470/9470 9471/9471
f 9472/9472 9473/9473 9474/9474
f 9475/9475 9476/9476 9477/9477
f 9478/9478 9479/9479 9480/9480
f 9481/9481 9482/9482 9483/9483
f 9484/9484 9485/9485 9486/9486
f 9487/9487 9488/9488 9489/9489
f 9490/9490 9491/9491 9492/9492
f 9493/9493 9494/9494 9495/9495
f 9496/9496 9497/9497 9498/9498
f 9499/9499 9500/9500 9501/9501
f 9502/9502 9503/9503 9504/9504
f 9505/9505 9506/9506 9507/9507
f 9508/9508 9509/9509 9510/9510
f 9511/9511 9512/9512 9513/9513
f 9514/9514 9515/9515 9516/9516
f 9517/9517 9518/9518 9519/9519
f 9520/9520 9521/9521 9522/9522
f 9523/9523 9524/9524 9525/9525
f 9526/9526 9527/9527 9528/9528
f 9529/9529 9530/9530 9531/9531
f 9532/9532 9533/9533 9534/9534
f 9535/9535 9536/9536 9537/9537
f 9538/9538 9539/9539 9540/9540
f 9541/9541 9542/9542 9543/9543
f 9544/9544 9545/9545 9546/9546
f 9547/9547 9548/9548 9549/9549
f 9550/9550 9551/9551 9552/9552
f 9553/9553 9554/9554 9555/9555
f 9556/9556 9557/9557 9558/9558
f 9559/9559 9560/9560 9561/9561
f 9562/9562 9563/9563 9564/9564
f 9565/9565 9566/9566 9567/9567
f 9568/9568 9569/9569 9570/9570
f 9571/9571 9572/9572 9573/9573
f 9574/9574 9575/9575 9576/9576
f 9577/9577 9578/9578 9579/9579
f 9580/9580 9581/9581 9582/9582
f 9583/9583 9584/9584 9585/9585
f 9586/9586 9587/9587 9588/9588
f 9589/9589 9590/9590 9591/9591
f 9592/9592 9593/9593 9594/9594
f 9595/9595 9596/9596 9597/9597
f 9598/9598 9599/9599 9600/9600
f 9601/9601 9602/9602 9603/9603
f 9604/9604 9605/9605 9606/9606
f 9607/9607 9608/9608 9609/9609
f 9610/9610 9611/9611 9612/9612
f 9613/9613 9614/9614 9615/9615
f 9616/9616 9617/9617 9618/9618
f 9619/9619 9620/9620 9621/9621
f 9622/9622 9623/9623 9624/9624
f 9625/9625 9626/9626 9627/9627
f 9628/9628 9629/9629 9630/9630
f 9631/9631 9632/9632 9633/9633
f 9634/9634 9635/9635 9636/9636
f 9637/9637 9638/9638 9639/9639
f 9640/9640 9641/9641 9642/9642
f 9643/9643 9644/9644 9645/9645
f 9646/9646 9647/9647 9648/9648
f 9649/9649 9650/9650 9651/9651
f 9652/9652 9653/9653 9654/9654
f 9655/9655 9656/9656 9657/9657
f 9658/9658 9659/9659 9660/9660
f 9661/9661 9662/9662 9663/9663
f 9664/9664 9665/9665 9666/9666
f 9667/9667 9668/9668 9669/9669
f 9670/9670 9671/9671 9672/9672
f 9673/9673 9674/9674 9675/9675
f 9676/9676 9677/9677 9678/9678
f 9679/9679 9680/9680 9681/9681
f 9682/9682 9683/9683 9684/9684
f 9685/9685 9686/9686 9687/9687
f 9688/9688 9689/9689 9690/9690
f 9691/9691 9692/9692 9693/9693
f 9694/9694 9695/9695 9696/9696
f 9697/9697 9698/9698 9699/9699
f 9700/9700 9701/9701 9702/9702
f 9703/9703 9704/9704 9705/9705
f 9706/9706 9707/9707 9708/9708
f 9709/9709 9710/9710 9711/9711
f 9712/9712 9713/9713 9714/9714
f 9715/9715 9716/9716 9717/9717
f 9718/9718 9719/9719 9720/9720
f 9721/9721 9722/9722 9723/9723
f 9724/9724 9725/9725 9726/9726
f 9727/9727 9728/9728 9729/9729
f 9730/9730 9731/9731 9732/9732
f 9733/9733 9734/9734 9735/9735
f 9736/9736 9737/9737 9738/9738
f 9739/9739 9740/9740 9741/9741
f 9742/9742 9743/9743 9744/9744
f 9745/9745 9746/9746 9747/9747
f 9748/9748 9749/9749 9750/9750
f 9751/9751 9752/9752 9753/9753
f 9754/9754 9755/9755 9756/9756
f 9757/9757 9758/9758 9759/9759
f 9760/9760 9761/9761 9762/9762
f 9763/9763 9764/9764 9765/9765
f 9766/9766 9767/9767 9768/9768
f 9769/9769 9770/9770 9771/9771
f 9772/9772 9773/9773 9774/9774
f 9775/9775 9776/9776 9777/9777
f 9778/9778 9779/9779 9780/9780
f 9781/9781 9782/9782 9783/9783
f 9784/9784 9785/9785 9786/9786
f 9787/9787 9788/9788 9789/9789
f 9790/9790 9791/9791 9792/9792
f 9793/9793 9794/9794 9795/9795
f 9796/9796 9797/9797 9798/9798
f 9799/9799 9800/9800 9801/9801
f 9802/9802 9803/9803 9804/9804
f 9805/9805 9806/9806 9807/9807
f 9808/9808 9809/9809 9810/9810
f 9811/9811 9812/9812 9813/9813
f 9814/9814 9815/9815 9816/9816
f 9817/9817 9818/9818 9819/9819
f 9820/9820 9821/9821 9822/9822
f 9823/9823 9824/9824 9825/9825
f 9826/9826 9827/9827 9828/9828
f 9829/9829 9830/9830 9831/9831
f 9832/9832 9833/9833 9834/9834
f 9835/9835 9836/9836 9837/9837
f 9838/9838 9839/9839 9840/9840
f 9841/9841 9842/9842 9843/9843
f 9844/9844 9845/9845 9846/9846
f 9847/9847 9848/9848 9849/9849
f 9850/9850 9851/9851 9852/9852
f 9853/9853 9854/9854 9855/9855
f 9856/9856 9857/9857 9858/9858
f 9859/9859 9860/9860 9861/9861
f 9862/9862 9863/9863 9864/9864
f 9865/9865 9866/9866 9867/9867
f 9868/9868 9869/9869 9870/9870
f 9871/9871 9872/9872 9873/9873
f 9874/9874 9875/9875 9876/9876
f 9877/9877 9878/9878 9879/9879
f 9880/9880 9881/9881 9882/9882
f 9883/9883 9884/9884 9885/9885
f 9886/9886 9887/9887 9888/9888
f 9889/9889 9890/9890 9891/9891
f 9892/9892 9893/9893 9894/9894
f 9895/9895 9896/9896 9897/9897
f 9898/9898 9899/9899 9900/9900
f 9901/9901 9902/9902 9903/9903
f 9904/9904 9905/9905 9906/9906
f 9907/9907 9908/9908 9909/9909
f 9910/9910 9911/9911 9912/9912
f 9913/9913 9914/9914 9915/9915
f 9916/9916 9917/9917 9918/9918
f 9919/9919 9920/9920 9921/9921
f 9922/9922 9923/9923 9924/9924
f 9925/9925 9926/9926 9927/9927
f 9928/9928 9929/9929 9930/9930
f 9931/9931 9932/9932 9933/9933
f 9934/9934 9935/9935 9936/9936
f 9937/9937 9938/9938 9939/9939
f 9940/9940 9941/9941 9942/9942
f 9943/9943 9944/9944 9945/9945
f 9946/9946 9947/9947 9948/9948
f 9949/9949 9950/9950 9951/9951
f 9952/9952 9953/9953 9954/9954
f 9955/9955 9956/9956 9957/9957
f 9958/9958 9959/9959 9960/9960
f 9961/9961 9962/9962 9963/9963
f 9964/9964 9965/9965 9966/9966
f 9967/9967 9968/9968 9969/9969
f 9970/9970 9971/9971 9972/9972
f 9973/9973 9974/9974 9975/9975
f 9976/9976 9977/9977 9978/9978
f 9979/9979 9980/9980 9981/9981
f 9982/9982 9983/9983 9984/9984
f 9985/9985 9986/9986 9987/9987
f 9988/9988 9989/9989 9990/9990
f 9991/9991 9992/9992 9993/9993
f 9994/9994 9995/9995 9996/9996
f 9997/9997 9998/9998 9999/9999
f 10000/10000 10001/10001 10002/10002
f 10003/10003 10004/10004 10005/10005
f 10006/10006 10007/10007 10008/10008
f 10009/10009 10010/10010 10011/10011
f 10012/10012 10013/10013 10014/10014
f 10015/10015 10016/10016 10017/10017
f 10018/10018 10019/10019 10020/10020
f 10021/10021 10022/10022 10023/10023
f 10024/10024 10025/10025 10026/10026
f 10027/10027 10028/10028 10029/10029
f 10030/10030 10031/10031 10032/10032
f 10033/10033 10034/10034 10035/10035
f 10036/10036 10037/10037 10038/10038
f 10039/10039 10040/10040 10041/10041
f 10042/10042 10043/10043 10044/10044
f 10045/10045 10046/10046 10047/10047
f 10048/10048 10049/10049 10050/10050
f 10051/10051 10052/10052 10053/10053
f 10054/10054 10055/10055 10056/10056
f 10057/10057 10058/10058 10059/10059
f 10060/10060 10061/10061 10062/10062
f 10063/10063 10064/10064 10065/10065
f 10066/10066 10067/10067 10068/10068
f 10069/10069 10070/10070 10071/10071
f 10072/10072 10073/10073 10074/10074
f 10075/10075 10076/10076 10077/10077
f 10078/10078 10079/10079 10080/10080
f 10081/10081 10082/10082 10083/10083
f 10084/10084 10085/10085 10086/10086
f 10087/10087 10088/10088 10089/10089
f 10090/10090 10091/10091 10092/10092
f 10093/10093 10094/10094 10095/10095
f 10096/10096 10097/10097 10098/10098
f 10099/10099 10100/10100 10101/10101
f 10102/10102 10103/10103 10104/10104
f 10105/10105 10106/10106 10107/10107
f 10108/10108 10109/10109 10110/10110
f 10111/10111 10112/10112 10113/10113
f 10114/10114 10115/10115 10116/10116
f 10117/10117 10118/10118 10119/10119
f 10120/10120 10121/10121 10122/10122
f 10123/10123 10124/10124 10125/10125
f 10126/10126 10127/10127 10128/10128
f 10129/10129 10130/10130 10131/10131
f 10132/10132 10133/10133 10134/10134
f 10135/10135 10136/10136 10137/10137
f 10138/10138 10139/10139 10140/10140
f 10141/10141 10142/10142 10143/10143
f 10144/10144 10145/10145 10146/10146
f 10147/10147 10148/10148 10149/10149
f 10150/10150 10151/10151 10152/10152
f 10153/10153 10154/10154 10155/10155
f 10156/10156 10157/10157 10158/10158
f 10159/10159 10160/10160 10161/10161
f 10162/10162 10163/10163 10164/10164
f 10165/10165 10166/10166 10167/10167
f 10168/10168 10169/10169 10170/10170
f 10171/10171 10172/10172 10173/10173
f 10174/10174 10175/10175 10176/10176
f 10177/10177 10178/10178 10179/10179
f 10180/10180 10181/10181 10182/10182
f 10183/10183 10184/10184 10185/10185
f 10186/10186 10187/10187 10188/10188
f 10189/10189 10190/10190 10191/10191
f 10192/10192 10193/10193 10194/10194
f 10195/10195 10196/10196 10197/10197
f 10198/10198 10199/10199 10200/10200
f 10201/10201 10202/10202 10203/10203
f 10204/10204 10205/10205 10206/10206
f 10207/10207 10208/10208 10209/10209
f 10210/10210 10211/10211 10212/10212
f 10213/10213 10214/10214 10215/10215
f 10216/10216 10217/10217 10218/10218
f 10219/10219 10220/10220 10221/10221
f 10222/10222 10223/10223 10224/10224
f 10225/10225 10226/10226 10227/10227
f 10228/10228 10229/10229 10230/10230
f 10231/10231 10232/10232 10233/10233
f 10234/10234 10235/10235 10236/10236
f 10237/10237 10238/10238 10239/10239
f 10240/10240 10241/10241 10242/10242
f 10243/10243 10244/10244 10245/10245
f 10246/10246 10247/10247 10248/10248
f 10249/10249 10250/10250 10251/10251
f 10252/10252 10253/10253 10254/10254
f 10255/10255 10256/10256 10257/10257
f 10258/10258 10259/10259 10260/10260
f 10261/10261 10262/10262 10263/10263
f 10264/10264 10265/10265 10266/10266
f 10267/10267 10268/10268 10269/10269
f 10270/10270 10271/10271 10272/10272
f 10273/10273 10274/10274 10275/10275
f 10276/10276 10277/10277 10278/10278
f 10279/10279 10280/10280 10281/10281
f 10282/10282 10283/10283 10284/10284
f 10285/10285 10286/10286 10287/10287
f 10288/10288 10289/10289 10290/10290
f 10291/10291 10292/10292 10293/10293
f 10294/10294 10295/10295 10296/10296
f 10297/10297 10298/10298 10299/10299
f 10300/10300 10301/10301 10302/10302
f 10303/10303 10304/10304 10305/10305
f 10306/10306 10307/10307 10308/10308
f 10309/10309 10310/10310 10311/10311
f 10312/10312 10313/10313 10314/10314
f 10315/10315 10316/10316 10317/10317
f 10318/10318 10319/10319 10320/10320
f 10321/10321 10322/10322 10323/10323
f 10324/10324 10325/10325 10326/10326
f 10327/10327 10328/10328 10329/10329
f 10330/10330 10331/10331 10332/10332
f 10333/10333 10334/10334 10335/10335
f 10336/10336 10337/10337 10338/10338
f 10339/10339 10340/10340 10341/10341
f 10342/10342 10343/10343 10344/10344
f 10345/10345 10346/10346 10347/10347
f 10348/10348 10349/10349 10350/10350
f 10351/10351 10352/10352 10353/10353
f 10354/10354 10355/10355 10356/10356
f 10357/10357 10358/10358 10359/10359
f 10360/10360 10361/10361 10362/10362
f 10363/10363 10364/10364 10365/10365
f 10366/10366 10367/10367 10368/10368
f 10369/10369 10370/10370 10371/10371
f 10372/10372 10373/10373 10374/10374
f 10375/10375 10376/10376 10377/10377
f 10378/10378 10379/10379 10380/10380
f 10381/10381 10382/10382 10383/10383
f 10384/10384 10385/10385 10386/10386
f 10387/10387 10388/10388 10389/10389
f 10390/10390 10391/10391 10392/10392
f 10393/10393 10394/10394 10395/10395
f 10396/10396 10397/10397 10398/10398
f 10399/10399 10400/10400 10401/10401
f 10402/10402 10403/10403 10404/10404
f 10405/10405 10406/10406 10407/10407
f 10408/10408 10409/10409 10410/10410
f 10411/10411 10412/10412 10413/10413
f 10414/10414 10415/10415 10416/10416
f 10417/10417 10418/10418 10419/10419
f 10420/10420 10421/10421 10422/10422
f 10423/10423 10424/10424 10425/10425
f 10426/10426 10427/10427 10428/10428
f 10429/10429 10430/10430 10431/10431
f 10432/10432 10433/10433 10434/10434
f 10435/10435 10436/10436 10437/10437
f 10438/10438 10439/10439 10440/10440
f 10441/10441 10442/10442 10443/10443
f 10444/10444 10445/10445 10446/10446
f 10447/10447 10448/10448 10449/10449
f 10450/10450 10451/10451 10452/10452
f 10453/10453 10454/10454 10455/10455
f 10456/10456 10457/10457 10458/10458
f 10459/10459 10460/10460 10461/10461
f 10462/10462 10463/10463 10464/10464
f 10465/10465 10466/10466 10467/10467
f 10468/10468 10469/10469 10470/10470
f 10471/10471 10472/10472 10473/10473
f 10474/10474 10475/10475 10476/10476
f 10477/10477 10478/10478 10479/10479
f 10480/10480 10481/10481 10482/10482
f 10483/10483 10484/10484 10485/10485
f 10486/10486 10487/10487 10488/10488
f 10489/10489 10490/10490 10491/10491
f 10492/10492 10493/10493 10494/10494
f 10495/10495 10496/10496 10497/10497
f 10498/10498 10499/10499 10500/10500
f 10501/10501 10502/10502 10503/10503
f 10504/10504 10505/10505 10506/10506
f 10507/10507 10508/10508 10509/10509
f 10510/10510 10511/10511 10512/10512
f 10513/10513 10514/10514 10515/10515
f 10516/10516 10517/10517 10518/10518
f 10519/10519 10520/10520 10521/10521
f 10522/10522 10523/10523 10524/10524
f 10525/10525 10526/10526 10527/10527
f 10528/10528 10529/10529 10530/10530
f 10531/10531 10532/10532 10533/10533
f 10534/10534 10535/10535 10536/10536
f 10537/10537 10538/10538 10539/10539
f 10540/10540 10541/10541 10542/10542
f 10543/10543 10544/10544 10545/10545
f 10546/10546 10547/10547 10548/10548
f 10549/10549 10550/10550 10551/10551
f 10552/10552 10553/10553 10554/10554
f 10555/10555 10556/10556 10557/10557
f 10558/10558 10559/10559 10560/10560
f 10561/10561 10562/10562 10563/10563
f 10564/10564 10565/10565 10566/10566
f 10567/10567 10568/10568 10569/10569
f 10570/10570 10571/10571 10572/10572
f 10573/10573 10574/10574 10575/10575
f 10576/10576 10577/10577 10578/10578
f 10579/10579 10580/10580 10581/10581
f 10582/10582 10583/10583 10584/10584
