# Blender 5.1.1
# www.blender.org
mtllib bridge.mtl
o Deck_Plank_0
v -5.970000 -0.120000 1.450000
v -5.970000 -0.120000 1.450000
v -5.970000 -0.120000 1.450000
v -4.530000 -0.120000 1.450000
v -4.530000 -0.120000 1.450000
v -4.530000 -0.120000 1.450000
v -4.530000 -0.120000 -1.450000
v -4.530000 -0.120000 -1.450000
v -4.530000 -0.120000 -1.450000
v -5.970000 -0.120000 -1.450000
v -5.970000 -0.120000 -1.450000
v -5.970000 -0.120000 -1.450000
v -5.970000 0.000000 1.450000
v -5.970000 0.000000 1.450000
v -5.970000 0.000000 1.450000
v -4.530000 0.000000 1.450000
v -4.530000 0.000000 1.450000
v -4.530000 0.000000 1.450000
v -4.530000 0.000000 -1.450000
v -4.530000 0.000000 -1.450000
v -4.530000 0.000000 -1.450000
v -5.970000 0.000000 -1.450000
v -5.970000 0.000000 -1.450000
v -5.970000 0.000000 -1.450000
vn -0.0000 1.0000 -0.0000
vn -0.0000 -1.0000 -0.0000
vn -0.0000 -0.0000 -1.0000
vn -1.0000 -0.0000 -0.0000
vn -0.0000 -0.0000 1.0000
vn 1.0000 -0.0000 -0.0000
vt -5.970000 -1.450000
vt -4.530000 -1.450000
vt -4.530000 1.450000
vt -5.970000 1.450000
vt -5.970000 -0.120000
vt -5.970000 0.000000
vt -4.530000 0.000000
vt -4.530000 -0.120000
vt -1.450000 -0.120000
vt -1.450000 0.000000
vt 1.450000 0.000000
vt 1.450000 -0.120000
s 0
usemtl Br_deck
f 2/1/1 5/2/1 8/3/1
f 2/1/1 8/3/1 11/4/1
f 23/4/2 20/3/2 17/2/2
f 23/4/2 17/2/2 14/1/2
f 1/5/3 13/6/3 16/7/3
f 1/5/3 16/7/3 4/8/3
f 6/9/4 18/10/4 21/11/4
f 6/9/4 21/11/4 9/12/4
f 7/8/5 19/7/5 22/6/5
f 7/8/5 22/6/5 10/5/5
f 12/12/6 24/11/6 15/10/6
f 12/12/6 15/10/6 3/9/6
o Deck_Plank_1
v -4.470000 -0.120000 1.450000
v -4.470000 -0.120000 1.450000
v -4.470000 -0.120000 1.450000
v -3.030000 -0.120000 1.450000
v -3.030000 -0.120000 1.450000
v -3.030000 -0.120000 1.450000
v -3.030000 -0.120000 -1.450000
v -3.030000 -0.120000 -1.450000
v -3.030000 -0.120000 -1.450000
v -4.470000 -0.120000 -1.450000
v -4.470000 -0.120000 -1.450000
v -4.470000 -0.120000 -1.450000
v -4.470000 0.000000 1.450000
v -4.470000 0.000000 1.450000
v -4.470000 0.000000 1.450000
v -3.030000 0.000000 1.450000
v -3.030000 0.000000 1.450000
v -3.030000 0.000000 1.450000
v -3.030000 0.000000 -1.450000
v -3.030000 0.000000 -1.450000
v -3.030000 0.000000 -1.450000
v -4.470000 0.000000 -1.450000
v -4.470000 0.000000 -1.450000
v -4.470000 0.000000 -1.450000
vn -0.0000 1.0000 -0.0000
vn -0.0000 -1.0000 -0.0000
vn -0.0000 -0.0000 -1.0000
vn -1.0000 -0.0000 -0.0000
vn -0.0000 -0.0000 1.0000
vn 1.0000 -0.0000 -0.0000
vt -4.470000 -1.450000
vt -3.030000 -1.450000
vt -3.030000 1.450000
vt -4.470000 1.450000
vt -4.470000 -0.120000
vt -4.470000 0.000000
vt -3.030000 0.000000
vt -3.030000 -0.120000
vt -1.450000 -0.120000
vt -1.450000 0.000000
vt 1.450000 0.000000
vt 1.450000 -0.120000
s 0
usemtl Br_deck
f 26/13/7 29/14/7 32/15/7
f 26/13/7 32/15/7 35/16/7
f 47/16/8 44/15/8 41/14/8
f 47/16/8 41/14/8 38/13/8
f 25/17/9 37/18/9 40/19/9
f 25/17/9 40/19/9 28/20/9
f 30/21/10 42/22/10 45/23/10
f 30/21/10 45/23/10 33/24/10
f 31/20/11 43/19/11 46/18/11
f 31/20/11 46/18/11 34/17/11
f 36/24/12 48/23/12 39/22/12
f 36/24/12 39/22/12 27/21/12
o Deck_Plank_2
v -2.970000 -0.120000 1.450000
v -2.970000 -0.120000 1.450000
v -2.970000 -0.120000 1.450000
v -1.530000 -0.120000 1.450000
v -1.530000 -0.120000 1.450000
v -1.530000 -0.120000 1.450000
v -1.530000 -0.120000 -1.450000
v -1.530000 -0.120000 -1.450000
v -1.530000 -0.120000 -1.450000
v -2.970000 -0.120000 -1.450000
v -2.970000 -0.120000 -1.450000
v -2.970000 -0.120000 -1.450000
v -2.970000 0.000000 1.450000
v -2.970000 0.000000 1.450000
v -2.970000 0.000000 1.450000
v -1.530000 0.000000 1.450000
v -1.530000 0.000000 1.450000
v -1.530000 0.000000 1.450000
v -1.530000 0.000000 -1.450000
v -1.530000 0.000000 -1.450000
v -1.530000 0.000000 -1.450000
v -2.970000 0.000000 -1.450000
v -2.970000 0.000000 -1.450000
v -2.970000 0.000000 -1.450000
vn -0.0000 1.0000 -0.0000
vn -0.0000 -1.0000 -0.0000
vn -0.0000 -0.0000 -1.0000
vn -1.0000 -0.0000 -0.0000
vn -0.0000 -0.0000 1.0000
vn 1.0000 -0.0000 -0.0000
vt -2.970000 -1.450000
vt -1.530000 -1.450000
vt -1.530000 1.450000
vt -2.970000 1.450000
vt -2.970000 -0.120000
vt -2.970000 0.000000
vt -1.530000 0.000000
vt -1.530000 -0.120000
vt -1.450000 -0.120000
vt -1.450000 0.000000
vt 1.450000 0.000000
vt 1.450000 -0.120000
s 0
usemtl Br_deck
f 50/25/13 53/26/13 56/27/13
f 50/25/13 56/27/13 59/28/13
f 71/28/14 68/27/14 65/26/14
f 71/28/14 65/26/14 62/25/14
f 49/29/15 61/30/15 64/31/15
f 49/29/15 64/31/15 52/32/15
f 54/33/16 66/34/16 69/35/16
f 54/33/16 69/35/16 57/36/16
f 55/32/17 67/31/17 70/30/17
f 55/32/17 70/30/17 58/29/17
f 60/36/18 72/35/18 63/34/18
f 60/36/18 63/34/18 51/33/18
o Deck_Plank_3
v -1.470000 -0.120000 1.450000
v -1.470000 -0.120000 1.450000
v -1.470000 -0.120000 1.450000
v -0.030000 -0.120000 1.450000
v -0.030000 -0.120000 1.450000
v -0.030000 -0.120000 1.450000
v -0.030000 -0.120000 -1.450000
v -0.030000 -0.120000 -1.450000
v -0.030000 -0.120000 -1.450000
v -1.470000 -0.120000 -1.450000
v -1.470000 -0.120000 -1.450000
v -1.470000 -0.120000 -1.450000
v -1.470000 0.000000 1.450000
v -1.470000 0.000000 1.450000
v -1.470000 0.000000 1.450000
v -0.030000 0.000000 1.450000
v -0.030000 0.000000 1.450000
v -0.030000 0.000000 1.450000
v -0.030000 0.000000 -1.450000
v -0.030000 0.000000 -1.450000
v -0.030000 0.000000 -1.450000
v -1.470000 0.000000 -1.450000
v -1.470000 0.000000 -1.450000
v -1.470000 0.000000 -1.450000
vn -0.0000 1.0000 -0.0000
vn -0.0000 -1.0000 -0.0000
vn -0.0000 -0.0000 -1.0000
vn -1.0000 -0.0000 -0.0000
vn -0.0000 -0.0000 1.0000
vn 1.0000 -0.0000 -0.0000
vt -1.470000 -1.450000
vt -0.030000 -1.450000
vt -0.030000 1.450000
vt -1.470000 1.450000
vt -1.470000 -0.120000
vt -1.470000 0.000000
vt -0.030000 0.000000
vt -0.030000 -0.120000
vt -1.450000 -0.120000
vt -1.450000 0.000000
vt 1.450000 0.000000
vt 1.450000 -0.120000
s 0
usemtl Br_deck
f 74/37/19 77/38/19 80/39/19
f 74/37/19 80/39/19 83/40/19
f 95/40/20 92/39/20 89/38/20
f 95/40/20 89/38/20 86/37/20
f 73/41/21 85/42/21 88/43/21
f 73/41/21 88/43/21 76/44/21
f 78/45/22 90/46/22 93/47/22
f 78/45/22 93/47/22 81/48/22
f 79/44/23 91/43/23 94/42/23
f 79/44/23 94/42/23 82/41/23
f 84/48/24 96/47/24 87/46/24
f 84/48/24 87/46/24 75/45/24
o Deck_Plank_4
v 0.030000 -0.120000 1.450000
v 0.030000 -0.120000 1.450000
v 0.030000 -0.120000 1.450000
v 1.470000 -0.120000 1.450000
v 1.470000 -0.120000 1.450000
v 1.470000 -0.120000 1.450000
v 1.470000 -0.120000 -1.450000
v 1.470000 -0.120000 -1.450000
v 1.470000 -0.120000 -1.450000
v 0.030000 -0.120000 -1.450000
v 0.030000 -0.120000 -1.450000
v 0.030000 -0.120000 -1.450000
v 0.030000 0.000000 1.450000
v 0.030000 0.000000 1.450000
v 0.030000 0.000000 1.450000
v 1.470000 0.000000 1.450000
v 1.470000 0.000000 1.450000
v 1.470000 0.000000 1.450000
v 1.470000 0.000000 -1.450000
v 1.470000 0.000000 -1.450000
v 1.470000 0.000000 -1.450000
v 0.030000 0.000000 -1.450000
v 0.030000 0.000000 -1.450000
v 0.030000 0.000000 -1.450000
vn -0.0000 1.0000 -0.0000
vn -0.0000 -1.0000 -0.0000
vn -0.0000 -0.0000 -1.0000
vn -1.0000 -0.0000 -0.0000
vn -0.0000 -0.0000 1.0000
vn 1.0000 -0.0000 -0.0000
vt 0.030000 -1.450000
vt 1.470000 -1.450000
vt 1.470000 1.450000
vt 0.030000 1.450000
vt 0.030000 -0.120000
vt 0.030000 0.000000
vt 1.470000 0.000000
vt 1.470000 -0.120000
vt -1.450000 -0.120000
vt -1.450000 0.000000
vt 1.450000 0.000000
vt 1.450000 -0.120000
s 0
usemtl Br_deck
f 98/49/25 101/50/25 104/51/25
f 98/49/25 104/51/25 107/52/25
f 119/52/26 116/51/26 113/50/26
f 119/52/26 113/50/26 110/49/26
f 97/53/27 109/54/27 112/55/27
f 97/53/27 112/55/27 100/56/27
f 102/57/28 114/58/28 117/59/28
f 102/57/28 117/59/28 105/60/28
f 103/56/29 115/55/29 118/54/29
f 103/56/29 118/54/29 106/53/29
f 108/60/30 120/59/30 111/58/30
f 108/60/30 111/58/30 99/57/30
o Deck_Plank_5
v 1.530000 -0.120000 1.450000
v 1.530000 -0.120000 1.450000
v 1.530000 -0.120000 1.450000
v 2.970000 -0.120000 1.450000
v 2.970000 -0.120000 1.450000
v 2.970000 -0.120000 1.450000
v 2.970000 -0.120000 -1.450000
v 2.970000 -0.120000 -1.450000
v 2.970000 -0.120000 -1.450000
v 1.530000 -0.120000 -1.450000
v 1.530000 -0.120000 -1.450000
v 1.530000 -0.120000 -1.450000
v 1.530000 0.000000 1.450000
v 1.530000 0.000000 1.450000
v 1.530000 0.000000 1.450000
v 2.970000 0.000000 1.450000
v 2.970000 0.000000 1.450000
v 2.970000 0.000000 1.450000
v 2.970000 0.000000 -1.450000
v 2.970000 0.000000 -1.450000
v 2.970000 0.000000 -1.450000
v 1.530000 0.000000 -1.450000
v 1.530000 0.000000 -1.450000
v 1.530000 0.000000 -1.450000
vn -0.0000 1.0000 -0.0000
vn -0.0000 -1.0000 -0.0000
vn -0.0000 -0.0000 -1.0000
vn -1.0000 -0.0000 -0.0000
vn -0.0000 -0.0000 1.0000
vn 1.0000 -0.0000 -0.0000
vt 1.530000 -1.450000
vt 2.970000 -1.450000
vt 2.970000 1.450000
vt 1.530000 1.450000
vt 1.530000 -0.120000
vt 1.530000 0.000000
vt 2.970000 0.000000
vt 2.970000 -0.120000
vt -1.450000 -0.120000
vt -1.450000 0.000000
vt 1.450000 0.000000
vt 1.450000 -0.120000
s 0
usemtl Br_deck
f 122/61/31 125/62/31 128/63/31
f 122/61/31 128/63/31 131/64/31
f 143/64/32 140/63/32 137/62/32
f 143/64/32 137/62/32 134/61/32
f 121/65/33 133/66/33 136/67/33
f 121/65/33 136/67/33 124/68/33
f 126/69/34 138/70/34 141/71/34
f 126/69/34 141/71/34 129/72/34
f 127/68/35 139/67/35 142/66/35
f 127/68/35 142/66/35 130/65/35
f 132/72/36 144/71/36 135/70/36
f 132/72/36 135/70/36 123/69/36
o Deck_Plank_6
v 3.030000 -0.120000 1.450000
v 3.030000 -0.120000 1.450000
v 3.030000 -0.120000 1.450000
v 4.470000 -0.120000 1.450000
v 4.470000 -0.120000 1.450000
v 4.470000 -0.120000 1.450000
v 4.470000 -0.120000 -1.450000
v 4.470000 -0.120000 -1.450000
v 4.470000 -0.120000 -1.450000
v 3.030000 -0.120000 -1.450000
v 3.030000 -0.120000 -1.450000
v 3.030000 -0.120000 -1.450000
v 3.030000 0.000000 1.450000
v 3.030000 0.000000 1.450000
v 3.030000 0.000000 1.450000
v 4.470000 0.000000 1.450000
v 4.470000 0.000000 1.450000
v 4.470000 0.000000 1.450000
v 4.470000 0.000000 -1.450000
v 4.470000 0.000000 -1.450000
v 4.470000 0.000000 -1.450000
v 3.030000 0.000000 -1.450000
v 3.030000 0.000000 -1.450000
v 3.030000 0.000000 -1.450000
vn -0.0000 1.0000 -0.0000
vn -0.0000 -1.0000 -0.0000
vn -0.0000 -0.0000 -1.0000
vn -1.0000 -0.0000 -0.0000
vn -0.0000 -0.0000 1.0000
vn 1.0000 -0.0000 -0.0000
vt 3.030000 -1.450000
vt 4.470000 -1.450000
vt 4.470000 1.450000
vt 3.030000 1.450000
vt 3.030000 -0.120000
vt 3.030000 0.000000
vt 4.470000 0.000000
vt 4.470000 -0.120000
vt -1.450000 -0.120000
vt -1.450000 0.000000
vt 1.450000 0.000000
vt 1.450000 -0.120000
s 0
usemtl Br_deck
f 146/73/37 149/74/37 152/75/37
f 146/73/37 152/75/37 155/76/37
f 167/76/38 164/75/38 161/74/38
f 167/76/38 161/74/38 158/73/38
f 145/77/39 157/78/39 160/79/39
f 145/77/39 160/79/39 148/80/39
f 150/81/40 162/82/40 165/83/40
f 150/81/40 165/83/40 153/84/40
f 151/80/41 163/79/41 166/78/41
f 151/80/41 166/78/41 154/77/41
f 156/84/42 168/83/42 159/82/42
f 156/84/42 159/82/42 147/81/42
o Deck_Plank_7
v 4.530000 -0.120000 1.450000
v 4.530000 -0.120000 1.450000
v 4.530000 -0.120000 1.450000
v 5.970000 -0.120000 1.450000
v 5.970000 -0.120000 1.450000
v 5.970000 -0.120000 1.450000
v 5.970000 -0.120000 -1.450000
v 5.970000 -0.120000 -1.450000
v 5.970000 -0.120000 -1.450000
v 4.530000 -0.120000 -1.450000
v 4.530000 -0.120000 -1.450000
v 4.530000 -0.120000 -1.450000
v 4.530000 0.000000 1.450000
v 4.530000 0.000000 1.450000
v 4.530000 0.000000 1.450000
v 5.970000 0.000000 1.450000
v 5.970000 0.000000 1.450000
v 5.970000 0.000000 1.450000
v 5.970000 0.000000 -1.450000
v 5.970000 0.000000 -1.450000
v 5.970000 0.000000 -1.450000
v 4.530000 0.000000 -1.450000
v 4.530000 0.000000 -1.450000
v 4.530000 0.000000 -1.450000
vn -0.0000 1.0000 -0.0000
vn -0.0000 -1.0000 -0.0000
vn -0.0000 -0.0000 -1.0000
vn -1.0000 -0.0000 -0.0000
vn -0.0000 -0.0000 1.0000
vn 1.0000 -0.0000 -0.0000
vt 4.530000 -1.450000
vt 5.970000 -1.450000
vt 5.970000 1.450000
vt 4.530000 1.450000
vt 4.530000 -0.120000
vt 4.530000 0.000000
vt 5.970000 0.000000
vt 5.970000 -0.120000
vt -1.450000 -0.120000
vt -1.450000 0.000000
vt 1.450000 0.000000
vt 1.450000 -0.120000
s 0
usemtl Br_deck
f 170/85/43 173/86/43 176/87/43
f 170/85/43 176/87/43 179/88/43
f 191/88/44 188/87/44 185/86/44
f 191/88/44 185/86/44 182/85/44
f 169/89/45 181/90/45 184/91/45
f 169/89/45 184/91/45 172/92/45
f 174/93/46 186/94/46 189/95/46
f 174/93/46 189/95/46 177/96/46
f 175/92/47 187/91/47 190/90/47
f 175/92/47 190/90/47 178/89/47
f 180/96/48 192/95/48 183/94/48
f 180/96/48 183/94/48 171/93/48
o Girder_0
v -6.000000 -0.470000 1.440000
v -6.000000 -0.470000 1.440000
v -6.000000 -0.470000 1.440000
v 6.000000 -0.470000 1.440000
v 6.000000 -0.470000 1.440000
v 6.000000 -0.470000 1.440000
v 6.000000 -0.470000 1.260000
v 6.000000 -0.470000 1.260000
v 6.000000 -0.470000 1.260000
v -6.000000 -0.470000 1.260000
v -6.000000 -0.470000 1.260000
v -6.000000 -0.470000 1.260000
v -6.000000 -0.170000 1.440000
v -6.000000 -0.170000 1.440000
v -6.000000 -0.170000 1.440000
v 6.000000 -0.170000 1.440000
v 6.000000 -0.170000 1.440000
v 6.000000 -0.170000 1.440000
v 6.000000 -0.170000 1.260000
v 6.000000 -0.170000 1.260000
v 6.000000 -0.170000 1.260000
v -6.000000 -0.170000 1.260000
v -6.000000 -0.170000 1.260000
v -6.000000 -0.170000 1.260000
vn -0.0000 1.0000 -0.0000
vn -0.0000 -1.0000 -0.0000
vn -0.0000 -0.0000 -1.0000
vn -1.0000 -0.0000 -0.0000
vn -0.0000 -0.0000 1.0000
vn 1.0000 -0.0000 -0.0000
vt -6.000000 -1.440000
vt 6.000000 -1.440000
vt 6.000000 -1.260000
vt -6.000000 -1.260000
vt -6.000000 -0.470000
vt -6.000000 -0.170000
vt 6.000000 -0.170000
vt 6.000000 -0.470000
vt -1.440000 -0.470000
vt -1.440000 -0.170000
vt -1.260000 -0.170000
vt -1.260000 -0.470000
s 0
usemtl Br_rust
f 194/97/49 197/98/49 200/99/49
f 194/97/49 200/99/49 203/100/49
f 215/100/50 212/99/50 209/98/50
f 215/100/50 209/98/50 206/97/50
f 193/101/51 205/102/51 208/103/51
f 193/101/51 208/103/51 196/104/51
f 198/105/52 210/106/52 213/107/52
f 198/105/52 213/107/52 201/108/52
f 199/104/53 211/103/53 214/102/53
f 199/104/53 214/102/53 202/101/53
f 204/108/54 216/107/54 207/106/54
f 204/108/54 207/106/54 195/105/54
o Girder_1
v -6.000000 -0.470000 -1.260000
v -6.000000 -0.470000 -1.260000
v -6.000000 -0.470000 -1.260000
v 6.000000 -0.470000 -1.260000
v 6.000000 -0.470000 -1.260000
v 6.000000 -0.470000 -1.260000
v 6.000000 -0.470000 -1.440000
v 6.000000 -0.470000 -1.440000
v 6.000000 -0.470000 -1.440000
v -6.000000 -0.470000 -1.440000
v -6.000000 -0.470000 -1.440000
v -6.000000 -0.470000 -1.440000
v -6.000000 -0.170000 -1.260000
v -6.000000 -0.170000 -1.260000
v -6.000000 -0.170000 -1.260000
v 6.000000 -0.170000 -1.260000
v 6.000000 -0.170000 -1.260000
v 6.000000 -0.170000 -1.260000
v 6.000000 -0.170000 -1.440000
v 6.000000 -0.170000 -1.440000
v 6.000000 -0.170000 -1.440000
v -6.000000 -0.170000 -1.440000
v -6.000000 -0.170000 -1.440000
v -6.000000 -0.170000 -1.440000
vn -0.0000 1.0000 -0.0000
vn -0.0000 -1.0000 -0.0000
vn -0.0000 -0.0000 -1.0000
vn -1.0000 -0.0000 -0.0000
vn -0.0000 -0.0000 1.0000
vn 1.0000 -0.0000 -0.0000
vt -6.000000 1.260000
vt 6.000000 1.260000
vt 6.000000 1.440000
vt -6.000000 1.440000
vt -6.000000 -0.470000
vt -6.000000 -0.170000
vt 6.000000 -0.170000
vt 6.000000 -0.470000
vt 1.260000 -0.470000
vt 1.260000 -0.170000
vt 1.440000 -0.170000
vt 1.440000 -0.470000
s 0
usemtl Br_rust
f 218/109/55 221/110/55 224/111/55
f 218/109/55 224/111/55 227/112/55
f 239/112/56 236/111/56 233/110/56
f 239/112/56 233/110/56 230/109/56
f 217/113/57 229/114/57 232/115/57
f 217/113/57 232/115/57 220/116/57
f 222/117/58 234/118/58 237/119/58
f 222/117/58 237/119/58 225/120/58
f 223/116/59 235/115/59 238/114/59
f 223/116/59 238/114/59 226/113/59
f 228/120/60 240/119/60 231/118/60
f 228/120/60 231/118/60 219/117/60
o Girder_2
v -6.000000 -0.470000 0.080000
v -6.000000 -0.470000 0.080000
v -6.000000 -0.470000 0.080000
v 6.000000 -0.470000 0.080000
v 6.000000 -0.470000 0.080000
v 6.000000 -0.470000 0.080000
v 6.000000 -0.470000 -0.080000
v 6.000000 -0.470000 -0.080000
v 6.000000 -0.470000 -0.080000
v -6.000000 -0.470000 -0.080000
v -6.000000 -0.470000 -0.080000
v -6.000000 -0.470000 -0.080000
v -6.000000 -0.210000 0.080000
v -6.000000 -0.210000 0.080000
v -6.000000 -0.210000 0.080000
v 6.000000 -0.210000 0.080000
v 6.000000 -0.210000 0.080000
v 6.000000 -0.210000 0.080000
v 6.000000 -0.210000 -0.080000
v 6.000000 -0.210000 -0.080000
v 6.000000 -0.210000 -0.080000
v -6.000000 -0.210000 -0.080000
v -6.000000 -0.210000 -0.080000
v -6.000000 -0.210000 -0.080000
vn -0.0000 1.0000 -0.0000
vn -0.0000 -1.0000 -0.0000
vn -0.0000 -0.0000 -1.0000
vn -1.0000 -0.0000 -0.0000
vn -0.0000 -0.0000 1.0000
vn 1.0000 -0.0000 -0.0000
vt -6.000000 -0.080000
vt 6.000000 -0.080000
vt 6.000000 0.080000
vt -6.000000 0.080000
vt -6.000000 -0.470000
vt -6.000000 -0.210000
vt 6.000000 -0.210000
vt 6.000000 -0.470000
vt -0.080000 -0.470000
vt -0.080000 -0.210000
vt 0.080000 -0.210000
vt 0.080000 -0.470000
s 0
usemtl Br_rust
f 242/121/61 245/122/61 248/123/61
f 242/121/61 248/123/61 251/124/61
f 263/124/62 260/123/62 257/122/62
f 263/124/62 257/122/62 254/121/62
f 241/125/63 253/126/63 256/127/63
f 241/125/63 256/127/63 244/128/63
f 246/129/64 258/130/64 261/131/64
f 246/129/64 261/131/64 249/132/64
f 247/128/65 259/127/65 262/126/65
f 247/128/65 262/126/65 250/125/65
f 252/132/66 264/131/66 255/130/66
f 252/132/66 255/130/66 243/129/66
o Brace_0
v -5.222857 -0.410000 1.450000
v -5.222857 -0.410000 1.450000
v -5.222857 -0.410000 1.450000
v -5.062857 -0.410000 1.450000
v -5.062857 -0.410000 1.450000
v -5.062857 -0.410000 1.450000
v -5.062857 -0.410000 -1.450000
v -5.062857 -0.410000 -1.450000
v -5.062857 -0.410000 -1.450000
v -5.222857 -0.410000 -1.450000
v -5.222857 -0.410000 -1.450000
v -5.222857 -0.410000 -1.450000
v -5.222857 -0.190000 1.450000
v -5.222857 -0.190000 1.450000
v -5.222857 -0.190000 1.450000
v -5.062857 -0.190000 1.450000
v -5.062857 -0.190000 1.450000
v -5.062857 -0.190000 1.450000
v -5.062857 -0.190000 -1.450000
v -5.062857 -0.190000 -1.450000
v -5.062857 -0.190000 -1.450000
v -5.222857 -0.190000 -1.450000
v -5.222857 -0.190000 -1.450000
v -5.222857 -0.190000 -1.450000
vn -0.0000 1.0000 -0.0000
vn -0.0000 -1.0000 -0.0000
vn -0.0000 -0.0000 -1.0000
vn -1.0000 -0.0000 -0.0000
vn -0.0000 -0.0000 1.0000
vn 1.0000 -0.0000 -0.0000
vt -5.222857 -1.450000
vt -5.062857 -1.450000
vt -5.062857 1.450000
vt -5.222857 1.450000
vt -5.222857 -0.410000
vt -5.222857 -0.190000
vt -5.062857 -0.190000
vt -5.062857 -0.410000
vt -1.450000 -0.410000
vt -1.450000 -0.190000
vt 1.450000 -0.190000
vt 1.450000 -0.410000
s 0
usemtl Br_rust
f 266/133/67 269/134/67 272/135/67
f 266/133/67 272/135/67 275/136/67
f 287/136/68 284/135/68 281/134/68
f 287/136/68 281/134/68 278/133/68
f 265/137/69 277/138/69 280/139/69
f 265/137/69 280/139/69 268/140/69
f 270/141/70 282/142/70 285/143/70
f 270/141/70 285/143/70 273/144/70
f 271/140/71 283/139/71 286/138/71
f 271/140/71 286/138/71 274/137/71
f 276/144/72 288/143/72 279/142/72
f 276/144/72 279/142/72 267/141/72
o BraceDiag_0
v -5.192857 -0.881125 -0.123920
v -5.192857 -0.881125 -0.123920
v -5.192857 -0.881125 -0.123920
v -5.092857 -0.881125 -0.123920
v -5.092857 -0.881125 -0.123920
v -5.092857 -0.881125 -0.123920
v -5.092857 -0.833183 -0.211678
v -5.092857 -0.833183 -0.211678
v -5.092857 -0.833183 -0.211678
v -5.192857 -0.833183 -0.211678
v -5.192857 -0.833183 -0.211678
v -5.192857 -0.833183 -0.211678
v -5.192857 -0.266817 0.211678
v -5.192857 -0.266817 0.211678
v -5.192857 -0.266817 0.211678
v -5.092857 -0.266817 0.211678
v -5.092857 -0.266817 0.211678
v -5.092857 -0.266817 0.211678
v -5.092857 -0.218875 0.123920
v -5.092857 -0.218875 0.123920
v -5.092857 -0.218875 0.123920
v -5.192857 -0.218875 0.123920
v -5.192857 -0.218875 0.123920
v -5.192857 -0.218875 0.123920
vn -0.0000 0.8776 0.4794
vn -0.0000 -0.8776 -0.4794
vn -0.0000 0.4794 -0.8776
vn -1.0000 -0.0000 -0.0000
vn -0.0000 -0.4794 0.8776
vn 1.0000 -0.0000 -0.0000
vt -5.192857 0.123920
vt -5.092857 0.123920
vt -5.092857 0.211678
vt -5.192857 0.211678
vt -5.192857 -0.123920
vt -5.092857 -0.123920
vt -5.092857 -0.211678
vt -5.192857 -0.211678
vt -5.192857 -0.881125
vt -5.192857 -0.266817
vt -5.092857 -0.266817
vt -5.092857 -0.881125
vt 0.123920 -0.881125
vt -0.211678 -0.266817
vt -0.123920 -0.218875
vt 0.211678 -0.833183
vt -5.092857 -0.833183
vt -5.092857 -0.218875
vt -5.192857 -0.218875
vt -5.192857 -0.833183
s 0
usemtl Br_rust
f 290/145/73 293/146/73 296/147/73
f 290/145/73 296/147/73 299/148/73
f 311/149/74 308/150/74 305/151/74
f 311/149/74 305/151/74 302/152/74
f 289/153/75 301/154/75 304/155/75
f 289/153/75 304/155/75 292/156/75
f 294/157/76 306/158/76 309/159/76
f 294/157/76 309/159/76 297/160/76
f 295/161/77 307/162/77 310/163/77
f 295/161/77 310/163/77 298/164/77
f 300/160/78 312/159/78 303/158/78
f 300/160/78 303/158/78 291/157/78
o Brace_1
v -3.508571 -0.410000 1.450000
v -3.508571 -0.410000 1.450000
v -3.508571 -0.410000 1.450000
v -3.348572 -0.410000 1.450000
v -3.348572 -0.410000 1.450000
v -3.348572 -0.410000 1.450000
v -3.348572 -0.410000 -1.450000
v -3.348572 -0.410000 -1.450000
v -3.348572 -0.410000 -1.450000
v -3.508571 -0.410000 -1.450000
v -3.508571 -0.410000 -1.450000
v -3.508571 -0.410000 -1.450000
v -3.508571 -0.190000 1.450000
v -3.508571 -0.190000 1.450000
v -3.508571 -0.190000 1.450000
v -3.348572 -0.190000 1.450000
v -3.348572 -0.190000 1.450000
v -3.348572 -0.190000 1.450000
v -3.348572 -0.190000 -1.450000
v -3.348572 -0.190000 -1.450000
v -3.348572 -0.190000 -1.450000
v -3.508571 -0.190000 -1.450000
v -3.508571 -0.190000 -1.450000
v -3.508571 -0.190000 -1.450000
vn -0.0000 1.0000 -0.0000
vn -0.0000 -1.0000 -0.0000
vn -0.0000 -0.0000 -1.0000
vn -1.0000 -0.0000 -0.0000
vn -0.0000 -0.0000 1.0000
vn 1.0000 -0.0000 -0.0000
vt -3.508571 -1.450000
vt -3.348572 -1.450000
vt -3.348572 1.450000
vt -3.508571 1.450000
vt -3.508571 -0.410000
vt -3.508571 -0.190000
vt -3.348572 -0.190000
vt -3.348572 -0.410000
vt -1.450000 -0.410000
vt -1.450000 -0.190000
vt 1.450000 -0.190000
vt 1.450000 -0.410000
s 0
usemtl Br_rust
f 314/165/79 317/166/79 320/167/79
f 314/165/79 320/167/79 323/168/79
f 335/168/80 332/167/80 329/166/80
f 335/168/80 329/166/80 326/165/80
f 313/169/81 325/170/81 328/171/81
f 313/169/81 328/171/81 316/172/81
f 318/173/82 330/174/82 333/175/82
f 318/173/82 333/175/82 321/176/82
f 319/172/83 331/171/83 334/170/83
f 319/172/83 334/170/83 322/169/83
f 324/176/84 336/175/84 327/174/84
f 324/176/84 327/174/84 315/173/84
o BraceDiag_1
v -3.478571 -0.881125 -0.123920
v -3.478571 -0.881125 -0.123920
v -3.478571 -0.881125 -0.123920
v -3.378572 -0.881125 -0.123920
v -3.378572 -0.881125 -0.123920
v -3.378572 -0.881125 -0.123920
v -3.378572 -0.833183 -0.211678
v -3.378572 -0.833183 -0.211678
v -3.378572 -0.833183 -0.211678
v -3.478571 -0.833183 -0.211678
v -3.478571 -0.833183 -0.211678
v -3.478571 -0.833183 -0.211678
v -3.478571 -0.266817 0.211678
v -3.478571 -0.266817 0.211678
v -3.478571 -0.266817 0.211678
v -3.378572 -0.266817 0.211678
v -3.378572 -0.266817 0.211678
v -3.378572 -0.266817 0.211678
v -3.378572 -0.218875 0.123920
v -3.378572 -0.218875 0.123920
v -3.378572 -0.218875 0.123920
v -3.478571 -0.218875 0.123920
v -3.478571 -0.218875 0.123920
v -3.478571 -0.218875 0.123920
vn -0.0000 0.8776 0.4794
vn -0.0000 -0.8776 -0.4794
vn -0.0000 0.4794 -0.8776
vn -1.0000 -0.0000 -0.0000
vn -0.0000 -0.4794 0.8776
vn 1.0000 -0.0000 -0.0000
vt -3.478571 0.123920
vt -3.378572 0.123920
vt -3.378572 0.211678
vt -3.478571 0.211678
vt -3.478571 -0.123920
vt -3.378572 -0.123920
vt -3.378572 -0.211678
vt -3.478571 -0.211678
vt -3.478571 -0.881125
vt -3.478571 -0.266817
vt -3.378572 -0.266817
vt -3.378572 -0.881125
vt 0.123920 -0.881125
vt -0.211678 -0.266817
vt -0.123920 -0.218875
vt 0.211678 -0.833183
vt -3.378572 -0.833183
vt -3.378572 -0.218875
vt -3.478571 -0.218875
vt -3.478571 -0.833183
s 0
usemtl Br_rust
f 338/177/85 341/178/85 344/179/85
f 338/177/85 344/179/85 347/180/85
f 359/181/86 356/182/86 353/183/86
f 359/181/86 353/183/86 350/184/86
f 337/185/87 349/186/87 352/187/87
f 337/185/87 352/187/87 340/188/87
f 342/189/88 354/190/88 357/191/88
f 342/189/88 357/191/88 345/192/88
f 343/193/89 355/194/89 358/195/89
f 343/193/89 358/195/89 346/196/89
f 348/192/90 360/191/90 351/190/90
f 348/192/90 351/190/90 339/189/90
o Brace_2
v -1.794286 -0.410000 1.450000
v -1.794286 -0.410000 1.450000
v -1.794286 -0.410000 1.450000
v -1.634286 -0.410000 1.450000
v -1.634286 -0.410000 1.450000
v -1.634286 -0.410000 1.450000
v -1.634286 -0.410000 -1.450000
v -1.634286 -0.410000 -1.450000
v -1.634286 -0.410000 -1.450000
v -1.794286 -0.410000 -1.450000
v -1.794286 -0.410000 -1.450000
v -1.794286 -0.410000 -1.450000
v -1.794286 -0.190000 1.450000
v -1.794286 -0.190000 1.450000
v -1.794286 -0.190000 1.450000
v -1.634286 -0.190000 1.450000
v -1.634286 -0.190000 1.450000
v -1.634286 -0.190000 1.450000
v -1.634286 -0.190000 -1.450000
v -1.634286 -0.190000 -1.450000
v -1.634286 -0.190000 -1.450000
v -1.794286 -0.190000 -1.450000
v -1.794286 -0.190000 -1.450000
v -1.794286 -0.190000 -1.450000
vn -0.0000 1.0000 -0.0000
vn -0.0000 -1.0000 -0.0000
vn -0.0000 -0.0000 -1.0000
vn -1.0000 -0.0000 -0.0000
vn -0.0000 -0.0000 1.0000
vn 1.0000 -0.0000 -0.0000
vt -1.794286 -1.450000
vt -1.634286 -1.450000
vt -1.634286 1.450000
vt -1.794286 1.450000
vt -1.794286 -0.410000
vt -1.794286 -0.190000
vt -1.634286 -0.190000
vt -1.634286 -0.410000
vt -1.450000 -0.410000
vt -1.450000 -0.190000
vt 1.450000 -0.190000
vt 1.450000 -0.410000
s 0
usemtl Br_rust
f 362/197/91 365/198/91 368/199/91
f 362/197/91 368/199/91 371/200/91
f 383/200/92 380/199/92 377/198/92
f 383/200/92 377/198/92 374/197/92
f 361/201/93 373/202/93 376/203/93
f 361/201/93 376/203/93 364/204/93
f 366/205/94 378/206/94 381/207/94
f 366/205/94 381/207/94 369/208/94
f 367/204/95 379/203/95 382/202/95
f 367/204/95 382/202/95 370/201/95
f 372/208/96 384/207/96 375/206/96
f 372/208/96 375/206/96 363/205/96
o BraceDiag_2
v -1.764286 -0.881125 -0.123920
v -1.764286 -0.881125 -0.123920
v -1.764286 -0.881125 -0.123920
v -1.664286 -0.881125 -0.123920
v -1.664286 -0.881125 -0.123920
v -1.664286 -0.881125 -0.123920
v -1.664286 -0.833183 -0.211678
v -1.664286 -0.833183 -0.211678
v -1.664286 -0.833183 -0.211678
v -1.764286 -0.833183 -0.211678
v -1.764286 -0.833183 -0.211678
v -1.764286 -0.833183 -0.211678
v -1.764286 -0.266817 0.211678
v -1.764286 -0.266817 0.211678
v -1.764286 -0.266817 0.211678
v -1.664286 -0.266817 0.211678
v -1.664286 -0.266817 0.211678
v -1.664286 -0.266817 0.211678
v -1.664286 -0.218875 0.123920
v -1.664286 -0.218875 0.123920
v -1.664286 -0.218875 0.123920
v -1.764286 -0.218875 0.123920
v -1.764286 -0.218875 0.123920
v -1.764286 -0.218875 0.123920
vn -0.0000 0.8776 0.4794
vn -0.0000 -0.8776 -0.4794
vn -0.0000 0.4794 -0.8776
vn -1.0000 -0.0000 -0.0000
vn -0.0000 -0.4794 0.8776
vn 1.0000 -0.0000 -0.0000
vt -1.764286 0.123920
vt -1.664286 0.123920
vt -1.664286 0.211678
vt -1.764286 0.211678
vt -1.764286 -0.123920
vt -1.664286 -0.123920
vt -1.664286 -0.211678
vt -1.764286 -0.211678
vt -1.764286 -0.881125
vt -1.764286 -0.266817
vt -1.664286 -0.266817
vt -1.664286 -0.881125
vt 0.123920 -0.881125
vt -0.211678 -0.266817
vt -0.123920 -0.218875
vt 0.211678 -0.833183
vt -1.664286 -0.833183
vt -1.664286 -0.218875
vt -1.764286 -0.218875
vt -1.764286 -0.833183
s 0
usemtl Br_rust
f 386/209/97 389/210/97 392/211/97
f 386/209/97 392/211/97 395/212/97
f 407/213/98 404/214/98 401/215/98
f 407/213/98 401/215/98 398/216/98
f 385/217/99 397/218/99 400/219/99
f 385/217/99 400/219/99 388/220/99
f 390/221/100 402/222/100 405/223/100
f 390/221/100 405/223/100 393/224/100
f 391/225/101 403/226/101 406/227/101
f 391/225/101 406/227/101 394/228/101
f 396/224/102 408/223/102 399/222/102
f 396/224/102 399/222/102 387/221/102
o Brace_3
v -0.080000 -0.410000 1.450000
v -0.080000 -0.410000 1.450000
v -0.080000 -0.410000 1.450000
v 0.080000 -0.410000 1.450000
v 0.080000 -0.410000 1.450000
v 0.080000 -0.410000 1.450000
v 0.080000 -0.410000 -1.450000
v 0.080000 -0.410000 -1.450000
v 0.080000 -0.410000 -1.450000
v -0.080000 -0.410000 -1.450000
v -0.080000 -0.410000 -1.450000
v -0.080000 -0.410000 -1.450000
v -0.080000 -0.190000 1.450000
v -0.080000 -0.190000 1.450000
v -0.080000 -0.190000 1.450000
v 0.080000 -0.190000 1.450000
v 0.080000 -0.190000 1.450000
v 0.080000 -0.190000 1.450000
v 0.080000 -0.190000 -1.450000
v 0.080000 -0.190000 -1.450000
v 0.080000 -0.190000 -1.450000
v -0.080000 -0.190000 -1.450000
v -0.080000 -0.190000 -1.450000
v -0.080000 -0.190000 -1.450000
vn -0.0000 1.0000 -0.0000
vn -0.0000 -1.0000 -0.0000
vn -0.0000 -0.0000 -1.0000
vn -1.0000 -0.0000 -0.0000
vn -0.0000 -0.0000 1.0000
vn 1.0000 -0.0000 -0.0000
vt -0.080000 -1.450000
vt 0.080000 -1.450000
vt 0.080000 1.450000
vt -0.080000 1.450000
vt -0.080000 -0.410000
vt -0.080000 -0.190000
vt 0.080000 -0.190000
vt 0.080000 -0.410000
vt -1.450000 -0.410000
vt -1.450000 -0.190000
vt 1.450000 -0.190000
vt 1.450000 -0.410000
s 0
usemtl Br_rust
f 410/229/103 413/230/103 416/231/103
f 410/229/103 416/231/103 419/232/103
f 431/232/104 428/231/104 425/230/104
f 431/232/104 425/230/104 422/229/104
f 409/233/105 421/234/105 424/235/105
f 409/233/105 424/235/105 412/236/105
f 414/237/106 426/238/106 429/239/106
f 414/237/106 429/239/106 417/240/106
f 415/236/107 427/235/107 430/234/107
f 415/236/107 430/234/107 418/233/107
f 420/240/108 432/239/108 423/238/108
f 420/240/108 423/238/108 411/237/108
o BraceDiag_3
v -0.050000 -0.881125 -0.123920
v -0.050000 -0.881125 -0.123920
v -0.050000 -0.881125 -0.123920
v 0.050000 -0.881125 -0.123920
v 0.050000 -0.881125 -0.123920
v 0.050000 -0.881125 -0.123920
v 0.050000 -0.833183 -0.211678
v 0.050000 -0.833183 -0.211678
v 0.050000 -0.833183 -0.211678
v -0.050000 -0.833183 -0.211678
v -0.050000 -0.833183 -0.211678
v -0.050000 -0.833183 -0.211678
v -0.050000 -0.266817 0.211678
v -0.050000 -0.266817 0.211678
v -0.050000 -0.266817 0.211678
v 0.050000 -0.266817 0.211678
v 0.050000 -0.266817 0.211678
v 0.050000 -0.266817 0.211678
v 0.050000 -0.218875 0.123920
v 0.050000 -0.218875 0.123920
v 0.050000 -0.218875 0.123920
v -0.050000 -0.218875 0.123920
v -0.050000 -0.218875 0.123920
v -0.050000 -0.218875 0.123920
vn -0.0000 0.8776 0.4794
vn -0.0000 -0.8776 -0.4794
vn -0.0000 0.4794 -0.8776
vn -1.0000 -0.0000 -0.0000
vn -0.0000 -0.4794 0.8776
vn 1.0000 -0.0000 -0.0000
vt -0.050000 0.123920
vt 0.050000 0.123920
vt 0.050000 0.211678
vt -0.050000 0.211678
vt -0.050000 -0.123920
vt 0.050000 -0.123920
vt 0.050000 -0.211678
vt -0.050000 -0.211678
vt -0.050000 -0.881125
vt -0.050000 -0.266817
vt 0.050000 -0.266817
vt 0.050000 -0.881125
vt 0.123920 -0.881125
vt -0.211678 -0.266817
vt -0.123920 -0.218875
vt 0.211678 -0.833183
vt 0.050000 -0.833183
vt 0.050000 -0.218875
vt -0.050000 -0.218875
vt -0.050000 -0.833183
s 0
usemtl Br_rust
f 434/241/109 437/242/109 440/243/109
f 434/241/109 440/243/109 443/244/109
f 455/245/110 452/246/110 449/247/110
f 455/245/110 449/247/110 446/248/110
f 433/249/111 445/250/111 448/251/111
f 433/249/111 448/251/111 436/252/111
f 438/253/112 450/254/112 453/255/112
f 438/253/112 453/255/112 441/256/112
f 439/257/113 451/258/113 454/259/113
f 439/257/113 454/259/113 442/260/113
f 444/256/114 456/255/114 447/254/114
f 444/256/114 447/254/114 435/253/114
o Brace_4
v 1.634286 -0.410000 1.450000
v 1.634286 -0.410000 1.450000
v 1.634286 -0.410000 1.450000
v 1.794286 -0.410000 1.450000
v 1.794286 -0.410000 1.450000
v 1.794286 -0.410000 1.450000
v 1.794286 -0.410000 -1.450000
v 1.794286 -0.410000 -1.450000
v 1.794286 -0.410000 -1.450000
v 1.634286 -0.410000 -1.450000
v 1.634286 -0.410000 -1.450000
v 1.634286 -0.410000 -1.450000
v 1.634286 -0.190000 1.450000
v 1.634286 -0.190000 1.450000
v 1.634286 -0.190000 1.450000
v 1.794286 -0.190000 1.450000
v 1.794286 -0.190000 1.450000
v 1.794286 -0.190000 1.450000
v 1.794286 -0.190000 -1.450000
v 1.794286 -0.190000 -1.450000
v 1.794286 -0.190000 -1.450000
v 1.634286 -0.190000 -1.450000
v 1.634286 -0.190000 -1.450000
v 1.634286 -0.190000 -1.450000
vn -0.0000 1.0000 -0.0000
vn -0.0000 -1.0000 -0.0000
vn -0.0000 -0.0000 -1.0000
vn -1.0000 -0.0000 -0.0000
vn -0.0000 -0.0000 1.0000
vn 1.0000 -0.0000 -0.0000
vt 1.634286 -1.450000
vt 1.794286 -1.450000
vt 1.794286 1.450000
vt 1.634286 1.450000
vt 1.634286 -0.410000
vt 1.634286 -0.190000
vt 1.794286 -0.190000
vt 1.794286 -0.410000
vt -1.450000 -0.410000
vt -1.450000 -0.190000
vt 1.450000 -0.190000
vt 1.450000 -0.410000
s 0
usemtl Br_rust
f 458/261/115 461/262/115 464/263/115
f 458/261/115 464/263/115 467/264/115
f 479/264/116 476/263/116 473/262/116
f 479/264/116 473/262/116 470/261/116
f 457/265/117 469/266/117 472/267/117
f 457/265/117 472/267/117 460/268/117
f 462/269/118 474/270/118 477/271/118
f 462/269/118 477/271/118 465/272/118
f 463/268/119 475/267/119 478/266/119
f 463/268/119 478/266/119 466/265/119
f 468/272/120 480/271/120 471/270/120
f 468/272/120 471/270/120 459/269/120
o BraceDiag_4
v 1.664286 -0.881125 -0.123920
v 1.664286 -0.881125 -0.123920
v 1.664286 -0.881125 -0.123920
v 1.764286 -0.881125 -0.123920
v 1.764286 -0.881125 -0.123920
v 1.764286 -0.881125 -0.123920
v 1.764286 -0.833183 -0.211678
v 1.764286 -0.833183 -0.211678
v 1.764286 -0.833183 -0.211678
v 1.664286 -0.833183 -0.211678
v 1.664286 -0.833183 -0.211678
v 1.664286 -0.833183 -0.211678
v 1.664286 -0.266817 0.211678
v 1.664286 -0.266817 0.211678
v 1.664286 -0.266817 0.211678
v 1.764286 -0.266817 0.211678
v 1.764286 -0.266817 0.211678
v 1.764286 -0.266817 0.211678
v 1.764286 -0.218875 0.123920
v 1.764286 -0.218875 0.123920
v 1.764286 -0.218875 0.123920
v 1.664286 -0.218875 0.123920
v 1.664286 -0.218875 0.123920
v 1.664286 -0.218875 0.123920
vn -0.0000 0.8776 0.4794
vn -0.0000 -0.8776 -0.4794
vn -0.0000 0.4794 -0.8776
vn -1.0000 -0.0000 -0.0000
vn -0.0000 -0.4794 0.8776
vn 1.0000 -0.0000 -0.0000
vt 1.664286 0.123920
vt 1.764286 0.123920
vt 1.764286 0.211678
vt 1.664286 0.211678
vt 1.664286 -0.123920
vt 1.764286 -0.123920
vt 1.764286 -0.211678
vt 1.664286 -0.211678
vt 1.664286 -0.881125
vt 1.664286 -0.266817
vt 1.764286 -0.266817
vt 1.764286 -0.881125
vt 0.123920 -0.881125
vt -0.211678 -0.266817
vt -0.123920 -0.218875
vt 0.211678 -0.833183
vt 1.764286 -0.833183
vt 1.764286 -0.218875
vt 1.664286 -0.218875
vt 1.664286 -0.833183
s 0
usemtl Br_rust
f 482/273/121 485/274/121 488/275/121
f 482/273/121 488/275/121 491/276/121
f 503/277/122 500/278/122 497/279/122
f 503/277/122 497/279/122 494/280/122
f 481/281/123 493/282/123 496/283/123
f 481/281/123 496/283/123 484/284/123
f 486/285/124 498/286/124 501/287/124
f 486/285/124 501/287/124 489/288/124
f 487/289/125 499/290/125 502/291/125
f 487/289/125 502/291/125 490/292/125
f 492/288/126 504/287/126 495/286/126
f 492/288/126 495/286/126 483/285/126
o Brace_5
v 3.348572 -0.410000 1.450000
v 3.348572 -0.410000 1.450000
v 3.348572 -0.410000 1.450000
v 3.508571 -0.410000 1.450000
v 3.508571 -0.410000 1.450000
v 3.508571 -0.410000 1.450000
v 3.508571 -0.410000 -1.450000
v 3.508571 -0.410000 -1.450000
v 3.508571 -0.410000 -1.450000
v 3.348572 -0.410000 -1.450000
v 3.348572 -0.410000 -1.450000
v 3.348572 -0.410000 -1.450000
v 3.348572 -0.190000 1.450000
v 3.348572 -0.190000 1.450000
v 3.348572 -0.190000 1.450000
v 3.508571 -0.190000 1.450000
v 3.508571 -0.190000 1.450000
v 3.508571 -0.190000 1.450000
v 3.508571 -0.190000 -1.450000
v 3.508571 -0.190000 -1.450000
v 3.508571 -0.190000 -1.450000
v 3.348572 -0.190000 -1.450000
v 3.348572 -0.190000 -1.450000
v 3.348572 -0.190000 -1.450000
vn -0.0000 1.0000 -0.0000
vn -0.0000 -1.0000 -0.0000
vn -0.0000 -0.0000 -1.0000
vn -1.0000 -0.0000 -0.0000
vn -0.0000 -0.0000 1.0000
vn 1.0000 -0.0000 -0.0000
vt 3.348572 -1.450000
vt 3.508571 -1.450000
vt 3.508571 1.450000
vt 3.348572 1.450000
vt 3.348572 -0.410000
vt 3.348572 -0.190000
vt 3.508571 -0.190000
vt 3.508571 -0.410000
vt -1.450000 -0.410000
vt -1.450000 -0.190000
vt 1.450000 -0.190000
vt 1.450000 -0.410000
s 0
usemtl Br_rust
f 506/293/127 509/294/127 512/295/127
f 506/293/127 512/295/127 515/296/127
f 527/296/128 524/295/128 521/294/128
f 527/296/128 521/294/128 518/293/128
f 505/297/129 517/298/129 520/299/129
f 505/297/129 520/299/129 508/300/129
f 510/301/130 522/302/130 525/303/130
f 510/301/130 525/303/130 513/304/130
f 511/300/131 523/299/131 526/298/131
f 511/300/131 526/298/131 514/297/131
f 516/304/132 528/303/132 519/302/132
f 516/304/132 519/302/132 507/301/132
o BraceDiag_5
v 3.378572 -0.881125 -0.123920
v 3.378572 -0.881125 -0.123920
v 3.378572 -0.881125 -0.123920
v 3.478571 -0.881125 -0.123920
v 3.478571 -0.881125 -0.123920
v 3.478571 -0.881125 -0.123920
v 3.478571 -0.833183 -0.211678
v 3.478571 -0.833183 -0.211678
v 3.478571 -0.833183 -0.211678
v 3.378572 -0.833183 -0.211678
v 3.378572 -0.833183 -0.211678
v 3.378572 -0.833183 -0.211678
v 3.378572 -0.266817 0.211678
v 3.378572 -0.266817 0.211678
v 3.378572 -0.266817 0.211678
v 3.478571 -0.266817 0.211678
v 3.478571 -0.266817 0.211678
v 3.478571 -0.266817 0.211678
v 3.478571 -0.218875 0.123920
v 3.478571 -0.218875 0.123920
v 3.478571 -0.218875 0.123920
v 3.378572 -0.218875 0.123920
v 3.378572 -0.218875 0.123920
v 3.378572 -0.218875 0.123920
vn -0.0000 0.8776 0.4794
vn -0.0000 -0.8776 -0.4794
vn -0.0000 0.4794 -0.8776
vn -1.0000 -0.0000 -0.0000
vn -0.0000 -0.4794 0.8776
vn 1.0000 -0.0000 -0.0000
vt 3.378572 0.123920
vt 3.478571 0.123920
vt 3.478571 0.211678
vt 3.378572 0.211678
vt 3.378572 -0.123920
vt 3.478571 -0.123920
vt 3.478571 -0.211678
vt 3.378572 -0.211678
vt 3.378572 -0.881125
vt 3.378572 -0.266817
vt 3.478571 -0.266817
vt 3.478571 -0.881125
vt 0.123920 -0.881125
vt -0.211678 -0.266817
vt -0.123920 -0.218875
vt 0.211678 -0.833183
vt 3.478571 -0.833183
vt 3.478571 -0.218875
vt 3.378572 -0.218875
vt 3.378572 -0.833183
s 0
usemtl Br_rust
f 530/305/133 533/306/133 536/307/133
f 530/305/133 536/307/133 539/308/133
f 551/309/134 548/310/134 545/311/134
f 551/309/134 545/311/134 542/312/134
f 529/313/135 541/314/135 544/315/135
f 529/313/135 544/315/135 532/316/135
f 534/317/136 546/318/136 549/319/136
f 534/317/136 549/319/136 537/320/136
f 535/321/137 547/322/137 550/323/137
f 535/321/137 550/323/137 538/324/137
f 540/320/138 552/319/138 543/318/138
f 540/320/138 543/318/138 531/317/138
o Brace_6
v 5.062857 -0.410000 1.450000
v 5.062857 -0.410000 1.450000
v 5.062857 -0.410000 1.450000
v 5.222857 -0.410000 1.450000
v 5.222857 -0.410000 1.450000
v 5.222857 -0.410000 1.450000
v 5.222857 -0.410000 -1.450000
v 5.222857 -0.410000 -1.450000
v 5.222857 -0.410000 -1.450000
v 5.062857 -0.410000 -1.450000
v 5.062857 -0.410000 -1.450000
v 5.062857 -0.410000 -1.450000
v 5.062857 -0.190000 1.450000
v 5.062857 -0.190000 1.450000
v 5.062857 -0.190000 1.450000
v 5.222857 -0.190000 1.450000
v 5.222857 -0.190000 1.450000
v 5.222857 -0.190000 1.450000
v 5.222857 -0.190000 -1.450000
v 5.222857 -0.190000 -1.450000
v 5.222857 -0.190000 -1.450000
v 5.062857 -0.190000 -1.450000
v 5.062857 -0.190000 -1.450000
v 5.062857 -0.190000 -1.450000
vn -0.0000 1.0000 -0.0000
vn -0.0000 -1.0000 -0.0000
vn -0.0000 -0.0000 -1.0000
vn -1.0000 -0.0000 -0.0000
vn -0.0000 -0.0000 1.0000
vn 1.0000 -0.0000 -0.0000
vt 5.062857 -1.450000
vt 5.222857 -1.450000
vt 5.222857 1.450000
vt 5.062857 1.450000
vt 5.062857 -0.410000
vt 5.062857 -0.190000
vt 5.222857 -0.190000
vt 5.222857 -0.410000
vt -1.450000 -0.410000
vt -1.450000 -0.190000
vt 1.450000 -0.190000
vt 1.450000 -0.410000
s 0
usemtl Br_rust
f 554/325/139 557/326/139 560/327/139
f 554/325/139 560/327/139 563/328/139
f 575/328/140 572/327/140 569/326/140
f 575/328/140 569/326/140 566/325/140
f 553/329/141 565/330/141 568/331/141
f 553/329/141 568/331/141 556/332/141
f 558/333/142 570/334/142 573/335/142
f 558/333/142 573/335/142 561/336/142
f 559/332/143 571/331/143 574/330/143
f 559/332/143 574/330/143 562/329/143
f 564/336/144 576/335/144 567/334/144
f 564/336/144 567/334/144 555/333/144
o BraceDiag_6
v 5.092857 -0.881125 -0.123920
v 5.092857 -0.881125 -0.123920
v 5.092857 -0.881125 -0.123920
v 5.192857 -0.881125 -0.123920
v 5.192857 -0.881125 -0.123920
v 5.192857 -0.881125 -0.123920
v 5.192857 -0.833183 -0.211678
v 5.192857 -0.833183 -0.211678
v 5.192857 -0.833183 -0.211678
v 5.092857 -0.833183 -0.211678
v 5.092857 -0.833183 -0.211678
v 5.092857 -0.833183 -0.211678
v 5.092857 -0.266817 0.211678
v 5.092857 -0.266817 0.211678
v 5.092857 -0.266817 0.211678
v 5.192857 -0.266817 0.211678
v 5.192857 -0.266817 0.211678
v 5.192857 -0.266817 0.211678
v 5.192857 -0.218875 0.123920
v 5.192857 -0.218875 0.123920
v 5.192857 -0.218875 0.123920
v 5.092857 -0.218875 0.123920
v 5.092857 -0.218875 0.123920
v 5.092857 -0.218875 0.123920
vn -0.0000 0.8776 0.4794
vn -0.0000 -0.8776 -0.4794
vn -0.0000 0.4794 -0.8776
vn -1.0000 -0.0000 -0.0000
vn -0.0000 -0.4794 0.8776
vn 1.0000 -0.0000 -0.0000
vt 5.092857 0.123920
vt 5.192857 0.123920
vt 5.192857 0.211678
vt 5.092857 0.211678
vt 5.092857 -0.123920
vt 5.192857 -0.123920
vt 5.192857 -0.211678
vt 5.092857 -0.211678
vt 5.092857 -0.881125
vt 5.092857 -0.266817
vt 5.192857 -0.266817
vt 5.192857 -0.881125
vt 0.123920 -0.881125
vt -0.211678 -0.266817
vt -0.123920 -0.218875
vt 0.211678 -0.833183
vt 5.192857 -0.833183
vt 5.192857 -0.218875
vt 5.092857 -0.218875
vt 5.092857 -0.833183
s 0
usemtl Br_rust
f 578/337/145 581/338/145 584/339/145
f 578/337/145 584/339/145 587/340/145
f 599/341/146 596/342/146 593/343/146
f 599/341/146 593/343/146 590/344/146
f 577/345/147 589/346/147 592/347/147
f 577/345/147 592/347/147 580/348/147
f 582/349/148 594/350/148 597/351/148
f 582/349/148 597/351/148 585/352/148
f 583/353/149 595/354/149 598/355/149
f 583/353/149 598/355/149 586/356/149
f 588/352/150 600/351/150 591/350/150
f 588/352/150 591/350/150 579/349/150
o Sill_L
v -6.000000 0.005000 1.530000
v -6.000000 0.005000 1.530000
v -6.000000 0.005000 1.530000
v 6.000000 0.005000 1.530000
v 6.000000 0.005000 1.530000
v 6.000000 0.005000 1.530000
v 6.000000 0.005000 1.370000
v 6.000000 0.005000 1.370000
v 6.000000 0.005000 1.370000
v -6.000000 0.005000 1.370000
v -6.000000 0.005000 1.370000
v -6.000000 0.005000 1.370000
v -6.000000 0.555000 1.530000
v -6.000000 0.555000 1.530000
v -6.000000 0.555000 1.530000
v 6.000000 0.555000 1.530000
v 6.000000 0.555000 1.530000
v 6.000000 0.555000 1.530000
v 6.000000 0.555000 1.370000
v 6.000000 0.555000 1.370000
v 6.000000 0.555000 1.370000
v -6.000000 0.555000 1.370000
v -6.000000 0.555000 1.370000
v -6.000000 0.555000 1.370000
vn -0.0000 1.0000 -0.0000
vn -0.0000 -1.0000 -0.0000
vn -0.0000 -0.0000 -1.0000
vn -1.0000 -0.0000 -0.0000
vn -0.0000 -0.0000 1.0000
vn 1.0000 -0.0000 -0.0000
vt -6.000000 -1.530000
vt 6.000000 -1.530000
vt 6.000000 -1.370000
vt -6.000000 -1.370000
vt -6.000000 0.005000
vt -6.000000 0.555000
vt 6.000000 0.555000
vt 6.000000 0.005000
vt -1.530000 0.005000
vt -1.530000 0.555000
vt -1.370000 0.555000
vt -1.370000 0.005000
s 0
usemtl Br_metal
f 602/357/151 605/358/151 608/359/151
f 602/357/151 608/359/151 611/360/151
f 623/360/152 620/359/152 617/358/152
f 623/360/152 617/358/152 614/357/152
f 601/361/153 613/362/153 616/363/153
f 601/361/153 616/363/153 604/364/153
f 606/365/154 618/366/154 621/367/154
f 606/365/154 621/367/154 609/368/154
f 607/364/155 619/363/155 622/362/155
f 607/364/155 622/362/155 610/361/155
f 612/368/156 624/367/156 615/366/156
f 612/368/156 615/366/156 603/365/156
o Header_L
v -6.000000 2.250000 1.550000
v -6.000000 2.250000 1.550000
v -6.000000 2.250000 1.550000
v 6.000000 2.250000 1.550000
v 6.000000 2.250000 1.550000
v 6.000000 2.250000 1.550000
v 6.000000 2.250000 1.350000
v 6.000000 2.250000 1.350000
v 6.000000 2.250000 1.350000
v -6.000000 2.250000 1.350000
v -6.000000 2.250000 1.350000
v -6.000000 2.250000 1.350000
v -6.000000 2.650000 1.550000
v -6.000000 2.650000 1.550000
v -6.000000 2.650000 1.550000
v 6.000000 2.650000 1.550000
v 6.000000 2.650000 1.550000
v 6.000000 2.650000 1.550000
v 6.000000 2.650000 1.350000
v 6.000000 2.650000 1.350000
v 6.000000 2.650000 1.350000
v -6.000000 2.650000 1.350000
v -6.000000 2.650000 1.350000
v -6.000000 2.650000 1.350000
vn -0.0000 1.0000 -0.0000
vn -0.0000 -1.0000 -0.0000
vn -0.0000 -0.0000 -1.0000
vn -1.0000 -0.0000 -0.0000
vn -0.0000 -0.0000 1.0000
vn 1.0000 -0.0000 -0.0000
vt -6.000000 -1.550000
vt 6.000000 -1.550000
vt 6.000000 -1.350000
vt -6.000000 -1.350000
vt -6.000000 2.250000
vt -6.000000 2.650000
vt 6.000000 2.650000
vt 6.000000 2.250000
vt -1.550000 2.250000
vt -1.550000 2.650000
vt -1.350000 2.650000
vt -1.350000 2.250000
s 0
usemtl Br_metal
f 626/369/157 629/370/157 632/371/157
f 626/369/157 632/371/157 635/372/157
f 647/372/158 644/371/158 641/370/158
f 647/372/158 641/370/158 638/369/158
f 625/373/159 637/374/159 640/375/159
f 625/373/159 640/375/159 628/376/159
f 630/377/160 642/378/160 645/379/160
f 630/377/160 645/379/160 633/380/160
f 631/376/161 643/375/161 646/374/161
f 631/376/161 646/374/161 634/373/161
f 636/380/162 648/379/162 639/378/162
f 636/380/162 639/378/162 627/377/162
o RedStrip_L
v -5.400000 2.260000 1.360000
v -5.400000 2.260000 1.360000
v -5.400000 2.260000 1.360000
v 5.400000 2.260000 1.360000
v 5.400000 2.260000 1.360000
v 5.400000 2.260000 1.360000
v 5.400000 2.260000 1.300000
v 5.400000 2.260000 1.300000
v 5.400000 2.260000 1.300000
v -5.400000 2.260000 1.300000
v -5.400000 2.260000 1.300000
v -5.400000 2.260000 1.300000
v -5.400000 2.340000 1.360000
v -5.400000 2.340000 1.360000
v -5.400000 2.340000 1.360000
v 5.400000 2.340000 1.360000
v 5.400000 2.340000 1.360000
v 5.400000 2.340000 1.360000
v 5.400000 2.340000 1.300000
v 5.400000 2.340000 1.300000
v 5.400000 2.340000 1.300000
v -5.400000 2.340000 1.300000
v -5.400000 2.340000 1.300000
v -5.400000 2.340000 1.300000
vn -0.0000 1.0000 -0.0000
vn -0.0000 -1.0000 -0.0000
vn -0.0000 -0.0000 -1.0000
vn -1.0000 -0.0000 -0.0000
vn -0.0000 -0.0000 1.0000
vn 1.0000 -0.0000 -0.0000
vt -5.400000 -1.360000
vt 5.400000 -1.360000
vt 5.400000 -1.300000
vt -5.400000 -1.300000
vt -5.400000 2.260000
vt -5.400000 2.340000
vt 5.400000 2.340000
vt 5.400000 2.260000
vt -1.360000 2.260000
vt -1.360000 2.340000
vt -1.300000 2.340000
vt -1.300000 2.260000
s 0
usemtl BrRedLight
f 650/381/163 653/382/163 656/383/163
f 650/381/163 656/383/163 659/384/163
f 671/384/164 668/383/164 665/382/164
f 671/384/164 665/382/164 662/381/164
f 649/385/165 661/386/165 664/387/165
f 649/385/165 664/387/165 652/388/165
f 654/389/166 666/390/166 669/391/166
f 654/389/166 669/391/166 657/392/166
f 655/388/167 667/387/167 670/386/167
f 655/388/167 670/386/167 658/385/167
f 660/392/168 672/391/168 663/390/168
f 660/392/168 663/390/168 651/389/168
o Mullion_L_0
v -6.080000 0.575000 1.560000
v -6.080000 0.575000 1.560000
v -6.080000 0.575000 1.560000
v -5.920000 0.575000 1.560000
v -5.920000 0.575000 1.560000
v -5.920000 0.575000 1.560000
v -5.920000 0.575000 1.340000
v -5.920000 0.575000 1.340000
v -5.920000 0.575000 1.340000
v -6.080000 0.575000 1.340000
v -6.080000 0.575000 1.340000
v -6.080000 0.575000 1.340000
v -6.080000 2.325000 1.560000
v -6.080000 2.325000 1.560000
v -6.080000 2.325000 1.560000
v -5.920000 2.325000 1.560000
v -5.920000 2.325000 1.560000
v -5.920000 2.325000 1.560000
v -5.920000 2.325000 1.340000
v -5.920000 2.325000 1.340000
v -5.920000 2.325000 1.340000
v -6.080000 2.325000 1.340000
v -6.080000 2.325000 1.340000
v -6.080000 2.325000 1.340000
vn -0.0000 1.0000 -0.0000
vn -0.0000 -1.0000 -0.0000
vn -0.0000 -0.0000 -1.0000
vn -1.0000 -0.0000 -0.0000
vn -0.0000 -0.0000 1.0000
vn 1.0000 -0.0000 -0.0000
vt -6.080000 -1.560000
vt -5.920000 -1.560000
vt -5.920000 -1.340000
vt -6.080000 -1.340000
vt -6.080000 0.575000
vt -6.080000 2.325000
vt -5.920000 2.325000
vt -5.920000 0.575000
vt -1.560000 0.575000
vt -1.560000 2.325000
vt -1.340000 2.325000
vt -1.340000 0.575000
s 0
usemtl Br_metal
f 674/393/169 677/394/169 680/395/169
f 674/393/169 680/395/169 683/396/169
f 695/396/170 692/395/170 689/394/170
f 695/396/170 689/394/170 686/393/170
f 673/397/171 685/398/171 688/399/171
f 673/397/171 688/399/171 676/400/171
f 678/401/172 690/402/172 693/403/172
f 678/401/172 693/403/172 681/404/172
f 679/400/173 691/399/173 694/398/173
f 679/400/173 694/398/173 682/397/173
f 684/404/174 696/403/174 687/402/174
f 684/404/174 687/402/174 675/401/174
o Mullion_L_1
v -4.580000 0.575000 1.560000
v -4.580000 0.575000 1.560000
v -4.580000 0.575000 1.560000
v -4.420000 0.575000 1.560000
v -4.420000 0.575000 1.560000
v -4.420000 0.575000 1.560000
v -4.420000 0.575000 1.340000
v -4.420000 0.575000 1.340000
v -4.420000 0.575000 1.340000
v -4.580000 0.575000 1.340000
v -4.580000 0.575000 1.340000
v -4.580000 0.575000 1.340000
v -4.580000 2.325000 1.560000
v -4.580000 2.325000 1.560000
v -4.580000 2.325000 1.560000
v -4.420000 2.325000 1.560000
v -4.420000 2.325000 1.560000
v -4.420000 2.325000 1.560000
v -4.420000 2.325000 1.340000
v -4.420000 2.325000 1.340000
v -4.420000 2.325000 1.340000
v -4.580000 2.325000 1.340000
v -4.580000 2.325000 1.340000
v -4.580000 2.325000 1.340000
vn -0.0000 1.0000 -0.0000
vn -0.0000 -1.0000 -0.0000
vn -0.0000 -0.0000 -1.0000
vn -1.0000 -0.0000 -0.0000
vn -0.0000 -0.0000 1.0000
vn 1.0000 -0.0000 -0.0000
vt -4.580000 -1.560000
vt -4.420000 -1.560000
vt -4.420000 -1.340000
vt -4.580000 -1.340000
vt -4.580000 0.575000
vt -4.580000 2.325000
vt -4.420000 2.325000
vt -4.420000 0.575000
vt -1.560000 0.575000
vt -1.560000 2.325000
vt -1.340000 2.325000
vt -1.340000 0.575000
s 0
usemtl Br_metal
f 698/405/175 701/406/175 704/407/175
f 698/405/175 704/407/175 707/408/175
f 719/408/176 716/407/176 713/406/176
f 719/408/176 713/406/176 710/405/176
f 697/409/177 709/410/177 712/411/177
f 697/409/177 712/411/177 700/412/177
f 702/413/178 714/414/178 717/415/178
f 702/413/178 717/415/178 705/416/178
f 703/412/179 715/411/179 718/410/179
f 703/412/179 718/410/179 706/409/179
f 708/416/180 720/415/180 711/414/180
f 708/416/180 711/414/180 699/413/180
o Mullion_L_2
v -3.080000 0.575000 1.560000
v -3.080000 0.575000 1.560000
v -3.080000 0.575000 1.560000
v -2.920000 0.575000 1.560000
v -2.920000 0.575000 1.560000
v -2.920000 0.575000 1.560000
v -2.920000 0.575000 1.340000
v -2.920000 0.575000 1.340000
v -2.920000 0.575000 1.340000
v -3.080000 0.575000 1.340000
v -3.080000 0.575000 1.340000
v -3.080000 0.575000 1.340000
v -3.080000 2.325000 1.560000
v -3.080000 2.325000 1.560000
v -3.080000 2.325000 1.560000
v -2.920000 2.325000 1.560000
v -2.920000 2.325000 1.560000
v -2.920000 2.325000 1.560000
v -2.920000 2.325000 1.340000
v -2.920000 2.325000 1.340000
v -2.920000 2.325000 1.340000
v -3.080000 2.325000 1.340000
v -3.080000 2.325000 1.340000
v -3.080000 2.325000 1.340000
vn -0.0000 1.0000 -0.0000
vn -0.0000 -1.0000 -0.0000
vn -0.0000 -0.0000 -1.0000
vn -1.0000 -0.0000 -0.0000
vn -0.0000 -0.0000 1.0000
vn 1.0000 -0.0000 -0.0000
vt -3.080000 -1.560000
vt -2.920000 -1.560000
vt -2.920000 -1.340000
vt -3.080000 -1.340000
vt -3.080000 0.575000
vt -3.080000 2.325000
vt -2.920000 2.325000
vt -2.920000 0.575000
vt -1.560000 0.575000
vt -1.560000 2.325000
vt -1.340000 2.325000
vt -1.340000 0.575000
s 0
usemtl Br_metal
f 722/417/181 725/418/181 728/419/181
f 722/417/181 728/419/181 731/420/181
f 743/420/182 740/419/182 737/418/182
f 743/420/182 737/418/182 734/417/182
f 721/421/183 733/422/183 736/423/183
f 721/421/183 736/423/183 724/424/183
f 726/425/184 738/426/184 741/427/184
f 726/425/184 741/427/184 729/428/184
f 727/424/185 739/423/185 742/422/185
f 727/424/185 742/422/185 730/421/185
f 732/428/186 744/427/186 735/426/186
f 732/428/186 735/426/186 723/425/186
o Mullion_L_3
v -1.580000 0.575000 1.560000
v -1.580000 0.575000 1.560000
v -1.580000 0.575000 1.560000
v -1.420000 0.575000 1.560000
v -1.420000 0.575000 1.560000
v -1.420000 0.575000 1.560000
v -1.420000 0.575000 1.340000
v -1.420000 0.575000 1.340000
v -1.420000 0.575000 1.340000
v -1.580000 0.575000 1.340000
v -1.580000 0.575000 1.340000
v -1.580000 0.575000 1.340000
v -1.580000 2.325000 1.560000
v -1.580000 2.325000 1.560000
v -1.580000 2.325000 1.560000
v -1.420000 2.325000 1.560000
v -1.420000 2.325000 1.560000
v -1.420000 2.325000 1.560000
v -1.420000 2.325000 1.340000
v -1.420000 2.325000 1.340000
v -1.420000 2.325000 1.340000
v -1.580000 2.325000 1.340000
v -1.580000 2.325000 1.340000
v -1.580000 2.325000 1.340000
vn -0.0000 1.0000 -0.0000
vn -0.0000 -1.0000 -0.0000
vn -0.0000 -0.0000 -1.0000
vn -1.0000 -0.0000 -0.0000
vn -0.0000 -0.0000 1.0000
vn 1.0000 -0.0000 -0.0000
vt -1.580000 -1.560000
vt -1.420000 -1.560000
vt -1.420000 -1.340000
vt -1.580000 -1.340000
vt -1.580000 0.575000
vt -1.580000 2.325000
vt -1.420000 2.325000
vt -1.420000 0.575000
vt -1.560000 0.575000
vt -1.560000 2.325000
vt -1.340000 2.325000
vt -1.340000 0.575000
s 0
usemtl Br_metal
f 746/429/187 749/430/187 752/431/187
f 746/429/187 752/431/187 755/432/187
f 767/432/188 764/431/188 761/430/188
f 767/432/188 761/430/188 758/429/188
f 745/433/189 757/434/189 760/435/189
f 745/433/189 760/435/189 748/436/189
f 750/437/190 762/438/190 765/439/190
f 750/437/190 765/439/190 753/440/190
f 751/436/191 763/435/191 766/434/191
f 751/436/191 766/434/191 754/433/191
f 756/440/192 768/439/192 759/438/192
f 756/440/192 759/438/192 747/437/192
o Mullion_L_4
v -0.080000 0.575000 1.560000
v -0.080000 0.575000 1.560000
v -0.080000 0.575000 1.560000
v 0.080000 0.575000 1.560000
v 0.080000 0.575000 1.560000
v 0.080000 0.575000 1.560000
v 0.080000 0.575000 1.340000
v 0.080000 0.575000 1.340000
v 0.080000 0.575000 1.340000
v -0.080000 0.575000 1.340000
v -0.080000 0.575000 1.340000
v -0.080000 0.575000 1.340000
v -0.080000 2.325000 1.560000
v -0.080000 2.325000 1.560000
v -0.080000 2.325000 1.560000
v 0.080000 2.325000 1.560000
v 0.080000 2.325000 1.560000
v 0.080000 2.325000 1.560000
v 0.080000 2.325000 1.340000
v 0.080000 2.325000 1.340000
v 0.080000 2.325000 1.340000
v -0.080000 2.325000 1.340000
v -0.080000 2.325000 1.340000
v -0.080000 2.325000 1.340000
vn -0.0000 1.0000 -0.0000
vn -0.0000 -1.0000 -0.0000
vn -0.0000 -0.0000 -1.0000
vn -1.0000 -0.0000 -0.0000
vn -0.0000 -0.0000 1.0000
vn 1.0000 -0.0000 -0.0000
vt -0.080000 -1.560000
vt 0.080000 -1.560000
vt 0.080000 -1.340000
vt -0.080000 -1.340000
vt -0.080000 0.575000
vt -0.080000 2.325000
vt 0.080000 2.325000
vt 0.080000 0.575000
vt -1.560000 0.575000
vt -1.560000 2.325000
vt -1.340000 2.325000
vt -1.340000 0.575000
s 0
usemtl Br_metal
f 770/441/193 773/442/193 776/443/193
f 770/441/193 776/443/193 779/444/193
f 791/444/194 788/443/194 785/442/194
f 791/444/194 785/442/194 782/441/194
f 769/445/195 781/446/195 784/447/195
f 769/445/195 784/447/195 772/448/195
f 774/449/196 786/450/196 789/451/196
f 774/449/196 789/451/196 777/452/196
f 775/448/197 787/447/197 790/446/197
f 775/448/197 790/446/197 778/445/197
f 780/452/198 792/451/198 783/450/198
f 780/452/198 783/450/198 771/449/198
o Mullion_L_5
v 1.420000 0.575000 1.560000
v 1.420000 0.575000 1.560000
v 1.420000 0.575000 1.560000
v 1.580000 0.575000 1.560000
v 1.580000 0.575000 1.560000
v 1.580000 0.575000 1.560000
v 1.580000 0.575000 1.340000
v 1.580000 0.575000 1.340000
v 1.580000 0.575000 1.340000
v 1.420000 0.575000 1.340000
v 1.420000 0.575000 1.340000
v 1.420000 0.575000 1.340000
v 1.420000 2.325000 1.560000
v 1.420000 2.325000 1.560000
v 1.420000 2.325000 1.560000
v 1.580000 2.325000 1.560000
v 1.580000 2.325000 1.560000
v 1.580000 2.325000 1.560000
v 1.580000 2.325000 1.340000
v 1.580000 2.325000 1.340000
v 1.580000 2.325000 1.340000
v 1.420000 2.325000 1.340000
v 1.420000 2.325000 1.340000
v 1.420000 2.325000 1.340000
vn -0.0000 1.0000 -0.0000
vn -0.0000 -1.0000 -0.0000
vn -0.0000 -0.0000 -1.0000
vn -1.0000 -0.0000 -0.0000
vn -0.0000 -0.0000 1.0000
vn 1.0000 -0.0000 -0.0000
vt 1.420000 -1.560000
vt 1.580000 -1.560000
vt 1.580000 -1.340000
vt 1.420000 -1.340000
vt 1.420000 0.575000
vt 1.420000 2.325000
vt 1.580000 2.325000
vt 1.580000 0.575000
vt -1.560000 0.575000
vt -1.560000 2.325000
vt -1.340000 2.325000
vt -1.340000 0.575000
s 0
usemtl Br_metal
f 794/453/199 797/454/199 800/455/199
f 794/453/199 800/455/199 803/456/199
f 815/456/200 812/455/200 809/454/200
f 815/456/200 809/454/200 806/453/200
f 793/457/201 805/458/201 808/459/201
f 793/457/201 808/459/201 796/460/201
f 798/461/202 810/462/202 813/463/202
f 798/461/202 813/463/202 801/464/202
f 799/460/203 811/459/203 814/458/203
f 799/460/203 814/458/203 802/457/203
f 804/464/204 816/463/204 807/462/204
f 804/464/204 807/462/204 795/461/204
o Mullion_L_6
v 2.920000 0.575000 1.560000
v 2.920000 0.575000 1.560000
v 2.920000 0.575000 1.560000
v 3.080000 0.575000 1.560000
v 3.080000 0.575000 1.560000
v 3.080000 0.575000 1.560000
v 3.080000 0.575000 1.340000
v 3.080000 0.575000 1.340000
v 3.080000 0.575000 1.340000
v 2.920000 0.575000 1.340000
v 2.920000 0.575000 1.340000
v 2.920000 0.575000 1.340000
v 2.920000 2.325000 1.560000
v 2.920000 2.325000 1.560000
v 2.920000 2.325000 1.560000
v 3.080000 2.325000 1.560000
v 3.080000 2.325000 1.560000
v 3.080000 2.325000 1.560000
v 3.080000 2.325000 1.340000
v 3.080000 2.325000 1.340000
v 3.080000 2.325000 1.340000
v 2.920000 2.325000 1.340000
v 2.920000 2.325000 1.340000
v 2.920000 2.325000 1.340000
vn -0.0000 1.0000 -0.0000
vn -0.0000 -1.0000 -0.0000
vn -0.0000 -0.0000 -1.0000
vn -1.0000 -0.0000 -0.0000
vn -0.0000 -0.0000 1.0000
vn 1.0000 -0.0000 -0.0000
vt 2.920000 -1.560000
vt 3.080000 -1.560000
vt 3.080000 -1.340000
vt 2.920000 -1.340000
vt 2.920000 0.575000
vt 2.920000 2.325000
vt 3.080000 2.325000
vt 3.080000 0.575000
vt -1.560000 0.575000
vt -1.560000 2.325000
vt -1.340000 2.325000
vt -1.340000 0.575000
s 0
usemtl Br_metal
f 818/465/205 821/466/205 824/467/205
f 818/465/205 824/467/205 827/468/205
f 839/468/206 836/467/206 833/466/206
f 839/468/206 833/466/206 830/465/206
f 817/469/207 829/470/207 832/471/207
f 817/469/207 832/471/207 820/472/207
f 822/473/208 834/474/208 837/475/208
f 822/473/208 837/475/208 825/476/208
f 823/472/209 835/471/209 838/470/209
f 823/472/209 838/470/209 826/469/209
f 828/476/210 840/475/210 831/474/210
f 828/476/210 831/474/210 819/473/210
o Mullion_L_7
v 4.420000 0.575000 1.560000
v 4.420000 0.575000 1.560000
v 4.420000 0.575000 1.560000
v 4.580000 0.575000 1.560000
v 4.580000 0.575000 1.560000
v 4.580000 0.575000 1.560000
v 4.580000 0.575000 1.340000
v 4.580000 0.575000 1.340000
v 4.580000 0.575000 1.340000
v 4.420000 0.575000 1.340000
v 4.420000 0.575000 1.340000
v 4.420000 0.575000 1.340000
v 4.420000 2.325000 1.560000
v 4.420000 2.325000 1.560000
v 4.420000 2.325000 1.560000
v 4.580000 2.325000 1.560000
v 4.580000 2.325000 1.560000
v 4.580000 2.325000 1.560000
v 4.580000 2.325000 1.340000
v 4.580000 2.325000 1.340000
v 4.580000 2.325000 1.340000
v 4.420000 2.325000 1.340000
v 4.420000 2.325000 1.340000
v 4.420000 2.325000 1.340000
vn -0.0000 1.0000 -0.0000
vn -0.0000 -1.0000 -0.0000
vn -0.0000 -0.0000 -1.0000
vn -1.0000 -0.0000 -0.0000
vn -0.0000 -0.0000 1.0000
vn 1.0000 -0.0000 -0.0000
vt 4.420000 -1.560000
vt 4.580000 -1.560000
vt 4.580000 -1.340000
vt 4.420000 -1.340000
vt 4.420000 0.575000
vt 4.420000 2.325000
vt 4.580000 2.325000
vt 4.580000 0.575000
vt -1.560000 0.575000
vt -1.560000 2.325000
vt -1.340000 2.325000
vt -1.340000 0.575000
s 0
usemtl Br_metal
f 842/477/211 845/478/211 848/479/211
f 842/477/211 848/479/211 851/480/211
f 863/480/212 860/479/212 857/478/212
f 863/480/212 857/478/212 854/477/212
f 841/481/213 853/482/213 856/483/213
f 841/481/213 856/483/213 844/484/213
f 846/485/214 858/486/214 861/487/214
f 846/485/214 861/487/214 849/488/214
f 847/484/215 859/483/215 862/482/215
f 847/484/215 862/482/215 850/481/215
f 852/488/216 864/487/216 855/486/216
f 852/488/216 855/486/216 843/485/216
o Mullion_L_8
v 5.920000 0.575000 1.560000
v 5.920000 0.575000 1.560000
v 5.920000 0.575000 1.560000
v 6.080000 0.575000 1.560000
v 6.080000 0.575000 1.560000
v 6.080000 0.575000 1.560000
v 6.080000 0.575000 1.340000
v 6.080000 0.575000 1.340000
v 6.080000 0.575000 1.340000
v 5.920000 0.575000 1.340000
v 5.920000 0.575000 1.340000
v 5.920000 0.575000 1.340000
v 5.920000 2.325000 1.560000
v 5.920000 2.325000 1.560000
v 5.920000 2.325000 1.560000
v 6.080000 2.325000 1.560000
v 6.080000 2.325000 1.560000
v 6.080000 2.325000 1.560000
v 6.080000 2.325000 1.340000
v 6.080000 2.325000 1.340000
v 6.080000 2.325000 1.340000
v 5.920000 2.325000 1.340000
v 5.920000 2.325000 1.340000
v 5.920000 2.325000 1.340000
vn -0.0000 1.0000 -0.0000
vn -0.0000 -1.0000 -0.0000
vn -0.0000 -0.0000 -1.0000
vn -1.0000 -0.0000 -0.0000
vn -0.0000 -0.0000 1.0000
vn 1.0000 -0.0000 -0.0000
vt 5.920000 -1.560000
vt 6.080000 -1.560000
vt 6.080000 -1.340000
vt 5.920000 -1.340000
vt 5.920000 0.575000
vt 5.920000 2.325000
vt 6.080000 2.325000
vt 6.080000 0.575000
vt -1.560000 0.575000
vt -1.560000 2.325000
vt -1.340000 2.325000
vt -1.340000 0.575000
s 0
usemtl Br_metal
f 866/489/217 869/490/217 872/491/217
f 866/489/217 872/491/217 875/492/217
f 887/492/218 884/491/218 881/490/218
f 887/492/218 881/490/218 878/489/218
f 865/493/219 877/494/219 880/495/219
f 865/493/219 880/495/219 868/496/219
f 870/497/220 882/498/220 885/499/220
f 870/497/220 885/499/220 873/500/220
f 871/496/221 883/495/221 886/494/221
f 871/496/221 886/494/221 874/493/221
f 876/500/222 888/499/222 879/498/222
f 876/500/222 879/498/222 867/497/222
o Window_L_0
v -5.865000 0.675000 1.470000
v -5.865000 0.675000 1.470000
v -5.865000 0.675000 1.470000
v -4.635000 0.675000 1.470000
v -4.635000 0.675000 1.470000
v -4.635000 0.675000 1.470000
v -4.635000 0.675000 1.430000
v -4.635000 0.675000 1.430000
v -4.635000 0.675000 1.430000
v -5.865000 0.675000 1.430000
v -5.865000 0.675000 1.430000
v -5.865000 0.675000 1.430000
v -5.865000 2.225000 1.470000
v -5.865000 2.225000 1.470000
v -5.865000 2.225000 1.470000
v -4.635000 2.225000 1.470000
v -4.635000 2.225000 1.470000
v -4.635000 2.225000 1.470000
v -4.635000 2.225000 1.430000
v -4.635000 2.225000 1.430000
v -4.635000 2.225000 1.430000
v -5.865000 2.225000 1.430000
v -5.865000 2.225000 1.430000
v -5.865000 2.225000 1.430000
vn -0.0000 1.0000 -0.0000
vn -0.0000 -1.0000 -0.0000
vn -0.0000 -0.0000 -1.0000
vn -1.0000 -0.0000 -0.0000
vn -0.0000 -0.0000 1.0000
vn 1.0000 -0.0000 -0.0000
vt -5.865000 -1.470000
vt -4.635000 -1.470000
vt -4.635000 -1.430000
vt -5.865000 -1.430000
vt -5.865000 0.675000
vt -5.865000 2.225000
vt -4.635000 2.225000
vt -4.635000 0.675000
vt -1.470000 0.675000
vt -1.470000 2.225000
vt -1.430000 2.225000
vt -1.430000 0.675000
s 0
usemtl BrGlass
f 890/501/223 893/502/223 896/503/223
f 890/501/223 896/503/223 899/504/223
f 911/504/224 908/503/224 905/502/224
f 911/504/224 905/502/224 902/501/224
f 889/505/225 901/506/225 904/507/225
f 889/505/225 904/507/225 892/508/225
f 894/509/226 906/510/226 909/511/226
f 894/509/226 909/511/226 897/512/226
f 895/508/227 907/507/227 910/506/227
f 895/508/227 910/506/227 898/505/227
f 900/512/228 912/511/228 903/510/228
f 900/512/228 903/510/228 891/509/228
o WinShard_L_1
v -4.268830 0.625000 1.532705
v -4.268830 0.625000 1.532705
v -4.268830 0.625000 1.532705
v -3.226381 0.625000 1.407007
v -3.226381 0.625000 1.407007
v -3.226381 0.625000 1.407007
v -3.231170 0.625000 1.367295
v -3.231170 0.625000 1.367295
v -3.231170 0.625000 1.367295
v -4.273619 0.625000 1.492993
v -4.273619 0.625000 1.492993
v -4.273619 0.625000 1.492993
v -4.268830 1.075000 1.532705
v -4.268830 1.075000 1.532705
v -4.268830 1.075000 1.532705
v -3.226381 1.075000 1.407007
v -3.226381 1.075000 1.407007
v -3.226381 1.075000 1.407007
v -3.231170 1.075000 1.367295
v -3.231170 1.075000 1.367295
v -3.231170 1.075000 1.367295
v -4.273619 1.075000 1.492993
v -4.273619 1.075000 1.492993
v -4.273619 1.075000 1.492993
vn -0.0000 1.0000 -0.0000
vn -0.0000 -1.0000 -0.0000
vn -0.1197 -0.0000 -0.9928
vn -0.9928 -0.0000 0.1197
vn 0.1197 -0.0000 0.9928
vn 0.9928 -0.0000 -0.1197
vt -4.268830 -1.532705
vt -3.226381 -1.407007
vt -3.231170 -1.367295
vt -4.273619 -1.492993
vt -4.268830 0.625000
vt -4.268830 1.075000
vt -3.226381 1.075000
vt -3.226381 0.625000
vt -1.407007 0.625000
vt -1.407007 1.075000
vt -1.367295 1.075000
vt -1.367295 0.625000
vt -3.231170 0.625000
vt -3.231170 1.075000
vt -4.273619 1.075000
vt -4.273619 0.625000
vt -1.492993 0.625000
vt -1.492993 1.075000
vt -1.532705 1.075000
vt -1.532705 0.625000
s 0
usemtl BrGlass
f 914/513/229 917/514/229 920/515/229
f 914/513/229 920/515/229 923/516/229
f 935/516/230 932/515/230 929/514/230
f 935/516/230 929/514/230 926/513/230
f 913/517/231 925/518/231 928/519/231
f 913/517/231 928/519/231 916/520/231
f 918/521/232 930/522/232 933/523/232
f 918/521/232 933/523/232 921/524/232
f 919/525/233 931/526/233 934/527/233
f 919/525/233 934/527/233 922/528/233
f 924/529/234 936/530/234 927/531/234
f 924/529/234 927/531/234 915/532/234
o Window_L_2
v -2.865000 0.675000 1.470000
v -2.865000 0.675000 1.470000
v -2.865000 0.675000 1.470000
v -1.635000 0.675000 1.470000
v -1.635000 0.675000 1.470000
v -1.635000 0.675000 1.470000
v -1.635000 0.675000 1.430000
v -1.635000 0.675000 1.430000
v -1.635000 0.675000 1.430000
v -2.865000 0.675000 1.430000
v -2.865000 0.675000 1.430000
v -2.865000 0.675000 1.430000
v -2.865000 2.225000 1.470000
v -2.865000 2.225000 1.470000
v -2.865000 2.225000 1.470000
v -1.635000 2.225000 1.470000
v -1.635000 2.225000 1.470000
v -1.635000 2.225000 1.470000
v -1.635000 2.225000 1.430000
v -1.635000 2.225000 1.430000
v -1.635000 2.225000 1.430000
v -2.865000 2.225000 1.430000
v -2.865000 2.225000 1.430000
v -2.865000 2.225000 1.430000
vn -0.0000 1.0000 -0.0000
vn -0.0000 -1.0000 -0.0000
vn -0.0000 -0.0000 -1.0000
vn -1.0000 -0.0000 -0.0000
vn -0.0000 -0.0000 1.0000
vn 1.0000 -0.0000 -0.0000
vt -2.865000 -1.470000
vt -1.635000 -1.470000
vt -1.635000 -1.430000
vt -2.865000 -1.430000
vt -2.865000 0.675000
vt -2.865000 2.225000
vt -1.635000 2.225000
vt -1.635000 0.675000
vt -1.470000 0.675000
vt -1.470000 2.225000
vt -1.430000 2.225000
vt -1.430000 0.675000
s 0
usemtl BrGlass
f 938/533/235 941/534/235 944/535/235
f 938/533/235 944/535/235 947/536/235
f 959/536/236 956/535/236 953/534/236
f 959/536/236 953/534/236 950/533/236
f 937/537/237 949/538/237 952/539/237
f 937/537/237 952/539/237 940/540/237
f 942/541/238 954/542/238 957/543/238
f 942/541/238 957/543/238 945/544/238
f 943/540/239 955/539/239 958/538/239
f 943/540/239 958/538/239 946/537/239
f 948/544/240 960/543/240 951/542/240
f 948/544/240 951/542/240 939/541/240
o WinShard_L_3
v -1.268830 0.625000 1.532705
v -1.268830 0.625000 1.532705
v -1.268830 0.625000 1.532705
v -0.226381 0.625000 1.407007
v -0.226381 0.625000 1.407007
v -0.226381 0.625000 1.407007
v -0.231170 0.625000 1.367295
v -0.231170 0.625000 1.367295
v -0.231170 0.625000 1.367295
v -1.273619 0.625000 1.492993
v -1.273619 0.625000 1.492993
v -1.273619 0.625000 1.492993
v -1.268830 1.075000 1.532705
v -1.268830 1.075000 1.532705
v -1.268830 1.075000 1.532705
v -0.226381 1.075000 1.407007
v -0.226381 1.075000 1.407007
v -0.226381 1.075000 1.407007
v -0.231170 1.075000 1.367295
v -0.231170 1.075000 1.367295
v -0.231170 1.075000 1.367295
v -1.273619 1.075000 1.492993
v -1.273619 1.075000 1.492993
v -1.273619 1.075000 1.492993
vn -0.0000 1.0000 -0.0000
vn -0.0000 -1.0000 -0.0000
vn -0.1197 -0.0000 -0.9928
vn -0.9928 -0.0000 0.1197
vn 0.1197 -0.0000 0.9928
vn 0.9928 -0.0000 -0.1197
vt -1.268830 -1.532705
vt -0.226381 -1.407007
vt -0.231170 -1.367295
vt -1.273619 -1.492993
vt -1.268830 0.625000
vt -1.268830 1.075000
vt -0.226381 1.075000
vt -0.226381 0.625000
vt -1.407007 0.625000
vt -1.407007 1.075000
vt -1.367295 1.075000
vt -1.367295 0.625000
vt -0.231170 0.625000
vt -0.231170 1.075000
vt -1.273619 1.075000
vt -1.273619 0.625000
vt -1.492993 0.625000
vt -1.492993 1.075000
vt -1.532705 1.075000
vt -1.532705 0.625000
s 0
usemtl BrGlass
f 962/545/241 965/546/241 968/547/241
f 962/545/241 968/547/241 971/548/241
f 983/548/242 980/547/242 977/546/242
f 983/548/242 977/546/242 974/545/242
f 961/549/243 973/550/243 976/551/243
f 961/549/243 976/551/243 964/552/243
f 966/553/244 978/554/244 981/555/244
f 966/553/244 981/555/244 969/556/244
f 967/557/245 979/558/245 982/559/245
f 967/557/245 982/559/245 970/560/245
f 972/561/246 984/562/246 975/563/246
f 972/561/246 975/563/246 963/564/246
o WinShard_L_4
v 0.231170 0.625000 1.532705
v 0.231170 0.625000 1.532705
v 0.231170 0.625000 1.532705
v 1.273619 0.625000 1.407007
v 1.273619 0.625000 1.407007
v 1.273619 0.625000 1.407007
v 1.268830 0.625000 1.367295
v 1.268830 0.625000 1.367295
v 1.268830 0.625000 1.367295
v 0.226381 0.625000 1.492993
v 0.226381 0.625000 1.492993
v 0.226381 0.625000 1.492993
v 0.231170 1.075000 1.532705
v 0.231170 1.075000 1.532705
v 0.231170 1.075000 1.532705
v 1.273619 1.075000 1.407007
v 1.273619 1.075000 1.407007
v 1.273619 1.075000 1.407007
v 1.268830 1.075000 1.367295
v 1.268830 1.075000 1.367295
v 1.268830 1.075000 1.367295
v 0.226381 1.075000 1.492993
v 0.226381 1.075000 1.492993
v 0.226381 1.075000 1.492993
vn -0.0000 1.0000 -0.0000
vn -0.0000 -1.0000 -0.0000
vn -0.1197 -0.0000 -0.9928
vn -0.9928 -0.0000 0.1197
vn 0.1197 -0.0000 0.9928
vn 0.9928 -0.0000 -0.1197
vt 0.231170 -1.532705
vt 1.273619 -1.407007
vt 1.268830 -1.367295
vt 0.226381 -1.492993
vt 0.231170 0.625000
vt 0.231170 1.075000
vt 1.273619 1.075000
vt 1.273619 0.625000
vt -1.407007 0.625000
vt -1.407007 1.075000
vt -1.367295 1.075000
vt -1.367295 0.625000
vt 1.268830 0.625000
vt 1.268830 1.075000
vt 0.226381 1.075000
vt 0.226381 0.625000
vt -1.492993 0.625000
vt -1.492993 1.075000
vt -1.532705 1.075000
vt -1.532705 0.625000
s 0
usemtl BrGlass
f 986/565/247 989/566/247 992/567/247
f 986/565/247 992/567/247 995/568/247
f 1007/568/248 1004/567/248 1001/566/248
f 1007/568/248 1001/566/248 998/565/248
f 985/569/249 997/570/249 1000/571/249
f 985/569/249 1000/571/249 988/572/249
f 990/573/250 1002/574/250 1005/575/250
f 990/573/250 1005/575/250 993/576/250
f 991/577/251 1003/578/251 1006/579/251
f 991/577/251 1006/579/251 994/580/251
f 996/581/252 1008/582/252 999/583/252
f 996/581/252 999/583/252 987/584/252
o Window_L_5
v 1.635000 0.675000 1.470000
v 1.635000 0.675000 1.470000
v 1.635000 0.675000 1.470000
v 2.865000 0.675000 1.470000
v 2.865000 0.675000 1.470000
v 2.865000 0.675000 1.470000
v 2.865000 0.675000 1.430000
v 2.865000 0.675000 1.430000
v 2.865000 0.675000 1.430000
v 1.635000 0.675000 1.430000
v 1.635000 0.675000 1.430000
v 1.635000 0.675000 1.430000
v 1.635000 2.225000 1.470000
v 1.635000 2.225000 1.470000
v 1.635000 2.225000 1.470000
v 2.865000 2.225000 1.470000
v 2.865000 2.225000 1.470000
v 2.865000 2.225000 1.470000
v 2.865000 2.225000 1.430000
v 2.865000 2.225000 1.430000
v 2.865000 2.225000 1.430000
v 1.635000 2.225000 1.430000
v 1.635000 2.225000 1.430000
v 1.635000 2.225000 1.430000
vn -0.0000 1.0000 -0.0000
vn -0.0000 -1.0000 -0.0000
vn -0.0000 -0.0000 -1.0000
vn -1.0000 -0.0000 -0.0000
vn -0.0000 -0.0000 1.0000
vn 1.0000 -0.0000 -0.0000
vt 1.635000 -1.470000
vt 2.865000 -1.470000
vt 2.865000 -1.430000
vt 1.635000 -1.430000
vt 1.635000 0.675000
vt 1.635000 2.225000
vt 2.865000 2.225000
vt 2.865000 0.675000
vt -1.470000 0.675000
vt -1.470000 2.225000
vt -1.430000 2.225000
vt -1.430000 0.675000
s 0
usemtl BrGlass
f 1010/585/253 1013/586/253 1016/587/253
f 1010/585/253 1016/587/253 1019/588/253
f 1031/588/254 1028/587/254 1025/586/254
f 1031/588/254 1025/586/254 1022/585/254
f 1009/589/255 1021/590/255 1024/591/255
f 1009/589/255 1024/591/255 1012/592/255
f 1014/593/256 1026/594/256 1029/595/256
f 1014/593/256 1029/595/256 1017/596/256
f 1015/592/257 1027/591/257 1030/590/257
f 1015/592/257 1030/590/257 1018/589/257
f 1020/596/258 1032/595/258 1023/594/258
f 1020/596/258 1023/594/258 1011/593/258
o WinShard_L_6
v 3.231170 0.625000 1.532705
v 3.231170 0.625000 1.532705
v 3.231170 0.625000 1.532705
v 4.273619 0.625000 1.407007
v 4.273619 0.625000 1.407007
v 4.273619 0.625000 1.407007
v 4.268830 0.625000 1.367295
v 4.268830 0.625000 1.367295
v 4.268830 0.625000 1.367295
v 3.226381 0.625000 1.492993
v 3.226381 0.625000 1.492993
v 3.226381 0.625000 1.492993
v 3.231170 1.075000 1.532705
v 3.231170 1.075000 1.532705
v 3.231170 1.075000 1.532705
v 4.273619 1.075000 1.407007
v 4.273619 1.075000 1.407007
v 4.273619 1.075000 1.407007
v 4.268830 1.075000 1.367295
v 4.268830 1.075000 1.367295
v 4.268830 1.075000 1.367295
v 3.226381 1.075000 1.492993
v 3.226381 1.075000 1.492993
v 3.226381 1.075000 1.492993
vn -0.0000 1.0000 -0.0000
vn -0.0000 -1.0000 -0.0000
vn -0.1197 -0.0000 -0.9928
vn -0.9928 -0.0000 0.1197
vn 0.1197 -0.0000 0.9928
vn 0.9928 -0.0000 -0.1197
vt 3.231170 -1.532705
vt 4.273619 -1.407007
vt 4.268830 -1.367295
vt 3.226381 -1.492993
vt 3.231170 0.625000
vt 3.231170 1.075000
vt 4.273619 1.075000
vt 4.273619 0.625000
vt -1.407007 0.625000
vt -1.407007 1.075000
vt -1.367295 1.075000
vt -1.367295 0.625000
vt 4.268830 0.625000
vt 4.268830 1.075000
vt 3.226381 1.075000
vt 3.226381 0.625000
vt -1.492993 0.625000
vt -1.492993 1.075000
vt -1.532705 1.075000
vt -1.532705 0.625000
s 0
usemtl BrGlass
f 1034/597/259 1037/598/259 1040/599/259
f 1034/597/259 1040/599/259 1043/600/259
f 1055/600/260 1052/599/260 1049/598/260
f 1055/600/260 1049/598/260 1046/597/260
f 1033/601/261 1045/602/261 1048/603/261
f 1033/601/261 1048/603/261 1036/604/261
f 1038/605/262 1050/606/262 1053/607/262
f 1038/605/262 1053/607/262 1041/608/262
f 1039/609/263 1051/610/263 1054/611/263
f 1039/609/263 1054/611/263 1042/612/263
f 1044/613/264 1056/614/264 1047/615/264
f 1044/613/264 1047/615/264 1035/616/264
o Window_L_7
v 4.635000 0.675000 1.470000
v 4.635000 0.675000 1.470000
v 4.635000 0.675000 1.470000
v 5.865000 0.675000 1.470000
v 5.865000 0.675000 1.470000
v 5.865000 0.675000 1.470000
v 5.865000 0.675000 1.430000
v 5.865000 0.675000 1.430000
v 5.865000 0.675000 1.430000
v 4.635000 0.675000 1.430000
v 4.635000 0.675000 1.430000
v 4.635000 0.675000 1.430000
v 4.635000 2.225000 1.470000
v 4.635000 2.225000 1.470000
v 4.635000 2.225000 1.470000
v 5.865000 2.225000 1.470000
v 5.865000 2.225000 1.470000
v 5.865000 2.225000 1.470000
v 5.865000 2.225000 1.430000
v 5.865000 2.225000 1.430000
v 5.865000 2.225000 1.430000
v 4.635000 2.225000 1.430000
v 4.635000 2.225000 1.430000
v 4.635000 2.225000 1.430000
vn -0.0000 1.0000 -0.0000
vn -0.0000 -1.0000 -0.0000
vn -0.0000 -0.0000 -1.0000
vn -1.0000 -0.0000 -0.0000
vn -0.0000 -0.0000 1.0000
vn 1.0000 -0.0000 -0.0000
vt 4.635000 -1.470000
vt 5.865000 -1.470000
vt 5.865000 -1.430000
vt 4.635000 -1.430000
vt 4.635000 0.675000
vt 4.635000 2.225000
vt 5.865000 2.225000
vt 5.865000 0.675000
vt -1.470000 0.675000
vt -1.470000 2.225000
vt -1.430000 2.225000
vt -1.430000 0.675000
s 0
usemtl BrGlass
f 1058/617/265 1061/618/265 1064/619/265
f 1058/617/265 1064/619/265 1067/620/265
f 1079/620/266 1076/619/266 1073/618/266
f 1079/620/266 1073/618/266 1070/617/266
f 1057/621/267 1069/622/267 1072/623/267
f 1057/621/267 1072/623/267 1060/624/267
f 1062/625/268 1074/626/268 1077/627/268
f 1062/625/268 1077/627/268 1065/628/268
f 1063/624/269 1075/623/269 1078/622/269
f 1063/624/269 1078/622/269 1066/621/269
f 1068/628/270 1080/627/270 1071/626/270
f 1068/628/270 1071/626/270 1059/625/270
o Sill_R
v -6.000000 0.005000 -1.370000
v -6.000000 0.005000 -1.370000
v -6.000000 0.005000 -1.370000
v 6.000000 0.005000 -1.370000
v 6.000000 0.005000 -1.370000
v 6.000000 0.005000 -1.370000
v 6.000000 0.005000 -1.530000
v 6.000000 0.005000 -1.530000
v 6.000000 0.005000 -1.530000
v -6.000000 0.005000 -1.530000
v -6.000000 0.005000 -1.530000
v -6.000000 0.005000 -1.530000
v -6.000000 0.555000 -1.370000
v -6.000000 0.555000 -1.370000
v -6.000000 0.555000 -1.370000
v 6.000000 0.555000 -1.370000
v 6.000000 0.555000 -1.370000
v 6.000000 0.555000 -1.370000
v 6.000000 0.555000 -1.530000
v 6.000000 0.555000 -1.530000
v 6.000000 0.555000 -1.530000
v -6.000000 0.555000 -1.530000
v -6.000000 0.555000 -1.530000
v -6.000000 0.555000 -1.530000
vn -0.0000 1.0000 -0.0000
vn -0.0000 -1.0000 -0.0000
vn -0.0000 -0.0000 -1.0000
vn -1.0000 -0.0000 -0.0000
vn -0.0000 -0.0000 1.0000
vn 1.0000 -0.0000 -0.0000
vt -6.000000 1.370000
vt 6.000000 1.370000
vt 6.000000 1.530000
vt -6.000000 1.530000
vt -6.000000 0.005000
vt -6.000000 0.555000
vt 6.000000 0.555000
vt 6.000000 0.005000
vt 1.370000 0.005000
vt 1.370000 0.555000
vt 1.530000 0.555000
vt 1.530000 0.005000
s 0
usemtl Br_metal
f 1082/629/271 1085/630/271 1088/631/271
f 1082/629/271 1088/631/271 1091/632/271
f 1103/632/272 1100/631/272 1097/630/272
f 1103/632/272 1097/630/272 1094/629/272
f 1081/633/273 1093/634/273 1096/635/273
f 1081/633/273 1096/635/273 1084/636/273
f 1086/637/274 1098/638/274 1101/639/274
f 1086/637/274 1101/639/274 1089/640/274
f 1087/636/275 1099/635/275 1102/634/275
f 1087/636/275 1102/634/275 1090/633/275
f 1092/640/276 1104/639/276 1095/638/276
f 1092/640/276 1095/638/276 1083/637/276
o Header_R
v -6.000000 2.250000 -1.350000
v -6.000000 2.250000 -1.350000
v -6.000000 2.250000 -1.350000
v 6.000000 2.250000 -1.350000
v 6.000000 2.250000 -1.350000
v 6.000000 2.250000 -1.350000
v 6.000000 2.250000 -1.550000
v 6.000000 2.250000 -1.550000
v 6.000000 2.250000 -1.550000
v -6.000000 2.250000 -1.550000
v -6.000000 2.250000 -1.550000
v -6.000000 2.250000 -1.550000
v -6.000000 2.650000 -1.350000
v -6.000000 2.650000 -1.350000
v -6.000000 2.650000 -1.350000
v 6.000000 2.650000 -1.350000
v 6.000000 2.650000 -1.350000
v 6.000000 2.650000 -1.350000
v 6.000000 2.650000 -1.550000
v 6.000000 2.650000 -1.550000
v 6.000000 2.650000 -1.550000
v -6.000000 2.650000 -1.550000
v -6.000000 2.650000 -1.550000
v -6.000000 2.650000 -1.550000
vn -0.0000 1.0000 -0.0000
vn -0.0000 -1.0000 -0.0000
vn -0.0000 -0.0000 -1.0000
vn -1.0000 -0.0000 -0.0000
vn -0.0000 -0.0000 1.0000
vn 1.0000 -0.0000 -0.0000
vt -6.000000 1.350000
vt 6.000000 1.350000
vt 6.000000 1.550000
vt -6.000000 1.550000
vt -6.000000 2.250000
vt -6.000000 2.650000
vt 6.000000 2.650000
vt 6.000000 2.250000
vt 1.350000 2.250000
vt 1.350000 2.650000
vt 1.550000 2.650000
vt 1.550000 2.250000
s 0
usemtl Br_metal
f 1106/641/277 1109/642/277 1112/643/277
f 1106/641/277 1112/643/277 1115/644/277
f 1127/644/278 1124/643/278 1121/642/278
f 1127/644/278 1121/642/278 1118/641/278
f 1105/645/279 1117/646/279 1120/647/279
f 1105/645/279 1120/647/279 1108/648/279
f 1110/649/280 1122/650/280 1125/651/280
f 1110/649/280 1125/651/280 1113/652/280
f 1111/648/281 1123/647/281 1126/646/281
f 1111/648/281 1126/646/281 1114/645/281
f 1116/652/282 1128/651/282 1119/650/282
f 1116/652/282 1119/650/282 1107/649/282
o RedStrip_R
v -5.400000 2.260000 -1.300000
v -5.400000 2.260000 -1.300000
v -5.400000 2.260000 -1.300000
v 5.400000 2.260000 -1.300000
v 5.400000 2.260000 -1.300000
v 5.400000 2.260000 -1.300000
v 5.400000 2.260000 -1.360000
v 5.400000 2.260000 -1.360000
v 5.400000 2.260000 -1.360000
v -5.400000 2.260000 -1.360000
v -5.400000 2.260000 -1.360000
v -5.400000 2.260000 -1.360000
v -5.400000 2.340000 -1.300000
v -5.400000 2.340000 -1.300000
v -5.400000 2.340000 -1.300000
v 5.400000 2.340000 -1.300000
v 5.400000 2.340000 -1.300000
v 5.400000 2.340000 -1.300000
v 5.400000 2.340000 -1.360000
v 5.400000 2.340000 -1.360000
v 5.400000 2.340000 -1.360000
v -5.400000 2.340000 -1.360000
v -5.400000 2.340000 -1.360000
v -5.400000 2.340000 -1.360000
vn -0.0000 1.0000 -0.0000
vn -0.0000 -1.0000 -0.0000
vn -0.0000 -0.0000 -1.0000
vn -1.0000 -0.0000 -0.0000
vn -0.0000 -0.0000 1.0000
vn 1.0000 -0.0000 -0.0000
vt -5.400000 1.300000
vt 5.400000 1.300000
vt 5.400000 1.360000
vt -5.400000 1.360000
vt -5.400000 2.260000
vt -5.400000 2.340000
vt 5.400000 2.340000
vt 5.400000 2.260000
vt 1.300000 2.260000
vt 1.300000 2.340000
vt 1.360000 2.340000
vt 1.360000 2.260000
s 0
usemtl BrRedLight
f 1130/653/283 1133/654/283 1136/655/283
f 1130/653/283 1136/655/283 1139/656/283
f 1151/656/284 1148/655/284 1145/654/284
f 1151/656/284 1145/654/284 1142/653/284
f 1129/657/285 1141/658/285 1144/659/285
f 1129/657/285 1144/659/285 1132/660/285
f 1134/661/286 1146/662/286 1149/663/286
f 1134/661/286 1149/663/286 1137/664/286
f 1135/660/287 1147/659/287 1150/658/287
f 1135/660/287 1150/658/287 1138/657/287
f 1140/664/288 1152/663/288 1143/662/288
f 1140/664/288 1143/662/288 1131/661/288
o Mullion_R_0
v -6.080000 0.575000 -1.340000
v -6.080000 0.575000 -1.340000
v -6.080000 0.575000 -1.340000
v -5.920000 0.575000 -1.340000
v -5.920000 0.575000 -1.340000
v -5.920000 0.575000 -1.340000
v -5.920000 0.575000 -1.560000
v -5.920000 0.575000 -1.560000
v -5.920000 0.575000 -1.560000
v -6.080000 0.575000 -1.560000
v -6.080000 0.575000 -1.560000
v -6.080000 0.575000 -1.560000
v -6.080000 2.325000 -1.340000
v -6.080000 2.325000 -1.340000
v -6.080000 2.325000 -1.340000
v -5.920000 2.325000 -1.340000
v -5.920000 2.325000 -1.340000
v -5.920000 2.325000 -1.340000
v -5.920000 2.325000 -1.560000
v -5.920000 2.325000 -1.560000
v -5.920000 2.325000 -1.560000
v -6.080000 2.325000 -1.560000
v -6.080000 2.325000 -1.560000
v -6.080000 2.325000 -1.560000
vn -0.0000 1.0000 -0.0000
vn -0.0000 -1.0000 -0.0000
vn -0.0000 -0.0000 -1.0000
vn -1.0000 -0.0000 -0.0000
vn -0.0000 -0.0000 1.0000
vn 1.0000 -0.0000 -0.0000
vt -6.080000 1.340000
vt -5.920000 1.340000
vt -5.920000 1.560000
vt -6.080000 1.560000
vt -6.080000 0.575000
vt -6.080000 2.325000
vt -5.920000 2.325000
vt -5.920000 0.575000
vt 1.340000 0.575000
vt 1.340000 2.325000
vt 1.560000 2.325000
vt 1.560000 0.575000
s 0
usemtl Br_metal
f 1154/665/289 1157/666/289 1160/667/289
f 1154/665/289 1160/667/289 1163/668/289
f 1175/668/290 1172/667/290 1169/666/290
f 1175/668/290 1169/666/290 1166/665/290
f 1153/669/291 1165/670/291 1168/671/291
f 1153/669/291 1168/671/291 1156/672/291
f 1158/673/292 1170/674/292 1173/675/292
f 1158/673/292 1173/675/292 1161/676/292
f 1159/672/293 1171/671/293 1174/670/293
f 1159/672/293 1174/670/293 1162/669/293
f 1164/676/294 1176/675/294 1167/674/294
f 1164/676/294 1167/674/294 1155/673/294
o Mullion_R_1
v -4.580000 0.575000 -1.340000
v -4.580000 0.575000 -1.340000
v -4.580000 0.575000 -1.340000
v -4.420000 0.575000 -1.340000
v -4.420000 0.575000 -1.340000
v -4.420000 0.575000 -1.340000
v -4.420000 0.575000 -1.560000
v -4.420000 0.575000 -1.560000
v -4.420000 0.575000 -1.560000
v -4.580000 0.575000 -1.560000
v -4.580000 0.575000 -1.560000
v -4.580000 0.575000 -1.560000
v -4.580000 2.325000 -1.340000
v -4.580000 2.325000 -1.340000
v -4.580000 2.325000 -1.340000
v -4.420000 2.325000 -1.340000
v -4.420000 2.325000 -1.340000
v -4.420000 2.325000 -1.340000
v -4.420000 2.325000 -1.560000
v -4.420000 2.325000 -1.560000
v -4.420000 2.325000 -1.560000
v -4.580000 2.325000 -1.560000
v -4.580000 2.325000 -1.560000
v -4.580000 2.325000 -1.560000
vn -0.0000 1.0000 -0.0000
vn -0.0000 -1.0000 -0.0000
vn -0.0000 -0.0000 -1.0000
vn -1.0000 -0.0000 -0.0000
vn -0.0000 -0.0000 1.0000
vn 1.0000 -0.0000 -0.0000
vt -4.580000 1.340000
vt -4.420000 1.340000
vt -4.420000 1.560000
vt -4.580000 1.560000
vt -4.580000 0.575000
vt -4.580000 2.325000
vt -4.420000 2.325000
vt -4.420000 0.575000
vt 1.340000 0.575000
vt 1.340000 2.325000
vt 1.560000 2.325000
vt 1.560000 0.575000
s 0
usemtl Br_metal
f 1178/677/295 1181/678/295 1184/679/295
f 1178/677/295 1184/679/295 1187/680/295
f 1199/680/296 1196/679/296 1193/678/296
f 1199/680/296 1193/678/296 1190/677/296
f 1177/681/297 1189/682/297 1192/683/297
f 1177/681/297 1192/683/297 1180/684/297
f 1182/685/298 1194/686/298 1197/687/298
f 1182/685/298 1197/687/298 1185/688/298
f 1183/684/299 1195/683/299 1198/682/299
f 1183/684/299 1198/682/299 1186/681/299
f 1188/688/300 1200/687/300 1191/686/300
f 1188/688/300 1191/686/300 1179/685/300
o Mullion_R_2
v -3.080000 0.575000 -1.340000
v -3.080000 0.575000 -1.340000
v -3.080000 0.575000 -1.340000
v -2.920000 0.575000 -1.340000
v -2.920000 0.575000 -1.340000
v -2.920000 0.575000 -1.340000
v -2.920000 0.575000 -1.560000
v -2.920000 0.575000 -1.560000
v -2.920000 0.575000 -1.560000
v -3.080000 0.575000 -1.560000
v -3.080000 0.575000 -1.560000
v -3.080000 0.575000 -1.560000
v -3.080000 2.325000 -1.340000
v -3.080000 2.325000 -1.340000
v -3.080000 2.325000 -1.340000
v -2.920000 2.325000 -1.340000
v -2.920000 2.325000 -1.340000
v -2.920000 2.325000 -1.340000
v -2.920000 2.325000 -1.560000
v -2.920000 2.325000 -1.560000
v -2.920000 2.325000 -1.560000
v -3.080000 2.325000 -1.560000
v -3.080000 2.325000 -1.560000
v -3.080000 2.325000 -1.560000
vn -0.0000 1.0000 -0.0000
vn -0.0000 -1.0000 -0.0000
vn -0.0000 -0.0000 -1.0000
vn -1.0000 -0.0000 -0.0000
vn -0.0000 -0.0000 1.0000
vn 1.0000 -0.0000 -0.0000
vt -3.080000 1.340000
vt -2.920000 1.340000
vt -2.920000 1.560000
vt -3.080000 1.560000
vt -3.080000 0.575000
vt -3.080000 2.325000
vt -2.920000 2.325000
vt -2.920000 0.575000
vt 1.340000 0.575000
vt 1.340000 2.325000
vt 1.560000 2.325000
vt 1.560000 0.575000
s 0
usemtl Br_metal
f 1202/689/301 1205/690/301 1208/691/301
f 1202/689/301 1208/691/301 1211/692/301
f 1223/692/302 1220/691/302 1217/690/302
f 1223/692/302 1217/690/302 1214/689/302
f 1201/693/303 1213/694/303 1216/695/303
f 1201/693/303 1216/695/303 1204/696/303
f 1206/697/304 1218/698/304 1221/699/304
f 1206/697/304 1221/699/304 1209/700/304
f 1207/696/305 1219/695/305 1222/694/305
f 1207/696/305 1222/694/305 1210/693/305
f 1212/700/306 1224/699/306 1215/698/306
f 1212/700/306 1215/698/306 1203/697/306
o Mullion_R_3
v -1.580000 0.575000 -1.340000
v -1.580000 0.575000 -1.340000
v -1.580000 0.575000 -1.340000
v -1.420000 0.575000 -1.340000
v -1.420000 0.575000 -1.340000
v -1.420000 0.575000 -1.340000
v -1.420000 0.575000 -1.560000
v -1.420000 0.575000 -1.560000
v -1.420000 0.575000 -1.560000
v -1.580000 0.575000 -1.560000
v -1.580000 0.575000 -1.560000
v -1.580000 0.575000 -1.560000
v -1.580000 2.325000 -1.340000
v -1.580000 2.325000 -1.340000
v -1.580000 2.325000 -1.340000
v -1.420000 2.325000 -1.340000
v -1.420000 2.325000 -1.340000
v -1.420000 2.325000 -1.340000
v -1.420000 2.325000 -1.560000
v -1.420000 2.325000 -1.560000
v -1.420000 2.325000 -1.560000
v -1.580000 2.325000 -1.560000
v -1.580000 2.325000 -1.560000
v -1.580000 2.325000 -1.560000
vn -0.0000 1.0000 -0.0000
vn -0.0000 -1.0000 -0.0000
vn -0.0000 -0.0000 -1.0000
vn -1.0000 -0.0000 -0.0000
vn -0.0000 -0.0000 1.0000
vn 1.0000 -0.0000 -0.0000
vt -1.580000 1.340000
vt -1.420000 1.340000
vt -1.420000 1.560000
vt -1.580000 1.560000
vt -1.580000 0.575000
vt -1.580000 2.325000
vt -1.420000 2.325000
vt -1.420000 0.575000
vt 1.340000 0.575000
vt 1.340000 2.325000
vt 1.560000 2.325000
vt 1.560000 0.575000
s 0
usemtl Br_metal
f 1226/701/307 1229/702/307 1232/703/307
f 1226/701/307 1232/703/307 1235/704/307
f 1247/704/308 1244/703/308 1241/702/308
f 1247/704/308 1241/702/308 1238/701/308
f 1225/705/309 1237/706/309 1240/707/309
f 1225/705/309 1240/707/309 1228/708/309
f 1230/709/310 1242/710/310 1245/711/310
f 1230/709/310 1245/711/310 1233/712/310
f 1231/708/311 1243/707/311 1246/706/311
f 1231/708/311 1246/706/311 1234/705/311
f 1236/712/312 1248/711/312 1239/710/312
f 1236/712/312 1239/710/312 1227/709/312
o Mullion_R_4
v -0.080000 0.575000 -1.340000
v -0.080000 0.575000 -1.340000
v -0.080000 0.575000 -1.340000
v 0.080000 0.575000 -1.340000
v 0.080000 0.575000 -1.340000
v 0.080000 0.575000 -1.340000
v 0.080000 0.575000 -1.560000
v 0.080000 0.575000 -1.560000
v 0.080000 0.575000 -1.560000
v -0.080000 0.575000 -1.560000
v -0.080000 0.575000 -1.560000
v -0.080000 0.575000 -1.560000
v -0.080000 2.325000 -1.340000
v -0.080000 2.325000 -1.340000
v -0.080000 2.325000 -1.340000
v 0.080000 2.325000 -1.340000
v 0.080000 2.325000 -1.340000
v 0.080000 2.325000 -1.340000
v 0.080000 2.325000 -1.560000
v 0.080000 2.325000 -1.560000
v 0.080000 2.325000 -1.560000
v -0.080000 2.325000 -1.560000
v -0.080000 2.325000 -1.560000
v -0.080000 2.325000 -1.560000
vn -0.0000 1.0000 -0.0000
vn -0.0000 -1.0000 -0.0000
vn -0.0000 -0.0000 -1.0000
vn -1.0000 -0.0000 -0.0000
vn -0.0000 -0.0000 1.0000
vn 1.0000 -0.0000 -0.0000
vt -0.080000 1.340000
vt 0.080000 1.340000
vt 0.080000 1.560000
vt -0.080000 1.560000
vt -0.080000 0.575000
vt -0.080000 2.325000
vt 0.080000 2.325000
vt 0.080000 0.575000
vt 1.340000 0.575000
vt 1.340000 2.325000
vt 1.560000 2.325000
vt 1.560000 0.575000
s 0
usemtl Br_metal
f 1250/713/313 1253/714/313 1256/715/313
f 1250/713/313 1256/715/313 1259/716/313
f 1271/716/314 1268/715/314 1265/714/314
f 1271/716/314 1265/714/314 1262/713/314
f 1249/717/315 1261/718/315 1264/719/315
f 1249/717/315 1264/719/315 1252/720/315
f 1254/721/316 1266/722/316 1269/723/316
f 1254/721/316 1269/723/316 1257/724/316
f 1255/720/317 1267/719/317 1270/718/317
f 1255/720/317 1270/718/317 1258/717/317
f 1260/724/318 1272/723/318 1263/722/318
f 1260/724/318 1263/722/318 1251/721/318
o Mullion_R_5
v 1.420000 0.575000 -1.340000
v 1.420000 0.575000 -1.340000
v 1.420000 0.575000 -1.340000
v 1.580000 0.575000 -1.340000
v 1.580000 0.575000 -1.340000
v 1.580000 0.575000 -1.340000
v 1.580000 0.575000 -1.560000
v 1.580000 0.575000 -1.560000
v 1.580000 0.575000 -1.560000
v 1.420000 0.575000 -1.560000
v 1.420000 0.575000 -1.560000
v 1.420000 0.575000 -1.560000
v 1.420000 2.325000 -1.340000
v 1.420000 2.325000 -1.340000
v 1.420000 2.325000 -1.340000
v 1.580000 2.325000 -1.340000
v 1.580000 2.325000 -1.340000
v 1.580000 2.325000 -1.340000
v 1.580000 2.325000 -1.560000
v 1.580000 2.325000 -1.560000
v 1.580000 2.325000 -1.560000
v 1.420000 2.325000 -1.560000
v 1.420000 2.325000 -1.560000
v 1.420000 2.325000 -1.560000
vn -0.0000 1.0000 -0.0000
vn -0.0000 -1.0000 -0.0000
vn -0.0000 -0.0000 -1.0000
vn -1.0000 -0.0000 -0.0000
vn -0.0000 -0.0000 1.0000
vn 1.0000 -0.0000 -0.0000
vt 1.420000 1.340000
vt 1.580000 1.340000
vt 1.580000 1.560000
vt 1.420000 1.560000
vt 1.420000 0.575000
vt 1.420000 2.325000
vt 1.580000 2.325000
vt 1.580000 0.575000
vt 1.340000 0.575000
vt 1.340000 2.325000
vt 1.560000 2.325000
vt 1.560000 0.575000
s 0
usemtl Br_metal
f 1274/725/319 1277/726/319 1280/727/319
f 1274/725/319 1280/727/319 1283/728/319
f 1295/728/320 1292/727/320 1289/726/320
f 1295/728/320 1289/726/320 1286/725/320
f 1273/729/321 1285/730/321 1288/731/321
f 1273/729/321 1288/731/321 1276/732/321
f 1278/733/322 1290/734/322 1293/735/322
f 1278/733/322 1293/735/322 1281/736/322
f 1279/732/323 1291/731/323 1294/730/323
f 1279/732/323 1294/730/323 1282/729/323
f 1284/736/324 1296/735/324 1287/734/324
f 1284/736/324 1287/734/324 1275/733/324
o Mullion_R_6
v 2.920000 0.575000 -1.340000
v 2.920000 0.575000 -1.340000
v 2.920000 0.575000 -1.340000
v 3.080000 0.575000 -1.340000
v 3.080000 0.575000 -1.340000
v 3.080000 0.575000 -1.340000
v 3.080000 0.575000 -1.560000
v 3.080000 0.575000 -1.560000
v 3.080000 0.575000 -1.560000
v 2.920000 0.575000 -1.560000
v 2.920000 0.575000 -1.560000
v 2.920000 0.575000 -1.560000
v 2.920000 2.325000 -1.340000
v 2.920000 2.325000 -1.340000
v 2.920000 2.325000 -1.340000
v 3.080000 2.325000 -1.340000
v 3.080000 2.325000 -1.340000
v 3.080000 2.325000 -1.340000
v 3.080000 2.325000 -1.560000
v 3.080000 2.325000 -1.560000
v 3.080000 2.325000 -1.560000
v 2.920000 2.325000 -1.560000
v 2.920000 2.325000 -1.560000
v 2.920000 2.325000 -1.560000
vn -0.0000 1.0000 -0.0000
vn -0.0000 -1.0000 -0.0000
vn -0.0000 -0.0000 -1.0000
vn -1.0000 -0.0000 -0.0000
vn -0.0000 -0.0000 1.0000
vn 1.0000 -0.0000 -0.0000
vt 2.920000 1.340000
vt 3.080000 1.340000
vt 3.080000 1.560000
vt 2.920000 1.560000
vt 2.920000 0.575000
vt 2.920000 2.325000
vt 3.080000 2.325000
vt 3.080000 0.575000
vt 1.340000 0.575000
vt 1.340000 2.325000
vt 1.560000 2.325000
vt 1.560000 0.575000
s 0
usemtl Br_metal
f 1298/737/325 1301/738/325 1304/739/325
f 1298/737/325 1304/739/325 1307/740/325
f 1319/740/326 1316/739/326 1313/738/326
f 1319/740/326 1313/738/326 1310/737/326
f 1297/741/327 1309/742/327 1312/743/327
f 1297/741/327 1312/743/327 1300/744/327
f 1302/745/328 1314/746/328 1317/747/328
f 1302/745/328 1317/747/328 1305/748/328
f 1303/744/329 1315/743/329 1318/742/329
f 1303/744/329 1318/742/329 1306/741/329
f 1308/748/330 1320/747/330 1311/746/330
f 1308/748/330 1311/746/330 1299/745/330
o Mullion_R_7
v 4.420000 0.575000 -1.340000
v 4.420000 0.575000 -1.340000
v 4.420000 0.575000 -1.340000
v 4.580000 0.575000 -1.340000
v 4.580000 0.575000 -1.340000
v 4.580000 0.575000 -1.340000
v 4.580000 0.575000 -1.560000
v 4.580000 0.575000 -1.560000
v 4.580000 0.575000 -1.560000
v 4.420000 0.575000 -1.560000
v 4.420000 0.575000 -1.560000
v 4.420000 0.575000 -1.560000
v 4.420000 2.325000 -1.340000
v 4.420000 2.325000 -1.340000
v 4.420000 2.325000 -1.340000
v 4.580000 2.325000 -1.340000
v 4.580000 2.325000 -1.340000
v 4.580000 2.325000 -1.340000
v 4.580000 2.325000 -1.560000
v 4.580000 2.325000 -1.560000
v 4.580000 2.325000 -1.560000
v 4.420000 2.325000 -1.560000
v 4.420000 2.325000 -1.560000
v 4.420000 2.325000 -1.560000
vn -0.0000 1.0000 -0.0000
vn -0.0000 -1.0000 -0.0000
vn -0.0000 -0.0000 -1.0000
vn -1.0000 -0.0000 -0.0000
vn -0.0000 -0.0000 1.0000
vn 1.0000 -0.0000 -0.0000
vt 4.420000 1.340000
vt 4.580000 1.340000
vt 4.580000 1.560000
vt 4.420000 1.560000
vt 4.420000 0.575000
vt 4.420000 2.325000
vt 4.580000 2.325000
vt 4.580000 0.575000
vt 1.340000 0.575000
vt 1.340000 2.325000
vt 1.560000 2.325000
vt 1.560000 0.575000
s 0
usemtl Br_metal
f 1322/749/331 1325/750/331 1328/751/331
f 1322/749/331 1328/751/331 1331/752/331
f 1343/752/332 1340/751/332 1337/750/332
f 1343/752/332 1337/750/332 1334/749/332
f 1321/753/333 1333/754/333 1336/755/333
f 1321/753/333 1336/755/333 1324/756/333
f 1326/757/334 1338/758/334 1341/759/334
f 1326/757/334 1341/759/334 1329/760/334
f 1327/756/335 1339/755/335 1342/754/335
f 1327/756/335 1342/754/335 1330/753/335
f 1332/760/336 1344/759/336 1335/758/336
f 1332/760/336 1335/758/336 1323/757/336
o Mullion_R_8
v 5.920000 0.575000 -1.340000
v 5.920000 0.575000 -1.340000
v 5.920000 0.575000 -1.340000
v 6.080000 0.575000 -1.340000
v 6.080000 0.575000 -1.340000
v 6.080000 0.575000 -1.340000
v 6.080000 0.575000 -1.560000
v 6.080000 0.575000 -1.560000
v 6.080000 0.575000 -1.560000
v 5.920000 0.575000 -1.560000
v 5.920000 0.575000 -1.560000
v 5.920000 0.575000 -1.560000
v 5.920000 2.325000 -1.340000
v 5.920000 2.325000 -1.340000
v 5.920000 2.325000 -1.340000
v 6.080000 2.325000 -1.340000
v 6.080000 2.325000 -1.340000
v 6.080000 2.325000 -1.340000
v 6.080000 2.325000 -1.560000
v 6.080000 2.325000 -1.560000
v 6.080000 2.325000 -1.560000
v 5.920000 2.325000 -1.560000
v 5.920000 2.325000 -1.560000
v 5.920000 2.325000 -1.560000
vn -0.0000 1.0000 -0.0000
vn -0.0000 -1.0000 -0.0000
vn -0.0000 -0.0000 -1.0000
vn -1.0000 -0.0000 -0.0000
vn -0.0000 -0.0000 1.0000
vn 1.0000 -0.0000 -0.0000
vt 5.920000 1.340000
vt 6.080000 1.340000
vt 6.080000 1.560000
vt 5.920000 1.560000
vt 5.920000 0.575000
vt 5.920000 2.325000
vt 6.080000 2.325000
vt 6.080000 0.575000
vt 1.340000 0.575000
vt 1.340000 2.325000
vt 1.560000 2.325000
vt 1.560000 0.575000
s 0
usemtl Br_metal
f 1346/761/337 1349/762/337 1352/763/337
f 1346/761/337 1352/763/337 1355/764/337
f 1367/764/338 1364/763/338 1361/762/338
f 1367/764/338 1361/762/338 1358/761/338
f 1345/765/339 1357/766/339 1360/767/339
f 1345/765/339 1360/767/339 1348/768/339
f 1350/769/340 1362/770/340 1365/771/340
f 1350/769/340 1365/771/340 1353/772/340
f 1351/768/341 1363/767/341 1366/766/341
f 1351/768/341 1366/766/341 1354/765/341
f 1356/772/342 1368/771/342 1359/770/342
f 1356/772/342 1359/770/342 1347/769/342
o Window_R_0
v -5.865000 0.675000 -1.430000
v -5.865000 0.675000 -1.430000
v -5.865000 0.675000 -1.430000
v -4.635000 0.675000 -1.430000
v -4.635000 0.675000 -1.430000
v -4.635000 0.675000 -1.430000
v -4.635000 0.675000 -1.470000
v -4.635000 0.675000 -1.470000
v -4.635000 0.675000 -1.470000
v -5.865000 0.675000 -1.470000
v -5.865000 0.675000 -1.470000
v -5.865000 0.675000 -1.470000
v -5.865000 2.225000 -1.430000
v -5.865000 2.225000 -1.430000
v -5.865000 2.225000 -1.430000
v -4.635000 2.225000 -1.430000
v -4.635000 2.225000 -1.430000
v -4.635000 2.225000 -1.430000
v -4.635000 2.225000 -1.470000
v -4.635000 2.225000 -1.470000
v -4.635000 2.225000 -1.470000
v -5.865000 2.225000 -1.470000
v -5.865000 2.225000 -1.470000
v -5.865000 2.225000 -1.470000
vn -0.0000 1.0000 -0.0000
vn -0.0000 -1.0000 -0.0000
vn -0.0000 -0.0000 -1.0000
vn -1.0000 -0.0000 -0.0000
vn -0.0000 -0.0000 1.0000
vn 1.0000 -0.0000 -0.0000
vt -5.865000 1.430000
vt -4.635000 1.430000
vt -4.635000 1.470000
vt -5.865000 1.470000
vt -5.865000 0.675000
vt -5.865000 2.225000
vt -4.635000 2.225000
vt -4.635000 0.675000
vt 1.430000 0.675000
vt 1.430000 2.225000
vt 1.470000 2.225000
vt 1.470000 0.675000
s 0
usemtl BrGlass
f 1370/773/343 1373/774/343 1376/775/343
f 1370/773/343 1376/775/343 1379/776/343
f 1391/776/344 1388/775/344 1385/774/344
f 1391/776/344 1385/774/344 1382/773/344
f 1369/777/345 1381/778/345 1384/779/345
f 1369/777/345 1384/779/345 1372/780/345
f 1374/781/346 1386/782/346 1389/783/346
f 1374/781/346 1389/783/346 1377/784/346
f 1375/780/347 1387/779/347 1390/778/347
f 1375/780/347 1390/778/347 1378/777/347
f 1380/784/348 1392/783/348 1383/782/348
f 1380/784/348 1383/782/348 1371/781/348
o WinShard_R_1
v -4.268830 0.625000 -1.367295
v -4.268830 0.625000 -1.367295
v -4.268830 0.625000 -1.367295
v -3.226381 0.625000 -1.492993
v -3.226381 0.625000 -1.492993
v -3.226381 0.625000 -1.492993
v -3.231170 0.625000 -1.532705
v -3.231170 0.625000 -1.532705
v -3.231170 0.625000 -1.532705
v -4.273619 0.625000 -1.407007
v -4.273619 0.625000 -1.407007
v -4.273619 0.625000 -1.407007
v -4.268830 1.075000 -1.367295
v -4.268830 1.075000 -1.367295
v -4.268830 1.075000 -1.367295
v -3.226381 1.075000 -1.492993
v -3.226381 1.075000 -1.492993
v -3.226381 1.075000 -1.492993
v -3.231170 1.075000 -1.532705
v -3.231170 1.075000 -1.532705
v -3.231170 1.075000 -1.532705
v -4.273619 1.075000 -1.407007
v -4.273619 1.075000 -1.407007
v -4.273619 1.075000 -1.407007
vn -0.0000 1.0000 -0.0000
vn -0.0000 -1.0000 -0.0000
vn -0.1197 -0.0000 -0.9928
vn -0.9928 -0.0000 0.1197
vn 0.1197 -0.0000 0.9928
vn 0.9928 -0.0000 -0.1197
vt -4.268830 1.367295
vt -3.226381 1.492993
vt -3.231170 1.532705
vt -4.273619 1.407007
vt -4.268830 0.625000
vt -4.268830 1.075000
vt -3.226381 1.075000
vt -3.226381 0.625000
vt 1.492993 0.625000
vt 1.492993 1.075000
vt 1.532705 1.075000
vt 1.532705 0.625000
vt -3.231170 0.625000
vt -3.231170 1.075000
vt -4.273619 1.075000
vt -4.273619 0.625000
vt 1.407007 0.625000
vt 1.407007 1.075000
vt 1.367295 1.075000
vt 1.367295 0.625000
s 0
usemtl BrGlass
f 1394/785/349 1397/786/349 1400/787/349
f 1394/785/349 1400/787/349 1403/788/349
f 1415/788/350 1412/787/350 1409/786/350
f 1415/788/350 1409/786/350 1406/785/350
f 1393/789/351 1405/790/351 1408/791/351
f 1393/789/351 1408/791/351 1396/792/351
f 1398/793/352 1410/794/352 1413/795/352
f 1398/793/352 1413/795/352 1401/796/352
f 1399/797/353 1411/798/353 1414/799/353
f 1399/797/353 1414/799/353 1402/800/353
f 1404/801/354 1416/802/354 1407/803/354
f 1404/801/354 1407/803/354 1395/804/354
o Window_R_2
v -2.865000 0.675000 -1.430000
v -2.865000 0.675000 -1.430000
v -2.865000 0.675000 -1.430000
v -1.635000 0.675000 -1.430000
v -1.635000 0.675000 -1.430000
v -1.635000 0.675000 -1.430000
v -1.635000 0.675000 -1.470000
v -1.635000 0.675000 -1.470000
v -1.635000 0.675000 -1.470000
v -2.865000 0.675000 -1.470000
v -2.865000 0.675000 -1.470000
v -2.865000 0.675000 -1.470000
v -2.865000 2.225000 -1.430000
v -2.865000 2.225000 -1.430000
v -2.865000 2.225000 -1.430000
v -1.635000 2.225000 -1.430000
v -1.635000 2.225000 -1.430000
v -1.635000 2.225000 -1.430000
v -1.635000 2.225000 -1.470000
v -1.635000 2.225000 -1.470000
v -1.635000 2.225000 -1.470000
v -2.865000 2.225000 -1.470000
v -2.865000 2.225000 -1.470000
v -2.865000 2.225000 -1.470000
vn -0.0000 1.0000 -0.0000
vn -0.0000 -1.0000 -0.0000
vn -0.0000 -0.0000 -1.0000
vn -1.0000 -0.0000 -0.0000
vn -0.0000 -0.0000 1.0000
vn 1.0000 -0.0000 -0.0000
vt -2.865000 1.430000
vt -1.635000 1.430000
vt -1.635000 1.470000
vt -2.865000 1.470000
vt -2.865000 0.675000
vt -2.865000 2.225000
vt -1.635000 2.225000
vt -1.635000 0.675000
vt 1.430000 0.675000
vt 1.430000 2.225000
vt 1.470000 2.225000
vt 1.470000 0.675000
s 0
usemtl BrGlass
f 1418/805/355 1421/806/355 1424/807/355
f 1418/805/355 1424/807/355 1427/808/355
f 1439/808/356 1436/807/356 1433/806/356
f 1439/808/356 1433/806/356 1430/805/356
f 1417/809/357 1429/810/357 1432/811/357
f 1417/809/357 1432/811/357 1420/812/357
f 1422/813/358 1434/814/358 1437/815/358
f 1422/813/358 1437/815/358 1425/816/358
f 1423/812/359 1435/811/359 1438/810/359
f 1423/812/359 1438/810/359 1426/809/359
f 1428/816/360 1440/815/360 1431/814/360
f 1428/816/360 1431/814/360 1419/813/360
o WinShard_R_3
v -1.268830 0.625000 -1.367295
v -1.268830 0.625000 -1.367295
v -1.268830 0.625000 -1.367295
v -0.226381 0.625000 -1.492993
v -0.226381 0.625000 -1.492993
v -0.226381 0.625000 -1.492993
v -0.231170 0.625000 -1.532705
v -0.231170 0.625000 -1.532705
v -0.231170 0.625000 -1.532705
v -1.273619 0.625000 -1.407007
v -1.273619 0.625000 -1.407007
v -1.273619 0.625000 -1.407007
v -1.268830 1.075000 -1.367295
v -1.268830 1.075000 -1.367295
v -1.268830 1.075000 -1.367295
v -0.226381 1.075000 -1.492993
v -0.226381 1.075000 -1.492993
v -0.226381 1.075000 -1.492993
v -0.231170 1.075000 -1.532705
v -0.231170 1.075000 -1.532705
v -0.231170 1.075000 -1.532705
v -1.273619 1.075000 -1.407007
v -1.273619 1.075000 -1.407007
v -1.273619 1.075000 -1.407007
vn -0.0000 1.0000 -0.0000
vn -0.0000 -1.0000 -0.0000
vn -0.1197 -0.0000 -0.9928
vn -0.9928 -0.0000 0.1197
vn 0.1197 -0.0000 0.9928
vn 0.9928 -0.0000 -0.1197
vt -1.268830 1.367295
vt -0.226381 1.492993
vt -0.231170 1.532705
vt -1.273619 1.407007
vt -1.268830 0.625000
vt -1.268830 1.075000
vt -0.226381 1.075000
vt -0.226381 0.625000
vt 1.492993 0.625000
vt 1.492993 1.075000
vt 1.532705 1.075000
vt 1.532705 0.625000
vt -0.231170 0.625000
vt -0.231170 1.075000
vt -1.273619 1.075000
vt -1.273619 0.625000
vt 1.407007 0.625000
vt 1.407007 1.075000
vt 1.367295 1.075000
vt 1.367295 0.625000
s 0
usemtl BrGlass
f 1442/817/361 1445/818/361 1448/819/361
f 1442/817/361 1448/819/361 1451/820/361
f 1463/820/362 1460/819/362 1457/818/362
f 1463/820/362 1457/818/362 1454/817/362
f 1441/821/363 1453/822/363 1456/823/363
f 1441/821/363 1456/823/363 1444/824/363
f 1446/825/364 1458/826/364 1461/827/364
f 1446/825/364 1461/827/364 1449/828/364
f 1447/829/365 1459/830/365 1462/831/365
f 1447/829/365 1462/831/365 1450/832/365
f 1452/833/366 1464/834/366 1455/835/366
f 1452/833/366 1455/835/366 1443/836/366
o WinShard_R_4
v 0.231170 0.625000 -1.367295
v 0.231170 0.625000 -1.367295
v 0.231170 0.625000 -1.367295
v 1.273619 0.625000 -1.492993
v 1.273619 0.625000 -1.492993
v 1.273619 0.625000 -1.492993
v 1.268830 0.625000 -1.532705
v 1.268830 0.625000 -1.532705
v 1.268830 0.625000 -1.532705
v 0.226381 0.625000 -1.407007
v 0.226381 0.625000 -1.407007
v 0.226381 0.625000 -1.407007
v 0.231170 1.075000 -1.367295
v 0.231170 1.075000 -1.367295
v 0.231170 1.075000 -1.367295
v 1.273619 1.075000 -1.492993
v 1.273619 1.075000 -1.492993
v 1.273619 1.075000 -1.492993
v 1.268830 1.075000 -1.532705
v 1.268830 1.075000 -1.532705
v 1.268830 1.075000 -1.532705
v 0.226381 1.075000 -1.407007
v 0.226381 1.075000 -1.407007
v 0.226381 1.075000 -1.407007
vn -0.0000 1.0000 -0.0000
vn -0.0000 -1.0000 -0.0000
vn -0.1197 -0.0000 -0.9928
vn -0.9928 -0.0000 0.1197
vn 0.1197 -0.0000 0.9928
vn 0.9928 -0.0000 -0.1197
vt 0.231170 1.367295
vt 1.273619 1.492993
vt 1.268830 1.532705
vt 0.226381 1.407007
vt 0.231170 0.625000
vt 0.231170 1.075000
vt 1.273619 1.075000
vt 1.273619 0.625000
vt 1.492993 0.625000
vt 1.492993 1.075000
vt 1.532705 1.075000
vt 1.532705 0.625000
vt 1.268830 0.625000
vt 1.268830 1.075000
vt 0.226381 1.075000
vt 0.226381 0.625000
vt 1.407007 0.625000
vt 1.407007 1.075000
vt 1.367295 1.075000
vt 1.367295 0.625000
s 0
usemtl BrGlass
f 1466/837/367 1469/838/367 1472/839/367
f 1466/837/367 1472/839/367 1475/840/367
f 1487/840/368 1484/839/368 1481/838/368
f 1487/840/368 1481/838/368 1478/837/368
f 1465/841/369 1477/842/369 1480/843/369
f 1465/841/369 1480/843/369 1468/844/369
f 1470/845/370 1482/846/370 1485/847/370
f 1470/845/370 1485/847/370 1473/848/370
f 1471/849/371 1483/850/371 1486/851/371
f 1471/849/371 1486/851/371 1474/852/371
f 1476/853/372 1488/854/372 1479/855/372
f 1476/853/372 1479/855/372 1467/856/372
o Window_R_5
v 1.635000 0.675000 -1.430000
v 1.635000 0.675000 -1.430000
v 1.635000 0.675000 -1.430000
v 2.865000 0.675000 -1.430000
v 2.865000 0.675000 -1.430000
v 2.865000 0.675000 -1.430000
v 2.865000 0.675000 -1.470000
v 2.865000 0.675000 -1.470000
v 2.865000 0.675000 -1.470000
v 1.635000 0.675000 -1.470000
v 1.635000 0.675000 -1.470000
v 1.635000 0.675000 -1.470000
v 1.635000 2.225000 -1.430000
v 1.635000 2.225000 -1.430000
v 1.635000 2.225000 -1.430000
v 2.865000 2.225000 -1.430000
v 2.865000 2.225000 -1.430000
v 2.865000 2.225000 -1.430000
v 2.865000 2.225000 -1.470000
v 2.865000 2.225000 -1.470000
v 2.865000 2.225000 -1.470000
v 1.635000 2.225000 -1.470000
v 1.635000 2.225000 -1.470000
v 1.635000 2.225000 -1.470000
vn -0.0000 1.0000 -0.0000
vn -0.0000 -1.0000 -0.0000
vn -0.0000 -0.0000 -1.0000
vn -1.0000 -0.0000 -0.0000
vn -0.0000 -0.0000 1.0000
vn 1.0000 -0.0000 -0.0000
vt 1.635000 1.430000
vt 2.865000 1.430000
vt 2.865000 1.470000
vt 1.635000 1.470000
vt 1.635000 0.675000
vt 1.635000 2.225000
vt 2.865000 2.225000
vt 2.865000 0.675000
vt 1.430000 0.675000
vt 1.430000 2.225000
vt 1.470000 2.225000
vt 1.470000 0.675000
s 0
usemtl BrGlass
f 1490/857/373 1493/858/373 1496/859/373
f 1490/857/373 1496/859/373 1499/860/373
f 1511/860/374 1508/859/374 1505/858/374
f 1511/860/374 1505/858/374 1502/857/374
f 1489/861/375 1501/862/375 1504/863/375
f 1489/861/375 1504/863/375 1492/864/375
f 1494/865/376 1506/866/376 1509/867/376
f 1494/865/376 1509/867/376 1497/868/376
f 1495/864/377 1507/863/377 1510/862/377
f 1495/864/377 1510/862/377 1498/861/377
f 1500/868/378 1512/867/378 1503/866/378
f 1500/868/378 1503/866/378 1491/865/378
o WinShard_R_6
v 3.231170 0.625000 -1.367295
v 3.231170 0.625000 -1.367295
v 3.231170 0.625000 -1.367295
v 4.273619 0.625000 -1.492993
v 4.273619 0.625000 -1.492993
v 4.273619 0.625000 -1.492993
v 4.268830 0.625000 -1.532705
v 4.268830 0.625000 -1.532705
v 4.268830 0.625000 -1.532705
v 3.226381 0.625000 -1.407007
v 3.226381 0.625000 -1.407007
v 3.226381 0.625000 -1.407007
v 3.231170 1.075000 -1.367295
v 3.231170 1.075000 -1.367295
v 3.231170 1.075000 -1.367295
v 4.273619 1.075000 -1.492993
v 4.273619 1.075000 -1.492993
v 4.273619 1.075000 -1.492993
v 4.268830 1.075000 -1.532705
v 4.268830 1.075000 -1.532705
v 4.268830 1.075000 -1.532705
v 3.226381 1.075000 -1.407007
v 3.226381 1.075000 -1.407007
v 3.226381 1.075000 -1.407007
vn -0.0000 1.0000 -0.0000
vn -0.0000 -1.0000 -0.0000
vn -0.1197 -0.0000 -0.9928
vn -0.9928 -0.0000 0.1197
vn 0.1197 -0.0000 0.9928
vn 0.9928 -0.0000 -0.1197
vt 3.231170 1.367295
vt 4.273619 1.492993
vt 4.268830 1.532705
vt 3.226381 1.407007
vt 3.231170 0.625000
vt 3.231170 1.075000
vt 4.273619 1.075000
vt 4.273619 0.625000
vt 1.492993 0.625000
vt 1.492993 1.075000
vt 1.532705 1.075000
vt 1.532705 0.625000
vt 4.268830 0.625000
vt 4.268830 1.075000
vt 3.226381 1.075000
vt 3.226381 0.625000
vt 1.407007 0.625000
vt 1.407007 1.075000
vt 1.367295 1.075000
vt 1.367295 0.625000
s 0
usemtl BrGlass
f 1514/869/379 1517/870/379 1520/871/379
f 1514/869/379 1520/871/379 1523/872/379
f 1535/872/380 1532/871/380 1529/870/380
f 1535/872/380 1529/870/380 1526/869/380
f 1513/873/381 1525/874/381 1528/875/381
f 1513/873/381 1528/875/381 1516/876/381
f 1518/877/382 1530/878/382 1533/879/382
f 1518/877/382 1533/879/382 1521/880/382
f 1519/881/383 1531/882/383 1534/883/383
f 1519/881/383 1534/883/383 1522/884/383
f 1524/885/384 1536/886/384 1527/887/384
f 1524/885/384 1527/887/384 1515/888/384
o Window_R_7
v 4.635000 0.675000 -1.430000
v 4.635000 0.675000 -1.430000
v 4.635000 0.675000 -1.430000
v 5.865000 0.675000 -1.430000
v 5.865000 0.675000 -1.430000
v 5.865000 0.675000 -1.430000
v 5.865000 0.675000 -1.470000
v 5.865000 0.675000 -1.470000
v 5.865000 0.675000 -1.470000
v 4.635000 0.675000 -1.470000
v 4.635000 0.675000 -1.470000
v 4.635000 0.675000 -1.470000
v 4.635000 2.225000 -1.430000
v 4.635000 2.225000 -1.430000
v 4.635000 2.225000 -1.430000
v 5.865000 2.225000 -1.430000
v 5.865000 2.225000 -1.430000
v 5.865000 2.225000 -1.430000
v 5.865000 2.225000 -1.470000
v 5.865000 2.225000 -1.470000
v 5.865000 2.225000 -1.470000
v 4.635000 2.225000 -1.470000
v 4.635000 2.225000 -1.470000
v 4.635000 2.225000 -1.470000
vn -0.0000 1.0000 -0.0000
vn -0.0000 -1.0000 -0.0000
vn -0.0000 -0.0000 -1.0000
vn -1.0000 -0.0000 -0.0000
vn -0.0000 -0.0000 1.0000
vn 1.0000 -0.0000 -0.0000
vt 4.635000 1.430000
vt 5.865000 1.430000
vt 5.865000 1.470000
vt 4.635000 1.470000
vt 4.635000 0.675000
vt 4.635000 2.225000
vt 5.865000 2.225000
vt 5.865000 0.675000
vt 1.430000 0.675000
vt 1.430000 2.225000
vt 1.470000 2.225000
vt 1.470000 0.675000
s 0
usemtl BrGlass
f 1538/889/385 1541/890/385 1544/891/385
f 1538/889/385 1544/891/385 1547/892/385
f 1559/892/386 1556/891/386 1553/890/386
f 1559/892/386 1553/890/386 1550/889/386
f 1537/893/387 1549/894/387 1552/895/387
f 1537/893/387 1552/895/387 1540/896/387
f 1542/897/388 1554/898/388 1557/899/388
f 1542/897/388 1557/899/388 1545/900/388
f 1543/896/389 1555/895/389 1558/894/389
f 1543/896/389 1558/894/389 1546/893/389
f 1548/900/390 1560/899/390 1551/898/390
f 1548/900/390 1551/898/390 1539/897/390
o Roof_0
v -5.976000 2.620000 1.600000
v -5.976000 2.620000 1.600000
v -5.976000 2.620000 1.600000
v -3.624000 2.620000 1.600000
v -3.624000 2.620000 1.600000
v -3.624000 2.620000 1.600000
v -3.624000 2.620000 -1.600000
v -3.624000 2.620000 -1.600000
v -3.624000 2.620000 -1.600000
v -5.976000 2.620000 -1.600000
v -5.976000 2.620000 -1.600000
v -5.976000 2.620000 -1.600000
v -5.976000 2.780000 1.600000
v -5.976000 2.780000 1.600000
v -5.976000 2.780000 1.600000
v -3.624000 2.780000 1.600000
v -3.624000 2.780000 1.600000
v -3.624000 2.780000 1.600000
v -3.624000 2.780000 -1.600000
v -3.624000 2.780000 -1.600000
v -3.624000 2.780000 -1.600000
v -5.976000 2.780000 -1.600000
v -5.976000 2.780000 -1.600000
v -5.976000 2.780000 -1.600000
vn -0.0000 1.0000 -0.0000
vn -0.0000 -1.0000 -0.0000
vn -0.0000 -0.0000 -1.0000
vn -1.0000 -0.0000 -0.0000
vn -0.0000 -0.0000 1.0000
vn 1.0000 -0.0000 -0.0000
vt -5.976000 -1.600000
vt -3.624000 -1.600000
vt -3.624000 1.600000
vt -5.976000 1.600000
vt -5.976000 2.620000
vt -5.976000 2.780000
vt -3.624000 2.780000
vt -3.624000 2.620000
vt -1.600000 2.620000
vt -1.600000 2.780000
vt 1.600000 2.780000
vt 1.600000 2.620000
s 0
usemtl Br_metal
f 1562/901/391 1565/902/391 1568/903/391
f 1562/901/391 1568/903/391 1571/904/391
f 1583/904/392 1580/903/392 1577/902/392
f 1583/904/392 1577/902/392 1574/901/392
f 1561/905/393 1573/906/393 1576/907/393
f 1561/905/393 1576/907/393 1564/908/393
f 1566/909/394 1578/910/394 1581/911/394
f 1566/909/394 1581/911/394 1569/912/394
f 1567/908/395 1579/907/395 1582/906/395
f 1567/908/395 1582/906/395 1570/905/395
f 1572/912/396 1584/911/396 1575/910/396
f 1572/912/396 1575/910/396 1563/909/396
o Roof_1
v -3.576000 2.620000 1.600000
v -3.576000 2.620000 1.600000
v -3.576000 2.620000 1.600000
v -1.224000 2.620000 1.600000
v -1.224000 2.620000 1.600000
v -1.224000 2.620000 1.600000
v -1.224000 2.620000 -1.600000
v -1.224000 2.620000 -1.600000
v -1.224000 2.620000 -1.600000
v -3.576000 2.620000 -1.600000
v -3.576000 2.620000 -1.600000
v -3.576000 2.620000 -1.600000
v -3.576000 2.780000 1.600000
v -3.576000 2.780000 1.600000
v -3.576000 2.780000 1.600000
v -1.224000 2.780000 1.600000
v -1.224000 2.780000 1.600000
v -1.224000 2.780000 1.600000
v -1.224000 2.780000 -1.600000
v -1.224000 2.780000 -1.600000
v -1.224000 2.780000 -1.600000
v -3.576000 2.780000 -1.600000
v -3.576000 2.780000 -1.600000
v -3.576000 2.780000 -1.600000
vn -0.0000 1.0000 -0.0000
vn -0.0000 -1.0000 -0.0000
vn -0.0000 -0.0000 -1.0000
vn -1.0000 -0.0000 -0.0000
vn -0.0000 -0.0000 1.0000
vn 1.0000 -0.0000 -0.0000
vt -3.576000 -1.600000
vt -1.224000 -1.600000
vt -1.224000 1.600000
vt -3.576000 1.600000
vt -3.576000 2.620000
vt -3.576000 2.780000
vt -1.224000 2.780000
vt -1.224000 2.620000
vt -1.600000 2.620000
vt -1.600000 2.780000
vt 1.600000 2.780000
vt 1.600000 2.620000
s 0
usemtl Br_metal
f 1586/913/397 1589/914/397 1592/915/397
f 1586/913/397 1592/915/397 1595/916/397
f 1607/916/398 1604/915/398 1601/914/398
f 1607/916/398 1601/914/398 1598/913/398
f 1585/917/399 1597/918/399 1600/919/399
f 1585/917/399 1600/919/399 1588/920/399
f 1590/921/400 1602/922/400 1605/923/400
f 1590/921/400 1605/923/400 1593/924/400
f 1591/920/401 1603/919/401 1606/918/401
f 1591/920/401 1606/918/401 1594/917/401
f 1596/924/402 1608/923/402 1599/922/402
f 1596/924/402 1599/922/402 1587/921/402
o Roof_2
v -1.176000 2.620000 1.600000
v -1.176000 2.620000 1.600000
v -1.176000 2.620000 1.600000
v 1.176000 2.620000 1.600000
v 1.176000 2.620000 1.600000
v 1.176000 2.620000 1.600000
v 1.176000 2.620000 -1.600000
v 1.176000 2.620000 -1.600000
v 1.176000 2.620000 -1.600000
v -1.176000 2.620000 -1.600000
v -1.176000 2.620000 -1.600000
v -1.176000 2.620000 -1.600000
v -1.176000 2.780000 1.600000
v -1.176000 2.780000 1.600000
v -1.176000 2.780000 1.600000
v 1.176000 2.780000 1.600000
v 1.176000 2.780000 1.600000
v 1.176000 2.780000 1.600000
v 1.176000 2.780000 -1.600000
v 1.176000 2.780000 -1.600000
v 1.176000 2.780000 -1.600000
v -1.176000 2.780000 -1.600000
v -1.176000 2.780000 -1.600000
v -1.176000 2.780000 -1.600000
vn -0.0000 1.0000 -0.0000
vn -0.0000 -1.0000 -0.0000
vn -0.0000 -0.0000 -1.0000
vn -1.0000 -0.0000 -0.0000
vn -0.0000 -0.0000 1.0000
vn 1.0000 -0.0000 -0.0000
vt -1.176000 -1.600000
vt 1.176000 -1.600000
vt 1.176000 1.600000
vt -1.176000 1.600000
vt -1.176000 2.620000
vt -1.176000 2.780000
vt 1.176000 2.780000
vt 1.176000 2.620000
vt -1.600000 2.620000
vt -1.600000 2.780000
vt 1.600000 2.780000
vt 1.600000 2.620000
s 0
usemtl Br_metal
f 1610/925/403 1613/926/403 1616/927/403
f 1610/925/403 1616/927/403 1619/928/403
f 1631/928/404 1628/927/404 1625/926/404
f 1631/928/404 1625/926/404 1622/925/404
f 1609/929/405 1621/930/405 1624/931/405
f 1609/929/405 1624/931/405 1612/932/405
f 1614/933/406 1626/934/406 1629/935/406
f 1614/933/406 1629/935/406 1617/936/406
f 1615/932/407 1627/931/407 1630/930/407
f 1615/932/407 1630/930/407 1618/929/407
f 1620/936/408 1632/935/408 1623/934/408
f 1620/936/408 1623/934/408 1611/933/408
o Roof_3
v 1.224000 2.620000 1.600000
v 1.224000 2.620000 1.600000
v 1.224000 2.620000 1.600000
v 3.576000 2.620000 1.600000
v 3.576000 2.620000 1.600000
v 3.576000 2.620000 1.600000
v 3.576000 2.620000 -1.600000
v 3.576000 2.620000 -1.600000
v 3.576000 2.620000 -1.600000
v 1.224000 2.620000 -1.600000
v 1.224000 2.620000 -1.600000
v 1.224000 2.620000 -1.600000
v 1.224000 2.780000 1.600000
v 1.224000 2.780000 1.600000
v 1.224000 2.780000 1.600000
v 3.576000 2.780000 1.600000
v 3.576000 2.780000 1.600000
v 3.576000 2.780000 1.600000
v 3.576000 2.780000 -1.600000
v 3.576000 2.780000 -1.600000
v 3.576000 2.780000 -1.600000
v 1.224000 2.780000 -1.600000
v 1.224000 2.780000 -1.600000
v 1.224000 2.780000 -1.600000
vn -0.0000 1.0000 -0.0000
vn -0.0000 -1.0000 -0.0000
vn -0.0000 -0.0000 -1.0000
vn -1.0000 -0.0000 -0.0000
vn -0.0000 -0.0000 1.0000
vn 1.0000 -0.0000 -0.0000
vt 1.224000 -1.600000
vt 3.576000 -1.600000
vt 3.576000 1.600000
vt 1.224000 1.600000
vt 1.224000 2.620000
vt 1.224000 2.780000
vt 3.576000 2.780000
vt 3.576000 2.620000
vt -1.600000 2.620000
vt -1.600000 2.780000
vt 1.600000 2.780000
vt 1.600000 2.620000
s 0
usemtl Br_metal
f 1634/937/409 1637/938/409 1640/939/409
f 1634/937/409 1640/939/409 1643/940/409
f 1655/940/410 1652/939/410 1649/938/410
f 1655/940/410 1649/938/410 1646/937/410
f 1633/941/411 1645/942/411 1648/943/411
f 1633/941/411 1648/943/411 1636/944/411
f 1638/945/412 1650/946/412 1653/947/412
f 1638/945/412 1653/947/412 1641/948/412
f 1639/944/413 1651/943/413 1654/942/413
f 1639/944/413 1654/942/413 1642/941/413
f 1644/948/414 1656/947/414 1647/946/414
f 1644/948/414 1647/946/414 1635/945/414
o Roof_4
v 3.624000 2.620000 1.600000
v 3.624000 2.620000 1.600000
v 3.624000 2.620000 1.600000
v 5.976000 2.620000 1.600000
v 5.976000 2.620000 1.600000
v 5.976000 2.620000 1.600000
v 5.976000 2.620000 -1.600000
v 5.976000 2.620000 -1.600000
v 5.976000 2.620000 -1.600000
v 3.624000 2.620000 -1.600000
v 3.624000 2.620000 -1.600000
v 3.624000 2.620000 -1.600000
v 3.624000 2.780000 1.600000
v 3.624000 2.780000 1.600000
v 3.624000 2.780000 1.600000
v 5.976000 2.780000 1.600000
v 5.976000 2.780000 1.600000
v 5.976000 2.780000 1.600000
v 5.976000 2.780000 -1.600000
v 5.976000 2.780000 -1.600000
v 5.976000 2.780000 -1.600000
v 3.624000 2.780000 -1.600000
v 3.624000 2.780000 -1.600000
v 3.624000 2.780000 -1.600000
vn -0.0000 1.0000 -0.0000
vn -0.0000 -1.0000 -0.0000
vn -0.0000 -0.0000 -1.0000
vn -1.0000 -0.0000 -0.0000
vn -0.0000 -0.0000 1.0000
vn 1.0000 -0.0000 -0.0000
vt 3.624000 -1.600000
vt 5.976000 -1.600000
vt 5.976000 1.600000
vt 3.624000 1.600000
vt 3.624000 2.620000
vt 3.624000 2.780000
vt 5.976000 2.780000
vt 5.976000 2.620000
vt -1.600000 2.620000
vt -1.600000 2.780000
vt 1.600000 2.780000
vt 1.600000 2.620000
s 0
usemtl Br_metal
f 1658/949/415 1661/950/415 1664/951/415
f 1658/949/415 1664/951/415 1667/952/415
f 1679/952/416 1676/951/416 1673/950/416
f 1679/952/416 1673/950/416 1670/949/416
f 1657/953/417 1669/954/417 1672/955/417
f 1657/953/417 1672/955/417 1660/956/417
f 1662/957/418 1674/958/418 1677/959/418
f 1662/957/418 1677/959/418 1665/960/418
f 1663/956/419 1675/955/419 1678/954/419
f 1663/956/419 1678/954/419 1666/953/419
f 1668/960/420 1680/959/420 1671/958/420
f 1668/960/420 1671/958/420 1659/957/420
o Abut_L
v -6.550000 -0.250000 1.750000
v -6.550000 -0.250000 1.750000
v -6.550000 -0.250000 1.750000
v -5.850000 -0.250000 1.750000
v -5.850000 -0.250000 1.750000
v -5.850000 -0.250000 1.750000
v -5.850000 -0.250000 -1.750000
v -5.850000 -0.250000 -1.750000
v -5.850000 -0.250000 -1.750000
v -6.550000 -0.250000 -1.750000
v -6.550000 -0.250000 -1.750000
v -6.550000 -0.250000 -1.750000
v -6.550000 2.850000 1.750000
v -6.550000 2.850000 1.750000
v -6.550000 2.850000 1.750000
v -5.850000 2.850000 1.750000
v -5.850000 2.850000 1.750000
v -5.850000 2.850000 1.750000
v -5.850000 2.850000 -1.750000
v -5.850000 2.850000 -1.750000
v -5.850000 2.850000 -1.750000
v -6.550000 2.850000 -1.750000
v -6.550000 2.850000 -1.750000
v -6.550000 2.850000 -1.750000
vn -0.0000 1.0000 -0.0000
vn -0.0000 -1.0000 -0.0000
vn -0.0000 -0.0000 -1.0000
vn -1.0000 -0.0000 -0.0000
vn -0.0000 -0.0000 1.0000
vn 1.0000 -0.0000 -0.0000
vt -6.550000 -1.750000
vt -5.850000 -1.750000
vt -5.850000 1.750000
vt -6.550000 1.750000
vt -6.550000 -0.250000
vt -6.550000 2.850000
vt -5.850000 2.850000
vt -5.850000 -0.250000
vt -1.750000 -0.250000
vt -1.750000 2.850000
vt 1.750000 2.850000
vt 1.750000 -0.250000
s 0
usemtl Br_rust
f 1682/961/421 1685/962/421 1688/963/421
f 1682/961/421 1688/963/421 1691/964/421
f 1703/964/422 1700/963/422 1697/962/422
f 1703/964/422 1697/962/422 1694/961/422
f 1681/965/423 1693/966/423 1696/967/423
f 1681/965/423 1696/967/423 1684/968/423
f 1686/969/424 1698/970/424 1701/971/424
f 1686/969/424 1701/971/424 1689/972/424
f 1687/968/425 1699/967/425 1702/966/425
f 1687/968/425 1702/966/425 1690/965/425
f 1692/972/426 1704/971/426 1695/970/426
f 1692/972/426 1695/970/426 1683/969/426
o Abut_R
v 5.850000 -0.250000 1.750000
v 5.850000 -0.250000 1.750000
v 5.850000 -0.250000 1.750000
v 6.550000 -0.250000 1.750000
v 6.550000 -0.250000 1.750000
v 6.550000 -0.250000 1.750000
v 6.550000 -0.250000 -1.750000
v 6.550000 -0.250000 -1.750000
v 6.550000 -0.250000 -1.750000
v 5.850000 -0.250000 -1.750000
v 5.850000 -0.250000 -1.750000
v 5.850000 -0.250000 -1.750000
v 5.850000 2.850000 1.750000
v 5.850000 2.850000 1.750000
v 5.850000 2.850000 1.750000
v 6.550000 2.850000 1.750000
v 6.550000 2.850000 1.750000
v 6.550000 2.850000 1.750000
v 6.550000 2.850000 -1.750000
v 6.550000 2.850000 -1.750000
v 6.550000 2.850000 -1.750000
v 5.850000 2.850000 -1.750000
v 5.850000 2.850000 -1.750000
v 5.850000 2.850000 -1.750000
vn -0.0000 1.0000 -0.0000
vn -0.0000 -1.0000 -0.0000
vn -0.0000 -0.0000 -1.0000
vn -1.0000 -0.0000 -0.0000
vn -0.0000 -0.0000 1.0000
vn 1.0000 -0.0000 -0.0000
vt 5.850000 -1.750000
vt 6.550000 -1.750000
vt 6.550000 1.750000
vt 5.850000 1.750000
vt 5.850000 -0.250000
vt 5.850000 2.850000
vt 6.550000 2.850000
vt 6.550000 -0.250000
vt -1.750000 -0.250000
vt -1.750000 2.850000
vt 1.750000 2.850000
vt 1.750000 -0.250000
s 0
usemtl Br_rust
f 1706/973/427 1709/974/427 1712/975/427
f 1706/973/427 1712/975/427 1715/976/427
f 1727/976/428 1724/975/428 1721/974/428
f 1727/976/428 1721/974/428 1718/973/428
f 1705/977/429 1717/978/429 1720/979/429
f 1705/977/429 1720/979/429 1708/980/429
f 1710/981/430 1722/982/430 1725/983/430
f 1710/981/430 1725/983/430 1713/984/430
f 1711/980/431 1723/979/431 1726/978/431
f 1711/980/431 1726/978/431 1714/977/431
f 1716/984/432 1728/983/432 1719/982/432
f 1716/984/432 1719/982/432 1707/981/432
