# Blender 5.1.1
# www.blender.org
mtllib endo-junction.mtl
o Junction_Floor
v -0.500000 -0.200000 10.500000
v -0.500000 -0.200000 10.500000
v -0.500000 -0.200000 10.500000
v 14.500000 -0.200000 10.500000
v 14.500000 -0.200000 10.500000
v 14.500000 -0.200000 10.500000
v 14.500000 -0.200000 -0.500000
v 14.500000 -0.200000 -0.500000
v 14.500000 -0.200000 -0.500000
v -0.500000 -0.200000 -0.500000
v -0.500000 -0.200000 -0.500000
v -0.500000 -0.200000 -0.500000
v -0.500000 0.000000 10.500000
v -0.500000 0.000000 10.500000
v -0.500000 0.000000 10.500000
v 14.500000 0.000000 10.500000
v 14.500000 0.000000 10.500000
v 14.500000 0.000000 10.500000
v 14.500000 0.000000 -0.500000
v 14.500000 0.000000 -0.500000
v 14.500000 0.000000 -0.500000
v -0.500000 0.000000 -0.500000
v -0.500000 0.000000 -0.500000
v -0.500000 0.000000 -0.500000
vn -0.0000 1.0000 -0.0000
vn -0.0000 -1.0000 -0.0000
vn -0.0000 -0.0000 -1.0000
vn -1.0000 -0.0000 -0.0000
vn -0.0000 -0.0000 1.0000
vn 1.0000 -0.0000 -0.0000
vt -0.500000 -10.500000
vt 14.500000 -10.500000
vt 14.500000 0.500000
vt -0.500000 0.500000
vt -0.500000 -0.200000
vt -0.500000 0.000000
vt 14.500000 0.000000
vt 14.500000 -0.200000
vt -10.500000 -0.200000
vt -10.500000 0.000000
vt 0.500000 0.000000
vt 0.500000 -0.200000
s 0
usemtl T_sand
f 2/1/1 5/2/1 8/3/1
f 2/1/1 8/3/1 11/4/1
f 23/4/2 20/3/2 17/2/2
f 23/4/2 17/2/2 14/1/2
f 1/5/3 13/6/3 16/7/3
f 1/5/3 16/7/3 4/8/3
f 6/9/4 18/10/4 21/11/4
f 6/9/4 21/11/4 9/12/4
f 7/8/5 19/7/5 22/6/5
f 7/8/5 22/6/5 10/5/5
f 12/12/6 24/11/6 15/10/6
f 12/12/6 15/10/6 3/9/6
o Junction_RockBack
v 4.000000 0.000000 0.000000
v 4.300000 6.200000 0.000000
v 5.833333 0.000000 0.639482
v 5.833333 0.000000 0.639482
v 6.133333 6.200000 0.639482
v 6.133333 6.200000 0.639482
v 7.666667 0.000000 0.520201
v 7.666667 0.000000 0.520201
v 7.966667 6.200000 0.520201
v 7.966667 6.200000 0.520201
v 9.500000 0.000000 -0.216312
v 9.500000 0.000000 -0.216312
v 9.800000 6.200000 -0.216312
v 9.800000 6.200000 -0.216312
v 11.333333 0.000000 -0.696165
v 11.333333 0.000000 -0.696165
v 11.633333 6.200000 -0.696165
v 11.633333 6.200000 -0.696165
v 13.166667 0.000000 -0.350000
v 13.166667 0.000000 -0.350000
v 13.466666 6.200000 -0.350000
v 13.466666 6.200000 -0.350000
v 15.000000 0.000000 0.411450
v 15.300000 6.200000 0.411450
vn -0.3293 0.0159 0.9441
vn 0.0649 -0.0031 0.9979
vn 0.3727 -0.0180 0.9278
vn 0.2532 -0.0123 0.9673
vn -0.1855 0.0090 0.9826
vn -0.3835 0.0186 0.9234
vt 4.000000 0.000000
vt 5.833333 0.000000
vt 6.133333 6.200000
vt 4.300000 6.200000
vt 7.666667 0.000000
vt 7.966667 6.200000
vt 9.500000 0.000000
vt 9.800000 6.200000
vt 11.333333 0.000000
vt 11.633333 6.200000
vt 13.166667 0.000000
vt 13.466666 6.200000
vt 15.000000 0.000000
vt 15.300000 6.200000
s 0
usemtl T_rock
f 25/13/7 28/14/7 30/15/7
f 25/13/7 30/15/7 26/16/7
f 27/14/8 31/17/8 33/18/8
f 27/14/8 33/18/8 29/15/8
f 32/17/9 36/19/9 38/20/9
f 32/17/9 38/20/9 34/18/9
f 35/19/10 39/21/10 41/22/10
f 35/19/10 41/22/10 37/20/10
f 40/21/11 43/23/11 45/24/11
f 40/21/11 45/24/11 42/22/11
f 44/23/12 47/25/12 48/26/12
f 44/23/12 48/26/12 46/24/12
o Junction_RockRight
v 14.600000 0.000000 11.000000
v 14.600000 6.200000 10.700000
v 13.960518 0.000000 9.166667
v 13.960518 0.000000 9.166667
v 13.960518 6.200000 8.866667
v 13.960518 6.200000 8.866667
v 14.079799 0.000000 7.333333
v 14.079799 0.000000 7.333333
v 14.079799 6.200000 7.033333
v 14.079799 6.200000 7.033333
v 14.816312 0.000000 5.500000
v 14.816312 0.000000 5.500000
v 14.816312 6.200000 5.200000
v 14.816312 6.200000 5.200000
v 15.296165 0.000000 3.666667
v 15.296165 0.000000 3.666667
v 15.296165 6.200000 3.366667
v 15.296165 6.200000 3.366667
v 14.950000 0.000000 1.833333
v 14.950000 0.000000 1.833333
v 14.950000 6.200000 1.533333
v 14.950000 6.200000 1.533333
v 14.188550 0.000000 0.000000
v 14.188550 6.200000 -0.300000
vn 0.9441 -0.0159 -0.3293
vn 0.9979 0.0031 0.0649
vn 0.9278 0.0180 0.3727
vn 0.9673 0.0123 0.2532
vn 0.9826 -0.0090 -0.1855
vn 0.9234 -0.0186 -0.3835
vt -11.000000 0.000000
vt -9.166667 0.000000
vt -8.866667 6.200000
vt -10.700000 6.200000
vt -7.333333 0.000000
vt -7.033333 6.200000
vt -5.500000 0.000000
vt -5.200000 6.200000
vt -3.666667 0.000000
vt -3.366667 6.200000
vt -1.833333 0.000000
vt -1.533333 6.200000
vt 0.000000 0.000000
vt 0.300000 6.200000
s 0
usemtl T_rock
f 49/27/13 51/28/13 53/29/13
f 49/27/13 53/29/13 50/30/13
f 52/28/14 56/31/14 58/32/14
f 52/28/14 58/32/14 54/29/14
f 55/31/15 59/33/15 61/34/15
f 55/31/15 61/34/15 57/32/15
f 60/33/16 63/35/16 65/36/16
f 60/33/16 65/36/16 62/34/16
f 64/35/17 68/37/17 70/38/17
f 64/35/17 70/38/17 66/36/17
f 67/37/18 71/39/18 72/40/18
f 67/37/18 72/40/18 69/38/18
o Junction_Ceiling
v 0.500000 5.800000 10.500000
v 0.500000 5.800000 10.500000
v 0.500000 5.800000 10.500000
v 15.500000 5.800000 10.500000
v 15.500000 5.800000 10.500000
v 15.500000 5.800000 10.500000
v 15.500000 5.800000 -0.500000
v 15.500000 5.800000 -0.500000
v 15.500000 5.800000 -0.500000
v 0.500000 5.800000 -0.500000
v 0.500000 5.800000 -0.500000
v 0.500000 5.800000 -0.500000
v 0.500000 6.200000 10.500000
v 0.500000 6.200000 10.500000
v 0.500000 6.200000 10.500000
v 15.500000 6.200000 10.500000
v 15.500000 6.200000 10.500000
v 15.500000 6.200000 10.500000
v 15.500000 6.200000 -0.500000
v 15.500000 6.200000 -0.500000
v 15.500000 6.200000 -0.500000
v 0.500000 6.200000 -0.500000
v 0.500000 6.200000 -0.500000
v 0.500000 6.200000 -0.500000
vn -0.0000 1.0000 -0.0000
vn -0.0000 -1.0000 -0.0000
vn -0.0000 -0.0000 -1.0000
vn -1.0000 -0.0000 -0.0000
vn -0.0000 -0.0000 1.0000
vn 1.0000 -0.0000 -0.0000
vt 0.500000 -10.500000
vt 15.500000 -10.500000
vt 15.500000 0.500000
vt 0.500000 0.500000
vt 0.500000 5.800000
vt 0.500000 6.200000
vt 15.500000 6.200000
vt 15.500000 5.800000
vt -10.500000 5.800000
vt -10.500000 6.200000
s 0
usemtl T_rock
f 74/41/19 77/42/19 80/43/19
f 74/41/19 80/43/19 83/44/19
f 95/44/20 92/43/20 89/42/20
f 95/44/20 89/42/20 86/41/20
f 73/45/21 85/46/21 88/47/21
f 73/45/21 88/47/21 76/48/21
f 78/49/22 90/50/22 93/46/22
f 78/49/22 93/46/22 81/45/22
f 79/48/23 91/47/23 94/46/23
f 79/48/23 94/46/23 82/45/23
f 84/45/24 96/46/24 87/50/24
f 84/45/24 87/50/24 75/49/24
o Fac_Beam
v 0.000000 3.150000 10.500000
v 0.000000 3.150000 10.500000
v 0.000000 3.150000 10.500000
v 0.600000 3.150000 10.500000
v 0.600000 3.150000 10.500000
v 0.600000 3.150000 10.500000
v 0.600000 3.150000 -0.500000
v 0.600000 3.150000 -0.500000
v 0.600000 3.150000 -0.500000
v 0.000000 3.150000 -0.500000
v 0.000000 3.150000 -0.500000
v 0.000000 3.150000 -0.500000
v 0.000000 3.650000 10.500000
v 0.000000 3.650000 10.500000
v 0.000000 3.650000 10.500000
v 0.600000 3.650000 10.500000
v 0.600000 3.650000 10.500000
v 0.600000 3.650000 10.500000
v 0.600000 3.650000 -0.500000
v 0.600000 3.650000 -0.500000
v 0.600000 3.650000 -0.500000
v 0.000000 3.650000 -0.500000
v 0.000000 3.650000 -0.500000
v 0.000000 3.650000 -0.500000
vn -0.0000 1.0000 -0.0000
vn -0.0000 -1.0000 -0.0000
vn -0.0000 -0.0000 -1.0000
vn -1.0000 -0.0000 -0.0000
vn -0.0000 -0.0000 1.0000
vn 1.0000 -0.0000 -0.0000
vt 0.000000 -10.500000
vt 0.600000 -10.500000
vt 0.600000 0.500000
vt 0.000000 0.500000
vt 0.000000 3.150000
vt 0.000000 3.650000
vt 0.600000 3.650000
vt 0.600000 3.150000
vt -10.500000 3.150000
vt -10.500000 3.650000
vt 0.500000 3.650000
vt 0.500000 3.150000
s 0
usemtl T_facility_metal
f 98/51/25 101/52/25 104/53/25
f 98/51/25 104/53/25 107/54/25
f 119/54/26 116/53/26 113/52/26
f 119/54/26 113/52/26 110/51/26
f 97/55/27 109/56/27 112/57/27
f 97/55/27 112/57/27 100/58/27
f 102/59/28 114/60/28 117/61/28
f 102/59/28 117/61/28 105/62/28
f 103/58/29 115/57/29 118/56/29
f 103/58/29 118/56/29 106/55/29
f 108/62/30 120/61/30 111/60/30
f 108/62/30 111/60/30 99/59/30
o Fac_Catwalk
v 0.300000 3.510000 8.000000
v 0.300000 3.510000 8.000000
v 0.300000 3.510000 8.000000
v 2.900000 3.510000 8.000000
v 2.900000 3.510000 8.000000
v 2.900000 3.510000 8.000000
v 2.900000 3.510000 1.000000
v 2.900000 3.510000 1.000000
v 2.900000 3.510000 1.000000
v 0.300000 3.510000 1.000000
v 0.300000 3.510000 1.000000
v 0.300000 3.510000 1.000000
v 0.300000 3.690000 8.000000
v 0.300000 3.690000 8.000000
v 0.300000 3.690000 8.000000
v 2.900000 3.690000 8.000000
v 2.900000 3.690000 8.000000
v 2.900000 3.690000 8.000000
v 2.900000 3.690000 1.000000
v 2.900000 3.690000 1.000000
v 2.900000 3.690000 1.000000
v 0.300000 3.690000 1.000000
v 0.300000 3.690000 1.000000
v 0.300000 3.690000 1.000000
vn -0.0000 1.0000 -0.0000
vn -0.0000 -1.0000 -0.0000
vn -0.0000 -0.0000 -1.0000
vn -1.0000 -0.0000 -0.0000
vn -0.0000 -0.0000 1.0000
vn 1.0000 -0.0000 -0.0000
vt 0.300000 -8.000000
vt 2.900000 -8.000000
vt 2.900000 -1.000000
vt 0.300000 -1.000000
vt 0.300000 3.510000
vt 0.300000 3.690000
vt 2.900000 3.690000
vt 2.900000 3.510000
vt -8.000000 3.510000
vt -8.000000 3.690000
vt -1.000000 3.690000
vt -1.000000 3.510000
s 0
usemtl T_grate
f 122/63/31 125/64/31 128/65/31
f 122/63/31 128/65/31 131/66/31
f 143/66/32 140/65/32 137/64/32
f 143/66/32 137/64/32 134/63/32
f 121/67/33 133/68/33 136/69/33
f 121/67/33 136/69/33 124/70/33
f 126/71/34 138/72/34 141/73/34
f 126/71/34 141/73/34 129/74/34
f 127/70/35 139/69/35 142/68/35
f 127/70/35 142/68/35 130/67/35
f 132/74/36 144/73/36 135/72/36
f 132/74/36 135/72/36 123/71/36
o Fac_RailMid
v 2.850000 4.160000 7.700000
v 2.850000 4.160000 7.700000
v 2.850000 4.160000 7.700000
v 2.950000 4.160000 7.700000
v 2.950000 4.160000 7.700000
v 2.950000 4.160000 7.700000
v 2.950000 4.160000 1.300000
v 2.950000 4.160000 1.300000
v 2.950000 4.160000 1.300000
v 2.850000 4.160000 1.300000
v 2.850000 4.160000 1.300000
v 2.850000 4.160000 1.300000
v 2.850000 4.240000 7.700000
v 2.850000 4.240000 7.700000
v 2.850000 4.240000 7.700000
v 2.950000 4.240000 7.700000
v 2.950000 4.240000 7.700000
v 2.950000 4.240000 7.700000
v 2.950000 4.240000 1.300000
v 2.950000 4.240000 1.300000
v 2.950000 4.240000 1.300000
v 2.850000 4.240000 1.300000
v 2.850000 4.240000 1.300000
v 2.850000 4.240000 1.300000
vn -0.0000 1.0000 -0.0000
vn -0.0000 -1.0000 -0.0000
vn -0.0000 -0.0000 -1.0000
vn -1.0000 -0.0000 -0.0000
vn -0.0000 -0.0000 1.0000
vn 1.0000 -0.0000 -0.0000
vt 2.850000 -7.700000
vt 2.950000 -7.700000
vt 2.950000 -1.300000
vt 2.850000 -1.300000
vt 2.850000 4.160000
vt 2.850000 4.240000
vt 2.950000 4.240000
vt 2.950000 4.160000
vt -7.700000 4.160000
vt -7.700000 4.240000
vt -1.300000 4.240000
vt -1.300000 4.160000
s 0
usemtl T_facility_metal
f 146/75/37 149/76/37 152/77/37
f 146/75/37 152/77/37 155/78/37
f 167/78/38 164/77/38 161/76/38
f 167/78/38 161/76/38 158/75/38
f 145/79/39 157/80/39 160/81/39
f 145/79/39 160/81/39 148/82/39
f 150/83/40 162/84/40 165/85/40
f 150/83/40 165/85/40 153/86/40
f 151/82/41 163/81/41 166/80/41
f 151/82/41 166/80/41 154/79/41
f 156/86/42 168/85/42 159/84/42
f 156/86/42 159/84/42 147/83/42
o Fac_RailPost
v 2.850000 3.650000 1.550000
v 2.850000 3.650000 1.550000
v 2.850000 3.650000 1.550000
v 2.950000 3.650000 1.550000
v 2.950000 3.650000 1.550000
v 2.950000 3.650000 1.550000
v 2.950000 3.650000 1.450000
v 2.950000 3.650000 1.450000
v 2.950000 3.650000 1.450000
v 2.850000 3.650000 1.450000
v 2.850000 3.650000 1.450000
v 2.850000 3.650000 1.450000
v 2.850000 4.550000 1.550000
v 2.850000 4.550000 1.550000
v 2.850000 4.550000 1.550000
v 2.950000 4.550000 1.550000
v 2.950000 4.550000 1.550000
v 2.950000 4.550000 1.550000
v 2.950000 4.550000 1.450000
v 2.950000 4.550000 1.450000
v 2.950000 4.550000 1.450000
v 2.850000 4.550000 1.450000
v 2.850000 4.550000 1.450000
v 2.850000 4.550000 1.450000
vn -0.0000 1.0000 -0.0000
vn -0.0000 -1.0000 -0.0000
vn -0.0000 -0.0000 -1.0000
vn -1.0000 -0.0000 -0.0000
vn -0.0000 -0.0000 1.0000
vn 1.0000 -0.0000 -0.0000
vt 2.850000 -1.550000
vt 2.950000 -1.550000
vt 2.950000 -1.450000
vt 2.850000 -1.450000
vt 2.850000 3.650000
vt 2.850000 4.550000
vt 2.950000 4.550000
vt 2.950000 3.650000
vt -1.550000 3.650000
vt -1.550000 4.550000
vt -1.450000 4.550000
vt -1.450000 3.650000
s 0
usemtl T_facility_metal
f 170/87/43 173/88/43 176/89/43
f 170/87/43 176/89/43 179/90/43
f 191/90/44 188/89/44 185/88/44
f 191/90/44 185/88/44 182/87/44
f 169/91/45 181/92/45 184/93/45
f 169/91/45 184/93/45 172/94/45
f 174/95/46 186/96/46 189/97/46
f 174/95/46 189/97/46 177/98/46
f 175/94/47 187/93/47 190/92/47
f 175/94/47 190/92/47 178/91/47
f 180/98/48 192/97/48 183/96/48
f 180/98/48 183/96/48 171/95/48
o Fac_RailPost.001
v 2.850000 3.650000 4.550000
v 2.850000 3.650000 4.550000
v 2.850000 3.650000 4.550000
v 2.950000 3.650000 4.550000
v 2.950000 3.650000 4.550000
v 2.950000 3.650000 4.550000
v 2.950000 3.650000 4.450000
v 2.950000 3.650000 4.450000
v 2.950000 3.650000 4.450000
v 2.850000 3.650000 4.450000
v 2.850000 3.650000 4.450000
v 2.850000 3.650000 4.450000
v 2.850000 4.550000 4.550000
v 2.850000 4.550000 4.550000
v 2.850000 4.550000 4.550000
v 2.950000 4.550000 4.550000
v 2.950000 4.550000 4.550000
v 2.950000 4.550000 4.550000
v 2.950000 4.550000 4.450000
v 2.950000 4.550000 4.450000
v 2.950000 4.550000 4.450000
v 2.850000 4.550000 4.450000
v 2.850000 4.550000 4.450000
v 2.850000 4.550000 4.450000
vn -0.0000 1.0000 -0.0000
vn -0.0000 -1.0000 -0.0000
vn -0.0000 -0.0000 -1.0000
vn -1.0000 -0.0000 -0.0000
vn -0.0000 -0.0000 1.0000
vn 1.0000 -0.0000 -0.0000
vt 2.850000 -4.550000
vt 2.950000 -4.550000
vt 2.950000 -4.450000
vt 2.850000 -4.450000
vt 2.850000 3.650000
vt 2.850000 4.550000
vt 2.950000 4.550000
vt 2.950000 3.650000
vt -4.550000 3.650000
vt -4.550000 4.550000
vt -4.450000 4.550000
vt -4.450000 3.650000
s 0
usemtl T_facility_metal
f 194/99/49 197/100/49 200/101/49
f 194/99/49 200/101/49 203/102/49
f 215/102/50 212/101/50 209/100/50
f 215/102/50 209/100/50 206/99/50
f 193/103/51 205/104/51 208/105/51
f 193/103/51 208/105/51 196/106/51
f 198/107/52 210/108/52 213/109/52
f 198/107/52 213/109/52 201/110/52
f 199/106/53 211/105/53 214/104/53
f 199/106/53 214/104/53 202/103/53
f 204/110/54 216/109/54 207/108/54
f 204/110/54 207/108/54 195/107/54
o Fac_RailPost.002
v 2.850000 3.650000 7.550000
v 2.850000 3.650000 7.550000
v 2.850000 3.650000 7.550000
v 2.950000 3.650000 7.550000
v 2.950000 3.650000 7.550000
v 2.950000 3.650000 7.550000
v 2.950000 3.650000 7.450000
v 2.950000 3.650000 7.450000
v 2.950000 3.650000 7.450000
v 2.850000 3.650000 7.450000
v 2.850000 3.650000 7.450000
v 2.850000 3.650000 7.450000
v 2.850000 4.550000 7.550000
v 2.850000 4.550000 7.550000
v 2.850000 4.550000 7.550000
v 2.950000 4.550000 7.550000
v 2.950000 4.550000 7.550000
v 2.950000 4.550000 7.550000
v 2.950000 4.550000 7.450000
v 2.950000 4.550000 7.450000
v 2.950000 4.550000 7.450000
v 2.850000 4.550000 7.450000
v 2.850000 4.550000 7.450000
v 2.850000 4.550000 7.450000
vn -0.0000 1.0000 -0.0000
vn -0.0000 -1.0000 -0.0000
vn -0.0000 -0.0000 -1.0000
vn -1.0000 -0.0000 -0.0000
vn -0.0000 -0.0000 1.0000
vn 1.0000 -0.0000 -0.0000
vt 2.850000 -7.550000
vt 2.950000 -7.550000
vt 2.950000 -7.450000
vt 2.850000 -7.450000
vt 2.850000 3.650000
vt 2.850000 4.550000
vt 2.950000 4.550000
vt 2.950000 3.650000
vt -7.550000 3.650000
vt -7.550000 4.550000
vt -7.450000 4.550000
vt -7.450000 3.650000
s 0
usemtl T_facility_metal
f 218/111/55 221/112/55 224/113/55
f 218/111/55 224/113/55 227/114/55
f 239/114/56 236/113/56 233/112/56
f 239/114/56 233/112/56 230/111/56
f 217/115/57 229/116/57 232/117/57
f 217/115/57 232/117/57 220/118/57
f 222/119/58 234/120/58 237/121/58
f 222/119/58 237/121/58 225/122/58
f 223/118/59 235/117/59 238/116/59
f 223/118/59 238/116/59 226/115/59
f 228/122/60 240/121/60 231/120/60
f 228/122/60 231/120/60 219/119/60
o Fac_RailTop
v 2.850000 4.500000 7.700000
v 2.850000 4.500000 7.700000
v 2.850000 4.500000 7.700000
v 2.950000 4.500000 7.700000
v 2.950000 4.500000 7.700000
v 2.950000 4.500000 7.700000
v 2.950000 4.500000 1.300000
v 2.950000 4.500000 1.300000
v 2.950000 4.500000 1.300000
v 2.850000 4.500000 1.300000
v 2.850000 4.500000 1.300000
v 2.850000 4.500000 1.300000
v 2.850000 4.600000 7.700000
v 2.850000 4.600000 7.700000
v 2.850000 4.600000 7.700000
v 2.950000 4.600000 7.700000
v 2.950000 4.600000 7.700000
v 2.950000 4.600000 7.700000
v 2.950000 4.600000 1.300000
v 2.950000 4.600000 1.300000
v 2.950000 4.600000 1.300000
v 2.850000 4.600000 1.300000
v 2.850000 4.600000 1.300000
v 2.850000 4.600000 1.300000
vn -0.0000 1.0000 -0.0000
vn -0.0000 -1.0000 -0.0000
vn -0.0000 -0.0000 -1.0000
vn -1.0000 -0.0000 -0.0000
vn -0.0000 -0.0000 1.0000
vn 1.0000 -0.0000 -0.0000
vt 2.850000 -7.700000
vt 2.950000 -7.700000
vt 2.950000 -1.300000
vt 2.850000 -1.300000
vt 2.850000 4.500000
vt 2.850000 4.600000
vt 2.950000 4.600000
vt 2.950000 4.500000
vt -7.700000 4.500000
vt -7.700000 4.600000
vt -1.300000 4.600000
vt -1.300000 4.500000
s 0
usemtl T_facility_metal
f 242/123/61 245/124/61 248/125/61
f 242/123/61 248/125/61 251/126/61
f 263/126/62 260/125/62 257/124/62
f 263/126/62 257/124/62 254/123/62
f 241/127/63 253/128/63 256/129/63
f 241/127/63 256/129/63 244/130/63
f 246/131/64 258/132/64 261/133/64
f 246/131/64 261/133/64 249/134/64
f 247/130/65 259/129/65 262/128/65
f 247/130/65 262/128/65 250/127/65
f 252/134/66 264/133/66 255/132/66
f 252/134/66 255/132/66 243/131/66
o Fac_Vent
v 0.270000 0.500000 9.849999
v 0.270000 0.500000 9.849999
v 0.270000 0.500000 9.849999
v 0.410000 0.500000 9.849999
v 0.410000 0.500000 9.849999
v 0.410000 0.500000 9.849999
v 0.410000 0.500000 8.550000
v 0.410000 0.500000 8.550000
v 0.410000 0.500000 8.550000
v 0.270000 0.500000 8.550000
v 0.270000 0.500000 8.550000
v 0.270000 0.500000 8.550000
v 0.270000 1.500000 9.849999
v 0.270000 1.500000 9.849999
v 0.270000 1.500000 9.849999
v 0.410000 1.500000 9.849999
v 0.410000 1.500000 9.849999
v 0.410000 1.500000 9.849999
v 0.410000 1.500000 8.550000
v 0.410000 1.500000 8.550000
v 0.410000 1.500000 8.550000
v 0.270000 1.500000 8.550000
v 0.270000 1.500000 8.550000
v 0.270000 1.500000 8.550000
vn -0.0000 1.0000 -0.0000
vn -0.0000 -1.0000 -0.0000
vn -0.0000 -0.0000 -1.0000
vn -1.0000 -0.0000 -0.0000
vn -0.0000 -0.0000 1.0000
vn 1.0000 -0.0000 -0.0000
vt 0.270000 -9.849999
vt 0.410000 -9.849999
vt 0.410000 -8.550000
vt 0.270000 -8.550000
vt 0.270000 0.500000
vt 0.270000 1.500000
vt 0.410000 1.500000
vt 0.410000 0.500000
vt -9.849999 0.500000
vt -9.849999 1.500000
vt -8.550000 1.500000
vt -8.550000 0.500000
s 0
usemtl T_facility_metal
f 266/135/67 269/136/67 272/137/67
f 266/135/67 272/137/67 275/138/67
f 287/138/68 284/137/68 281/136/68
f 287/138/68 281/136/68 278/135/68
f 265/139/69 277/140/69 280/141/69
f 265/139/69 280/141/69 268/142/69
f 270/143/70 282/144/70 285/145/70
f 270/143/70 285/145/70 273/146/70
f 271/142/71 283/141/71 286/140/71
f 271/142/71 286/140/71 274/139/71
f 276/146/72 288/145/72 279/144/72
f 276/146/72 279/144/72 267/143/72
o Fac_Wall
v -0.200000 0.000000 10.500000
v -0.200000 0.000000 10.500000
v -0.200000 0.000000 10.500000
v 0.200000 0.000000 10.500000
v 0.200000 0.000000 10.500000
v 0.200000 0.000000 10.500000
v 0.200000 0.000000 -0.500000
v 0.200000 0.000000 -0.500000
v 0.200000 0.000000 -0.500000
v -0.200000 0.000000 -0.500000
v -0.200000 0.000000 -0.500000
v -0.200000 0.000000 -0.500000
v -0.200000 6.200000 10.500000
v -0.200000 6.200000 10.500000
v -0.200000 6.200000 10.500000
v 0.200000 6.200000 10.500000
v 0.200000 6.200000 10.500000
v 0.200000 6.200000 10.500000
v 0.200000 6.200000 -0.500000
v 0.200000 6.200000 -0.500000
v 0.200000 6.200000 -0.500000
v -0.200000 6.200000 -0.500000
v -0.200000 6.200000 -0.500000
v -0.200000 6.200000 -0.500000
vn -0.0000 1.0000 -0.0000
vn -0.0000 -1.0000 -0.0000
vn -0.0000 -0.0000 -1.0000
vn -1.0000 -0.0000 -0.0000
vn -0.0000 -0.0000 1.0000
vn 1.0000 -0.0000 -0.0000
vt -0.200000 -10.500000
vt 0.200000 -10.500000
vt 0.200000 0.500000
vt -0.200000 0.500000
vt -0.200000 0.000000
vt -0.200000 6.200000
vt 0.200000 6.200000
vt 0.200000 0.000000
vt -10.500000 0.000000
vt -10.500000 6.200000
vt 0.500000 6.200000
vt 0.500000 0.000000
s 0
usemtl T_facility_metal
f 290/147/73 293/148/73 296/149/73
f 290/147/73 296/149/73 299/150/73
f 311/150/74 308/149/74 305/148/74
f 311/150/74 305/148/74 302/147/74
f 289/151/75 301/152/75 304/153/75
f 289/151/75 304/153/75 292/154/75
f 294/155/76 306/156/76 309/157/76
f 294/155/76 309/157/76 297/158/76
f 295/154/77 307/153/77 310/152/77
f 295/154/77 310/152/77 298/151/77
f 300/158/78 312/157/78 303/156/78
f 300/158/78 303/156/78 291/155/78
o Fac_WinLower
v 0.280000 1.450000 8.700000
v 0.280000 1.450000 8.700000
v 0.280000 1.450000 8.700000
v 0.400000 1.450000 8.700000
v 0.400000 1.450000 8.700000
v 0.400000 1.450000 8.700000
v 0.400000 1.450000 4.500000
v 0.400000 1.450000 4.500000
v 0.400000 1.450000 4.500000
v 0.280000 1.450000 4.500000
v 0.280000 1.450000 4.500000
v 0.280000 1.450000 4.500000
v 0.280000 3.350000 8.700000
v 0.280000 3.350000 8.700000
v 0.280000 3.350000 8.700000
v 0.400000 3.350000 8.700000
v 0.400000 3.350000 8.700000
v 0.400000 3.350000 8.700000
v 0.400000 3.350000 4.500000
v 0.400000 3.350000 4.500000
v 0.400000 3.350000 4.500000
v 0.280000 3.350000 4.500000
v 0.280000 3.350000 4.500000
v 0.280000 3.350000 4.500000
vn -0.0000 1.0000 -0.0000
vn -0.0000 -1.0000 -0.0000
vn -0.0000 -0.0000 -1.0000
vn -1.0000 -0.0000 -0.0000
vn -0.0000 -0.0000 1.0000
vn 1.0000 -0.0000 -0.0000
vt 0.280000 -8.700000
vt 0.400000 -8.700000
vt 0.400000 -4.500000
vt 0.280000 -4.500000
vt 0.280000 1.450000
vt 0.280000 3.350000
vt 0.400000 3.350000
vt 0.400000 1.450000
vt -8.700000 1.450000
vt -8.700000 3.350000
vt -4.500000 3.350000
vt -4.500000 1.450000
s 0
usemtl T_facility_metal
f 314/159/79 317/160/79 320/161/79
f 314/159/79 320/161/79 323/162/79
f 335/162/80 332/161/80 329/160/80
f 335/162/80 329/160/80 326/159/80
f 313/163/81 325/164/81 328/165/81
f 313/163/81 328/165/81 316/166/81
f 318/167/82 330/168/82 333/169/82
f 318/167/82 333/169/82 321/170/82
f 319/166/83 331/165/83 334/164/83
f 319/166/83 334/164/83 322/163/83
f 324/170/84 336/169/84 327/168/84
f 324/170/84 327/168/84 315/167/84
o Fac_WinLowerFrame
v 0.050000 1.300000 8.900000
v 0.050000 1.300000 8.900000
v 0.050000 1.300000 8.900000
v 0.350000 1.300000 8.900000
v 0.350000 1.300000 8.900000
v 0.350000 1.300000 8.900000
v 0.350000 1.300000 4.300000
v 0.350000 1.300000 4.300000
v 0.350000 1.300000 4.300000
v 0.050000 1.300000 4.300000
v 0.050000 1.300000 4.300000
v 0.050000 1.300000 4.300000
v 0.050000 3.500000 8.900000
v 0.050000 3.500000 8.900000
v 0.050000 3.500000 8.900000
v 0.350000 3.500000 8.900000
v 0.350000 3.500000 8.900000
v 0.350000 3.500000 8.900000
v 0.350000 3.500000 4.300000
v 0.350000 3.500000 4.300000
v 0.350000 3.500000 4.300000
v 0.050000 3.500000 4.300000
v 0.050000 3.500000 4.300000
v 0.050000 3.500000 4.300000
vn -0.0000 1.0000 -0.0000
vn -0.0000 -1.0000 -0.0000
vn -0.0000 -0.0000 -1.0000
vn -1.0000 -0.0000 -0.0000
vn -0.0000 -0.0000 1.0000
vn 1.0000 -0.0000 -0.0000
vt 0.050000 -8.900000
vt 0.350000 -8.900000
vt 0.350000 -4.300000
vt 0.050000 -4.300000
vt 0.050000 1.300000
vt 0.050000 3.500000
vt 0.350000 3.500000
vt 0.350000 1.300000
vt -8.900000 1.300000
vt -8.900000 3.500000
vt -4.300000 3.500000
vt -4.300000 1.300000
s 0
usemtl T_facility_metal
f 338/171/85 341/172/85 344/173/85
f 338/171/85 344/173/85 347/174/85
f 359/174/86 356/173/86 353/172/86
f 359/174/86 353/172/86 350/171/86
f 337/175/87 349/176/87 352/177/87
f 337/175/87 352/177/87 340/178/87
f 342/179/88 354/180/88 357/181/88
f 342/179/88 357/181/88 345/182/88
f 343/178/89 355/177/89 358/176/89
f 343/178/89 358/176/89 346/175/89
f 348/182/90 360/181/90 351/180/90
f 348/182/90 351/180/90 339/179/90
o Fac_WinUpper
v 0.260000 4.350000 5.000000
v 0.260000 4.350000 5.000000
v 0.260000 4.350000 5.000000
v 0.380000 4.350000 5.000000
v 0.380000 4.350000 5.000000
v 0.380000 4.350000 5.000000
v 0.380000 4.350000 1.000000
v 0.380000 4.350000 1.000000
v 0.380000 4.350000 1.000000
v 0.260000 4.350000 1.000000
v 0.260000 4.350000 1.000000
v 0.260000 4.350000 1.000000
v 0.260000 4.850000 5.000000
v 0.260000 4.850000 5.000000
v 0.260000 4.850000 5.000000
v 0.380000 4.850000 5.000000
v 0.380000 4.850000 5.000000
v 0.380000 4.850000 5.000000
v 0.380000 4.850000 1.000000
v 0.380000 4.850000 1.000000
v 0.380000 4.850000 1.000000
v 0.260000 4.850000 1.000000
v 0.260000 4.850000 1.000000
v 0.260000 4.850000 1.000000
vn -0.0000 1.0000 -0.0000
vn -0.0000 -1.0000 -0.0000
vn -0.0000 -0.0000 -1.0000
vn -1.0000 -0.0000 -0.0000
vn -0.0000 -0.0000 1.0000
vn 1.0000 -0.0000 -0.0000
vt 0.260000 -5.000000
vt 0.380000 -5.000000
vt 0.380000 -1.000000
vt 0.260000 -1.000000
vt 0.260000 4.350000
vt 0.260000 4.850000
vt 0.380000 4.850000
vt 0.380000 4.350000
vt -5.000000 4.350000
vt -5.000000 4.850000
vt -1.000000 4.850000
vt -1.000000 4.350000
s 0
usemtl T_facility_metal
f 362/183/91 365/184/91 368/185/91
f 362/183/91 368/185/91 371/186/91
f 383/186/92 380/185/92 377/184/92
f 383/186/92 377/184/92 374/183/92
f 361/187/93 373/188/93 376/189/93
f 361/187/93 376/189/93 364/190/93
f 366/191/94 378/192/94 381/193/94
f 366/191/94 381/193/94 369/194/94
f 367/190/95 379/189/95 382/188/95
f 367/190/95 382/188/95 370/187/95
f 372/194/96 384/193/96 375/192/96
f 372/194/96 375/192/96 363/191/96
o Junction_Hatch
v 1.900000 -0.030000 10.700000
v 1.900000 -0.030000 10.700000
v 1.900000 -0.030000 10.700000
v 4.500000 -0.030000 10.700000
v 4.500000 -0.030000 10.700000
v 4.500000 -0.030000 10.700000
v 4.500000 -0.030000 8.099999
v 4.500000 -0.030000 8.099999
v 4.500000 -0.030000 8.099999
v 1.900000 -0.030000 8.099999
v 1.900000 -0.030000 8.099999
v 1.900000 -0.030000 8.099999
v 1.900000 0.130000 10.700000
v 1.900000 0.130000 10.700000
v 1.900000 0.130000 10.700000
v 4.500000 0.130000 10.700000
v 4.500000 0.130000 10.700000
v 4.500000 0.130000 10.700000
v 4.500000 0.130000 8.099999
v 4.500000 0.130000 8.099999
v 4.500000 0.130000 8.099999
v 1.900000 0.130000 8.099999
v 1.900000 0.130000 8.099999
v 1.900000 0.130000 8.099999
vn -0.0000 1.0000 -0.0000
vn -0.0000 -1.0000 -0.0000
vn -0.0000 -0.0000 -1.0000
vn -1.0000 -0.0000 -0.0000
vn -0.0000 -0.0000 1.0000
vn 1.0000 -0.0000 -0.0000
vt 1.900000 -10.700000
vt 4.500000 -10.700000
vt 4.500000 -8.099999
vt 1.900000 -8.099999
vt 1.900000 -0.030000
vt 1.900000 0.130000
vt 4.500000 0.130000
vt 4.500000 -0.030000
vt -10.700000 -0.030000
vt -10.700000 0.130000
vt -8.099999 0.130000
vt -8.099999 -0.030000
s 0
usemtl T_grate
f 386/195/97 389/196/97 392/197/97
f 386/195/97 392/197/97 395/198/97
f 407/198/98 404/197/98 401/196/98
f 407/198/98 401/196/98 398/195/98
f 385/199/99 397/200/99 400/201/99
f 385/199/99 400/201/99 388/202/99
f 390/203/100 402/204/100 405/205/100
f 390/203/100 405/205/100 393/206/100
f 391/202/101 403/201/101 406/200/101
f 391/202/101 406/200/101 394/199/101
f 396/206/102 408/205/102 399/204/102
f 396/206/102 399/204/102 387/203/102
o Hatch_RailPost
v 1.950000 0.000000 8.250000
v 1.950000 0.000000 8.250000
v 1.950000 0.000000 8.250000
v 2.050000 0.000000 8.250000
v 2.050000 0.000000 8.250000
v 2.050000 0.000000 8.250000
v 2.050000 0.000000 8.150000
v 2.050000 0.000000 8.150000
v 2.050000 0.000000 8.150000
v 1.950000 0.000000 8.150000
v 1.950000 0.000000 8.150000
v 1.950000 0.000000 8.150000
v 1.950000 0.700000 8.250000
v 1.950000 0.700000 8.250000
v 1.950000 0.700000 8.250000
v 2.050000 0.700000 8.250000
v 2.050000 0.700000 8.250000
v 2.050000 0.700000 8.250000
v 2.050000 0.700000 8.150000
v 2.050000 0.700000 8.150000
v 2.050000 0.700000 8.150000
v 1.950000 0.700000 8.150000
v 1.950000 0.700000 8.150000
v 1.950000 0.700000 8.150000
vn -0.0000 1.0000 -0.0000
vn -0.0000 -1.0000 -0.0000
vn -0.0000 -0.0000 -1.0000
vn -1.0000 -0.0000 -0.0000
vn -0.0000 -0.0000 1.0000
vn 1.0000 -0.0000 -0.0000
vt 1.950000 -8.250000
vt 2.050000 -8.250000
vt 2.050000 -8.150000
vt 1.950000 -8.150000
vt 1.950000 0.000000
vt 1.950000 0.700000
vt 2.050000 0.700000
vt 2.050000 0.000000
vt -8.250000 0.000000
vt -8.250000 0.700000
vt -8.150000 0.700000
vt -8.150000 0.000000
s 0
usemtl T_grate
f 410/207/103 413/208/103 416/209/103
f 410/207/103 416/209/103 419/210/103
f 431/210/104 428/209/104 425/208/104
f 431/210/104 425/208/104 422/207/104
f 409/211/105 421/212/105 424/213/105
f 409/211/105 424/213/105 412/214/105
f 414/215/106 426/216/106 429/217/106
f 414/215/106 429/217/106 417/218/106
f 415/214/107 427/213/107 430/212/107
f 415/214/107 430/212/107 418/211/107
f 420/218/108 432/217/108 423/216/108
f 420/218/108 423/216/108 411/215/108
o Hatch_RailPost.001
v 4.350000 0.000000 8.250000
v 4.350000 0.000000 8.250000
v 4.350000 0.000000 8.250000
v 4.450000 0.000000 8.250000
v 4.450000 0.000000 8.250000
v 4.450000 0.000000 8.250000
v 4.450000 0.000000 8.150000
v 4.450000 0.000000 8.150000
v 4.450000 0.000000 8.150000
v 4.350000 0.000000 8.150000
v 4.350000 0.000000 8.150000
v 4.350000 0.000000 8.150000
v 4.350000 0.700000 8.250000
v 4.350000 0.700000 8.250000
v 4.350000 0.700000 8.250000
v 4.450000 0.700000 8.250000
v 4.450000 0.700000 8.250000
v 4.450000 0.700000 8.250000
v 4.450000 0.700000 8.150000
v 4.450000 0.700000 8.150000
v 4.450000 0.700000 8.150000
v 4.350000 0.700000 8.150000
v 4.350000 0.700000 8.150000
v 4.350000 0.700000 8.150000
vn -0.0000 1.0000 -0.0000
vn -0.0000 -1.0000 -0.0000
vn -0.0000 -0.0000 -1.0000
vn -1.0000 -0.0000 -0.0000
vn -0.0000 -0.0000 1.0000
vn 1.0000 -0.0000 -0.0000
vt 4.350000 -8.250000
vt 4.450000 -8.250000
vt 4.450000 -8.150000
vt 4.350000 -8.150000
vt 4.350000 0.000000
vt 4.350000 0.700000
vt 4.450000 0.700000
vt 4.450000 0.000000
vt -8.250000 0.000000
vt -8.250000 0.700000
vt -8.150000 0.700000
vt -8.150000 0.000000
s 0
usemtl T_grate
f 434/219/109 437/220/109 440/221/109
f 434/219/109 440/221/109 443/222/109
f 455/222/110 452/221/110 449/220/110
f 455/222/110 449/220/110 446/219/110
f 433/223/111 445/224/111 448/225/111
f 433/223/111 448/225/111 436/226/111
f 438/227/112 450/228/112 453/229/112
f 438/227/112 453/229/112 441/230/112
f 439/226/113 451/225/113 454/224/113
f 439/226/113 454/224/113 442/223/113
f 444/230/114 456/229/114 447/228/114
f 444/230/114 447/228/114 435/227/114
o Hatch_RailTop
v 1.950000 0.660000 9.400000
v 1.950000 0.660000 9.400000
v 1.950000 0.660000 9.400000
v 2.050000 0.660000 9.400000
v 2.050000 0.660000 9.400000
v 2.050000 0.660000 9.400000
v 2.050000 0.660000 7.000000
v 2.050000 0.660000 7.000000
v 2.050000 0.660000 7.000000
v 1.950000 0.660000 7.000000
v 1.950000 0.660000 7.000000
v 1.950000 0.660000 7.000000
v 1.950000 0.740000 9.400000
v 1.950000 0.740000 9.400000
v 1.950000 0.740000 9.400000
v 2.050000 0.740000 9.400000
v 2.050000 0.740000 9.400000
v 2.050000 0.740000 9.400000
v 2.050000 0.740000 7.000000
v 2.050000 0.740000 7.000000
v 2.050000 0.740000 7.000000
v 1.950000 0.740000 7.000000
v 1.950000 0.740000 7.000000
v 1.950000 0.740000 7.000000
vn -0.0000 1.0000 -0.0000
vn -0.0000 -1.0000 -0.0000
vn -0.0000 -0.0000 -1.0000
vn -1.0000 -0.0000 -0.0000
vn -0.0000 -0.0000 1.0000
vn 1.0000 -0.0000 -0.0000
vt 1.950000 -9.400000
vt 2.050000 -9.400000
vt 2.050000 -7.000000
vt 1.950000 -7.000000
vt 1.950000 0.660000
vt 1.950000 0.740000
vt 2.050000 0.740000
vt 2.050000 0.660000
vt -9.400000 0.660000
vt -9.400000 0.740000
vt -7.000000 0.740000
vt -7.000000 0.660000
s 0
usemtl T_grate
f 458/231/115 461/232/115 464/233/115
f 458/231/115 464/233/115 467/234/115
f 479/234/116 476/233/116 473/232/116
f 479/234/116 473/232/116 470/231/116
f 457/235/117 469/236/117 472/237/117
f 457/235/117 472/237/117 460/238/117
f 462/239/118 474/240/118 477/241/118
f 462/239/118 477/241/118 465/242/118
f 463/238/119 475/237/119 478/236/119
f 463/238/119 478/236/119 466/235/119
f 468/242/120 480/241/120 471/240/120
f 468/242/120 471/240/120 459/239/120
o Hatch_RailTop2
v 4.350000 0.660000 9.400000
v 4.350000 0.660000 9.400000
v 4.350000 0.660000 9.400000
v 4.450000 0.660000 9.400000
v 4.450000 0.660000 9.400000
v 4.450000 0.660000 9.400000
v 4.450000 0.660000 7.000000
v 4.450000 0.660000 7.000000
v 4.450000 0.660000 7.000000
v 4.350000 0.660000 7.000000
v 4.350000 0.660000 7.000000
v 4.350000 0.660000 7.000000
v 4.350000 0.740000 9.400000
v 4.350000 0.740000 9.400000
v 4.350000 0.740000 9.400000
v 4.450000 0.740000 9.400000
v 4.450000 0.740000 9.400000
v 4.450000 0.740000 9.400000
v 4.450000 0.740000 7.000000
v 4.450000 0.740000 7.000000
v 4.450000 0.740000 7.000000
v 4.350000 0.740000 7.000000
v 4.350000 0.740000 7.000000
v 4.350000 0.740000 7.000000
vn -0.0000 1.0000 -0.0000
vn -0.0000 -1.0000 -0.0000
vn -0.0000 -0.0000 -1.0000
vn -1.0000 -0.0000 -0.0000
vn -0.0000 -0.0000 1.0000
vn 1.0000 -0.0000 -0.0000
vt 4.350000 -9.400000
vt 4.450000 -9.400000
vt 4.450000 -7.000000
vt 4.350000 -7.000000
vt 4.350000 0.660000
vt 4.350000 0.740000
vt 4.450000 0.740000
vt 4.450000 0.660000
vt -9.400000 0.660000
vt -9.400000 0.740000
vt -7.000000 0.740000
vt -7.000000 0.660000
s 0
usemtl T_grate
f 482/243/121 485/244/121 488/245/121
f 482/243/121 488/245/121 491/246/121
f 503/246/122 500/245/122 497/244/122
f 503/246/122 497/244/122 494/243/122
f 481/247/123 493/248/123 496/249/123
f 481/247/123 496/249/123 484/250/123
f 486/251/124 498/252/124 501/253/124
f 486/251/124 501/253/124 489/254/124
f 487/250/125 499/249/125 502/248/125
f 487/250/125 502/248/125 490/247/125
f 492/254/126 504/253/126 495/252/126
f 492/254/126 495/252/126 483/251/126
o Junction_Workbench_leg
v 4.820000 0.000000 4.180000
v 4.820000 0.000000 4.180000
v 4.820000 0.000000 4.180000
v 4.980000 0.000000 4.180000
v 4.980000 0.000000 4.180000
v 4.980000 0.000000 4.180000
v 4.980000 0.000000 4.020000
v 4.980000 0.000000 4.020000
v 4.980000 0.000000 4.020000
v 4.820000 0.000000 4.020000
v 4.820000 0.000000 4.020000
v 4.820000 0.000000 4.020000
v 4.820000 1.900000 4.180000
v 4.820000 1.900000 4.180000
v 4.820000 1.900000 4.180000
v 4.980000 1.900000 4.180000
v 4.980000 1.900000 4.180000
v 4.980000 1.900000 4.180000
v 4.980000 1.900000 4.020000
v 4.980000 1.900000 4.020000
v 4.980000 1.900000 4.020000
v 4.820000 1.900000 4.020000
v 4.820000 1.900000 4.020000
v 4.820000 1.900000 4.020000
vn -0.0000 1.0000 -0.0000
vn -0.0000 -1.0000 -0.0000
vn -0.0000 -0.0000 -1.0000
vn -1.0000 -0.0000 -0.0000
vn -0.0000 -0.0000 1.0000
vn 1.0000 -0.0000 -0.0000
vt 4.820000 -4.180000
vt 4.980000 -4.180000
vt 4.980000 -4.020000
vt 4.820000 -4.020000
vt 4.820000 0.000000
vt 4.820000 1.900000
vt 4.980000 1.900000
vt 4.980000 0.000000
vt -4.180000 0.000000
vt -4.180000 1.900000
vt -4.020000 1.900000
vt -4.020000 0.000000
s 0
usemtl T_wall_panel
f 506/255/127 509/256/127 512/257/127
f 506/255/127 512/257/127 515/258/127
f 527/258/128 524/257/128 521/256/128
f 527/258/128 521/256/128 518/255/128
f 505/259/129 517/260/129 520/261/129
f 505/259/129 520/261/129 508/262/129
f 510/263/130 522/264/130 525/265/130
f 510/263/130 525/265/130 513/266/130
f 511/262/131 523/261/131 526/260/131
f 511/262/131 526/260/131 514/259/131
f 516/266/132 528/265/132 519/264/132
f 516/266/132 519/264/132 507/263/132
o Junction_Workbench_leg.001
v 4.820000 0.000000 3.180000
v 4.820000 0.000000 3.180000
v 4.820000 0.000000 3.180000
v 4.980000 0.000000 3.180000
v 4.980000 0.000000 3.180000
v 4.980000 0.000000 3.180000
v 4.980000 0.000000 3.020000
v 4.980000 0.000000 3.020000
v 4.980000 0.000000 3.020000
v 4.820000 0.000000 3.020000
v 4.820000 0.000000 3.020000
v 4.820000 0.000000 3.020000
v 4.820000 1.900000 3.180000
v 4.820000 1.900000 3.180000
v 4.820000 1.900000 3.180000
v 4.980000 1.900000 3.180000
v 4.980000 1.900000 3.180000
v 4.980000 1.900000 3.180000
v 4.980000 1.900000 3.020000
v 4.980000 1.900000 3.020000
v 4.980000 1.900000 3.020000
v 4.820000 1.900000 3.020000
v 4.820000 1.900000 3.020000
v 4.820000 1.900000 3.020000
vn -0.0000 1.0000 -0.0000
vn -0.0000 -1.0000 -0.0000
vn -0.0000 -0.0000 -1.0000
vn -1.0000 -0.0000 -0.0000
vn -0.0000 -0.0000 1.0000
vn 1.0000 -0.0000 -0.0000
vt 4.820000 -3.180000
vt 4.980000 -3.180000
vt 4.980000 -3.020000
vt 4.820000 -3.020000
vt 4.820000 0.000000
vt 4.820000 1.900000
vt 4.980000 1.900000
vt 4.980000 0.000000
vt -3.180000 0.000000
vt -3.180000 1.900000
vt -3.020000 1.900000
vt -3.020000 0.000000
s 0
usemtl T_wall_panel
f 530/267/133 533/268/133 536/269/133
f 530/267/133 536/269/133 539/270/133
f 551/270/134 548/269/134 545/268/134
f 551/270/134 545/268/134 542/267/134
f 529/271/135 541/272/135 544/273/135
f 529/271/135 544/273/135 532/274/135
f 534/275/136 546/276/136 549/277/136
f 534/275/136 549/277/136 537/278/136
f 535/274/137 547/273/137 550/272/137
f 535/274/137 550/272/137 538/271/137
f 540/278/138 552/277/138 543/276/138
f 540/278/138 543/276/138 531/275/138
o Junction_Workbench_leg.002
v 7.820000 0.000000 4.180000
v 7.820000 0.000000 4.180000
v 7.820000 0.000000 4.180000
v 7.980000 0.000000 4.180000
v 7.980000 0.000000 4.180000
v 7.980000 0.000000 4.180000
v 7.980000 0.000000 4.020000
v 7.980000 0.000000 4.020000
v 7.980000 0.000000 4.020000
v 7.820000 0.000000 4.020000
v 7.820000 0.000000 4.020000
v 7.820000 0.000000 4.020000
v 7.820000 1.900000 4.180000
v 7.820000 1.900000 4.180000
v 7.820000 1.900000 4.180000
v 7.980000 1.900000 4.180000
v 7.980000 1.900000 4.180000
v 7.980000 1.900000 4.180000
v 7.980000 1.900000 4.020000
v 7.980000 1.900000 4.020000
v 7.980000 1.900000 4.020000
v 7.820000 1.900000 4.020000
v 7.820000 1.900000 4.020000
v 7.820000 1.900000 4.020000
vn -0.0000 1.0000 -0.0000
vn -0.0000 -1.0000 -0.0000
vn -0.0000 -0.0000 -1.0000
vn -1.0000 -0.0000 -0.0000
vn -0.0000 -0.0000 1.0000
vn 1.0000 -0.0000 -0.0000
vt 7.820000 -4.180000
vt 7.980000 -4.180000
vt 7.980000 -4.020000
vt 7.820000 -4.020000
vt 7.820000 0.000000
vt 7.820000 1.900000
vt 7.980000 1.900000
vt 7.980000 0.000000
vt -4.180000 0.000000
vt -4.180000 1.900000
vt -4.020000 1.900000
vt -4.020000 0.000000
s 0
usemtl T_wall_panel
f 554/279/139 557/280/139 560/281/139
f 554/279/139 560/281/139 563/282/139
f 575/282/140 572/281/140 569/280/140
f 575/282/140 569/280/140 566/279/140
f 553/283/141 565/284/141 568/285/141
f 553/283/141 568/285/141 556/286/141
f 558/287/142 570/288/142 573/289/142
f 558/287/142 573/289/142 561/290/142
f 559/286/143 571/285/143 574/284/143
f 559/286/143 574/284/143 562/283/143
f 564/290/144 576/289/144 567/288/144
f 564/290/144 567/288/144 555/287/144
o Junction_Workbench_leg.003
v 7.820000 0.000000 3.180000
v 7.820000 0.000000 3.180000
v 7.820000 0.000000 3.180000
v 7.980000 0.000000 3.180000
v 7.980000 0.000000 3.180000
v 7.980000 0.000000 3.180000
v 7.980000 0.000000 3.020000
v 7.980000 0.000000 3.020000
v 7.980000 0.000000 3.020000
v 7.820000 0.000000 3.020000
v 7.820000 0.000000 3.020000
v 7.820000 0.000000 3.020000
v 7.820000 1.900000 3.180000
v 7.820000 1.900000 3.180000
v 7.820000 1.900000 3.180000
v 7.980000 1.900000 3.180000
v 7.980000 1.900000 3.180000
v 7.980000 1.900000 3.180000
v 7.980000 1.900000 3.020000
v 7.980000 1.900000 3.020000
v 7.980000 1.900000 3.020000
v 7.820000 1.900000 3.020000
v 7.820000 1.900000 3.020000
v 7.820000 1.900000 3.020000
vn -0.0000 1.0000 -0.0000
vn -0.0000 -1.0000 -0.0000
vn -0.0000 -0.0000 -1.0000
vn -1.0000 -0.0000 -0.0000
vn -0.0000 -0.0000 1.0000
vn 1.0000 -0.0000 -0.0000
vt 7.820000 -3.180000
vt 7.980000 -3.180000
vt 7.980000 -3.020000
vt 7.820000 -3.020000
vt 7.820000 0.000000
vt 7.820000 1.900000
vt 7.980000 1.900000
vt 7.980000 0.000000
vt -3.180000 0.000000
vt -3.180000 1.900000
vt -3.020000 1.900000
vt -3.020000 0.000000
s 0
usemtl T_wall_panel
f 578/291/145 581/292/145 584/293/145
f 578/291/145 584/293/145 587/294/145
f 599/294/146 596/293/146 593/292/146
f 599/294/146 593/292/146 590/291/146
f 577/295/147 589/296/147 592/297/147
f 577/295/147 592/297/147 580/298/147
f 582/299/148 594/300/148 597/301/148
f 582/299/148 597/301/148 585/302/148
f 583/298/149 595/297/149 598/296/149
f 583/298/149 598/296/149 586/295/149
f 588/302/150 600/301/150 591/300/150
f 588/302/150 591/300/150 579/299/150
o Junction_Workbench_top
v 4.700000 1.820000 4.300000
v 4.700000 1.820000 4.300000
v 4.700000 1.820000 4.300000
v 8.100000 1.820000 4.300000
v 8.100000 1.820000 4.300000
v 8.100000 1.820000 4.300000
v 8.100000 1.820000 2.900000
v 8.100000 1.820000 2.900000
v 8.100000 1.820000 2.900000
v 4.700000 1.820000 2.900000
v 4.700000 1.820000 2.900000
v 4.700000 1.820000 2.900000
v 4.700000 1.980000 4.300000
v 4.700000 1.980000 4.300000
v 4.700000 1.980000 4.300000
v 8.100000 1.980000 4.300000
v 8.100000 1.980000 4.300000
v 8.100000 1.980000 4.300000
v 8.100000 1.980000 2.900000
v 8.100000 1.980000 2.900000
v 8.100000 1.980000 2.900000
v 4.700000 1.980000 2.900000
v 4.700000 1.980000 2.900000
v 4.700000 1.980000 2.900000
vn -0.0000 1.0000 -0.0000
vn -0.0000 -1.0000 -0.0000
vn -0.0000 -0.0000 -1.0000
vn -1.0000 -0.0000 -0.0000
vn -0.0000 -0.0000 1.0000
vn 1.0000 -0.0000 -0.0000
vt 4.700000 -4.300000
vt 8.100000 -4.300000
vt 8.100000 -2.900000
vt 4.700000 -2.900000
vt 4.700000 1.820000
vt 4.700000 1.980000
vt 8.100000 1.980000
vt 8.100000 1.820000
vt -4.300000 1.820000
vt -4.300000 1.980000
vt -2.900000 1.980000
vt -2.900000 1.820000
s 0
usemtl T_wall_panel
f 602/303/151 605/304/151 608/305/151
f 602/303/151 608/305/151 611/306/151
f 623/306/152 620/305/152 617/304/152
f 623/306/152 617/304/152 614/303/152
f 601/307/153 613/308/153 616/309/153
f 601/307/153 616/309/153 604/310/153
f 606/311/154 618/312/154 621/313/154
f 606/311/154 621/313/154 609/314/154
f 607/310/155 619/309/155 622/308/155
f 607/310/155 622/308/155 610/307/155
f 612/314/156 624/313/156 615/312/156
f 612/314/156 615/312/156 603/311/156
o WB_board
v 5.200000 2.000000 3.050000
v 5.200000 2.000000 3.050000
v 5.200000 2.000000 3.050000
v 7.600000 2.000000 3.050000
v 7.600000 2.000000 3.050000
v 7.600000 2.000000 3.050000
v 7.600000 2.000000 2.950000
v 7.600000 2.000000 2.950000
v 7.600000 2.000000 2.950000
v 5.200000 2.000000 2.950000
v 5.200000 2.000000 2.950000
v 5.200000 2.000000 2.950000
v 5.200000 3.500000 3.050000
v 5.200000 3.500000 3.050000
v 5.200000 3.500000 3.050000
v 7.600000 3.500000 3.050000
v 7.600000 3.500000 3.050000
v 7.600000 3.500000 3.050000
v 7.600000 3.500000 2.950000
v 7.600000 3.500000 2.950000
v 7.600000 3.500000 2.950000
v 5.200000 3.500000 2.950000
v 5.200000 3.500000 2.950000
v 5.200000 3.500000 2.950000
vn -0.0000 1.0000 -0.0000
vn -0.0000 -1.0000 -0.0000
vn -0.0000 -0.0000 -1.0000
vn -1.0000 -0.0000 -0.0000
vn -0.0000 -0.0000 1.0000
vn 1.0000 -0.0000 -0.0000
vt 5.200000 -3.050000
vt 7.600000 -3.050000
vt 7.600000 -2.950000
vt 5.200000 -2.950000
vt 5.200000 2.000000
vt 5.200000 3.500000
vt 7.600000 3.500000
vt 7.600000 2.000000
vt -3.050000 2.000000
vt -3.050000 3.500000
vt -2.950000 3.500000
vt -2.950000 2.000000
s 0
usemtl T_wall_panel
f 626/315/157 629/316/157 632/317/157
f 626/315/157 632/317/157 635/318/157
f 647/318/158 644/317/158 641/316/158
f 647/318/158 641/316/158 638/315/158
f 625/319/159 637/320/159 640/321/159
f 625/319/159 640/321/159 628/322/159
f 630/323/160 642/324/160 645/325/160
f 630/323/160 645/325/160 633/326/160
f 631/322/161 643/321/161 646/320/161
f 631/322/161 646/320/161 634/319/161
f 636/326/162 648/325/162 639/324/162
f 636/326/162 639/324/162 627/323/162
o WB_peg0
v 5.550000 3.100000 2.990000
v 5.550000 3.100000 2.990000
v 5.550000 3.100000 2.990000
v 5.650000 3.100000 2.990000
v 5.650000 3.100000 2.990000
v 5.650000 3.100000 2.990000
v 5.650000 3.100000 2.930000
v 5.650000 3.100000 2.930000
v 5.650000 3.100000 2.930000
v 5.550000 3.100000 2.930000
v 5.550000 3.100000 2.930000
v 5.550000 3.100000 2.930000
v 5.550000 3.200000 2.990000
v 5.550000 3.200000 2.990000
v 5.550000 3.200000 2.990000
v 5.650000 3.200000 2.990000
v 5.650000 3.200000 2.990000
v 5.650000 3.200000 2.990000
v 5.650000 3.200000 2.930000
v 5.650000 3.200000 2.930000
v 5.650000 3.200000 2.930000
v 5.550000 3.200000 2.930000
v 5.550000 3.200000 2.930000
v 5.550000 3.200000 2.930000
vn -0.0000 1.0000 -0.0000
vn -0.0000 -1.0000 -0.0000
vn -0.0000 -0.0000 -1.0000
vn -1.0000 -0.0000 -0.0000
vn -0.0000 -0.0000 1.0000
vn 1.0000 -0.0000 -0.0000
s 0
usemtl Gauge
f 650//163 653//163 656//163
f 650//163 656//163 659//163
f 671//164 668//164 665//164
f 671//164 665//164 662//164
f 649//165 661//165 664//165
f 649//165 664//165 652//165
f 654//166 666//166 669//166
f 654//166 669//166 657//166
f 655//167 667//167 670//167
f 655//167 670//167 658//167
f 660//168 672//168 663//168
f 660//168 663//168 651//168
o WB_peg1
v 6.350000 3.400000 2.990000
v 6.350000 3.400000 2.990000
v 6.350000 3.400000 2.990000
v 6.450000 3.400000 2.990000
v 6.450000 3.400000 2.990000
v 6.450000 3.400000 2.990000
v 6.450000 3.400000 2.930000
v 6.450000 3.400000 2.930000
v 6.450000 3.400000 2.930000
v 6.350000 3.400000 2.930000
v 6.350000 3.400000 2.930000
v 6.350000 3.400000 2.930000
v 6.350000 3.500000 2.990000
v 6.350000 3.500000 2.990000
v 6.350000 3.500000 2.990000
v 6.450000 3.500000 2.990000
v 6.450000 3.500000 2.990000
v 6.450000 3.500000 2.990000
v 6.450000 3.500000 2.930000
v 6.450000 3.500000 2.930000
v 6.450000 3.500000 2.930000
v 6.350000 3.500000 2.930000
v 6.350000 3.500000 2.930000
v 6.350000 3.500000 2.930000
vn -0.0000 1.0000 -0.0000
vn -0.0000 -1.0000 -0.0000
vn -0.0000 -0.0000 -1.0000
vn -1.0000 -0.0000 -0.0000
vn -0.0000 -0.0000 1.0000
vn 1.0000 -0.0000 -0.0000
s 0
usemtl Gauge
f 674//169 677//169 680//169
f 674//169 680//169 683//169
f 695//170 692//170 689//170
f 695//170 689//170 686//170
f 673//171 685//171 688//171
f 673//171 688//171 676//171
f 678//172 690//172 693//172
f 678//172 693//172 681//172
f 679//173 691//173 694//173
f 679//173 694//173 682//173
f 684//174 696//174 687//174
f 684//174 687//174 675//174
o WB_peg2
v 7.050000 3.000000 2.990000
v 7.050000 3.000000 2.990000
v 7.050000 3.000000 2.990000
v 7.150000 3.000000 2.990000
v 7.150000 3.000000 2.990000
v 7.150000 3.000000 2.990000
v 7.150000 3.000000 2.930000
v 7.150000 3.000000 2.930000
v 7.150000 3.000000 2.930000
v 7.050000 3.000000 2.930000
v 7.050000 3.000000 2.930000
v 7.050000 3.000000 2.930000
v 7.050000 3.100000 2.990000
v 7.050000 3.100000 2.990000
v 7.050000 3.100000 2.990000
v 7.150000 3.100000 2.990000
v 7.150000 3.100000 2.990000
v 7.150000 3.100000 2.990000
v 7.150000 3.100000 2.930000
v 7.150000 3.100000 2.930000
v 7.150000 3.100000 2.930000
v 7.050000 3.100000 2.930000
v 7.050000 3.100000 2.930000
v 7.050000 3.100000 2.930000
vn -0.0000 1.0000 -0.0000
vn -0.0000 -1.0000 -0.0000
vn -0.0000 -0.0000 -1.0000
vn -1.0000 -0.0000 -0.0000
vn -0.0000 -0.0000 1.0000
vn 1.0000 -0.0000 -0.0000
s 0
usemtl Gauge
f 698//175 701//175 704//175
f 698//175 704//175 707//175
f 719//176 716//176 713//176
f 719//176 713//176 710//176
f 697//177 709//177 712//177
f 697//177 712//177 700//177
f 702//178 714//178 717//178
f 702//178 717//178 705//178
f 703//179 715//179 718//179
f 703//179 718//179 706//179
f 708//180 720//180 711//180
f 708//180 711//180 699//180
o WB_peg3
v 6.650000 2.400000 2.990000
v 6.650000 2.400000 2.990000
v 6.650000 2.400000 2.990000
v 6.750000 2.400000 2.990000
v 6.750000 2.400000 2.990000
v 6.750000 2.400000 2.990000
v 6.750000 2.400000 2.930000
v 6.750000 2.400000 2.930000
v 6.750000 2.400000 2.930000
v 6.650000 2.400000 2.930000
v 6.650000 2.400000 2.930000
v 6.650000 2.400000 2.930000
v 6.650000 2.500000 2.990000
v 6.650000 2.500000 2.990000
v 6.650000 2.500000 2.990000
v 6.750000 2.500000 2.990000
v 6.750000 2.500000 2.990000
v 6.750000 2.500000 2.990000
v 6.750000 2.500000 2.930000
v 6.750000 2.500000 2.930000
v 6.750000 2.500000 2.930000
v 6.650000 2.500000 2.930000
v 6.650000 2.500000 2.930000
v 6.650000 2.500000 2.930000
vn -0.0000 1.0000 -0.0000
vn -0.0000 -1.0000 -0.0000
vn -0.0000 -0.0000 -1.0000
vn -1.0000 -0.0000 -0.0000
vn -0.0000 -0.0000 1.0000
vn 1.0000 -0.0000 -0.0000
s 0
usemtl Gauge
f 722//181 725//181 728//181
f 722//181 728//181 731//181
f 743//182 740//182 737//182
f 743//182 737//182 734//182
f 721//183 733//183 736//183
f 721//183 736//183 724//183
f 726//184 738//184 741//184
f 726//184 741//184 729//184
f 727//185 739//185 742//185
f 727//185 742//185 730//185
f 732//186 744//186 735//186
f 732//186 735//186 723//186
o WB_peg4
v 5.850000 2.300000 2.990000
v 5.850000 2.300000 2.990000
v 5.850000 2.300000 2.990000
v 5.950000 2.300000 2.990000
v 5.950000 2.300000 2.990000
v 5.950000 2.300000 2.990000
v 5.950000 2.300000 2.930000
v 5.950000 2.300000 2.930000
v 5.950000 2.300000 2.930000
v 5.850000 2.300000 2.930000
v 5.850000 2.300000 2.930000
v 5.850000 2.300000 2.930000
v 5.850000 2.400000 2.990000
v 5.850000 2.400000 2.990000
v 5.850000 2.400000 2.990000
v 5.950000 2.400000 2.990000
v 5.950000 2.400000 2.990000
v 5.950000 2.400000 2.990000
v 5.950000 2.400000 2.930000
v 5.950000 2.400000 2.930000
v 5.950000 2.400000 2.930000
v 5.850000 2.400000 2.930000
v 5.850000 2.400000 2.930000
v 5.850000 2.400000 2.930000
vn -0.0000 1.0000 -0.0000
vn -0.0000 -1.0000 -0.0000
vn -0.0000 -0.0000 -1.0000
vn -1.0000 -0.0000 -0.0000
vn -0.0000 -0.0000 1.0000
vn 1.0000 -0.0000 -0.0000
s 0
usemtl Gauge
f 746//187 749//187 752//187
f 746//187 752//187 755//187
f 767//188 764//188 761//188
f 767//188 761//188 758//188
f 745//189 757//189 760//189
f 745//189 760//189 748//189
f 750//190 762//190 765//190
f 750//190 765//190 753//190
f 751//191 763//191 766//191
f 751//191 766//191 754//191
f 756//192 768//192 759//192
f 756//192 759//192 747//192
o WB_peg5
v 7.200000 2.200000 2.990000
v 7.200000 2.200000 2.990000
v 7.200000 2.200000 2.990000
v 7.300000 2.200000 2.990000
v 7.300000 2.200000 2.990000
v 7.300000 2.200000 2.990000
v 7.300000 2.200000 2.930000
v 7.300000 2.200000 2.930000
v 7.300000 2.200000 2.930000
v 7.200000 2.200000 2.930000
v 7.200000 2.200000 2.930000
v 7.200000 2.200000 2.930000
v 7.200000 2.300000 2.990000
v 7.200000 2.300000 2.990000
v 7.200000 2.300000 2.990000
v 7.300000 2.300000 2.990000
v 7.300000 2.300000 2.990000
v 7.300000 2.300000 2.990000
v 7.300000 2.300000 2.930000
v 7.300000 2.300000 2.930000
v 7.300000 2.300000 2.930000
v 7.200000 2.300000 2.930000
v 7.200000 2.300000 2.930000
v 7.200000 2.300000 2.930000
vn -0.0000 1.0000 -0.0000
vn -0.0000 -1.0000 -0.0000
vn -0.0000 -0.0000 -1.0000
vn -1.0000 -0.0000 -0.0000
vn -0.0000 -0.0000 1.0000
vn 1.0000 -0.0000 -0.0000
s 0
usemtl Gauge
f 770//193 773//193 776//193
f 770//193 776//193 779//193
f 791//194 788//194 785//194
f 791//194 785//194 782//194
f 769//195 781//195 784//195
f 769//195 784//195 772//195
f 774//196 786//196 789//196
f 774//196 789//196 777//196
f 775//197 787//197 790//197
f 775//197 790//197 778//197
f 780//198 792//198 783//198
f 780//198 783//198 771//198
o WB_str0
v 5.605267 3.135955 2.965000
v 5.605267 3.135955 2.965000
v 5.605267 3.135955 2.965000
v 6.405267 3.435955 2.965000
v 6.405267 3.435955 2.965000
v 6.405267 3.435955 2.965000
v 6.405267 3.435955 2.935000
v 6.405267 3.435955 2.935000
v 6.405267 3.435955 2.935000
v 5.605267 3.135955 2.935000
v 5.605267 3.135955 2.935000
v 5.605267 3.135955 2.935000
v 5.594733 3.164045 2.965000
v 5.594733 3.164045 2.965000
v 5.594733 3.164045 2.965000
v 6.394733 3.464045 2.965000
v 6.394733 3.464045 2.965000
v 6.394733 3.464045 2.965000
v 6.394733 3.464045 2.935000
v 6.394733 3.464045 2.935000
v 6.394733 3.464045 2.935000
v 5.594733 3.164045 2.935000
v 5.594733 3.164045 2.935000
v 5.594733 3.164045 2.935000
vn -0.3511 0.9363 -0.0000
vn 0.3511 -0.9363 -0.0000
vn -0.0000 -0.0000 -1.0000
vn -0.9363 -0.3511 -0.0000
vn -0.0000 -0.0000 1.0000
vn 0.9363 0.3511 -0.0000
s 0
usemtl RouteStrB
f 794//199 797//199 800//199
f 794//199 800//199 803//199
f 815//200 812//200 809//200
f 815//200 809//200 806//200
f 793//201 805//201 808//201
f 793//201 808//201 796//201
f 798//202 810//202 813//202
f 798//202 813//202 801//202
f 799//203 811//203 814//203
f 799//203 814//203 802//203
f 804//204 816//204 807//204
f 804//204 807//204 795//204
o WB_str1
v 6.392558 3.436976 2.965000
v 6.392558 3.436976 2.965000
v 6.392558 3.436976 2.965000
v 7.092558 3.036976 2.965000
v 7.092558 3.036976 2.965000
v 7.092558 3.036976 2.965000
v 7.092558 3.036976 2.935000
v 7.092558 3.036976 2.935000
v 7.092558 3.036976 2.935000
v 6.392558 3.436976 2.935000
v 6.392558 3.436976 2.935000
v 6.392558 3.436976 2.935000
v 6.407442 3.463024 2.965000
v 6.407442 3.463024 2.965000
v 6.407442 3.463024 2.965000
v 7.107442 3.063024 2.965000
v 7.107442 3.063024 2.965000
v 7.107442 3.063024 2.965000
v 7.107442 3.063024 2.935000
v 7.107442 3.063024 2.935000
v 7.107442 3.063024 2.935000
v 6.407442 3.463024 2.935000
v 6.407442 3.463024 2.935000
v 6.407442 3.463024 2.935000
vn 0.4961 0.8682 -0.0000
vn -0.4961 -0.8682 -0.0000
vn -0.0000 -0.0000 -1.0000
vn -0.8682 0.4961 -0.0000
vn -0.0000 -0.0000 1.0000
vn 0.8682 -0.4961 -0.0000
s 0
usemtl RouteStrA
f 818//205 821//205 824//205
f 818//205 824//205 827//205
f 839//206 836//206 833//206
f 839//206 833//206 830//206
f 817//207 829//207 832//207
f 817//207 832//207 820//207
f 822//208 834//208 837//208
f 822//208 837//208 825//208
f 823//209 835//209 838//209
f 823//209 838//209 826//209
f 828//210 840//210 831//210
f 828//210 831//210 819//210
o WB_str2
v 7.087519 3.058321 2.965000
v 7.087519 3.058321 2.965000
v 7.087519 3.058321 2.965000
v 6.687520 2.458321 2.965000
v 6.687520 2.458321 2.965000
v 6.687520 2.458321 2.965000
v 6.687520 2.458321 2.935000
v 6.687520 2.458321 2.935000
v 6.687520 2.458321 2.935000
v 7.087519 3.058321 2.935000
v 7.087519 3.058321 2.935000
v 7.087519 3.058321 2.935000
v 7.112481 3.041679 2.965000
v 7.112481 3.041679 2.965000
v 7.112481 3.041679 2.965000
v 6.712481 2.441679 2.965000
v 6.712481 2.441679 2.965000
v 6.712481 2.441679 2.965000
v 6.712481 2.441679 2.935000
v 6.712481 2.441679 2.935000
v 6.712481 2.441679 2.935000
v 7.112481 3.041679 2.935000
v 7.112481 3.041679 2.935000
v 7.112481 3.041679 2.935000
vn 0.8321 -0.5547 -0.0000
vn -0.8321 0.5547 -0.0000
vn -0.0000 -0.0000 -1.0000
vn 0.5547 0.8321 -0.0000
vn -0.0000 -0.0000 1.0000
vn -0.5547 -0.8321 -0.0000
s 0
usemtl RouteStrB
f 842//211 845//211 848//211
f 842//211 848//211 851//211
f 863//212 860//212 857//212
f 863//212 857//212 854//212
f 841//213 853//213 856//213
f 841//213 856//213 844//213
f 846//214 858//214 861//214
f 846//214 861//214 849//214
f 847//215 859//215 862//215
f 847//215 862//215 850//215
f 852//216 864//216 855//216
f 852//216 855//216 843//216
o WB_str3
v 6.698140 2.464884 2.965000
v 6.698140 2.464884 2.965000
v 6.698140 2.464884 2.965000
v 5.898139 2.364884 2.965000
v 5.898139 2.364884 2.965000
v 5.898139 2.364884 2.965000
v 5.898139 2.364884 2.935000
v 5.898139 2.364884 2.935000
v 5.898139 2.364884 2.935000
v 6.698140 2.464884 2.935000
v 6.698140 2.464884 2.935000
v 6.698140 2.464884 2.935000
v 6.701861 2.435116 2.965000
v 6.701861 2.435116 2.965000
v 6.701861 2.435116 2.965000
v 5.901861 2.335116 2.965000
v 5.901861 2.335116 2.965000
v 5.901861 2.335116 2.965000
v 5.901861 2.335116 2.935000
v 5.901861 2.335116 2.935000
v 5.901861 2.335116 2.935000
v 6.701861 2.435116 2.935000
v 6.701861 2.435116 2.935000
v 6.701861 2.435116 2.935000
vn 0.1240 -0.9923 -0.0000
vn -0.1240 0.9923 -0.0000
vn -0.0000 -0.0000 -1.0000
vn 0.9923 0.1240 -0.0000
vn -0.0000 -0.0000 1.0000
vn -0.9923 -0.1240 -0.0000
s 0
usemtl RouteStrA
f 866//217 869//217 872//217
f 866//217 872//217 875//217
f 887//218 884//218 881//218
f 887//218 881//218 878//218
f 865//219 877//219 880//219
f 865//219 880//219 868//219
f 870//220 882//220 885//220
f 870//220 885//220 873//220
f 871//221 883//221 886//221
f 871//221 886//221 874//221
f 876//222 888//222 879//222
f 876//222 879//222 867//222
o WB_str4
v 5.898892 2.335041 2.965000
v 5.898892 2.335041 2.965000
v 5.898892 2.335041 2.965000
v 7.248892 2.235041 2.965000
v 7.248892 2.235041 2.965000
v 7.248892 2.235041 2.965000
v 7.248892 2.235041 2.935000
v 7.248892 2.235041 2.935000
v 7.248892 2.235041 2.935000
v 5.898892 2.335041 2.935000
v 5.898892 2.335041 2.935000
v 5.898892 2.335041 2.935000
v 5.901108 2.364959 2.965000
v 5.901108 2.364959 2.965000
v 5.901108 2.364959 2.965000
v 7.251108 2.264959 2.965000
v 7.251108 2.264959 2.965000
v 7.251108 2.264959 2.965000
v 7.251108 2.264959 2.935000
v 7.251108 2.264959 2.935000
v 7.251108 2.264959 2.935000
v 5.901108 2.364959 2.935000
v 5.901108 2.364959 2.935000
v 5.901108 2.364959 2.935000
vn 0.0739 0.9973 -0.0000
vn -0.0739 -0.9973 -0.0000
vn -0.0000 -0.0000 -1.0000
vn -0.9973 0.0739 -0.0000
vn -0.0000 -0.0000 1.0000
vn 0.9973 -0.0739 -0.0000
s 0
usemtl RouteStrB
f 890//223 893//223 896//223
f 890//223 896//223 899//223
f 911//224 908//224 905//224
f 911//224 905//224 902//224
f 889//225 901//225 904//225
f 889//225 904//225 892//225
f 894//226 906//226 909//226
f 894//226 909//226 897//226
f 895//227 907//227 910//227
f 895//227 910//227 898//227
f 900//228 912//228 903//228
f 900//228 903//228 891//228
o WB_gaugepanel
v 5.100000 1.980000 3.850000
v 5.100000 1.980000 3.850000
v 5.100000 1.980000 3.850000
v 6.100000 1.980000 3.850000
v 6.100000 1.980000 3.850000
v 6.100000 1.980000 3.850000
v 6.100000 1.980000 3.350000
v 6.100000 1.980000 3.350000
v 6.100000 1.980000 3.350000
v 5.100000 1.980000 3.350000
v 5.100000 1.980000 3.350000
v 5.100000 1.980000 3.350000
v 5.100000 2.380000 3.850000
v 5.100000 2.380000 3.850000
v 5.100000 2.380000 3.850000
v 6.100000 2.380000 3.850000
v 6.100000 2.380000 3.850000
v 6.100000 2.380000 3.850000
v 6.100000 2.380000 3.350000
v 6.100000 2.380000 3.350000
v 6.100000 2.380000 3.350000
v 5.100000 2.380000 3.350000
v 5.100000 2.380000 3.350000
v 5.100000 2.380000 3.350000
vn -0.0000 1.0000 -0.0000
vn -0.0000 -1.0000 -0.0000
vn -0.0000 -0.0000 -1.0000
vn -1.0000 -0.0000 -0.0000
vn -0.0000 -0.0000 1.0000
vn 1.0000 -0.0000 -0.0000
vt 5.100000 -3.850000
vt 6.100000 -3.850000
vt 6.100000 -3.350000
vt 5.100000 -3.350000
vt 5.100000 1.980000
vt 5.100000 2.380000
vt 6.100000 2.380000
vt 6.100000 1.980000
vt -3.850000 1.980000
vt -3.850000 2.380000
vt -3.350000 2.380000
vt -3.350000 1.980000
s 0
usemtl T_wall_panel
f 914/327/229 917/328/229 920/329/229
f 914/327/229 920/329/229 923/330/229
f 935/330/230 932/329/230 929/328/230
f 935/330/230 929/328/230 926/327/230
f 913/331/231 925/332/231 928/333/231
f 913/331/231 928/333/231 916/334/231
f 918/335/232 930/336/232 933/337/232
f 918/335/232 933/337/232 921/338/232
f 919/334/233 931/333/233 934/332/233
f 919/334/233 934/332/233 922/331/233
f 924/338/234 936/337/234 927/336/234
f 924/338/234 927/336/234 915/335/234
o WB_gauge
v 5.350000 2.030000 3.860000
v 5.350000 2.030000 3.860000
v 5.350000 2.030000 3.860000
v 5.850000 2.030000 3.860000
v 5.850000 2.030000 3.860000
v 5.850000 2.030000 3.860000
v 5.850000 2.030000 3.820000
v 5.850000 2.030000 3.820000
v 5.850000 2.030000 3.820000
v 5.350000 2.030000 3.820000
v 5.350000 2.030000 3.820000
v 5.350000 2.030000 3.820000
v 5.350000 2.330000 3.860000
v 5.350000 2.330000 3.860000
v 5.350000 2.330000 3.860000
v 5.850000 2.330000 3.860000
v 5.850000 2.330000 3.860000
v 5.850000 2.330000 3.860000
v 5.850000 2.330000 3.820000
v 5.850000 2.330000 3.820000
v 5.850000 2.330000 3.820000
v 5.350000 2.330000 3.820000
v 5.350000 2.330000 3.820000
v 5.350000 2.330000 3.820000
vn -0.0000 1.0000 -0.0000
vn -0.0000 -1.0000 -0.0000
vn -0.0000 -0.0000 -1.0000
vn -1.0000 -0.0000 -0.0000
vn -0.0000 -0.0000 1.0000
vn 1.0000 -0.0000 -0.0000
s 0
usemtl Gauge
f 938//235 941//235 944//235
f 938//235 944//235 947//235
f 959//236 956//236 953//236
f 959//236 953//236 950//236
f 937//237 949//237 952//237
f 937//237 952//237 940//237
f 942//238 954//238 957//238
f 942//238 957//238 945//238
f 943//239 955//239 958//239
f 943//239 958//239 946//239
f 948//240 960//240 951//240
f 948//240 951//240 939//240
o Junction_Toolbench_leg
v 7.820000 0.000000 4.130000
v 7.820000 0.000000 4.130000
v 7.820000 0.000000 4.130000
v 7.980000 0.000000 4.130000
v 7.980000 0.000000 4.130000
v 7.980000 0.000000 4.130000
v 7.980000 0.000000 3.970000
v 7.980000 0.000000 3.970000
v 7.980000 0.000000 3.970000
v 7.820000 0.000000 3.970000
v 7.820000 0.000000 3.970000
v 7.820000 0.000000 3.970000
v 7.820000 1.900000 4.130000
v 7.820000 1.900000 4.130000
v 7.820000 1.900000 4.130000
v 7.980000 1.900000 4.130000
v 7.980000 1.900000 4.130000
v 7.980000 1.900000 4.130000
v 7.980000 1.900000 3.970000
v 7.980000 1.900000 3.970000
v 7.980000 1.900000 3.970000
v 7.820000 1.900000 3.970000
v 7.820000 1.900000 3.970000
v 7.820000 1.900000 3.970000
vn -0.0000 1.0000 -0.0000
vn -0.0000 -1.0000 -0.0000
vn -0.0000 -0.0000 -1.0000
vn -1.0000 -0.0000 -0.0000
vn -0.0000 -0.0000 1.0000
vn 1.0000 -0.0000 -0.0000
vt 7.820000 -4.130000
vt 7.980000 -4.130000
vt 7.980000 -3.970000
vt 7.820000 -3.970000
vt 7.820000 0.000000
vt 7.820000 1.900000
vt 7.980000 1.900000
vt 7.980000 0.000000
vt -4.130000 0.000000
vt -4.130000 1.900000
vt -3.970000 1.900000
vt -3.970000 0.000000
s 0
usemtl T_wall_panel
f 962/339/241 965/340/241 968/341/241
f 962/339/241 968/341/241 971/342/241
f 983/342/242 980/341/242 977/340/242
f 983/342/242 977/340/242 974/339/242
f 961/343/243 973/344/243 976/345/243
f 961/343/243 976/345/243 964/346/243
f 966/347/244 978/348/244 981/349/244
f 966/347/244 981/349/244 969/350/244
f 967/346/245 979/345/245 982/344/245
f 967/346/245 982/344/245 970/343/245
f 972/350/246 984/349/246 975/348/246
f 972/350/246 975/348/246 963/347/246
o Junction_Toolbench_leg.001
v 7.820000 0.000000 3.230000
v 7.820000 0.000000 3.230000
v 7.820000 0.000000 3.230000
v 7.980000 0.000000 3.230000
v 7.980000 0.000000 3.230000
v 7.980000 0.000000 3.230000
v 7.980000 0.000000 3.070000
v 7.980000 0.000000 3.070000
v 7.980000 0.000000 3.070000
v 7.820000 0.000000 3.070000
v 7.820000 0.000000 3.070000
v 7.820000 0.000000 3.070000
v 7.820000 1.900000 3.230000
v 7.820000 1.900000 3.230000
v 7.820000 1.900000 3.230000
v 7.980000 1.900000 3.230000
v 7.980000 1.900000 3.230000
v 7.980000 1.900000 3.230000
v 7.980000 1.900000 3.070000
v 7.980000 1.900000 3.070000
v 7.980000 1.900000 3.070000
v 7.820000 1.900000 3.070000
v 7.820000 1.900000 3.070000
v 7.820000 1.900000 3.070000
vn -0.0000 1.0000 -0.0000
vn -0.0000 -1.0000 -0.0000
vn -0.0000 -0.0000 -1.0000
vn -1.0000 -0.0000 -0.0000
vn -0.0000 -0.0000 1.0000
vn 1.0000 -0.0000 -0.0000
vt 7.820000 -3.230000
vt 7.980000 -3.230000
vt 7.980000 -3.070000
vt 7.820000 -3.070000
vt 7.820000 0.000000
vt 7.820000 1.900000
vt 7.980000 1.900000
vt 7.980000 0.000000
vt -3.230000 0.000000
vt -3.230000 1.900000
vt -3.070000 1.900000
vt -3.070000 0.000000
s 0
usemtl T_wall_panel
f 986/351/247 989/352/247 992/353/247
f 986/351/247 992/353/247 995/354/247
f 1007/354/248 1004/353/248 1001/352/248
f 1007/354/248 1001/352/248 998/351/248
f 985/355/249 997/356/249 1000/357/249
f 985/355/249 1000/357/249 988/358/249
f 990/359/250 1002/360/250 1005/361/250
f 990/359/250 1005/361/250 993/362/250
f 991/358/251 1003/357/251 1006/356/251
f 991/358/251 1006/356/251 994/355/251
f 996/362/252 1008/361/252 999/360/252
f 996/362/252 999/360/252 987/359/252
o Junction_Toolbench_leg.002
v 10.420000 0.000000 4.130000
v 10.420000 0.000000 4.130000
v 10.420000 0.000000 4.130000
v 10.580000 0.000000 4.130000
v 10.580000 0.000000 4.130000
v 10.580000 0.000000 4.130000
v 10.580000 0.000000 3.970000
v 10.580000 0.000000 3.970000
v 10.580000 0.000000 3.970000
v 10.420000 0.000000 3.970000
v 10.420000 0.000000 3.970000
v 10.420000 0.000000 3.970000
v 10.420000 1.900000 4.130000
v 10.420000 1.900000 4.130000
v 10.420000 1.900000 4.130000
v 10.580000 1.900000 4.130000
v 10.580000 1.900000 4.130000
v 10.580000 1.900000 4.130000
v 10.580000 1.900000 3.970000
v 10.580000 1.900000 3.970000
v 10.580000 1.900000 3.970000
v 10.420000 1.900000 3.970000
v 10.420000 1.900000 3.970000
v 10.420000 1.900000 3.970000
vn -0.0000 1.0000 -0.0000
vn -0.0000 -1.0000 -0.0000
vn -0.0000 -0.0000 -1.0000
vn -1.0000 -0.0000 -0.0000
vn -0.0000 -0.0000 1.0000
vn 1.0000 -0.0000 -0.0000
vt 10.420000 -4.130000
vt 10.580000 -4.130000
vt 10.580000 -3.970000
vt 10.420000 -3.970000
vt 10.420000 0.000000
vt 10.420000 1.900000
vt 10.580000 1.900000
vt 10.580000 0.000000
vt -4.130000 0.000000
vt -4.130000 1.900000
vt -3.970000 1.900000
vt -3.970000 0.000000
s 0
usemtl T_wall_panel
f 1010/363/253 1013/364/253 1016/365/253
f 1010/363/253 1016/365/253 1019/366/253
f 1031/366/254 1028/365/254 1025/364/254
f 1031/366/254 1025/364/254 1022/363/254
f 1009/367/255 1021/368/255 1024/369/255
f 1009/367/255 1024/369/255 1012/370/255
f 1014/371/256 1026/372/256 1029/373/256
f 1014/371/256 1029/373/256 1017/374/256
f 1015/370/257 1027/369/257 1030/368/257
f 1015/370/257 1030/368/257 1018/367/257
f 1020/374/258 1032/373/258 1023/372/258
f 1020/374/258 1023/372/258 1011/371/258
o Junction_Toolbench_leg.003
v 10.420000 0.000000 3.230000
v 10.420000 0.000000 3.230000
v 10.420000 0.000000 3.230000
v 10.580000 0.000000 3.230000
v 10.580000 0.000000 3.230000
v 10.580000 0.000000 3.230000
v 10.580000 0.000000 3.070000
v 10.580000 0.000000 3.070000
v 10.580000 0.000000 3.070000
v 10.420000 0.000000 3.070000
v 10.420000 0.000000 3.070000
v 10.420000 0.000000 3.070000
v 10.420000 1.900000 3.230000
v 10.420000 1.900000 3.230000
v 10.420000 1.900000 3.230000
v 10.580000 1.900000 3.230000
v 10.580000 1.900000 3.230000
v 10.580000 1.900000 3.230000
v 10.580000 1.900000 3.070000
v 10.580000 1.900000 3.070000
v 10.580000 1.900000 3.070000
v 10.420000 1.900000 3.070000
v 10.420000 1.900000 3.070000
v 10.420000 1.900000 3.070000
vn -0.0000 1.0000 -0.0000
vn -0.0000 -1.0000 -0.0000
vn -0.0000 -0.0000 -1.0000
vn -1.0000 -0.0000 -0.0000
vn -0.0000 -0.0000 1.0000
vn 1.0000 -0.0000 -0.0000
vt 10.420000 -3.230000
vt 10.580000 -3.230000
vt 10.580000 -3.070000
vt 10.420000 -3.070000
vt 10.420000 0.000000
vt 10.420000 1.900000
vt 10.580000 1.900000
vt 10.580000 0.000000
vt -3.230000 0.000000
vt -3.230000 1.900000
vt -3.070000 1.900000
vt -3.070000 0.000000
s 0
usemtl T_wall_panel
f 1034/375/259 1037/376/259 1040/377/259
f 1034/375/259 1040/377/259 1043/378/259
f 1055/378/260 1052/377/260 1049/376/260
f 1055/378/260 1049/376/260 1046/375/260
f 1033/379/261 1045/380/261 1048/381/261
f 1033/379/261 1048/381/261 1036/382/261
f 1038/383/262 1050/384/262 1053/385/262
f 1038/383/262 1053/385/262 1041/386/262
f 1039/382/263 1051/381/263 1054/380/263
f 1039/382/263 1054/380/263 1042/379/263
f 1044/386/264 1056/385/264 1047/384/264
f 1044/386/264 1047/384/264 1035/383/264
o Junction_Toolbench_top
v 7.700000 1.820000 4.250000
v 7.700000 1.820000 4.250000
v 7.700000 1.820000 4.250000
v 10.700000 1.820000 4.250000
v 10.700000 1.820000 4.250000
v 10.700000 1.820000 4.250000
v 10.700000 1.820000 2.950000
v 10.700000 1.820000 2.950000
v 10.700000 1.820000 2.950000
v 7.700000 1.820000 2.950000
v 7.700000 1.820000 2.950000
v 7.700000 1.820000 2.950000
v 7.700000 1.980000 4.250000
v 7.700000 1.980000 4.250000
v 7.700000 1.980000 4.250000
v 10.700000 1.980000 4.250000
v 10.700000 1.980000 4.250000
v 10.700000 1.980000 4.250000
v 10.700000 1.980000 2.950000
v 10.700000 1.980000 2.950000
v 10.700000 1.980000 2.950000
v 7.700000 1.980000 2.950000
v 7.700000 1.980000 2.950000
v 7.700000 1.980000 2.950000
vn -0.0000 1.0000 -0.0000
vn -0.0000 -1.0000 -0.0000
vn -0.0000 -0.0000 -1.0000
vn -1.0000 -0.0000 -0.0000
vn -0.0000 -0.0000 1.0000
vn 1.0000 -0.0000 -0.0000
vt 7.700000 -4.250000
vt 10.700000 -4.250000
vt 10.700000 -2.950000
vt 7.700000 -2.950000
vt 7.700000 1.820000
vt 7.700000 1.980000
vt 10.700000 1.980000
vt 10.700000 1.820000
vt -4.250000 1.820000
vt -4.250000 1.980000
vt -2.950000 1.980000
vt -2.950000 1.820000
s 0
usemtl T_wall_panel
f 1058/387/265 1061/388/265 1064/389/265
f 1058/387/265 1064/389/265 1067/390/265
f 1079/390/266 1076/389/266 1073/388/266
f 1079/390/266 1073/388/266 1070/387/266
f 1057/391/267 1069/392/267 1072/393/267
f 1057/391/267 1072/393/267 1060/394/267
f 1062/395/268 1074/396/268 1077/397/268
f 1062/395/268 1077/397/268 1065/398/268
f 1063/394/269 1075/393/269 1078/392/269
f 1063/394/269 1078/392/269 1066/391/269
f 1068/398/270 1080/397/270 1071/396/270
f 1068/398/270 1071/396/270 1059/395/270
o TB_panel
v 7.900000 2.050000 3.100000
v 7.900000 2.050000 3.100000
v 7.900000 2.050000 3.100000
v 10.500000 2.050000 3.100000
v 10.500000 2.050000 3.100000
v 10.500000 2.050000 3.100000
v 10.500000 2.050000 3.000000
v 10.500000 2.050000 3.000000
v 10.500000 2.050000 3.000000
v 7.900000 2.050000 3.000000
v 7.900000 2.050000 3.000000
v 7.900000 2.050000 3.000000
v 7.900000 3.350000 3.100000
v 7.900000 3.350000 3.100000
v 7.900000 3.350000 3.100000
v 10.500000 3.350000 3.100000
v 10.500000 3.350000 3.100000
v 10.500000 3.350000 3.100000
v 10.500000 3.350000 3.000000
v 10.500000 3.350000 3.000000
v 10.500000 3.350000 3.000000
v 7.900000 3.350000 3.000000
v 7.900000 3.350000 3.000000
v 7.900000 3.350000 3.000000
vn -0.0000 1.0000 -0.0000
vn -0.0000 -1.0000 -0.0000
vn -0.0000 -0.0000 -1.0000
vn -1.0000 -0.0000 -0.0000
vn -0.0000 -0.0000 1.0000
vn 1.0000 -0.0000 -0.0000
vt 7.900000 -3.100000
vt 10.500000 -3.100000
vt 10.500000 -3.000000
vt 7.900000 -3.000000
vt 7.900000 2.050000
vt 7.900000 3.350000
vt 10.500000 3.350000
vt 10.500000 2.050000
vt -3.100000 2.050000
vt -3.100000 3.350000
vt -3.000000 3.350000
vt -3.000000 2.050000
s 0
usemtl T_wall_panel
f 1082/399/271 1085/400/271 1088/401/271
f 1082/399/271 1088/401/271 1091/402/271
f 1103/402/272 1100/401/272 1097/400/272
f 1103/402/272 1097/400/272 1094/399/272
f 1081/403/273 1093/404/273 1096/405/273
f 1081/403/273 1096/405/273 1084/406/273
f 1086/407/274 1098/408/274 1101/409/274
f 1086/407/274 1101/409/274 1089/410/274
f 1087/406/275 1099/405/275 1102/404/275
f 1087/406/275 1102/404/275 1090/403/275
f 1092/410/276 1104/409/276 1095/408/276
f 1092/410/276 1095/408/276 1083/407/276
o TB_wrench1
v 8.086318 1.970000 3.670306
v 8.086318 1.970000 3.670306
v 8.086318 1.970000 3.670306
v 8.755054 1.970000 3.463441
v 8.755054 1.970000 3.463441
v 8.755054 1.970000 3.463441
v 8.713681 1.970000 3.329694
v 8.713681 1.970000 3.329694
v 8.713681 1.970000 3.329694
v 8.044946 1.970000 3.536559
v 8.044946 1.970000 3.536559
v 8.044946 1.970000 3.536559
v 8.086318 2.030000 3.670306
v 8.086318 2.030000 3.670306
v 8.086318 2.030000 3.670306
v 8.755054 2.030000 3.463441
v 8.755054 2.030000 3.463441
v 8.755054 2.030000 3.463441
v 8.713681 2.030000 3.329694
v 8.713681 2.030000 3.329694
v 8.713681 2.030000 3.329694
v 8.044946 2.030000 3.536559
v 8.044946 2.030000 3.536559
v 8.044946 2.030000 3.536559
vn -0.0000 1.0000 -0.0000
vn -0.0000 -1.0000 -0.0000
vn -0.2955 -0.0000 -0.9553
vn -0.9553 -0.0000 0.2955
vn 0.2955 -0.0000 0.9553
vn 0.9553 -0.0000 -0.2955
s 0
usemtl Tool
f 1106//277 1109//277 1112//277
f 1106//277 1112//277 1115//277
f 1127//278 1124//278 1121//278
f 1127//278 1121//278 1118//278
f 1105//279 1117//279 1120//279
f 1105//279 1120//279 1108//279
f 1110//280 1122//280 1125//280
f 1110//280 1125//280 1113//280
f 1111//281 1123//281 1126//281
f 1111//281 1126//281 1114//281
f 1116//282 1128//282 1119//282
f 1116//282 1119//282 1107//282
o TB_wrench2
v 8.500317 1.970000 3.738438
v 8.500317 1.970000 3.738438
v 8.500317 1.970000 3.738438
v 9.052954 1.970000 3.972089
v 9.052954 1.970000 3.972089
v 9.052954 1.970000 3.972089
v 9.099684 1.970000 3.861562
v 9.099684 1.970000 3.861562
v 9.099684 1.970000 3.861562
v 8.547047 1.970000 3.627911
v 8.547047 1.970000 3.627911
v 8.547047 1.970000 3.627911
v 8.500317 2.030000 3.738438
v 8.500317 2.030000 3.738438
v 8.500317 2.030000 3.738438
v 9.052954 2.030000 3.972089
v 9.052954 2.030000 3.972089
v 9.052954 2.030000 3.972089
v 9.099684 2.030000 3.861562
v 9.099684 2.030000 3.861562
v 9.099684 2.030000 3.861562
v 8.547047 2.030000 3.627911
v 8.547047 2.030000 3.627911
v 8.547047 2.030000 3.627911
vn -0.0000 1.0000 -0.0000
vn -0.0000 -1.0000 -0.0000
vn 0.3894 -0.0000 -0.9211
vn -0.9211 -0.0000 -0.3894
vn -0.3894 -0.0000 0.9211
vn 0.9211 -0.0000 0.3894
s 0
usemtl Tool
f 1130//283 1133//283 1136//283
f 1130//283 1136//283 1139//283
f 1151//284 1148//284 1145//284
f 1151//284 1145//284 1142//284
f 1129//285 1141//285 1144//285
f 1129//285 1144//285 1132//285
f 1134//286 1146//286 1149//286
f 1134//286 1149//286 1137//286
f 1135//287 1147//287 1150//287
f 1135//287 1150//287 1138//287
f 1140//288 1152//288 1143//288
f 1140//288 1143//288 1131//288
o TB_screw
v 9.116252 1.975000 3.574174
v 9.116252 1.975000 3.574174
v 9.116252 1.975000 3.574174
v 9.528920 1.975000 3.291853
v 9.528920 1.975000 3.291853
v 9.528920 1.975000 3.291853
v 9.483748 1.975000 3.225826
v 9.483748 1.975000 3.225826
v 9.483748 1.975000 3.225826
v 9.071080 1.975000 3.508147
v 9.071080 1.975000 3.508147
v 9.071080 1.975000 3.508147
v 9.116252 2.025000 3.574174
v 9.116252 2.025000 3.574174
v 9.116252 2.025000 3.574174
v 9.528920 2.025000 3.291853
v 9.528920 2.025000 3.291853
v 9.528920 2.025000 3.291853
v 9.483748 2.025000 3.225826
v 9.483748 2.025000 3.225826
v 9.483748 2.025000 3.225826
v 9.071080 2.025000 3.508147
v 9.071080 2.025000 3.508147
v 9.071080 2.025000 3.508147
vn -0.0000 1.0000 -0.0000
vn -0.0000 -1.0000 -0.0000
vn -0.5646 -0.0000 -0.8253
vn -0.8253 -0.0000 0.5646
vn 0.5646 -0.0000 0.8253
vn 0.8253 -0.0000 -0.5646
s 0
usemtl ToolRed
f 1154//289 1157//289 1160//289
f 1154//289 1160//289 1163//289
f 1175//290 1172//290 1169//290
f 1175//290 1169//290 1166//290
f 1153//291 1165//291 1168//291
f 1153//291 1168//291 1156//291
f 1158//292 1170//292 1173//292
f 1158//292 1173//292 1161//292
f 1159//293 1171//293 1174//293
f 1159//293 1174//293 1162//293
f 1164//294 1176//294 1167//294
f 1164//294 1167//294 1155//294
o TB_screw2
v 9.362930 1.975000 3.788870
v 9.362930 1.975000 3.788870
v 9.362930 1.975000 3.788870
v 9.852963 1.975000 3.689535
v 9.852963 1.975000 3.689535
v 9.852963 1.975000 3.689535
v 9.837070 1.975000 3.611130
v 9.837070 1.975000 3.611130
v 9.837070 1.975000 3.611130
v 9.347037 1.975000 3.710465
v 9.347037 1.975000 3.710465
v 9.347037 1.975000 3.710465
v 9.362930 2.025000 3.788870
v 9.362930 2.025000 3.788870
v 9.362930 2.025000 3.788870
v 9.852963 2.025000 3.689535
v 9.852963 2.025000 3.689535
v 9.852963 2.025000 3.689535
v 9.837070 2.025000 3.611130
v 9.837070 2.025000 3.611130
v 9.837070 2.025000 3.611130
v 9.347037 2.025000 3.710465
v 9.347037 2.025000 3.710465
v 9.347037 2.025000 3.710465
vn -0.0000 1.0000 -0.0000
vn -0.0000 -1.0000 -0.0000
vn -0.1987 -0.0000 -0.9801
vn -0.9801 -0.0000 0.1987
vn 0.1987 -0.0000 0.9801
vn 0.9801 -0.0000 -0.1987
s 0
usemtl ToolBlue
f 1178//295 1181//295 1184//295
f 1178//295 1184//295 1187//295
f 1199//296 1196//296 1193//296
f 1199//296 1193//296 1190//296
f 1177//297 1189//297 1192//297
f 1177//297 1192//297 1180//297
f 1182//298 1194//298 1197//298
f 1182//298 1197//298 1185//298
f 1183//299 1195//299 1198//299
f 1183//299 1198//299 1186//299
f 1188//300 1200//300 1191//300
f 1188//300 1191//300 1179//300
o TB_plier
v 9.767318 1.970000 3.490828
v 9.767318 1.970000 3.490828
v 9.767318 1.970000 3.490828
v 10.197220 1.970000 3.623812
v 10.197220 1.970000 3.623812
v 10.197220 1.970000 3.623812
v 10.232682 1.970000 3.509172
v 10.232682 1.970000 3.509172
v 10.232682 1.970000 3.509172
v 9.802780 1.970000 3.376188
v 9.802780 1.970000 3.376188
v 9.802780 1.970000 3.376188
v 9.767318 2.030000 3.490828
v 9.767318 2.030000 3.490828
v 9.767318 2.030000 3.490828
v 10.197220 2.030000 3.623812
v 10.197220 2.030000 3.623812
v 10.197220 2.030000 3.623812
v 10.232682 2.030000 3.509172
v 10.232682 2.030000 3.509172
v 10.232682 2.030000 3.509172
v 9.802780 2.030000 3.376188
v 9.802780 2.030000 3.376188
v 9.802780 2.030000 3.376188
vn -0.0000 1.0000 -0.0000
vn -0.0000 -1.0000 -0.0000
vn 0.2955 -0.0000 -0.9553
vn -0.9553 -0.0000 -0.2955
vn -0.2955 -0.0000 0.9553
vn 0.9553 -0.0000 0.2955
s 0
usemtl Tool
f 1202//301 1205//301 1208//301
f 1202//301 1208//301 1211//301
f 1223//302 1220//302 1217//302
f 1223//302 1217//302 1214//302
f 1201//303 1213//303 1216//303
f 1201//303 1216//303 1204//303
f 1206//304 1218//304 1221//304
f 1206//304 1221//304 1209//304
f 1207//305 1219//305 1222//305
f 1207//305 1222//305 1210//305
f 1212//306 1224//306 1215//306
f 1212//306 1215//306 1203//306
o Junction_Fridge
v 10.900001 0.000000 8.300000
v 10.900001 0.000000 8.300000
v 10.900001 0.000000 8.300000
v 12.300000 0.000000 8.300000
v 12.300000 0.000000 8.300000
v 12.300000 0.000000 8.300000
v 12.300000 0.000000 6.900000
v 12.300000 0.000000 6.900000
v 12.300000 0.000000 6.900000
v 10.900001 0.000000 6.900000
v 10.900001 0.000000 6.900000
v 10.900001 0.000000 6.900000
v 10.900001 2.200000 8.300000
v 10.900001 2.200000 8.300000
v 10.900001 2.200000 8.300000
v 12.300000 2.200000 8.300000
v 12.300000 2.200000 8.300000
v 12.300000 2.200000 8.300000
v 12.300000 2.200000 6.900000
v 12.300000 2.200000 6.900000
v 12.300000 2.200000 6.900000
v 10.900001 2.200000 6.900000
v 10.900001 2.200000 6.900000
v 10.900001 2.200000 6.900000
vn -0.0000 1.0000 -0.0000
vn -0.0000 -1.0000 -0.0000
vn -0.0000 -0.0000 -1.0000
vn -1.0000 -0.0000 -0.0000
vn -0.0000 -0.0000 1.0000
vn 1.0000 -0.0000 -0.0000
s 0
usemtl Appliance
f 1226//307 1229//307 1232//307
f 1226//307 1232//307 1235//307
f 1247//308 1244//308 1241//308
f 1247//308 1241//308 1238//308
f 1225//309 1237//309 1240//309
f 1225//309 1240//309 1228//309
f 1230//310 1242//310 1245//310
f 1230//310 1245//310 1233//310
f 1231//311 1243//311 1246//311
f 1231//311 1246//311 1234//311
f 1236//312 1248//312 1239//312
f 1236//312 1239//312 1227//312
o Junction_FridgeHandle
v 10.870000 0.900000 7.250000
v 10.870000 0.900000 7.250000
v 10.870000 0.900000 7.250000
v 10.970000 0.900000 7.250000
v 10.970000 0.900000 7.250000
v 10.970000 0.900000 7.250000
v 10.970000 0.900000 7.150000
v 10.970000 0.900000 7.150000
v 10.970000 0.900000 7.150000
v 10.870000 0.900000 7.150000
v 10.870000 0.900000 7.150000
v 10.870000 0.900000 7.150000
v 10.870000 1.700000 7.250000
v 10.870000 1.700000 7.250000
v 10.870000 1.700000 7.250000
v 10.970000 1.700000 7.250000
v 10.970000 1.700000 7.250000
v 10.970000 1.700000 7.250000
v 10.970000 1.700000 7.150000
v 10.970000 1.700000 7.150000
v 10.970000 1.700000 7.150000
v 10.870000 1.700000 7.150000
v 10.870000 1.700000 7.150000
v 10.870000 1.700000 7.150000
vn -0.0000 1.0000 -0.0000
vn -0.0000 -1.0000 -0.0000
vn -0.0000 -0.0000 -1.0000
vn -1.0000 -0.0000 -0.0000
vn -0.0000 -0.0000 1.0000
vn 1.0000 -0.0000 -0.0000
s 0
usemtl ApplianceDark
f 1250//313 1253//313 1256//313
f 1250//313 1256//313 1259//313
f 1271//314 1268//314 1265//314
f 1271//314 1265//314 1262//314
f 1249//315 1261//315 1264//315
f 1249//315 1264//315 1252//315
f 1254//316 1266//316 1269//316
f 1254//316 1269//316 1257//316
f 1255//317 1267//317 1270//317
f 1255//317 1270//317 1258//317
f 1260//318 1272//318 1263//318
f 1260//318 1263//318 1251//318
o Junction_SideTable_leg
v 12.220000 0.000000 8.180000
v 12.220000 0.000000 8.180000
v 12.220000 0.000000 8.180000
v 12.380000 0.000000 8.180000
v 12.380000 0.000000 8.180000
v 12.380000 0.000000 8.180000
v 12.380000 0.000000 8.020000
v 12.380000 0.000000 8.020000
v 12.380000 0.000000 8.020000
v 12.220000 0.000000 8.020000
v 12.220000 0.000000 8.020000
v 12.220000 0.000000 8.020000
v 12.220000 1.500000 8.180000
v 12.220000 1.500000 8.180000
v 12.220000 1.500000 8.180000
v 12.380000 1.500000 8.180000
v 12.380000 1.500000 8.180000
v 12.380000 1.500000 8.180000
v 12.380000 1.500000 8.020000
v 12.380000 1.500000 8.020000
v 12.380000 1.500000 8.020000
v 12.220000 1.500000 8.020000
v 12.220000 1.500000 8.020000
v 12.220000 1.500000 8.020000
vn -0.0000 1.0000 -0.0000
vn -0.0000 -1.0000 -0.0000
vn -0.0000 -0.0000 -1.0000
vn -1.0000 -0.0000 -0.0000
vn -0.0000 -0.0000 1.0000
vn 1.0000 -0.0000 -0.0000
s 0
usemtl BenchLeg
f 1274//319 1277//319 1280//319
f 1274//319 1280//319 1283//319
f 1295//320 1292//320 1289//320
f 1295//320 1289//320 1286//320
f 1273//321 1285//321 1288//321
f 1273//321 1288//321 1276//321
f 1278//322 1290//322 1293//322
f 1278//322 1293//322 1281//322
f 1279//323 1291//323 1294//323
f 1279//323 1294//323 1282//323
f 1284//324 1296//324 1287//324
f 1284//324 1287//324 1275//324
o Junction_SideTable_leg.001
v 12.220000 0.000000 7.180000
v 12.220000 0.000000 7.180000
v 12.220000 0.000000 7.180000
v 12.380000 0.000000 7.180000
v 12.380000 0.000000 7.180000
v 12.380000 0.000000 7.180000
v 12.380000 0.000000 7.020000
v 12.380000 0.000000 7.020000
v 12.380000 0.000000 7.020000
v 12.220000 0.000000 7.020000
v 12.220000 0.000000 7.020000
v 12.220000 0.000000 7.020000
v 12.220000 1.500000 7.180000
v 12.220000 1.500000 7.180000
v 12.220000 1.500000 7.180000
v 12.380000 1.500000 7.180000
v 12.380000 1.500000 7.180000
v 12.380000 1.500000 7.180000
v 12.380000 1.500000 7.020000
v 12.380000 1.500000 7.020000
v 12.380000 1.500000 7.020000
v 12.220000 1.500000 7.020000
v 12.220000 1.500000 7.020000
v 12.220000 1.500000 7.020000
vn -0.0000 1.0000 -0.0000
vn -0.0000 -1.0000 -0.0000
vn -0.0000 -0.0000 -1.0000
vn -1.0000 -0.0000 -0.0000
vn -0.0000 -0.0000 1.0000
vn 1.0000 -0.0000 -0.0000
s 0
usemtl BenchLeg
f 1298//325 1301//325 1304//325
f 1298//325 1304//325 1307//325
f 1319//326 1316//326 1313//326
f 1319//326 1313//326 1310//326
f 1297//327 1309//327 1312//327
f 1297//327 1312//327 1300//327
f 1302//328 1314//328 1317//328
f 1302//328 1317//328 1305//328
f 1303//329 1315//329 1318//329
f 1303//329 1318//329 1306//329
f 1308//330 1320//330 1311//330
f 1308//330 1311//330 1299//330
o Junction_SideTable_leg.002
v 13.620000 0.000000 8.180000
v 13.620000 0.000000 8.180000
v 13.620000 0.000000 8.180000
v 13.780000 0.000000 8.180000
v 13.780000 0.000000 8.180000
v 13.780000 0.000000 8.180000
v 13.780000 0.000000 8.020000
v 13.780000 0.000000 8.020000
v 13.780000 0.000000 8.020000
v 13.620000 0.000000 8.020000
v 13.620000 0.000000 8.020000
v 13.620000 0.000000 8.020000
v 13.620000 1.500000 8.180000
v 13.620000 1.500000 8.180000
v 13.620000 1.500000 8.180000
v 13.780000 1.500000 8.180000
v 13.780000 1.500000 8.180000
v 13.780000 1.500000 8.180000
v 13.780000 1.500000 8.020000
v 13.780000 1.500000 8.020000
v 13.780000 1.500000 8.020000
v 13.620000 1.500000 8.020000
v 13.620000 1.500000 8.020000
v 13.620000 1.500000 8.020000
vn -0.0000 1.0000 -0.0000
vn -0.0000 -1.0000 -0.0000
vn -0.0000 -0.0000 -1.0000
vn -1.0000 -0.0000 -0.0000
vn -0.0000 -0.0000 1.0000
vn 1.0000 -0.0000 -0.0000
s 0
usemtl BenchLeg
f 1322//331 1325//331 1328//331
f 1322//331 1328//331 1331//331
f 1343//332 1340//332 1337//332
f 1343//332 1337//332 1334//332
f 1321//333 1333//333 1336//333
f 1321//333 1336//333 1324//333
f 1326//334 1338//334 1341//334
f 1326//334 1341//334 1329//334
f 1327//335 1339//335 1342//335
f 1327//335 1342//335 1330//335
f 1332//336 1344//336 1335//336
f 1332//336 1335//336 1323//336
o Junction_SideTable_leg.003
v 13.620000 0.000000 7.180000
v 13.620000 0.000000 7.180000
v 13.620000 0.000000 7.180000
v 13.780000 0.000000 7.180000
v 13.780000 0.000000 7.180000
v 13.780000 0.000000 7.180000
v 13.780000 0.000000 7.020000
v 13.780000 0.000000 7.020000
v 13.780000 0.000000 7.020000
v 13.620000 0.000000 7.020000
v 13.620000 0.000000 7.020000
v 13.620000 0.000000 7.020000
v 13.620000 1.500000 7.180000
v 13.620000 1.500000 7.180000
v 13.620000 1.500000 7.180000
v 13.780000 1.500000 7.180000
v 13.780000 1.500000 7.180000
v 13.780000 1.500000 7.180000
v 13.780000 1.500000 7.020000
v 13.780000 1.500000 7.020000
v 13.780000 1.500000 7.020000
v 13.620000 1.500000 7.020000
v 13.620000 1.500000 7.020000
v 13.620000 1.500000 7.020000
vn -0.0000 1.0000 -0.0000
vn -0.0000 -1.0000 -0.0000
vn -0.0000 -0.0000 -1.0000
vn -1.0000 -0.0000 -0.0000
vn -0.0000 -0.0000 1.0000
vn 1.0000 -0.0000 -0.0000
s 0
usemtl BenchLeg
f 1346//337 1349//337 1352//337
f 1346//337 1352//337 1355//337
f 1367//338 1364//338 1361//338
f 1367//338 1361//338 1358//338
f 1345//339 1357//339 1360//339
f 1345//339 1360//339 1348//339
f 1350//340 1362//340 1365//340
f 1350//340 1365//340 1353//340
f 1351//341 1363//341 1366//341
f 1351//341 1366//341 1354//341
f 1356//342 1368//342 1359//342
f 1356//342 1359//342 1347//342
o Junction_SideTable_top
v 12.100000 1.420000 8.300000
v 12.100000 1.420000 8.300000
v 12.100000 1.420000 8.300000
v 13.900000 1.420000 8.300000
v 13.900000 1.420000 8.300000
v 13.900000 1.420000 8.300000
v 13.900000 1.420000 6.900000
v 13.900000 1.420000 6.900000
v 13.900000 1.420000 6.900000
v 12.100000 1.420000 6.900000
v 12.100000 1.420000 6.900000
v 12.100000 1.420000 6.900000
v 12.100000 1.580000 8.300000
v 12.100000 1.580000 8.300000
v 12.100000 1.580000 8.300000
v 13.900000 1.580000 8.300000
v 13.900000 1.580000 8.300000
v 13.900000 1.580000 8.300000
v 13.900000 1.580000 6.900000
v 13.900000 1.580000 6.900000
v 13.900000 1.580000 6.900000
v 12.100000 1.580000 6.900000
v 12.100000 1.580000 6.900000
v 12.100000 1.580000 6.900000
vn -0.0000 1.0000 -0.0000
vn -0.0000 -1.0000 -0.0000
vn -0.0000 -0.0000 -1.0000
vn -1.0000 -0.0000 -0.0000
vn -0.0000 -0.0000 1.0000
vn 1.0000 -0.0000 -0.0000
s 0
usemtl Bench
f 1370//343 1373//343 1376//343
f 1370//343 1376//343 1379//343
f 1391//344 1388//344 1385//344
f 1391//344 1385//344 1382//344
f 1369//345 1381//345 1384//345
f 1369//345 1384//345 1372//345
f 1374//346 1386//346 1389//346
f 1374//346 1389//346 1377//346
f 1375//347 1387//347 1390//347
f 1375//347 1390//347 1378//347
f 1380//348 1392//348 1383//348
f 1380//348 1383//348 1371//348
o Junction_Stove
v 12.400000 1.500000 8.100000
v 12.400000 1.500000 8.100000
v 12.400000 1.500000 8.100000
v 13.600000 1.500000 8.100000
v 13.600000 1.500000 8.100000
v 13.600000 1.500000 8.100000
v 13.600000 1.500000 7.100000
v 13.600000 1.500000 7.100000
v 13.600000 1.500000 7.100000
v 12.400000 1.500000 7.100000
v 12.400000 1.500000 7.100000
v 12.400000 1.500000 7.100000
v 12.400000 1.800000 8.100000
v 12.400000 1.800000 8.100000
v 12.400000 1.800000 8.100000
v 13.600000 1.800000 8.100000
v 13.600000 1.800000 8.100000
v 13.600000 1.800000 8.100000
v 13.600000 1.800000 7.100000
v 13.600000 1.800000 7.100000
v 13.600000 1.800000 7.100000
v 12.400000 1.800000 7.100000
v 12.400000 1.800000 7.100000
v 12.400000 1.800000 7.100000
vn -0.0000 1.0000 -0.0000
vn -0.0000 -1.0000 -0.0000
vn -0.0000 -0.0000 -1.0000
vn -1.0000 -0.0000 -0.0000
vn -0.0000 -0.0000 1.0000
vn 1.0000 -0.0000 -0.0000
s 0
usemtl ApplianceDark
f 1394//349 1397//349 1400//349
f 1394//349 1400//349 1403//349
f 1415//350 1412//350 1409//350
f 1415//350 1409//350 1406//350
f 1393//351 1405//351 1408//351
f 1393//351 1408//351 1396//351
f 1398//352 1410//352 1413//352
f 1398//352 1413//352 1401//352
f 1399//353 1411//353 1414//353
f 1399//353 1414//353 1402//353
f 1404//354 1416//354 1407//354
f 1404//354 1407//354 1395//354
o Junction_StoveCoil
v 12.650000 1.800000 7.950000
v 12.650000 1.800000 7.950000
v 12.650000 1.800000 7.950000
v 13.350000 1.800000 7.950000
v 13.350000 1.800000 7.950000
v 13.350000 1.800000 7.950000
v 13.350000 1.800000 7.250000
v 13.350000 1.800000 7.250000
v 13.350000 1.800000 7.250000
v 12.650000 1.800000 7.250000
v 12.650000 1.800000 7.250000
v 12.650000 1.800000 7.250000
v 12.650000 1.860000 7.950000
v 12.650000 1.860000 7.950000
v 12.650000 1.860000 7.950000
v 13.350000 1.860000 7.950000
v 13.350000 1.860000 7.950000
v 13.350000 1.860000 7.950000
v 13.350000 1.860000 7.250000
v 13.350000 1.860000 7.250000
v 13.350000 1.860000 7.250000
v 12.650000 1.860000 7.250000
v 12.650000 1.860000 7.250000
v 12.650000 1.860000 7.250000
vn -0.0000 1.0000 -0.0000
vn -0.0000 -1.0000 -0.0000
vn -0.0000 -0.0000 -1.0000
vn -1.0000 -0.0000 -0.0000
vn -0.0000 -0.0000 1.0000
vn 1.0000 -0.0000 -0.0000
s 0
usemtl Coil
f 1418//355 1421//355 1424//355
f 1418//355 1424//355 1427//355
f 1439//356 1436//356 1433//356
f 1439//356 1433//356 1430//356
f 1417//357 1429//357 1432//357
f 1417//357 1432//357 1420//357
f 1422//358 1434//358 1437//358
f 1422//358 1437//358 1425//358
f 1423//359 1435//359 1438//359
f 1423//359 1438//359 1426//359
f 1428//360 1440//360 1431//360
f 1428//360 1431//360 1419//360
o Junction_Mug0
v 12.460000 1.500000 8.240001
v 12.460000 1.500000 8.240001
v 12.460000 1.500000 8.240001
v 12.740001 1.500000 8.240001
v 12.740001 1.500000 8.240001
v 12.740001 1.500000 8.240001
v 12.740001 1.500000 7.960001
v 12.740001 1.500000 7.960001
v 12.740001 1.500000 7.960001
v 12.460000 1.500000 7.960001
v 12.460000 1.500000 7.960001
v 12.460000 1.500000 7.960001
v 12.460000 1.840000 8.240001
v 12.460000 1.840000 8.240001
v 12.460000 1.840000 8.240001
v 12.740001 1.840000 8.240001
v 12.740001 1.840000 8.240001
v 12.740001 1.840000 8.240001
v 12.740001 1.840000 7.960001
v 12.740001 1.840000 7.960001
v 12.740001 1.840000 7.960001
v 12.460000 1.840000 7.960001
v 12.460000 1.840000 7.960001
v 12.460000 1.840000 7.960001
vn -0.0000 1.0000 -0.0000
vn -0.0000 -1.0000 -0.0000
vn -0.0000 -0.0000 -1.0000
vn -1.0000 -0.0000 -0.0000
vn -0.0000 -0.0000 1.0000
vn 1.0000 -0.0000 -0.0000
s 0
usemtl Mug0
f 1442//361 1445//361 1448//361
f 1442//361 1448//361 1451//361
f 1463//362 1460//362 1457//362
f 1463//362 1457//362 1454//362
f 1441//363 1453//363 1456//363
f 1441//363 1456//363 1444//363
f 1446//364 1458//364 1461//364
f 1446//364 1461//364 1449//364
f 1447//365 1459//365 1462//365
f 1447//365 1462//365 1450//365
f 1452//366 1464//366 1455//366
f 1452//366 1455//366 1443//366
o Junction_Mug1
v 12.860000 1.500000 8.240001
v 12.860000 1.500000 8.240001
v 12.860000 1.500000 8.240001
v 13.140000 1.500000 8.240001
v 13.140000 1.500000 8.240001
v 13.140000 1.500000 8.240001
v 13.140000 1.500000 7.960001
v 13.140000 1.500000 7.960001
v 13.140000 1.500000 7.960001
v 12.860000 1.500000 7.960001
v 12.860000 1.500000 7.960001
v 12.860000 1.500000 7.960001
v 12.860000 1.840000 8.240001
v 12.860000 1.840000 8.240001
v 12.860000 1.840000 8.240001
v 13.140000 1.840000 8.240001
v 13.140000 1.840000 8.240001
v 13.140000 1.840000 8.240001
v 13.140000 1.840000 7.960001
v 13.140000 1.840000 7.960001
v 13.140000 1.840000 7.960001
v 12.860000 1.840000 7.960001
v 12.860000 1.840000 7.960001
v 12.860000 1.840000 7.960001
vn -0.0000 1.0000 -0.0000
vn -0.0000 -1.0000 -0.0000
vn -0.0000 -0.0000 -1.0000
vn -1.0000 -0.0000 -0.0000
vn -0.0000 -0.0000 1.0000
vn 1.0000 -0.0000 -0.0000
s 0
usemtl Mug1
f 1466//367 1469//367 1472//367
f 1466//367 1472//367 1475//367
f 1487//368 1484//368 1481//368
f 1487//368 1481//368 1478//368
f 1465//369 1477//369 1480//369
f 1465//369 1480//369 1468//369
f 1470//370 1482//370 1485//370
f 1470//370 1485//370 1473//370
f 1471//371 1483//371 1486//371
f 1471//371 1486//371 1474//371
f 1476//372 1488//372 1479//372
f 1476//372 1479//372 1467//372
o Junction_Mug2
v 13.259999 1.500000 8.240001
v 13.259999 1.500000 8.240001
v 13.259999 1.500000 8.240001
v 13.540000 1.500000 8.240001
v 13.540000 1.500000 8.240001
v 13.540000 1.500000 8.240001
v 13.540000 1.500000 7.960001
v 13.540000 1.500000 7.960001
v 13.540000 1.500000 7.960001
v 13.259999 1.500000 7.960001
v 13.259999 1.500000 7.960001
v 13.259999 1.500000 7.960001
v 13.259999 1.840000 8.240001
v 13.259999 1.840000 8.240001
v 13.259999 1.840000 8.240001
v 13.540000 1.840000 8.240001
v 13.540000 1.840000 8.240001
v 13.540000 1.840000 8.240001
v 13.540000 1.840000 7.960001
v 13.540000 1.840000 7.960001
v 13.540000 1.840000 7.960001
v 13.259999 1.840000 7.960001
v 13.259999 1.840000 7.960001
v 13.259999 1.840000 7.960001
vn -0.0000 1.0000 -0.0000
vn -0.0000 -1.0000 -0.0000
vn -0.0000 -0.0000 -1.0000
vn -1.0000 -0.0000 -0.0000
vn -0.0000 -0.0000 1.0000
vn 1.0000 -0.0000 -0.0000
s 0
usemtl Mug2
f 1490//373 1493//373 1496//373
f 1490//373 1496//373 1499//373
f 1511//374 1508//374 1505//374
f 1511//374 1505//374 1502//374
f 1489//375 1501//375 1504//375
f 1489//375 1504//375 1492//375
f 1494//376 1506//376 1509//376
f 1494//376 1509//376 1497//376
f 1495//377 1507//377 1510//377
f 1495//377 1510//377 1498//377
f 1500//378 1512//378 1503//378
f 1500//378 1503//378 1491//378
o Junction_Bedroll
v 2.426676 0.000000 6.535848
v 2.426676 0.000000 6.535848
v 2.426676 0.000000 6.535848
v 4.997481 0.000000 6.147309
v 4.997481 0.000000 6.147309
v 4.997481 0.000000 6.147309
v 4.773324 0.000000 4.664152
v 4.773324 0.000000 4.664152
v 4.773324 0.000000 4.664152
v 2.202519 0.000000 5.052691
v 2.202519 0.000000 5.052691
v 2.202519 0.000000 5.052691
v 2.426676 0.180000 6.535848
v 2.426676 0.180000 6.535848
v 2.426676 0.180000 6.535848
v 4.997481 0.180000 6.147309
v 4.997481 0.180000 6.147309
v 4.997481 0.180000 6.147309
v 4.773324 0.180000 4.664152
v 4.773324 0.180000 4.664152
v 4.773324 0.180000 4.664152
v 2.202519 0.180000 5.052691
v 2.202519 0.180000 5.052691
v 2.202519 0.180000 5.052691
vn -0.0000 1.0000 -0.0000
vn -0.0000 -1.0000 -0.0000
vn -0.1494 -0.0000 -0.9888
vn -0.9888 -0.0000 0.1494
vn 0.1494 -0.0000 0.9888
vn 0.9888 -0.0000 -0.1494
s 0
usemtl Bedroll
f 1514//379 1517//379 1520//379
f 1514//379 1520//379 1523//379
f 1535//380 1532//380 1529//380
f 1535//380 1529//380 1526//380
f 1513//381 1525//381 1528//381
f 1513//381 1528//381 1516//381
f 1518//382 1530//382 1533//382
f 1518//382 1533//382 1521//382
f 1519//383 1531//383 1534//383
f 1519//383 1534//383 1522//383
f 1524//384 1536//384 1527//384
f 1524//384 1527//384 1515//384
o Junction_Pillow
v 2.307356 0.090000 5.613317
v 2.307356 0.090000 5.613317
v 2.307356 0.090000 5.613317
v 3.197250 0.090000 5.478823
v 3.197250 0.090000 5.478823
v 3.197250 0.090000 5.478823
v 3.092644 0.090000 4.786683
v 3.092644 0.090000 4.786683
v 3.092644 0.090000 4.786683
v 2.202750 0.090000 4.921177
v 2.202750 0.090000 4.921177
v 2.202750 0.090000 4.921177
v 2.307356 0.310000 5.613317
v 2.307356 0.310000 5.613317
v 2.307356 0.310000 5.613317
v 3.197250 0.310000 5.478823
v 3.197250 0.310000 5.478823
v 3.197250 0.310000 5.478823
v 3.092644 0.310000 4.786683
v 3.092644 0.310000 4.786683
v 3.092644 0.310000 4.786683
v 2.202750 0.310000 4.921177
v 2.202750 0.310000 4.921177
v 2.202750 0.310000 4.921177
vn -0.0000 1.0000 -0.0000
vn -0.0000 -1.0000 -0.0000
vn -0.1494 -0.0000 -0.9888
vn -0.9888 -0.0000 0.1494
vn 0.1494 -0.0000 0.9888
vn 0.9888 -0.0000 -0.1494
s 0
usemtl Pillow
f 1538//385 1541//385 1544//385
f 1538//385 1544//385 1547//385
f 1559//386 1556//386 1553//386
f 1559//386 1553//386 1550//386
f 1537//387 1549//387 1552//387
f 1537//387 1552//387 1540//387
f 1542//388 1554//388 1557//388
f 1542//388 1557//388 1545//388
f 1543//389 1555//389 1558//389
f 1543//389 1558//389 1546//389
f 1548//390 1560//390 1551//390
f 1548//390 1551//390 1539//390
o Fr_0_0
v 13.700000 0.000000 2.400000
v 14.200000 0.000000 2.400000
v 13.716133 0.770000 2.400000
v 14.049466 0.770000 2.400000
v 13.782000 1.400000 2.400000
vn -0.0000 -0.0000 1.0000
s 0
usemtl Biolum2
f 1561//391 1562//391 1564//391
f 1561//391 1564//391 1563//391
f 1563//391 1564//391 1565//391
o Fr_0_1
v 13.374758 0.000000 2.050877
v 13.874758 0.000000 2.050877
v 13.549291 1.045000 2.050877
v 13.882625 1.045000 2.050877
v 13.852757 1.900000 2.050877
vn -0.0000 -0.0000 1.0000
s 0
usemtl Biolum
f 1566//392 1567//392 1569//392
f 1566//392 1569//392 1568//392
f 1568//392 1569//392 1570//392
o Fr_0_2
v 13.003503 0.000000 2.350608
v 13.503503 0.000000 2.350608
v 12.971636 1.320000 2.350608
v 13.304970 1.320000 2.350608
v 12.965503 2.400000 2.350608
vn -0.0000 -0.0000 1.0000
s 0
usemtl Biolum2
f 1571//393 1572//393 1574//393
f 1571//393 1574//393 1573//393
f 1573//393 1574//393 1575//393
o Fr_0_3
v 13.276221 0.000000 2.742136
v 13.776221 0.000000 2.742136
v 13.426755 0.770000 2.742136
v 13.760088 0.770000 2.742136
v 13.694221 1.400000 2.742136
vn -0.0000 -0.0000 1.0000
s 0
usemtl Biolum
f 1576//394 1577//394 1579//394
f 1576//394 1579//394 1578//394
f 1578//394 1579//394 1580//394
o Fr_1_0
v 13.300000 0.000000 5.000000
v 13.800000 0.000000 5.000000
v 13.292133 1.045000 5.000000
v 13.625467 1.045000 5.000000
v 13.322001 1.900000 5.000000
vn -0.0000 -0.0000 1.0000
s 0
usemtl Biolum
f 1581//395 1582//395 1584//395
f 1581//395 1584//395 1583//395
f 1583//395 1584//395 1585//395
o Fr_1_1
v 12.974758 0.000000 4.650877
v 13.474758 0.000000 4.650877
v 13.173291 1.320000 4.650877
v 13.506625 1.320000 4.650877
v 13.512758 2.400000 4.650877
vn -0.0000 -0.0000 1.0000
s 0
usemtl Biolum2
f 1586//396 1587//396 1589//396
f 1586//396 1589//396 1588//396
f 1588//396 1589//396 1590//396
o Fr_1_2
v 12.603502 0.000000 4.950608
v 13.103502 0.000000 4.950608
v 12.619636 0.770000 4.950608
v 12.952969 0.770000 4.950608
v 12.685502 1.400000 4.950608
vn -0.0000 -0.0000 1.0000
s 0
usemtl Biolum
f 1591//397 1592//397 1594//397
f 1591//397 1594//397 1593//397
f 1593//397 1594//397 1595//397
o Fr_1_3
v 12.876222 0.000000 5.342135
v 13.376222 0.000000 5.342135
v 13.050755 1.045000 5.342135
v 13.384089 1.045000 5.342135
v 13.354221 1.900000 5.342135
vn -0.0000 -0.0000 1.0000
s 0
usemtl Biolum2
f 1596//398 1597//398 1599//398
f 1596//398 1599//398 1598//398
f 1598//398 1599//398 1600//398
o Fr_2_0
v 12.700000 0.000000 9.000000
v 13.200000 0.000000 9.000000
v 12.668133 1.320000 9.000000
v 13.001467 1.320000 9.000000
v 12.662000 2.400000 9.000000
vn -0.0000 -0.0000 1.0000
s 0
usemtl Biolum2
f 1601//399 1602//399 1604//399
f 1601//399 1604//399 1603//399
f 1603//399 1604//399 1605//399
o Fr_2_1
v 12.374758 0.000000 8.650877
v 12.874758 0.000000 8.650877
v 12.525291 0.770000 8.650877
v 12.858624 0.770000 8.650877
v 12.792758 1.400000 8.650877
vn -0.0000 -0.0000 1.0000
s 0
usemtl Biolum
f 1606//400 1607//400 1609//400
f 1606//400 1609//400 1608//400
f 1608//400 1609//400 1610//400
o Fr_2_2
v 12.003503 0.000000 8.950608
v 12.503503 0.000000 8.950608
v 11.995636 1.045000 8.950608
v 12.328970 1.045000 8.950608
v 12.025503 1.900000 8.950608
vn -0.0000 -0.0000 1.0000
s 0
usemtl Biolum2
f 1611//401 1612//401 1614//401
f 1611//401 1614//401 1613//401
f 1613//401 1614//401 1615//401
o Fr_2_3
v 12.276221 0.000000 9.342135
v 12.776221 0.000000 9.342135
v 12.474754 1.320000 9.342135
v 12.808088 1.320000 9.342135
v 12.814221 2.400000 9.342135
vn -0.0000 -0.0000 1.0000
s 0
usemtl Biolum
f 1616//402 1617//402 1619//402
f 1616//402 1619//402 1618//402
f 1618//402 1619//402 1620//402
o Fr_3_0
v 8.600000 0.000000 0.500000
v 9.100000 0.000000 0.500000
v 8.616134 0.770000 0.500000
v 8.949467 0.770000 0.500000
v 8.682000 1.400000 0.500000
vn -0.0000 -0.0000 1.0000
s 0
usemtl Biolum
f 1621//403 1622//403 1624//403
f 1621//403 1624//403 1623//403
f 1623//403 1624//403 1625//403
o Fr_3_1
v 8.274758 0.000000 0.150877
v 8.774758 0.000000 0.150877
v 8.449291 1.045000 0.150877
v 8.782625 1.045000 0.150877
v 8.752758 1.900000 0.150877
vn -0.0000 -0.0000 1.0000
s 0
usemtl Biolum2
f 1626//404 1627//404 1629//404
f 1626//404 1629//404 1628//404
f 1628//404 1629//404 1630//404
o Fr_3_2
v 7.903502 0.000000 0.450608
v 8.403502 0.000000 0.450608
v 7.871636 1.320000 0.450608
v 8.204969 1.320000 0.450608
v 7.865502 2.400000 0.450608
vn -0.0000 -0.0000 1.0000
s 0
usemtl Biolum
f 1631//405 1632//405 1634//405
f 1631//405 1634//405 1633//405
f 1633//405 1634//405 1635//405
o Fr_3_3
v 8.176222 0.000000 0.842136
v 8.676222 0.000000 0.842136
v 8.326756 0.770000 0.842136
v 8.660089 0.770000 0.842136
v 8.594222 1.400000 0.842136
vn -0.0000 -0.0000 1.0000
s 0
usemtl Biolum2
f 1636//406 1637//406 1639//406
f 1636//406 1639//406 1638//406
f 1638//406 1639//406 1640//406
o Fr_4_0
v 11.100000 0.000000 0.600000
v 11.600000 0.000000 0.600000
v 11.092134 1.045000 0.600000
v 11.425467 1.045000 0.600000
v 11.122001 1.900000 0.600000
vn -0.0000 -0.0000 1.0000
s 0
usemtl Biolum2
f 1641//407 1642//407 1644//407
f 1641//407 1644//407 1643//407
f 1643//407 1644//407 1645//407
o Fr_4_1
v 10.774758 0.000000 0.250877
v 11.274758 0.000000 0.250877
v 10.973291 1.320000 0.250877
v 11.306625 1.320000 0.250877
v 11.312758 2.400000 0.250877
vn -0.0000 -0.0000 1.0000
s 0
usemtl Biolum
f 1646//408 1647//408 1649//408
f 1646//408 1649//408 1648//408
f 1648//408 1649//408 1650//408
o Fr_4_2
v 10.403502 0.000000 0.550608
v 10.903502 0.000000 0.550608
v 10.419636 0.770000 0.550608
v 10.752969 0.770000 0.550608
v 10.485502 1.400000 0.550608
vn -0.0000 -0.0000 1.0000
s 0
usemtl Biolum2
f 1651//409 1652//409 1654//409
f 1651//409 1654//409 1653//409
f 1653//409 1654//409 1655//409
o Fr_4_3
v 10.676222 0.000000 0.942136
v 11.176222 0.000000 0.942136
v 10.850755 1.045000 0.942136
v 11.184089 1.045000 0.942136
v 11.154222 1.900000 0.942136
vn -0.0000 -0.0000 1.0000
s 0
usemtl Biolum
f 1656//410 1657//410 1659//410
f 1656//410 1659//410 1658//410
f 1658//410 1659//410 1660//410
o Fr_5_0
v 1.000000 0.000000 9.600000
v 1.500000 0.000000 9.600000
v 0.968133 1.320000 9.600000
v 1.301467 1.320000 9.600000
v 0.962000 2.400000 9.600000
vn -0.0000 -0.0000 1.0000
s 0
usemtl Biolum
f 1661//411 1662//411 1664//411
f 1661//411 1664//411 1663//411
f 1663//411 1664//411 1665//411
o Fr_5_1
v 0.674758 0.000000 9.250876
v 1.174758 0.000000 9.250876
v 0.825291 0.770000 9.250876
v 1.158625 0.770000 9.250876
v 1.092758 1.400000 9.250876
vn -0.0000 -0.0000 1.0000
s 0
usemtl Biolum2
f 1666//412 1667//412 1669//412
f 1666//412 1669//412 1668//412
f 1668//412 1669//412 1670//412
o Fr_5_2
v 0.303503 0.000000 9.550608
v 0.803503 0.000000 9.550608
v 0.295636 1.045000 9.550608
v 0.628969 1.045000 9.550608
v 0.325503 1.900000 9.550608
vn -0.0000 -0.0000 1.0000
s 0
usemtl Biolum
f 1671//413 1672//413 1674//413
f 1671//413 1674//413 1673//413
f 1673//413 1674//413 1675//413
o Fr_5_3
v 0.576221 0.000000 9.942136
v 1.076221 0.000000 9.942136
v 0.774755 1.320000 9.942136
v 1.108088 1.320000 9.942136
v 1.114221 2.400000 9.942136
vn -0.0000 -0.0000 1.0000
s 0
usemtl Biolum2
f 1676//414 1677//414 1679//414
f 1676//414 1679//414 1678//414
f 1678//414 1679//414 1680//414
o Fr_6_0
v 2.100000 0.000000 1.000000
v 2.600000 0.000000 1.000000
v 2.116133 0.770000 1.000000
v 2.449466 0.770000 1.000000
v 2.182000 1.400000 1.000000
vn -0.0000 -0.0000 1.0000
s 0
usemtl Biolum2
f 1681//415 1682//415 1684//415
f 1681//415 1684//415 1683//415
f 1683//415 1684//415 1685//415
o Fr_6_1
v 1.774758 0.000000 0.650877
v 2.274758 0.000000 0.650877
v 1.949291 1.045000 0.650877
v 2.282625 1.045000 0.650877
v 2.252758 1.900000 0.650877
vn -0.0000 -0.0000 1.0000
s 0
usemtl Biolum
f 1686//416 1687//416 1689//416
f 1686//416 1689//416 1688//416
f 1688//416 1689//416 1690//416
o Fr_6_2
v 1.403503 0.000000 0.950608
v 1.903503 0.000000 0.950608
v 1.371636 1.320000 0.950608
v 1.704969 1.320000 0.950608
v 1.365503 2.400000 0.950608
vn -0.0000 -0.0000 1.0000
s 0
usemtl Biolum2
f 1691//417 1692//417 1694//417
f 1691//417 1694//417 1693//417
f 1693//417 1694//417 1695//417
o Fr_6_3
v 1.676221 0.000000 1.342136
v 2.176221 0.000000 1.342136
v 1.826755 0.770000 1.342136
v 2.160088 0.770000 1.342136
v 2.094222 1.400000 1.342136
vn -0.0000 -0.0000 1.0000
s 0
usemtl Biolum
f 1696//418 1697//418 1699//418
f 1696//418 1699//418 1698//418
f 1698//418 1699//418 1700//418
