# Blender 5.1.1
# www.blender.org
mtllib boston_fern.mtl
o Pot
v 0.550000 0.000000 0.000000
v 0.388909 0.000000 -0.388909
v 0.000000 0.000000 -0.550000
v -0.388909 0.000000 -0.388909
v -0.550000 0.000000 -0.000000
v -0.388909 0.000000 0.388909
v -0.000000 0.000000 0.550000
v 0.388909 0.000000 0.388909
v 0.620000 0.100000 0.000000
v 0.438406 0.100000 -0.438406
v 0.000000 0.100000 -0.620000
v -0.438406 0.100000 -0.438406
v -0.620000 0.100000 -0.000000
v -0.438406 0.100000 0.438406
v -0.000000 0.100000 0.620000
v 0.438406 0.100000 0.438406
v 0.780000 0.500000 0.000000
v 0.551543 0.500000 -0.551543
v 0.000000 0.500000 -0.780000
v -0.551543 0.500000 -0.551543
v -0.780000 0.500000 -0.000000
v -0.551543 0.500000 0.551543
v -0.000000 0.500000 0.780000
v 0.551543 0.500000 0.551543
v 0.880000 1.050000 0.000000
v 0.622254 1.050000 -0.622254
v 0.000000 1.050000 -0.880000
v -0.622254 1.050000 -0.622254
v -0.880000 1.050000 -0.000000
v -0.622254 1.050000 0.622254
v -0.000000 1.050000 0.880000
v 0.622254 1.050000 0.622254
v 0.920000 1.450000 0.000000
v 0.650538 1.450000 -0.650538
v 0.000000 1.450000 -0.920000
v -0.650538 1.450000 -0.650538
v -0.920000 1.450000 -0.000000
v -0.650538 1.450000 0.650538
v -0.000000 1.450000 0.920000
v 0.650538 1.450000 0.650538
v 0.950000 1.650000 0.000000
v 0.671751 1.650000 -0.671751
v 0.000000 1.650000 -0.950000
v -0.671751 1.650000 -0.671751
v -0.950000 1.650000 -0.000000
v -0.671751 1.650000 0.671751
v -0.000000 1.650000 0.950000
v 0.671751 1.650000 0.671751
v 0.920000 1.780000 0.000000
v 0.650538 1.780000 -0.650538
v 0.000000 1.780000 -0.920000
v -0.650538 1.780000 -0.650538
v -0.920000 1.780000 -0.000000
v -0.650538 1.780000 0.650538
v -0.000000 1.780000 0.920000
v 0.650538 1.780000 0.650538
v 0.860000 1.780000 0.000000
v 0.608112 1.780000 -0.608112
v 0.000000 1.780000 -0.860000
v -0.608112 1.780000 -0.608112
v -0.860000 1.780000 -0.000000
v -0.608112 1.780000 0.608112
v -0.000000 1.780000 0.860000
v 0.608112 1.780000 0.608112
v 0.820000 1.720000 0.000000
v 0.579828 1.720000 -0.579828
v 0.000000 1.720000 -0.820000
v -0.579828 1.720000 -0.579828
v -0.820000 1.720000 -0.000000
v -0.579828 1.720000 0.579828
v -0.000000 1.720000 0.820000
v 0.579828 1.720000 0.579828
v 0.740000 1.400000 0.000000
v 0.523259 1.400000 -0.523259
v 0.000000 1.400000 -0.740000
v -0.523259 1.400000 -0.523259
v -0.740000 1.400000 -0.000000
v -0.523259 1.400000 0.523259
v -0.000000 1.400000 0.740000
v 0.523259 1.400000 0.523259
v 0.620000 0.800000 0.000000
v 0.438406 0.800000 -0.438406
v 0.000000 0.800000 -0.620000
v -0.438406 0.800000 -0.438406
v -0.620000 0.800000 -0.000000
v -0.438406 0.800000 0.438406
v -0.000000 0.800000 0.620000
v 0.438406 0.800000 0.438406
v 0.500000 0.300000 0.000000
v 0.353553 0.300000 -0.353553
v 0.000000 0.300000 -0.500000
v -0.353553 0.300000 -0.353553
v -0.500000 0.300000 -0.000000
v -0.353553 0.300000 0.353553
v -0.000000 0.300000 0.500000
v 0.353553 0.300000 0.353553
v 0.500000 0.200000 0.000000
v 0.353553 0.200000 -0.353553
v 0.000000 0.200000 -0.500000
v -0.353553 0.200000 -0.353553
v -0.500000 0.200000 -0.000000
v -0.353553 0.200000 0.353553
v -0.000000 0.200000 0.500000
v 0.353553 0.200000 0.353553
vn 0.7758 -0.5430 -0.3213
vn 0.3213 -0.5430 -0.7758
vn -0.3213 -0.5430 -0.7758
vn -0.7758 -0.5430 -0.3213
vn -0.7758 -0.5430 0.3213
vn -0.3213 -0.5430 0.7758
vn 0.3213 -0.5430 0.7758
vn 0.7758 -0.5430 0.3213
vn 0.8666 -0.3466 -0.3590
vn 0.3590 -0.3466 -0.8666
vn -0.3590 -0.3466 -0.8666
vn -0.8666 -0.3466 -0.3590
vn -0.8666 -0.3466 0.3590
vn -0.3590 -0.3466 0.8666
vn 0.3590 -0.3466 0.8666
vn 0.8666 -0.3466 0.3590
vn 0.9111 -0.1657 -0.3774
vn 0.3774 -0.1657 -0.9111
vn -0.3774 -0.1657 -0.9111
vn -0.9111 -0.1657 -0.3774
vn -0.9111 -0.1657 0.3774
vn -0.3774 -0.1657 0.9111
vn 0.3774 -0.1657 0.9111
vn 0.9111 -0.1657 0.3774
vn 0.9200 -0.0920 -0.3811
vn 0.3811 -0.0920 -0.9200
vn -0.3811 -0.0920 -0.9200
vn -0.9200 -0.0920 -0.3811
vn -0.9200 -0.0920 0.3811
vn -0.3811 -0.0920 0.9200
vn 0.3811 -0.0920 0.9200
vn 0.9200 -0.0920 0.3811
vn 0.9151 -0.1373 -0.3791
vn 0.3791 -0.1373 -0.9151
vn -0.3791 -0.1373 -0.9151
vn -0.9151 -0.1373 -0.3791
vn -0.9151 -0.1373 0.3791
vn -0.3791 -0.1373 0.9151
vn 0.3791 -0.1373 0.9151
vn 0.9151 -0.1373 0.3791
vn 0.9036 0.2085 -0.3743
vn 0.3743 0.2085 -0.9036
vn -0.3743 0.2085 -0.9036
vn -0.9036 0.2085 -0.3743
vn -0.9036 0.2085 0.3743
vn -0.3743 0.2085 0.9036
vn 0.3743 0.2085 0.9036
vn 0.9036 0.2085 0.3743
vn -0.0000 -1.0000 -0.0000
vn -0.0000 1.0000 -0.0000
vn -0.7866 0.5244 0.3258
vn -0.3258 0.5244 0.7866
vn 0.3258 0.5244 0.7866
vn 0.7866 0.5244 0.3258
vn 0.7866 0.5244 -0.3258
vn 0.3258 0.5244 -0.7866
vn -0.3258 0.5244 -0.7866
vn -0.7866 0.5244 -0.3258
vn -0.9002 0.2250 0.3729
vn -0.3729 0.2250 0.9002
vn 0.3729 0.2250 0.9002
vn 0.9002 0.2250 0.3729
vn 0.9002 0.2250 -0.3729
vn 0.3729 0.2250 -0.9002
vn -0.3729 0.2250 -0.9002
vn -0.9002 0.2250 -0.3729
vn -0.9085 0.1817 0.3763
vn -0.3763 0.1817 0.9085
vn 0.3763 0.1817 0.9085
vn 0.9085 0.1817 0.3763
vn 0.9085 0.1817 -0.3763
vn 0.3763 0.1817 -0.9085
vn -0.3763 0.1817 -0.9085
vn -0.9085 0.1817 -0.3763
vn -0.9020 0.2165 0.3736
vn -0.3736 0.2165 0.9020
vn 0.3736 0.2165 0.9020
vn 0.9020 0.2165 0.3736
vn 0.9020 0.2165 -0.3736
vn 0.3736 0.2165 -0.9020
vn -0.3736 0.2165 -0.9020
vn -0.9020 0.2165 -0.3736
vn -0.9239 -0.0000 0.3827
vn -0.3827 -0.0000 0.9239
vn 0.3827 -0.0000 0.9239
vn 0.9239 -0.0000 0.3827
vn 0.9239 -0.0000 -0.3827
vn 0.3827 -0.0000 -0.9239
vn -0.3827 -0.0000 -0.9239
vn -0.9239 -0.0000 -0.3827
vt 0.000000 0.000000
vt 0.777817 0.000000
vt 0.876812 0.200000
vt 0.000000 0.200000
vt 0.000000 0.000000
vt 0.000000 0.200000
vt -0.777817 0.000000
vt -0.876812 0.200000
vt 0.000000 0.000000
vt 0.000000 0.200000
vt -0.000000 0.000000
vt -0.000000 0.200000
vt 1.103087 1.000000
vt 0.000000 1.000000
vt 0.000000 1.000000
vt -1.103087 1.000000
vt 0.000000 1.000000
vt -0.000000 1.000000
vt 1.244508 2.100000
vt 0.000000 2.100000
vt 0.000000 2.100000
vt -1.244508 2.100000
vt 0.000000 2.100000
vt -0.000000 2.100000
vt 1.301077 2.900000
vt 0.000000 2.900000
vt 0.000000 2.900000
vt -1.301077 2.900000
vt 0.000000 2.900000
vt -0.000000 2.900000
vt 1.343503 3.300000
vt 0.000000 3.300000
vt 0.000000 3.300000
vt -1.343503 3.300000
vt 0.000000 3.300000
vt -0.000000 3.300000
vt 1.301077 3.560000
vt 0.000000 3.560000
vt 0.000000 3.560000
vt -1.301077 3.560000
vt 0.000000 3.560000
vt -0.000000 3.560000
vt 0.777817 -0.777817
vt -0.000000 -1.100000
vt -0.777817 -0.777817
vt -1.100000 0.000000
vt -0.777817 0.777817
vt 0.000000 1.100000
vt 0.777817 0.777817
vt 1.100000 0.000000
vt 1.840000 0.000000
vt 1.301077 1.301077
vt 1.216224 1.216224
vt 1.720000 0.000000
vt 0.000000 1.840000
vt 0.000000 1.720000
vt -1.301077 1.301077
vt -1.216224 1.216224
vt -1.840000 0.000000
vt -1.720000 0.000000
vt -1.301077 -1.301077
vt -1.216224 -1.216224
vt -0.000000 -1.840000
vt -0.000000 -1.720000
vt 1.301077 -1.301077
vt 1.216224 -1.216224
vt 1.216224 3.560000
vt 1.159655 3.440000
vt 0.000000 3.440000
vt 0.000000 3.560000
vt 0.000000 3.440000
vt -1.216224 3.560000
vt -1.159655 3.440000
vt 0.000000 3.560000
vt 0.000000 3.440000
vt -0.000000 3.560000
vt -0.000000 3.440000
vt 1.046518 2.800000
vt 0.000000 2.800000
vt 0.000000 2.800000
vt -1.046518 2.800000
vt 0.000000 2.800000
vt -0.000000 2.800000
vt 0.876812 1.600000
vt 0.000000 1.600000
vt 0.000000 1.600000
vt -0.876812 1.600000
vt 0.000000 1.600000
vt -0.000000 1.600000
vt 0.707107 0.600000
vt 0.000000 0.600000
vt 0.000000 0.600000
vt -0.707107 0.600000
vt 0.000000 0.600000
vt -0.000000 0.600000
vt 0.707107 0.400000
vt 0.000000 0.400000
vt 0.000000 0.400000
vt -0.707107 0.400000
vt 0.000000 0.400000
vt -0.000000 0.400000
vt 1.000000 0.000000
vt 0.707107 0.707107
vt 0.000000 1.000000
vt -0.707107 0.707107
vt -1.000000 0.000000
vt -0.707107 -0.707107
vt -0.000000 -1.000000
vt 0.707107 -0.707107
s 0
usemtl PotMat
f 1/1/1 2/2/1 10/3/1 9/4/1
f 2/2/2 3/5/2 11/6/2 10/3/2
f 3/5/3 4/7/3 12/8/3 11/6/3
f 4/2/4 5/9/4 13/10/4 12/3/4
f 5/9/5 6/7/5 14/8/5 13/10/5
f 6/7/6 7/11/6 15/12/6 14/8/6
f 7/11/7 8/2/7 16/3/7 15/12/7
f 8/7/8 1/1/8 9/4/8 16/8/8
f 9/4/9 10/3/9 18/13/9 17/14/9
f 10/3/10 11/6/10 19/15/10 18/13/10
f 11/6/11 12/8/11 20/16/11 19/15/11
f 12/3/12 13/10/12 21/17/12 20/13/12
f 13/10/13 14/8/13 22/16/13 21/17/13
f 14/8/14 15/12/14 23/18/14 22/16/14
f 15/12/15 16/3/15 24/13/15 23/18/15
f 16/8/16 9/4/16 17/14/16 24/16/16
f 17/14/17 18/13/17 26/19/17 25/20/17
f 18/13/18 19/15/18 27/21/18 26/19/18
f 19/15/19 20/16/19 28/22/19 27/21/19
f 20/13/20 21/17/20 29/23/20 28/19/20
f 21/17/21 22/16/21 30/22/21 29/23/21
f 22/16/22 23/18/22 31/24/22 30/22/22
f 23/18/23 24/13/23 32/19/23 31/24/23
f 24/16/24 17/14/24 25/20/24 32/22/24
f 25/20/25 26/19/25 34/25/25 33/26/25
f 26/19/26 27/21/26 35/27/26 34/25/26
f 27/21/27 28/22/27 36/28/27 35/27/27
f 28/19/28 29/23/28 37/29/28 36/25/28
f 29/23/29 30/22/29 38/28/29 37/29/29
f 30/22/30 31/24/30 39/30/30 38/28/30
f 31/24/31 32/19/31 40/25/31 39/30/31
f 32/22/32 25/20/32 33/26/32 40/28/32
f 33/26/33 34/25/33 42/31/33 41/32/33
f 34/25/34 35/27/34 43/33/34 42/31/34
f 35/27/35 36/28/35 44/34/35 43/33/35
f 36/25/36 37/29/36 45/35/36 44/31/36
f 37/29/37 38/28/37 46/34/37 45/35/37
f 38/28/38 39/30/38 47/36/38 46/34/38
f 39/30/39 40/25/39 48/31/39 47/36/39
f 40/28/40 33/26/40 41/32/40 48/34/40
f 41/32/41 42/31/41 50/37/41 49/38/41
f 42/31/42 43/33/42 51/39/42 50/37/42
f 43/33/43 44/34/43 52/40/43 51/39/43
f 44/31/44 45/35/44 53/41/44 52/37/44
f 45/35/45 46/34/45 54/40/45 53/41/45
f 46/34/46 47/36/46 55/42/46 54/40/46
f 47/36/47 48/31/47 56/37/47 55/42/47
f 48/34/48 41/32/48 49/38/48 56/40/48
f 8/43/49 7/44/49 6/45/49 5/46/49 4/47/49 3/48/49 2/49/49 1/50/49
f 49/51/50 50/52/50 58/53/50 57/54/50
f 50/52/50 51/55/50 59/56/50 58/53/50
f 51/55/50 52/57/50 60/58/50 59/56/50
f 52/57/50 53/59/50 61/60/50 60/58/50
f 53/59/50 54/61/50 62/62/50 61/60/50
f 54/61/50 55/63/50 63/64/50 62/62/50
f 55/63/50 56/65/50 64/66/50 63/64/50
f 56/65/50 49/51/50 57/54/50 64/66/50
f 58/67/51 66/68/51 65/69/51 57/38/51
f 59/70/52 67/71/52 66/68/52 58/67/52
f 60/72/53 68/73/53 67/71/53 59/70/53
f 61/74/54 69/75/54 68/68/54 60/67/54
f 62/72/55 70/73/55 69/75/55 61/74/55
f 63/76/56 71/77/56 70/73/56 62/72/56
f 64/67/57 72/68/57 71/77/57 63/76/57
f 57/38/58 65/69/58 72/73/58 64/72/58
f 66/68/59 74/78/59 73/79/59 65/69/59
f 67/71/60 75/80/60 74/78/60 66/68/60
f 68/73/61 76/81/61 75/80/61 67/71/61
f 69/75/62 77/82/62 76/78/62 68/68/62
f 70/73/63 78/81/63 77/82/63 69/75/63
f 71/77/64 79/83/64 78/81/64 70/73/64
f 72/68/65 80/78/65 79/83/65 71/77/65
f 65/69/66 73/79/66 80/81/66 72/73/66
f 74/78/67 82/84/67 81/85/67 73/79/67
f 75/80/68 83/86/68 82/84/68 74/78/68
f 76/81/69 84/87/69 83/86/69 75/80/69
f 77/82/70 85/88/70 84/84/70 76/78/70
f 78/81/71 86/87/71 85/88/71 77/82/71
f 79/83/72 87/89/72 86/87/72 78/81/72
f 80/78/73 88/84/73 87/89/73 79/83/73
f 73/79/74 81/85/74 88/87/74 80/81/74
f 82/84/75 90/90/75 89/91/75 81/85/75
f 83/86/76 91/92/76 90/90/76 82/84/76
f 84/87/77 92/93/77 91/92/77 83/86/77
f 85/88/78 93/94/78 92/90/78 84/84/78
f 86/87/79 94/93/79 93/94/79 85/88/79
f 87/89/80 95/95/80 94/93/80 86/87/80
f 88/84/81 96/90/81 95/95/81 87/89/81
f 81/85/82 89/91/82 96/93/82 88/87/82
f 90/90/83 98/96/83 97/97/83 89/91/83
f 91/92/84 99/98/84 98/96/84 90/90/84
f 92/93/85 100/99/85 99/98/85 91/92/85
f 93/94/86 101/100/86 100/96/86 92/90/86
f 94/93/87 102/99/87 101/100/87 93/94/87
f 95/95/88 103/101/88 102/99/88 94/93/88
f 96/90/89 104/96/89 103/101/89 95/95/89
f 89/91/90 97/97/90 104/99/90 96/93/90
f 97/102/50 98/103/50 99/104/50 100/105/50 101/106/50 102/107/50 103/108/50 104/109/50
o Soil
v 0.000000 1.660000 0.000000
v 0.400000 1.655000 0.000000
v 0.282843 1.645000 -0.282843
v 0.000000 1.655000 -0.400000
v -0.282843 1.645000 -0.282843
v -0.400000 1.655000 -0.000000
v -0.282843 1.645000 0.282843
v -0.000000 1.655000 0.400000
v 0.282843 1.645000 0.282843
v 0.720626 1.640000 -0.298493
v 0.298493 1.640000 -0.720626
v -0.298493 1.640000 -0.720626
v -0.720626 1.640000 -0.298493
v -0.720626 1.640000 0.298493
v -0.298493 1.640000 0.720626
v 0.298493 1.640000 0.720626
v 0.720626 1.640000 0.298493
vn 0.0125 0.9991 -0.0405
vn 0.0405 0.9991 -0.0125
vn -0.0405 0.9991 -0.0125
vn -0.0125 0.9991 -0.0405
vn -0.0125 0.9991 0.0405
vn -0.0405 0.9991 0.0125
vn 0.0405 0.9991 0.0125
vn 0.0125 0.9991 0.0405
vn 0.0106 0.9997 -0.0223
vn 0.0156 0.9994 -0.0322
vn -0.0223 0.9997 -0.0106
vn -0.0322 0.9994 -0.0156
vn -0.0106 0.9997 0.0223
vn -0.0156 0.9994 0.0322
vn 0.0223 0.9997 0.0106
vn 0.0322 0.9994 0.0156
vt 0.000000 0.000000
vt 1.200000 0.000000
vt 0.848528 0.848528
vt 0.000000 1.200000
vt -0.848528 0.848528
vt -1.200000 0.000000
vt -0.848528 -0.848528
vt -0.000000 -1.200000
vt 0.848528 -0.848528
vt 2.161878 0.895479
vt 0.895479 2.161878
vt -0.895479 2.161878
vt -2.161878 0.895479
vt -2.161878 -0.895479
vt -0.895479 -2.161878
vt 0.895479 -2.161878
vt 2.161878 -0.895479
s 0
usemtl SoilMat
f 105/110/91 106/111/91 107/112/91
f 105/110/92 107/112/92 108/113/92
f 105/110/93 108/113/93 109/114/93
f 105/110/94 109/114/94 110/115/94
f 105/110/95 110/115/95 111/116/95
f 105/110/96 111/116/96 112/117/96
f 105/110/97 112/117/97 113/118/97
f 105/110/98 113/118/98 106/111/98
f 106/111/99 114/119/99 115/120/99 107/112/99
f 107/112/100 115/120/100 116/121/100 108/113/100
f 108/113/101 116/121/101 117/122/101 109/114/101
f 109/114/102 117/122/102 118/123/102 110/115/102
f 110/115/103 118/123/103 119/124/103 111/116/103
f 111/116/104 119/124/104 120/125/104 112/117/104
f 112/117/105 120/125/105 121/126/105 113/118/105
f 113/118/106 121/126/106 114/119/106 106/111/106
o Saucer
v 1.000000 -0.080000 0.000000
v 0.707107 -0.080000 -0.707107
v 0.000000 -0.080000 -1.000000
v -0.707107 -0.080000 -0.707107
v -1.000000 -0.080000 -0.000000
v -0.707107 -0.080000 0.707107
v -0.000000 -0.080000 1.000000
v 0.707107 -0.080000 0.707107
v 1.050000 -0.020000 0.000000
v 0.742462 -0.020000 -0.742462
v 0.000000 -0.020000 -1.050000
v -0.742462 -0.020000 -0.742462
v -1.050000 -0.020000 -0.000000
v -0.742462 -0.020000 0.742462
v -0.000000 -0.020000 1.050000
v 0.742462 -0.020000 0.742462
v 1.000000 0.040000 0.000000
v 0.707107 0.040000 -0.707107
v 0.000000 0.040000 -1.000000
v -0.707107 0.040000 -0.707107
v -1.000000 0.040000 -0.000000
v -0.707107 0.040000 0.707107
v -0.000000 0.040000 1.000000
v 0.707107 0.040000 0.707107
vn 0.7321 -0.6100 -0.3032
vn 0.3032 -0.6100 -0.7321
vn -0.3032 -0.6100 -0.7321
vn -0.7321 -0.6100 -0.3032
vn -0.7321 -0.6100 0.3032
vn -0.3032 -0.6100 0.7321
vn 0.3032 -0.6100 0.7321
vn 0.7321 -0.6100 0.3032
vn 0.7321 0.6100 -0.3032
vn 0.3032 0.6100 -0.7321
vn -0.3032 0.6100 -0.7321
vn -0.7321 0.6100 -0.3032
vn -0.7321 0.6100 0.3032
vn -0.3032 0.6100 0.7321
vn 0.3032 0.6100 0.7321
vn 0.7321 0.6100 0.3032
vn -0.0000 -1.0000 -0.0000
vn -0.0000 1.0000 -0.0000
vt 0.000000 -0.240000
vt 2.121320 -0.240000
vt 2.227386 -0.060000
vt 0.000000 -0.060000
vt 0.000000 -0.240000
vt 0.000000 -0.060000
vt -2.121320 -0.240000
vt -2.227386 -0.060000
vt 0.000000 -0.240000
vt 0.000000 -0.060000
vt -0.000000 -0.240000
vt -0.000000 -0.060000
vt 2.121320 0.120000
vt 0.000000 0.120000
vt 0.000000 0.120000
vt -2.121320 0.120000
vt 0.000000 0.120000
vt -0.000000 0.120000
vt 2.121320 -2.121320
vt -0.000000 -3.000000
vt -2.121320 -2.121320
vt -3.000000 0.000000
vt -2.121320 2.121320
vt 0.000000 3.000000
vt 2.121320 2.121320
vt 3.000000 0.000000
s 0
usemtl SaucerMat
f 122/127/107 123/128/107 131/129/107 130/130/107
f 123/128/108 124/131/108 132/132/108 131/129/108
f 124/131/109 125/133/109 133/134/109 132/132/109
f 125/128/110 126/135/110 134/136/110 133/129/110
f 126/135/111 127/133/111 135/134/111 134/136/111
f 127/133/112 128/137/112 136/138/112 135/134/112
f 128/137/113 129/128/113 137/129/113 136/138/113
f 129/133/114 122/127/114 130/130/114 137/134/114
f 130/130/115 131/129/115 139/139/115 138/140/115
f 131/129/116 132/132/116 140/141/116 139/139/116
f 132/132/117 133/134/117 141/142/117 140/141/117
f 133/129/118 134/136/118 142/143/118 141/139/118
f 134/136/119 135/134/119 143/142/119 142/143/119
f 135/134/120 136/138/120 144/144/120 143/142/120
f 136/138/121 137/129/121 145/139/121 144/144/121
f 137/134/122 130/130/122 138/140/122 145/142/122
f 129/145/123 128/146/123 127/147/123 126/148/123 125/149/123 124/150/123 123/151/123 122/152/123
f 138/152/124 139/151/124 140/150/124 141/149/124 142/148/124 143/147/124 144/146/124 145/145/124
o FrondCard_000
v 0.090614 1.714744 -0.055869
v -0.002477 1.714744 -0.097462
v 0.205475 1.764330 -0.108414
v -0.039908 1.764404 -0.218218
v 0.318811 1.806660 -0.161388
v -0.075575 1.806991 -0.338436
v 0.429108 1.841769 -0.215484
v -0.107966 1.842474 -0.457421
v 0.534909 1.869681 -0.271354
v -0.135624 1.870824 -0.574522
v 0.634857 1.890429 -0.329623
v -0.157190 1.892010 -0.689112
v 0.727720 1.904045 -0.390879
v -0.171435 1.906000 -0.800607
v 0.812419 1.910559 -0.455657
v -0.177277 1.912765 -0.908468
v 0.888048 1.909991 -0.524432
v -0.173812 1.912283 -1.012223
v 0.953891 1.902355 -0.597600
v -0.160324 1.904542 -1.111474
v 1.009436 1.887649 -0.675472
v -0.136299 1.889543 -1.205911
v 1.054382 1.865862 -0.758260
v -0.101439 1.867296 -1.295321
v 1.088645 1.836973 -0.846070
v -0.055656 1.837824 -1.379600
v 1.112355 1.800954 -0.938897
v 0.000915 1.801154 -1.458750
v 1.125859 1.757773 -1.036625
v 0.067931 1.757317 -1.532890
v 1.129708 1.707401 -1.139027
v 0.144839 1.706344 -1.602245
v 1.124650 1.649810 -1.245774
v 0.230892 1.648262 -1.667145
v 1.111611 1.584978 -1.356440
v 0.325163 1.583094 -1.728016
v 1.091683 1.512886 -1.470512
v 0.426561 1.510856 -1.785370
v 1.066096 1.433526 -1.587406
v 0.533856 1.431559 -1.839792
v 1.036198 1.346894 -1.706473
v 0.645699 1.345207 -1.891931
v 1.003426 1.252991 -1.827021
v 0.760654 1.251796 -1.942477
v 0.969283 1.151814 -1.948335
v 0.877217 1.151333 -1.992148
vn -0.1890 0.8862 0.4230
vn -0.1666 0.9128 0.3729
vn -0.1421 0.9373 0.3183
vn -0.1157 0.9588 0.2596
vn -0.0875 0.9765 0.1972
vn -0.0579 0.9896 0.1318
vn -0.0272 0.9976 0.0643
vn 0.0041 1.0000 -0.0042
vn 0.0355 0.9967 -0.0726
vn 0.0663 0.9880 -0.1397
vn 0.0963 0.9741 -0.2045
vn 0.1248 0.9558 -0.2661
vn 0.1517 0.9339 -0.3239
vn 0.1767 0.9090 -0.3775
vn 0.1997 0.8821 -0.4266
vn 0.2207 0.8539 -0.4713
vn 0.2398 0.8250 -0.5117
vn 0.2570 0.7960 -0.5480
vn 0.2725 0.7672 -0.5806
vn 0.2864 0.7391 -0.6097
vn 0.2988 0.7118 -0.6357
vn 0.3100 0.6854 -0.6589
vt 0.020000 0.000000
vt 0.020000 0.045455
vt 0.980000 0.045455
vt 0.980000 0.000000
vt 0.020000 0.090909
vt 0.980000 0.090909
vt 0.020000 0.136364
vt 0.980000 0.136364
vt 0.020000 0.181818
vt 0.980000 0.181818
vt 0.020000 0.227273
vt 0.980000 0.227273
vt 0.020000 0.272727
vt 0.980000 0.272727
vt 0.020000 0.318182
vt 0.980000 0.318182
vt 0.020000 0.363636
vt 0.980000 0.363636
vt 0.020000 0.409091
vt 0.980000 0.409091
vt 0.020000 0.454545
vt 0.980000 0.454545
vt 0.020000 0.500000
vt 0.980000 0.500000
vt 0.020000 0.545455
vt 0.980000 0.545455
vt 0.020000 0.590909
vt 0.980000 0.590909
vt 0.020000 0.636364
vt 0.980000 0.636364
vt 0.020000 0.681818
vt 0.980000 0.681818
vt 0.020000 0.727273
vt 0.980000 0.727273
vt 0.020000 0.772727
vt 0.980000 0.772727
vt 0.020000 0.818182
vt 0.980000 0.818182
vt 0.020000 0.863636
vt 0.980000 0.863636
vt 0.020000 0.909091
vt 0.980000 0.909091
vt 0.020000 0.954545
vt 0.980000 0.954545
vt 0.020000 1.000000
vt 0.980000 1.000000
s 0
usemtl FrondCardMat
f 146/153/125 148/154/125 149/155/125 147/156/125
f 148/154/126 150/157/126 151/158/126 149/155/126
f 150/157/127 152/159/127 153/160/127 151/158/127
f 152/159/128 154/161/128 155/162/128 153/160/128
f 154/161/129 156/163/129 157/164/129 155/162/129
f 156/163/130 158/165/130 159/166/130 157/164/130
f 158/165/131 160/167/131 161/168/131 159/166/131
f 160/167/132 162/169/132 163/170/132 161/168/132
f 162/169/133 164/171/133 165/172/133 163/170/133
f 164/171/134 166/173/134 167/174/134 165/172/134
f 166/173/135 168/175/135 169/176/135 167/174/135
f 168/175/136 170/177/136 171/178/136 169/176/136
f 170/177/137 172/179/137 173/180/137 171/178/137
f 172/179/138 174/181/138 175/182/138 173/180/138
f 174/181/139 176/183/139 177/184/139 175/182/139
f 176/183/140 178/185/140 179/186/140 177/184/140
f 178/185/141 180/187/141 181/188/141 179/186/141
f 180/187/142 182/189/142 183/190/142 181/188/142
f 182/189/143 184/191/143 185/192/143 183/190/143
f 184/191/144 186/193/144 187/194/144 185/192/144
f 186/193/145 188/195/145 189/196/145 187/194/145
f 188/195/146 190/197/146 191/198/146 189/196/146
o FrondCard_001
v -0.054992 1.747674 -0.106255
v -0.106629 1.747674 -0.022012
v -0.100736 1.793822 -0.229132
v -0.236664 1.793717 -0.006881
v -0.147787 1.831860 -0.350603
v -0.365628 1.831407 0.007251
v -0.196961 1.861731 -0.469276
v -0.492704 1.860800 0.018989
v -0.249057 1.883387 -0.583826
v -0.617093 1.881945 0.027010
v -0.304799 1.896776 -0.692996
v -0.738072 1.894892 0.030057
v -0.364820 1.901850 -0.795625
v -0.855007 1.899691 0.026968
v -0.429653 1.898572 -0.890669
v -0.967366 1.896379 0.016700
v -0.499722 1.886921 -0.977231
v -1.074724 1.884976 -0.001645
v -0.575341 1.866896 -1.054576
v -1.176768 1.865482 -0.028801
v -0.656714 1.838516 -1.122155
v -1.273293 1.837882 -0.065318
v -0.743937 1.801812 -1.179619
v -1.364202 1.802141 -0.111544
v -0.837002 1.756828 -1.226826
v -1.449507 1.758216 -0.167622
v -0.935793 1.703613 -1.263845
v -1.529320 1.706059 -0.233481
v -1.040094 1.642215 -1.290960
v -1.603858 1.645622 -0.308841
v -1.149592 1.572676 -1.308654
v -1.673436 1.576861 -0.393215
v -1.263877 1.495032 -1.317606
v -1.738461 1.499743 -0.485926
v -1.382451 1.409308 -1.318672
v -1.799432 1.414240 -0.586117
v -1.504739 1.315521 -1.312867
v -1.856926 1.320337 -0.692774
v -1.630094 1.213677 -1.301343
v -1.911588 1.218028 -0.804744
v -1.757810 1.103774 -1.285366
v -1.964124 1.107314 -0.920762
v -1.887137 0.985800 -1.266289
v -2.015284 0.988207 -1.039474
v -2.017284 0.859756 -1.245516
v -2.065860 0.860707 -1.159477
vn 0.3480 0.9129 0.2133
vn 0.2940 0.9387 0.1802
vn 0.2355 0.9611 0.1445
vn 0.1731 0.9791 0.1066
vn 0.1075 0.9919 0.0671
vn 0.0399 0.9989 0.0265
vn -0.0286 0.9995 -0.0145
vn -0.0966 0.9938 -0.0549
vn -0.1630 0.9821 -0.0942
vn -0.2267 0.9650 -0.1316
vn -0.2866 0.9434 -0.1667
vn -0.3424 0.9182 -0.1991
vn -0.3935 0.8904 -0.2288
vn -0.4400 0.8609 -0.2555
vn -0.4820 0.8304 -0.2796
vn -0.5196 0.7997 -0.3010
vn -0.5531 0.7692 -0.3200
vn -0.5830 0.7394 -0.3368
vn -0.6095 0.7105 -0.3517
vn -0.6331 0.6827 -0.3649
vn -0.6540 0.6561 -0.3765
vn -0.6727 0.6308 -0.3867
vt 0.020000 0.000000
vt 0.020000 0.045455
vt 0.980000 0.045455
vt 0.980000 0.000000
vt 0.020000 0.090909
vt 0.980000 0.090909
vt 0.020000 0.136364
vt 0.980000 0.136364
vt 0.020000 0.181818
vt 0.980000 0.181818
vt 0.020000 0.227273
vt 0.980000 0.227273
vt 0.020000 0.272727
vt 0.980000 0.272727
vt 0.020000 0.318182
vt 0.980000 0.318182
vt 0.020000 0.363636
vt 0.980000 0.363636
vt 0.020000 0.409091
vt 0.980000 0.409091
vt 0.020000 0.454545
vt 0.980000 0.454545
vt 0.020000 0.500000
vt 0.980000 0.500000
vt 0.020000 0.545455
vt 0.980000 0.545455
vt 0.020000 0.590909
vt 0.980000 0.590909
vt 0.020000 0.636364
vt 0.980000 0.636364
vt 0.020000 0.681818
vt 0.980000 0.681818
vt 0.020000 0.727273
vt 0.980000 0.727273
vt 0.020000 0.772727
vt 0.980000 0.772727
vt 0.020000 0.818182
vt 0.980000 0.818182
vt 0.020000 0.863636
vt 0.980000 0.863636
vt 0.020000 0.909091
vt 0.980000 0.909091
vt 0.020000 0.954545
vt 0.980000 0.954545
vt 0.020000 1.000000
vt 0.980000 1.000000
s 0
usemtl FrondCardMat
f 192/199/147 194/200/147 195/201/147 193/202/147
f 194/200/148 196/203/148 197/204/148 195/201/148
f 196/203/149 198/205/149 199/206/149 197/204/149
f 198/205/150 200/207/150 201/208/150 199/206/150
f 200/207/151 202/209/151 203/210/151 201/208/151
f 202/209/152 204/211/152 205/212/152 203/210/152
f 204/211/153 206/213/153 207/214/153 205/212/153
f 206/213/154 208/215/154 209/216/154 207/214/154
f 208/215/155 210/217/155 211/218/155 209/216/155
f 210/217/156 212/219/156 213/220/156 211/218/156
f 212/219/157 214/221/157 215/222/157 213/220/157
f 214/221/158 216/223/158 217/224/158 215/222/158
f 216/223/159 218/225/159 219/226/159 217/224/159
f 218/225/160 220/227/160 221/228/160 219/226/160
f 220/227/161 222/229/161 223/230/161 221/228/161
f 222/229/162 224/231/162 225/232/162 223/230/162
f 224/231/163 226/233/163 227/234/163 225/232/163
f 226/233/164 228/235/164 229/236/164 227/234/164
f 228/235/165 230/237/165 231/238/165 229/236/165
f 230/237/166 232/239/166 233/240/166 231/238/166
f 232/239/167 234/241/167 235/242/167 233/240/167
f 234/241/168 236/243/168 237/244/168 235/242/168
o FrondCard_002
v 0.088221 1.687060 -0.201636
v -0.011125 1.687060 -0.228079
v 0.194546 1.760884 -0.274034
v -0.067423 1.760792 -0.343631
v 0.299135 1.826729 -0.347097
v -0.122249 1.826299 -0.458584
v 0.400364 1.884567 -0.421255
v -0.173981 1.883607 -0.572510
v 0.496682 1.934375 -0.496932
v -0.221067 1.932739 -0.684982
v 0.586632 1.976124 -0.574515
v -0.262050 1.973725 -0.795614
v 0.668881 2.009775 -0.654343
v -0.295598 2.006603 -0.904068
v 0.742247 2.035288 -0.736696
v -0.320528 2.031413 -1.010064
v 0.805722 2.052621 -0.821786
v -0.335832 2.048198 -1.113389
v 0.858492 2.061741 -0.909759
v -0.340697 2.056991 -1.213898
v 0.899958 2.062627 -1.000688
v -0.334523 2.057811 -1.311517
v 0.929746 2.055274 -1.094583
v -0.316936 2.050665 -1.406236
v 0.947716 2.039692 -1.191393
v -0.287797 2.035542 -1.498106
v 0.953970 2.015907 -1.291018
v -0.247206 2.012416 -1.587229
v 0.948847 1.983955 -1.393309
v -0.195504 1.981253 -1.673751
v 0.932919 1.943874 -1.498078
v -0.133263 1.942012 -1.757863
v 0.906978 1.895705 -1.605099
v -0.061274 1.894654 -1.839788
v 0.872022 1.839483 -1.714116
v 0.019465 1.839142 -1.919784
v 0.829229 1.775237 -1.824838
v 0.107775 1.775450 -1.998142
v 0.779938 1.702988 -1.936948
v 0.202319 1.703556 -2.075177
v 0.725617 1.622745 -2.050107
v 0.301627 1.623448 -2.151231
v 0.667834 1.534514 -2.163954
v 0.404132 1.535124 -2.226662
v 0.608222 1.438307 -2.278105
v 0.508199 1.438570 -2.301857
vn -0.1555 0.7967 0.5841
vn -0.1440 0.8287 0.5409
vn -0.1311 0.8605 0.4923
vn -0.1168 0.8913 0.4381
vn -0.1011 0.9202 0.3782
vn -0.0841 0.9462 0.3126
vn -0.0657 0.9681 0.2418
vn -0.0464 0.9850 0.1665
vn -0.0263 0.9958 0.0880
vn -0.0058 1.0000 0.0076
vn 0.0145 0.9972 -0.0730
vn 0.0344 0.9878 -0.1521
vn 0.0535 0.9721 -0.2283
vn 0.0713 0.9512 -0.3004
vn 0.0879 0.9259 -0.3673
vn 0.1029 0.8976 -0.4287
vn 0.1165 0.8671 -0.4844
vn 0.1286 0.8354 -0.5343
vn 0.1393 0.8034 -0.5789
vn 0.1488 0.7716 -0.6185
vn 0.1571 0.7404 -0.6535
vn 0.1644 0.7103 -0.6845
vt 0.020000 0.000000
vt 0.020000 0.045455
vt 0.980000 0.045455
vt 0.980000 0.000000
vt 0.020000 0.090909
vt 0.980000 0.090909
vt 0.020000 0.136364
vt 0.980000 0.136364
vt 0.020000 0.181818
vt 0.980000 0.181818
vt 0.020000 0.227273
vt 0.980000 0.227273
vt 0.020000 0.272727
vt 0.980000 0.272727
vt 0.020000 0.318182
vt 0.980000 0.318182
vt 0.020000 0.363636
vt 0.980000 0.363636
vt 0.020000 0.409091
vt 0.980000 0.409091
vt 0.020000 0.454545
vt 0.980000 0.454545
vt 0.020000 0.500000
vt 0.980000 0.500000
vt 0.020000 0.545455
vt 0.980000 0.545455
vt 0.020000 0.590909
vt 0.980000 0.590909
vt 0.020000 0.636364
vt 0.980000 0.636364
vt 0.020000 0.681818
vt 0.980000 0.681818
vt 0.020000 0.727273
vt 0.980000 0.727273
vt 0.020000 0.772727
vt 0.980000 0.772727
vt 0.020000 0.818182
vt 0.980000 0.818182
vt 0.020000 0.863636
vt 0.980000 0.863636
vt 0.020000 0.909091
vt 0.980000 0.909091
vt 0.020000 0.954545
vt 0.980000 0.954545
vt 0.020000 1.000000
vt 0.980000 1.000000
s 0
usemtl FrondCardMat
f 238/245/169 240/246/169 241/247/169 239/248/169
f 240/246/170 242/249/170 243/250/170 241/247/170
f 242/249/171 244/251/171 245/252/171 243/250/171
f 244/251/172 246/253/172 247/254/172 245/252/172
f 246/253/173 248/255/173 249/256/173 247/254/173
f 248/255/174 250/257/174 251/258/174 249/256/174
f 250/257/175 252/259/175 253/260/175 251/258/175
f 252/259/176 254/261/176 255/262/176 253/260/176
f 254/261/177 256/263/177 257/264/177 255/262/177
f 256/263/178 258/265/178 259/266/178 257/264/178
f 258/265/179 260/267/179 261/268/179 259/266/179
f 260/267/180 262/269/180 263/270/180 261/268/180
f 262/269/181 264/271/181 265/272/181 263/270/181
f 264/271/182 266/273/182 267/274/182 265/272/182
f 266/273/183 268/275/183 269/276/183 267/274/183
f 268/275/184 270/277/184 271/278/184 269/276/184
f 270/277/185 272/279/185 273/280/185 271/278/185
f 272/279/186 274/281/186 275/282/186 273/280/186
f 274/281/187 276/283/187 277/284/187 275/282/187
f 276/283/188 278/285/188 279/286/188 277/284/188
f 278/285/189 280/287/189 281/288/189 279/286/189
f 280/287/190 282/289/190 283/290/190 281/288/190
o FrondCard_003
v -0.142602 1.699736 -0.091536
v -0.163305 1.699736 0.028122
v -0.276285 1.767867 -0.215513
v -0.331374 1.768082 0.099892
v -0.409452 1.828042 -0.337925
v -0.499720 1.829019 0.168978
v -0.542526 1.880347 -0.456829
v -0.667919 1.882459 0.233439
v -0.675856 1.924845 -0.570354
v -0.835625 1.928339 0.291402
v -0.809806 1.961607 -0.676752
v -1.002471 1.966591 0.341120
v -0.944751 1.990706 -0.774438
v -1.168083 1.997139 0.381008
v -1.081067 2.012214 -0.862022
v -1.332085 2.019912 0.409675
v -1.219123 2.026195 -0.938333
v -1.494108 2.034847 0.425952
v -1.359269 2.032697 -1.002447
v -1.653803 2.041895 0.428914
v -1.501823 2.031750 -1.053706
v -1.810850 2.041026 0.417902
v -1.647060 2.023362 -1.091725
v -1.964974 2.032232 0.392532
v -1.795201 2.007521 -1.116402
v -2.115957 2.015525 0.352703
v -1.946396 1.984190 -1.127918
v -2.263647 1.990941 0.298594
v -2.100721 1.953318 -1.126734
v -2.407967 1.958533 0.230667
v -2.258168 1.914838 -1.113575
v -2.548927 1.918368 0.149647
v -2.418646 1.868676 -1.089420
v -2.686617 1.870518 0.056513
v -2.581974 1.814756 -1.055479
v -2.821217 1.815060 -0.047526
v -2.747892 1.753006 -1.013166
v -2.952989 1.752067 -0.161054
v -2.916062 1.683362 -0.964073
v -3.082270 1.681601 -0.282480
v -3.086080 1.605776 -0.909939
v -3.209464 1.603713 -0.410066
v -3.257486 1.520211 -0.852609
v -3.335031 1.518436 -0.541966
v -3.429845 1.426603 -0.794022
v -3.459406 1.425836 -0.676241
vn 0.4011 0.9134 0.0694
vn 0.3624 0.9299 0.0627
vn 0.3217 0.9452 0.0555
vn 0.2791 0.9591 0.0478
vn 0.2347 0.9712 0.0396
vn 0.1888 0.9815 0.0310
vn 0.1416 0.9897 0.0219
vn 0.0934 0.9955 0.0125
vn 0.0446 0.9990 0.0027
vn -0.0045 1.0000 -0.0073
vn -0.0536 0.9984 -0.0175
vn -0.1022 0.9944 -0.0278
vn -0.1500 0.9879 -0.0381
vn -0.1967 0.9793 -0.0483
vn -0.2420 0.9685 -0.0584
vn -0.2856 0.9559 -0.0684
vn -0.3274 0.9417 -0.0780
vn -0.3671 0.9261 -0.0874
vn -0.4049 0.9093 -0.0964
vn -0.4404 0.8916 -0.1051
vn -0.4739 0.8733 -0.1133
vn -0.5052 0.8544 -0.1212
vt 0.020000 0.000000
vt 0.020000 0.045455
vt 0.980000 0.045455
vt 0.980000 0.000000
vt 0.020000 0.090909
vt 0.980000 0.090909
vt 0.020000 0.136364
vt 0.980000 0.136364
vt 0.020000 0.181818
vt 0.980000 0.181818
vt 0.020000 0.227273
vt 0.980000 0.227273
vt 0.020000 0.272727
vt 0.980000 0.272727
vt 0.020000 0.318182
vt 0.980000 0.318182
vt 0.020000 0.363636
vt 0.980000 0.363636
vt 0.020000 0.409091
vt 0.980000 0.409091
vt 0.020000 0.454545
vt 0.980000 0.454545
vt 0.020000 0.500000
vt 0.980000 0.500000
vt 0.020000 0.545455
vt 0.980000 0.545455
vt 0.020000 0.590909
vt 0.980000 0.590909
vt 0.020000 0.636364
vt 0.980000 0.636364
vt 0.020000 0.681818
vt 0.980000 0.681818
vt 0.020000 0.727273
vt 0.980000 0.727273
vt 0.020000 0.772727
vt 0.980000 0.772727
vt 0.020000 0.818182
vt 0.980000 0.818182
vt 0.020000 0.863636
vt 0.980000 0.863636
vt 0.020000 0.909091
vt 0.980000 0.909091
vt 0.020000 0.954545
vt 0.980000 0.954545
vt 0.020000 1.000000
vt 0.980000 1.000000
s 0
usemtl FrondCardMat
f 284/291/191 286/292/191 287/293/191 285/294/191
f 286/292/192 288/295/192 289/296/192 287/293/192
f 288/295/193 290/297/193 291/298/193 289/296/193
f 290/297/194 292/299/194 293/300/194 291/298/194
f 292/299/195 294/301/195 295/302/195 293/300/195
f 294/301/196 296/303/196 297/304/196 295/302/196
f 296/303/197 298/305/197 299/306/197 297/304/197
f 298/305/198 300/307/198 301/308/198 299/306/198
f 300/307/199 302/309/199 303/310/199 301/308/199
f 302/309/200 304/311/200 305/312/200 303/310/200
f 304/311/201 306/313/201 307/314/201 305/312/201
f 306/313/202 308/315/202 309/316/202 307/314/202
f 308/315/203 310/317/203 311/318/203 309/316/203
f 310/317/204 312/319/204 313/320/204 311/318/204
f 312/319/205 314/321/205 315/322/205 313/320/205
f 314/321/206 316/323/206 317/324/206 315/322/206
f 316/323/207 318/325/207 319/326/207 317/324/207
f 318/325/208 320/327/208 321/328/208 319/326/208
f 320/327/209 322/329/209 323/330/209 321/328/209
f 322/329/210 324/331/210 325/332/210 323/330/210
f 324/331/211 326/333/211 327/334/211 325/332/211
f 326/333/212 328/335/212 329/336/212 327/334/212
o FrondCard_004
v -0.002266 1.689960 0.206100
v 0.096844 1.689960 0.163693
v -0.047027 1.822443 0.325735
v 0.214250 1.822314 0.213836
v -0.089921 1.944083 0.444731
v 0.330101 1.943451 0.264477
v -0.129325 2.054867 0.562411
v 0.442774 2.053381 0.316293
v -0.163674 2.154795 0.678139
v 0.550705 2.152107 0.369920
v -0.191503 2.243853 0.791324
v 0.652427 2.239640 0.425949
v -0.211474 2.322011 0.901424
v 0.746603 2.316012 0.484923
v -0.222409 2.389219 1.007954
v 0.832055 2.381272 0.547326
v -0.223314 2.445404 1.110490
v 0.907790 2.435494 0.613583
v -0.213409 2.490471 1.208663
v 0.973025 2.478771 0.684061
v -0.192143 2.524317 1.302156
v 1.027213 2.511208 0.759078
v -0.159216 2.546843 1.390705
v 1.070051 2.532904 0.838899
v -0.114580 2.557981 1.474103
v 1.101492 2.543926 0.923731
v -0.058431 2.557713 1.552221
v 1.121732 2.544291 1.013701
v 0.008801 2.546083 1.625043
v 1.131202 2.533957 1.108827
v 0.086477 2.523180 1.692687
v 1.130539 2.512834 1.208990
v 0.173771 2.489119 1.755423
v 1.120569 2.480809 1.313921
v 0.269685 2.444011 1.813665
v 1.102292 2.437767 1.423204
v 0.373065 2.387951 1.867954
v 1.076862 2.383617 1.536300
v 0.482618 2.321003 1.918932
v 1.045570 2.318293 1.652566
v 0.596934 2.243207 1.967316
v 1.009827 2.241756 1.771286
v 0.714510 2.154576 2.013875
v 0.971136 2.153991 1.891689
v 0.833767 2.055137 2.059388
v 0.931075 2.054973 2.012998
vn -0.3227 0.5720 -0.7541
vn -0.3131 0.6054 -0.7318
vn -0.3017 0.6417 -0.7052
vn -0.2880 0.6808 -0.6735
vn -0.2715 0.7227 -0.6356
vn -0.2518 0.7668 -0.5904
vn -0.2282 0.8125 -0.5365
vn -0.2001 0.8582 -0.4727
vn -0.1670 0.9020 -0.3981
vn -0.1290 0.9411 -0.3125
vn -0.0861 0.9724 -0.2166
vn -0.0395 0.9928 -0.1129
vn 0.0093 0.9999 -0.0048
vn 0.0583 0.9929 0.1032
vn 0.1055 0.9727 0.2068
vn 0.1493 0.9415 0.3022
vn 0.1885 0.9024 0.3875
vn 0.2229 0.8587 0.4616
vn 0.2523 0.8129 0.5249
vn 0.2773 0.7673 0.5783
vn 0.2983 0.7231 0.6230
vn 0.3160 0.6812 0.6604
vt 0.020000 0.000000
vt 0.020000 0.045455
vt 0.980000 0.045455
vt 0.980000 0.000000
vt 0.020000 0.090909
vt 0.980000 0.090909
vt 0.020000 0.136364
vt 0.980000 0.136364
vt 0.020000 0.181818
vt 0.980000 0.181818
vt 0.020000 0.227273
vt 0.980000 0.227273
vt 0.020000 0.272727
vt 0.980000 0.272727
vt 0.020000 0.318182
vt 0.980000 0.318182
vt 0.020000 0.363636
vt 0.980000 0.363636
vt 0.020000 0.409091
vt 0.980000 0.409091
vt 0.020000 0.454545
vt 0.980000 0.454545
vt 0.020000 0.500000
vt 0.980000 0.500000
vt 0.020000 0.545455
vt 0.980000 0.545455
vt 0.020000 0.590909
vt 0.980000 0.590909
vt 0.020000 0.636364
vt 0.980000 0.636364
vt 0.020000 0.681818
vt 0.980000 0.681818
vt 0.020000 0.727273
vt 0.980000 0.727273
vt 0.020000 0.772727
vt 0.980000 0.772727
vt 0.020000 0.818182
vt 0.980000 0.818182
vt 0.020000 0.863636
vt 0.980000 0.863636
vt 0.020000 0.909091
vt 0.980000 0.909091
vt 0.020000 0.954545
vt 0.980000 0.954545
vt 0.020000 1.000000
vt 0.980000 1.000000
s 0
usemtl FrondCardMat
f 330/337/213 332/338/213 333/339/213 331/340/213
f 332/338/214 334/341/214 335/342/214 333/339/214
f 334/341/215 336/343/215 337/344/215 335/342/215
f 336/343/216 338/345/216 339/346/216 337/344/216
f 338/345/217 340/347/217 341/348/217 339/346/217
f 340/347/218 342/349/218 343/350/218 341/348/218
f 342/349/219 344/351/219 345/352/219 343/350/219
f 344/351/220 346/353/220 347/354/220 345/352/220
f 346/353/221 348/355/221 349/356/221 347/354/221
f 348/355/222 350/357/222 351/358/222 349/356/222
f 350/357/223 352/359/223 353/360/223 351/358/223
f 352/359/224 354/361/224 355/362/224 353/360/224
f 354/361/225 356/363/225 357/364/225 355/362/225
f 356/363/226 358/365/226 359/366/226 357/364/226
f 358/365/227 360/367/227 361/368/227 359/366/227
f 360/367/228 362/369/228 363/370/228 361/368/228
f 362/369/229 364/371/229 365/372/229 363/370/229
f 364/371/230 366/373/230 367/374/230 365/372/230
f 366/373/231 368/375/231 369/376/231 367/374/231
f 368/375/232 370/377/232 371/378/232 369/376/232
f 370/377/233 372/379/233 373/380/233 371/378/233
f 372/379/234 374/381/234 375/382/234 373/380/234
o FrondCard_005
v 0.046536 1.673096 -0.084300
v -0.053176 1.673096 -0.068785
v 0.112352 1.731276 -0.198409
v -0.150605 1.731462 -0.157845
v 0.176924 1.782243 -0.311782
v -0.246113 1.783092 -0.247723
v 0.238617 1.826068 -0.424202
v -0.338064 1.827915 -0.338635
v 0.295869 1.862805 -0.535425
v -0.424895 1.865876 -0.430827
v 0.347210 1.892520 -0.645253
v -0.505138 1.896909 -0.524494
v 0.391296 1.915286 -0.753542
v -0.577448 1.920942 -0.619781
v 0.426933 1.931176 -0.860207
v -0.640631 1.937901 -0.716774
v 0.453104 1.940253 -0.965222
v -0.693670 1.947723 -0.815498
v 0.468988 1.942564 -1.068616
v -0.735743 1.950362 -0.915925
v 0.473980 1.938132 -1.170466
v -0.766247 1.945795 -1.017977
v 0.467704 1.926957 -1.270888
v -0.784805 1.934020 -1.121538
v 0.450022 1.909012 -1.370026
v -0.791279 1.915066 -1.226466
v 0.421037 1.884249 -1.468038
v -0.785772 1.888979 -1.332600
v 0.381091 1.852608 -1.565089
v -0.768626 1.855823 -1.439777
v 0.330761 1.814015 -1.661344
v -0.740418 1.815668 -1.547831
v 0.270844 1.768400 -1.756962
v -0.701945 1.768586 -1.656603
v 0.202341 1.715694 -1.852097
v -0.654208 1.714644 -1.765940
v 0.126437 1.655843 -1.946893
v -0.598392 1.653898 -1.875697
v 0.044478 1.588803 -2.041489
v -0.535842 1.586392 -1.985736
v -0.042063 1.514547 -2.136017
v -0.468033 1.512152 -2.095924
v -0.131609 1.433063 -2.230603
v -0.396542 1.431190 -2.206135
v -0.222519 1.344320 -2.325407
v -0.323008 1.343538 -2.316211
vn 0.0758 0.8700 0.4873
vn 0.0686 0.8948 0.4412
vn 0.0610 0.9183 0.3913
vn 0.0530 0.9399 0.3374
vn 0.0447 0.9590 0.2799
vn 0.0360 0.9750 0.2191
vn 0.0272 0.9874 0.1556
vn 0.0183 0.9958 0.0900
vn 0.0095 0.9997 0.0231
vn 0.0008 0.9990 -0.0442
vn -0.0076 0.9938 -0.1109
vn -0.0155 0.9842 -0.1761
vn -0.0230 0.9707 -0.2391
vn -0.0299 0.9537 -0.2993
vn -0.0362 0.9338 -0.3560
vn -0.0420 0.9116 -0.4090
vn -0.0471 0.8876 -0.4582
vn -0.0517 0.8625 -0.5034
vn -0.0558 0.8367 -0.5448
vn -0.0594 0.8106 -0.5826
vn -0.0625 0.7846 -0.6168
vn -0.0652 0.7589 -0.6479
vt 0.020000 0.000000
vt 0.020000 0.045455
vt 0.980000 0.045455
vt 0.980000 0.000000
vt 0.020000 0.090909
vt 0.980000 0.090909
vt 0.020000 0.136364
vt 0.980000 0.136364
vt 0.020000 0.181818
vt 0.980000 0.181818
vt 0.020000 0.227273
vt 0.980000 0.227273
vt 0.020000 0.272727
vt 0.980000 0.272727
vt 0.020000 0.318182
vt 0.980000 0.318182
vt 0.020000 0.363636
vt 0.980000 0.363636
vt 0.020000 0.409091
vt 0.980000 0.409091
vt 0.020000 0.454545
vt 0.980000 0.454545
vt 0.020000 0.500000
vt 0.980000 0.500000
vt 0.020000 0.545455
vt 0.980000 0.545455
vt 0.020000 0.590909
vt 0.980000 0.590909
vt 0.020000 0.636364
vt 0.980000 0.636364
vt 0.020000 0.681818
vt 0.980000 0.681818
vt 0.020000 0.727273
vt 0.980000 0.727273
vt 0.020000 0.772727
vt 0.980000 0.772727
vt 0.020000 0.818182
vt 0.980000 0.818182
vt 0.020000 0.863636
vt 0.980000 0.863636
vt 0.020000 0.909091
vt 0.980000 0.909091
vt 0.020000 0.954545
vt 0.980000 0.954545
vt 0.020000 1.000000
vt 0.980000 1.000000
s 0
usemtl FrondCardMat
f 376/383/235 378/384/235 379/385/235 377/386/235
f 378/384/236 380/387/236 381/388/236 379/385/236
f 380/387/237 382/389/237 383/390/237 381/388/237
f 382/389/238 384/391/238 385/392/238 383/390/238
f 384/391/239 386/393/239 387/394/239 385/392/239
f 386/393/240 388/395/240 389/396/240 387/394/240
f 388/395/241 390/397/241 391/398/241 389/396/241
f 390/397/242 392/399/242 393/400/242 391/398/242
f 392/399/243 394/401/243 395/402/243 393/400/243
f 394/401/244 396/403/244 397/404/244 395/402/244
f 396/403/245 398/405/245 399/406/245 397/404/245
f 398/405/246 400/407/246 401/408/246 399/406/246
f 400/407/247 402/409/247 403/410/247 401/408/247
f 402/409/248 404/411/248 405/412/248 403/410/248
f 404/411/249 406/413/249 407/414/249 405/412/249
f 406/413/250 408/415/250 409/416/250 407/414/250
f 408/415/251 410/417/251 411/418/251 409/416/251
f 410/417/252 412/419/252 413/420/252 411/418/252
f 412/419/253 414/421/253 415/422/253 413/420/253
f 414/421/254 416/423/254 417/424/254 415/422/254
f 416/423/255 418/425/255 419/426/255 417/424/255
f 418/425/256 420/427/256 421/428/256 419/426/256
o FrondCard_006
v -0.102799 1.675502 0.159966
v -0.007198 1.675502 0.172840
v -0.195038 1.779663 0.253453
v 0.056983 1.779965 0.287714
v -0.286095 1.873018 0.346564
v 0.119020 1.874465 0.402787
v -0.374404 1.955632 0.439486
v 0.177346 1.958939 0.517870
v -0.458454 2.027549 0.532358
v 0.230451 2.033342 0.632826
v -0.536834 2.088849 0.625328
v 0.276924 2.097593 0.747506
v -0.608259 2.139652 0.718565
v 0.315480 2.151575 0.861742
v -0.671603 2.180106 0.812273
v 0.344992 2.195135 0.975328
v -0.725922 2.210381 0.906702
v 0.364517 2.228108 1.088015
v -0.770479 2.230638 1.002153
v 0.373318 2.250330 1.199503
v -0.804758 2.241006 1.098966
v 0.370879 2.261674 1.309451
v -0.828472 2.241551 1.197500
v 0.356912 2.262072 1.417499
v -0.841565 2.232266 1.298093
v 0.331362 2.251533 1.523312
v -0.844207 2.213069 1.401017
v 0.294399 2.230136 1.626615
v -0.836783 2.183826 1.506451
v 0.246407 2.198020 1.727230
v -0.819885 2.144371 1.614458
v 0.187979 2.155346 1.825095
v -0.794293 2.094541 1.724981
v 0.119895 2.102280 1.920265
v -0.760967 2.034191 1.837862
v 0.043114 2.038964 2.012900
v -0.721023 1.963211 1.952853
v -0.041247 1.965512 2.103247
v -0.675717 1.881523 2.069639
v -0.131932 1.882000 2.191622
v -0.626422 1.789085 2.187855
v -0.227568 1.788469 2.278388
v -0.574599 1.685886 2.307104
v -0.326694 1.684930 2.363943
v -0.521781 1.571890 2.427011
v -0.427779 1.571422 2.448663
vn 0.0940 0.7098 -0.6981
vn 0.0890 0.7456 -0.6604
vn 0.0829 0.7827 -0.6168
vn 0.0756 0.8206 -0.5665
vn 0.0671 0.8583 -0.5087
vn 0.0570 0.8948 -0.4429
vn 0.0453 0.9284 -0.3689
vn 0.0320 0.9574 -0.2870
vn 0.0172 0.9800 -0.1982
vn 0.0010 0.9946 -0.1043
vn -0.0161 0.9998 -0.0075
vn -0.0337 0.9954 0.0893
vn -0.0512 0.9817 0.1834
vn -0.0682 0.9598 0.2724
vn -0.0843 0.9312 0.3545
vn -0.0993 0.8980 0.4287
vn -0.1129 0.8617 0.4947
vn -0.1251 0.8240 0.5526
vn -0.1360 0.7861 0.6029
vn -0.1456 0.7489 0.6465
vn -0.1541 0.7129 0.6841
vn -0.1616 0.6787 0.7164
vt 0.020000 0.000000
vt 0.020000 0.045455
vt 0.980000 0.045455
vt 0.980000 0.000000
vt 0.020000 0.090909
vt 0.980000 0.090909
vt 0.020000 0.136364
vt 0.980000 0.136364
vt 0.020000 0.181818
vt 0.980000 0.181818
vt 0.020000 0.227273
vt 0.980000 0.227273
vt 0.020000 0.272727
vt 0.980000 0.272727
vt 0.020000 0.318182
vt 0.980000 0.318182
vt 0.020000 0.363636
vt 0.980000 0.363636
vt 0.020000 0.409091
vt 0.980000 0.409091
vt 0.020000 0.454545
vt 0.980000 0.454545
vt 0.020000 0.500000
vt 0.980000 0.500000
vt 0.020000 0.545455
vt 0.980000 0.545455
vt 0.020000 0.590909
vt 0.980000 0.590909
vt 0.020000 0.636364
vt 0.980000 0.636364
vt 0.020000 0.681818
vt 0.980000 0.681818
vt 0.020000 0.727273
vt 0.980000 0.727273
vt 0.020000 0.772727
vt 0.980000 0.772727
vt 0.020000 0.818182
vt 0.980000 0.818182
vt 0.020000 0.863636
vt 0.980000 0.863636
vt 0.020000 0.909091
vt 0.980000 0.909091
vt 0.020000 0.954545
vt 0.980000 0.954545
vt 0.020000 1.000000
vt 0.980000 1.000000
s 0
usemtl FrondCardMat
f 422/429/257 424/430/257 425/431/257 423/432/257
f 424/430/258 426/433/258 427/434/258 425/431/258
f 426/433/259 428/435/259 429/436/259 427/434/259
f 428/435/260 430/437/260 431/438/260 429/436/260
f 430/437/261 432/439/261 433/440/261 431/438/261
f 432/439/262 434/441/262 435/442/262 433/440/262
f 434/441/263 436/443/263 437/444/263 435/442/263
f 436/443/264 438/445/264 439/446/264 437/444/264
f 438/445/265 440/447/265 441/448/265 439/446/265
f 440/447/266 442/449/266 443/450/266 441/448/266
f 442/449/267 444/451/267 445/452/267 443/450/267
f 444/451/268 446/453/268 447/454/268 445/452/268
f 446/453/269 448/455/269 449/456/269 447/454/269
f 448/455/270 450/457/270 451/458/270 449/456/270
f 450/457/271 452/459/271 453/460/271 451/458/271
f 452/459/272 454/461/272 455/462/272 453/460/272
f 454/461/273 456/463/273 457/464/273 455/462/273
f 456/463/274 458/465/274 459/466/274 457/464/274
f 458/465/275 460/467/275 461/468/275 459/466/275
f 460/467/276 462/469/276 463/470/276 461/468/276
f 462/469/277 464/471/277 465/472/277 463/470/277
f 464/471/278 466/473/278 467/474/278 465/472/278
o FrondCard_007
v 0.112354 1.705656 0.014440
v 0.073863 1.705656 -0.102860
v 0.228593 1.770634 0.082620
v 0.126333 1.770072 -0.226400
v 0.345131 1.829300 0.147849
v 0.178009 1.826676 -0.348183
v 0.461307 1.881481 0.208209
v 0.229552 1.875643 -0.466290
v 0.576570 1.927042 0.261829
v 0.281512 1.917105 -0.578851
v 0.690337 1.965798 0.306982
v 0.334472 1.951249 -0.684138
v 0.801987 1.997523 0.342119
v 0.389054 1.978302 -0.780603
v 0.910855 2.021970 0.365914
v 0.445923 1.998510 -0.866920
v 1.016245 2.038900 0.377293
v 0.505773 2.012111 -0.942014
v 1.117449 2.048118 0.375459
v 0.569314 2.019301 -1.005089
v 1.213776 2.049497 0.359901
v 0.637236 2.020207 -1.055633
v 1.304599 2.043001 0.330392
v 0.710167 2.014866 -1.093420
v 1.389400 2.028687 0.286988
v 0.788624 2.003219 -1.118505
v 1.467817 2.006697 0.230004
v 0.872970 1.985124 -1.131205
v 1.539671 1.977236 0.160003
v 0.963383 1.960378 -1.132080
v 1.604985 1.940539 0.077774
v 1.059840 1.928744 -1.121921
v 1.663987 1.896845 -0.015690
v 1.162115 1.889985 -1.101721
v 1.717092 1.846371 -0.119204
v 1.269789 1.843882 -1.072664
v 1.764887 1.789297 -0.231419
v 1.382278 1.790256 -1.036100
v 1.808099 1.725754 -0.350837
v 1.498856 1.728977 -0.993526
v 1.847570 1.655822 -0.475841
v 1.618678 1.659962 -0.946559
v 1.884225 1.579533 -0.604723
v 1.740821 1.583182 -0.896909
v 1.918964 1.496969 -0.735667
v 1.864385 1.498554 -0.846390
vn -0.5596 0.8082 0.1837
vn -0.5176 0.8386 0.1699
vn -0.4708 0.8687 0.1542
vn -0.4191 0.8977 0.1364
vn -0.3624 0.9247 0.1164
vn -0.3008 0.9490 0.0942
vn -0.2348 0.9695 0.0699
vn -0.1652 0.9853 0.0437
vn -0.0929 0.9955 0.0159
vn -0.0192 0.9997 -0.0131
vn 0.0546 0.9976 -0.0427
vn 0.1270 0.9893 -0.0724
vn 0.1967 0.9752 -0.1016
vn 0.2627 0.9561 -0.1298
vn 0.3243 0.9329 -0.1567
vn 0.3809 0.9066 -0.1819
vn 0.4324 0.8780 -0.2052
vn 0.4788 0.8482 -0.2267
vn 0.5203 0.8177 -0.2463
vn 0.5573 0.7872 -0.2641
vn 0.5901 0.7572 -0.2802
vn 0.6191 0.7279 -0.2947
vt 0.020000 0.000000
vt 0.020000 0.045455
vt 0.980000 0.045455
vt 0.980000 0.000000
vt 0.020000 0.090909
vt 0.980000 0.090909
vt 0.020000 0.136364
vt 0.980000 0.136364
vt 0.020000 0.181818
vt 0.980000 0.181818
vt 0.020000 0.227273
vt 0.980000 0.227273
vt 0.020000 0.272727
vt 0.980000 0.272727
vt 0.020000 0.318182
vt 0.980000 0.318182
vt 0.020000 0.363636
vt 0.980000 0.363636
vt 0.020000 0.409091
vt 0.980000 0.409091
vt 0.020000 0.454545
vt 0.980000 0.454545
vt 0.020000 0.500000
vt 0.980000 0.500000
vt 0.020000 0.545455
vt 0.980000 0.545455
vt 0.020000 0.590909
vt 0.980000 0.590909
vt 0.020000 0.636364
vt 0.980000 0.636364
vt 0.020000 0.681818
vt 0.980000 0.681818
vt 0.020000 0.727273
vt 0.980000 0.727273
vt 0.020000 0.772727
vt 0.980000 0.772727
vt 0.020000 0.818182
vt 0.980000 0.818182
vt 0.020000 0.863636
vt 0.980000 0.863636
vt 0.020000 0.909091
vt 0.980000 0.909091
vt 0.020000 0.954545
vt 0.980000 0.954545
vt 0.020000 1.000000
vt 0.980000 1.000000
s 0
usemtl FrondCardMat
f 468/475/279 470/476/279 471/477/279 469/478/279
f 470/476/280 472/479/280 473/480/280 471/477/280
f 472/479/281 474/481/281 475/482/281 473/480/281
f 474/481/282 476/483/282 477/484/282 475/482/282
f 476/483/283 478/485/283 479/486/283 477/484/283
f 478/485/284 480/487/284 481/488/284 479/486/284
f 480/487/285 482/489/285 483/490/285 481/488/285
f 482/489/286 484/491/286 485/492/286 483/490/286
f 484/491/287 486/493/287 487/494/287 485/492/287
f 486/493/288 488/495/288 489/496/288 487/494/288
f 488/495/289 490/497/289 491/498/289 489/496/289
f 490/497/290 492/499/290 493/500/290 491/498/290
f 492/499/291 494/501/291 495/502/291 493/500/291
f 494/501/292 496/503/292 497/504/292 495/502/292
f 496/503/293 498/505/293 499/506/293 497/504/293
f 498/505/294 500/507/294 501/508/294 499/506/294
f 500/507/295 502/509/295 503/510/295 501/508/295
f 502/509/296 504/511/296 505/512/296 503/510/296
f 504/511/297 506/513/297 507/514/297 505/512/297
f 506/513/298 508/515/298 509/516/298 507/514/298
f 508/515/299 510/517/299 511/518/299 509/516/299
f 510/517/300 512/519/300 513/520/300 511/518/300
o FrondCard_008
v -0.133104 1.725298 -0.086732
v -0.184190 1.725298 -0.004751
v -0.163914 1.788710 -0.199066
v -0.297947 1.788165 0.017496
v -0.196941 1.845901 -0.309975
v -0.410171 1.843351 0.039686
v -0.233009 1.896702 -0.418094
v -0.520037 1.891023 0.060456
v -0.272983 1.940985 -0.522160
v -0.626681 1.931311 0.078541
v -0.317614 1.978567 -0.620949
v -0.729350 1.964395 0.092719
v -0.367509 2.009226 -0.713299
v -0.827438 1.990501 0.101826
v -0.423101 2.032715 -0.798122
v -0.920512 2.009873 0.104774
v -0.484630 2.048798 -0.874428
v -1.008332 2.022748 0.100575
v -0.552146 2.057281 -0.941348
v -1.090849 2.029321 0.088358
v -0.625518 2.058039 -0.998163
v -1.168192 2.029715 0.067406
v -0.704469 2.051043 -1.044341
v -1.240640 2.023961 0.037185
v -0.788612 2.036355 -1.079558
v -1.308578 2.011995 -0.002628
v -0.877497 2.014126 -1.103725
v -1.372458 1.993668 -0.052121
v -0.970636 1.984561 -1.117000
v -1.432766 1.968773 -0.111138
v -1.067534 1.947896 -1.119789
v -1.489998 1.937075 -0.179273
v -1.167698 1.904367 -1.112731
v -1.544649 1.898339 -0.255885
v -1.270635 1.854183 -1.096685
v -1.597207 1.852354 -0.340116
v -1.375861 1.797514 -1.072701
v -1.648161 1.798951 -0.430917
v -1.482884 1.734482 -1.041991
v -1.698001 1.738008 -0.527074
v -1.591209 1.665158 -1.005899
v -1.747222 1.669454 -0.627246
v -1.700334 1.589565 -0.965864
v -1.796324 1.593266 -0.729990
v -1.809674 1.507776 -0.923363
v -1.845897 1.509372 -0.833831
vn 0.5055 0.8033 0.3149
vn 0.4677 0.8345 0.2914
vn 0.4251 0.8654 0.2654
vn 0.3775 0.8952 0.2368
vn 0.3247 0.9232 0.2058
vn 0.2667 0.9482 0.1725
vn 0.2040 0.9693 0.1371
vn 0.1371 0.9855 0.1002
vn 0.0670 0.9958 0.0624
vn -0.0049 0.9997 0.0243
vn -0.0773 0.9969 -0.0131
vn -0.1488 0.9876 -0.0493
vn -0.2179 0.9724 -0.0834
vn -0.2836 0.9520 -0.1152
vn -0.3450 0.9275 -0.1441
vn -0.4017 0.8998 -0.1702
vn -0.4533 0.8701 -0.1934
vn -0.5000 0.8392 -0.2139
vn -0.5418 0.8079 -0.2318
vn -0.5792 0.7768 -0.2474
vn -0.6124 0.7462 -0.2609
vn -0.6420 0.7166 -0.2725
vt 0.020000 0.000000
vt 0.020000 0.045455
vt 0.980000 0.045455
vt 0.980000 0.000000
vt 0.020000 0.090909
vt 0.980000 0.090909
vt 0.020000 0.136364
vt 0.980000 0.136364
vt 0.020000 0.181818
vt 0.980000 0.181818
vt 0.020000 0.227273
vt 0.980000 0.227273
vt 0.020000 0.272727
vt 0.980000 0.272727
vt 0.020000 0.318182
vt 0.980000 0.318182
vt 0.020000 0.363636
vt 0.980000 0.363636
vt 0.020000 0.409091
vt 0.980000 0.409091
vt 0.020000 0.454545
vt 0.980000 0.454545
vt 0.020000 0.500000
vt 0.980000 0.500000
vt 0.020000 0.545455
vt 0.980000 0.545455
vt 0.020000 0.590909
vt 0.980000 0.590909
vt 0.020000 0.636364
vt 0.980000 0.636364
vt 0.020000 0.681818
vt 0.980000 0.681818
vt 0.020000 0.727273
vt 0.980000 0.727273
vt 0.020000 0.772727
vt 0.980000 0.772727
vt 0.020000 0.818182
vt 0.980000 0.818182
vt 0.020000 0.863636
vt 0.980000 0.863636
vt 0.020000 0.909091
vt 0.980000 0.909091
vt 0.020000 0.954545
vt 0.980000 0.954545
vt 0.020000 1.000000
vt 0.980000 1.000000
s 0
usemtl FrondCardMat
f 514/521/301 516/522/301 517/523/301 515/524/301
f 516/522/302 518/525/302 519/526/302 517/523/302
f 518/525/303 520/527/303 521/528/303 519/526/303
f 520/527/304 522/529/304 523/530/304 521/528/304
f 522/529/305 524/531/305 525/532/305 523/530/305
f 524/531/306 526/533/306 527/534/306 525/532/306
f 526/533/307 528/535/307 529/536/307 527/534/307
f 528/535/308 530/537/308 531/538/308 529/536/308
f 530/537/309 532/539/309 533/540/309 531/538/309
f 532/539/310 534/541/310 535/542/310 533/540/310
f 534/541/311 536/543/311 537/544/311 535/542/311
f 536/543/312 538/545/312 539/546/312 537/544/312
f 538/545/313 540/547/313 541/548/313 539/546/313
f 540/547/314 542/549/314 543/550/314 541/548/314
f 542/549/315 544/551/315 545/552/315 543/550/315
f 544/551/316 546/553/316 547/554/316 545/552/316
f 546/553/317 548/555/317 549/556/317 547/554/317
f 548/555/318 550/557/318 551/558/318 549/556/318
f 550/557/319 552/559/319 553/560/319 551/558/319
f 552/559/320 554/561/320 555/562/320 553/560/320
f 554/561/321 556/563/321 557/564/321 555/562/321
f 556/563/322 558/565/322 559/566/322 557/564/322
o FrondCard_009
v -0.039683 1.708579 -0.174013
v -0.130701 1.708579 -0.101074
v -0.025449 1.758684 -0.308879
v -0.264881 1.758265 -0.115883
v -0.014048 1.801563 -0.443103
v -0.397197 1.799700 -0.130435
v -0.006927 1.837018 -0.575423
v -0.526205 1.833079 -0.145991
v -0.005514 1.864884 -0.704682
v -0.650473 1.858569 -0.163706
v -0.011090 1.884969 -0.829725
v -0.768722 1.876360 -0.184740
v -0.024747 1.897081 -0.949408
v -0.879859 1.886648 -0.210232
v -0.047373 1.901049 -1.062633
v -0.982998 1.889598 -0.241282
v -0.079635 1.896761 -1.168376
v -1.077471 1.885329 -0.278916
v -0.121986 1.884168 -1.265728
v -1.162824 1.873884 -0.324040
v -0.174671 1.863301 -1.353940
v -1.238813 1.855235 -0.377404
v -0.237745 1.834255 -1.432456
v -1.305382 1.829286 -0.439564
v -0.311086 1.797180 -1.500945
v -1.362654 1.795888 -0.510851
v -0.394405 1.752252 -1.559310
v -1.410918 1.754863 -0.591363
v -0.487261 1.699656 -1.607697
v -1.450615 1.706028 -0.680953
v -0.589062 1.639563 -1.646485
v -1.482336 1.649211 -0.779241
v -0.699077 1.572122 -1.676275
v -1.506814 1.584265 -0.885628
v -0.816441 1.497446 -1.697864
v -1.524912 1.511074 -0.999316
v -0.940167 1.415611 -1.712226
v -1.537617 1.429564 -1.119331
v -1.069164 1.326654 -1.720484
v -1.546022 1.339696 -1.244550
v -1.202248 1.230579 -1.723881
v -1.551309 1.241468 -1.373730
v -1.338166 1.127357 -1.723752
v -1.554732 1.134909 -1.505536
v -1.475581 1.016999 -1.721456
v -1.557628 1.020007 -1.638609
vn 0.2887 0.8871 0.3601
vn 0.2518 0.9154 0.3141
vn 0.2111 0.9411 0.2641
vn 0.1668 0.9633 0.2103
vn 0.1192 0.9810 0.1533
vn 0.0689 0.9932 0.0940
vn 0.0168 0.9993 0.0333
vn -0.0362 0.9990 -0.0276
vn -0.0891 0.9922 -0.0875
vn -0.1409 0.9793 -0.1453
vn -0.1907 0.9611 -0.2000
vn -0.2377 0.9384 -0.2510
vn -0.2815 0.9122 -0.2979
vn -0.3217 0.8835 -0.3404
vn -0.3585 0.8533 -0.3786
vn -0.3917 0.8224 -0.4127
vn -0.4215 0.7913 -0.4429
vn -0.4483 0.7607 -0.4695
vn -0.4721 0.7308 -0.4930
vn -0.4934 0.7019 -0.5137
vn -0.5124 0.6742 -0.5318
vn -0.5294 0.6478 -0.5478
vt 0.020000 0.000000
vt 0.020000 0.045455
vt 0.980000 0.045455
vt 0.980000 0.000000
vt 0.020000 0.090909
vt 0.980000 0.090909
vt 0.020000 0.136364
vt 0.980000 0.136364
vt 0.020000 0.181818
vt 0.980000 0.181818
vt 0.020000 0.227273
vt 0.980000 0.227273
vt 0.020000 0.272727
vt 0.980000 0.272727
vt 0.020000 0.318182
vt 0.980000 0.318182
vt 0.020000 0.363636
vt 0.980000 0.363636
vt 0.020000 0.409091
vt 0.980000 0.409091
vt 0.020000 0.454545
vt 0.980000 0.454545
vt 0.020000 0.500000
vt 0.980000 0.500000
vt 0.020000 0.545455
vt 0.980000 0.545455
vt 0.020000 0.590909
vt 0.980000 0.590909
vt 0.020000 0.636364
vt 0.980000 0.636364
vt 0.020000 0.681818
vt 0.980000 0.681818
vt 0.020000 0.727273
vt 0.980000 0.727273
vt 0.020000 0.772727
vt 0.980000 0.772727
vt 0.020000 0.818182
vt 0.980000 0.818182
vt 0.020000 0.863636
vt 0.980000 0.863636
vt 0.020000 0.909091
vt 0.980000 0.909091
vt 0.020000 0.954545
vt 0.980000 0.954545
vt 0.020000 1.000000
vt 0.980000 1.000000
s 0
usemtl FrondCardMat
f 560/567/323 562/568/323 563/569/323 561/570/323
f 562/568/324 564/571/324 565/572/324 563/569/324
f 564/571/325 566/573/325 567/574/325 565/572/325
f 566/573/326 568/575/326 569/576/326 567/574/326
f 568/575/327 570/577/327 571/578/327 569/576/327
f 570/577/328 572/579/328 573/580/328 571/578/328
f 572/579/329 574/581/329 575/582/329 573/580/329
f 574/581/330 576/583/330 577/584/330 575/582/330
f 576/583/331 578/585/331 579/586/331 577/584/331
f 578/585/332 580/587/332 581/588/332 579/586/332
f 580/587/333 582/589/333 583/590/333 581/588/333
f 582/589/334 584/591/334 585/592/334 583/590/334
f 584/591/335 586/593/335 587/594/335 585/592/335
f 586/593/336 588/595/336 589/596/336 587/594/336
f 588/595/337 590/597/337 591/598/337 589/596/337
f 590/597/338 592/599/338 593/600/338 591/598/338
f 592/599/339 594/601/339 595/602/339 593/600/339
f 594/601/340 596/603/340 597/604/340 595/602/340
f 596/603/341 598/605/341 599/606/341 597/604/341
f 598/605/342 600/607/342 601/608/342 599/606/342
f 600/607/343 602/609/343 603/610/343 601/608/343
f 602/609/344 604/611/344 605/612/344 603/610/344
o FrondCard_010
v -0.121053 1.733461 -0.139327
v -0.177807 1.733461 -0.033395
v -0.190443 1.792529 -0.288071
v -0.339646 1.792319 -0.008536
v -0.261634 1.845089 -0.434961
v -0.500106 1.844137 0.015332
v -0.335481 1.891056 -0.578226
v -0.658329 1.889000 0.036439
v -0.412856 1.930367 -0.716196
v -0.813446 1.926971 0.053113
v -0.494539 1.962954 -0.847285
v -0.964675 1.958119 0.063771
v -0.581205 1.988743 -0.970032
v -1.111342 1.982517 0.066949
v -0.673409 2.007663 -1.083121
v -1.252892 2.000238 0.061334
v -0.771578 2.019651 -1.185417
v -1.388897 2.011341 0.045788
v -0.876003 2.024662 -1.275988
v -1.519067 2.015875 0.019381
v -0.986839 2.022666 -1.354125
v -1.643246 2.013868 -0.018596
v -1.104109 2.013659 -1.419363
v -1.761414 2.005325 -0.068610
v -1.227703 1.997655 -1.471488
v -1.873676 1.990230 -0.130873
v -1.357399 1.974692 -1.510553
v -1.980258 1.968547 -0.205333
v -1.492861 1.944826 -1.536870
v -2.081495 1.940220 -0.291676
v -1.633656 1.908122 -1.551014
v -2.177819 1.905183 -0.389330
v -1.779265 1.864655 -1.553805
v -2.269750 1.863362 -0.497474
v -1.929094 1.814499 -1.546297
v -2.357881 1.814682 -0.615052
v -2.082489 1.757725 -1.529754
v -2.442868 1.759072 -0.740803
v -2.238744 1.694393 -1.505625
v -2.525414 1.696472 -0.873277
v -2.397119 1.624551 -1.475510
v -2.606262 1.626836 -1.010873
v -2.556846 1.548228 -1.441129
v -2.686178 1.550132 -1.151870
v -2.717084 1.465486 -1.404260
v -2.766004 1.466300 -1.294493
vn 0.3614 0.9121 0.1936
vn 0.3259 0.9291 0.1746
vn 0.2884 0.9449 0.1547
vn 0.2490 0.9592 0.1339
vn 0.2078 0.9717 0.1124
vn 0.1650 0.9822 0.0903
vn 0.1209 0.9904 0.0677
vn 0.0757 0.9961 0.0447
vn 0.0299 0.9993 0.0217
vn -0.0163 0.9999 -0.0014
vn -0.0625 0.9977 -0.0242
vn -0.1083 0.9930 -0.0466
vn -0.1534 0.9858 -0.0685
vn -0.1973 0.9762 -0.0896
vn -0.2400 0.9645 -0.1099
vn -0.2811 0.9509 -0.1293
vn -0.3204 0.9357 -0.1476
vn -0.3578 0.9191 -0.1649
vn -0.3932 0.9014 -0.1812
vn -0.4266 0.8829 -0.1963
vn -0.4579 0.8637 -0.2104
vn -0.4873 0.8442 -0.2234
vt 0.020000 0.000000
vt 0.020000 0.045455
vt 0.980000 0.045455
vt 0.980000 0.000000
vt 0.020000 0.090909
vt 0.980000 0.090909
vt 0.020000 0.136364
vt 0.980000 0.136364
vt 0.020000 0.181818
vt 0.980000 0.181818
vt 0.020000 0.227273
vt 0.980000 0.227273
vt 0.020000 0.272727
vt 0.980000 0.272727
vt 0.020000 0.318182
vt 0.980000 0.318182
vt 0.020000 0.363636
vt 0.980000 0.363636
vt 0.020000 0.409091
vt 0.980000 0.409091
vt 0.020000 0.454545
vt 0.980000 0.454545
vt 0.020000 0.500000
vt 0.980000 0.500000
vt 0.020000 0.545455
vt 0.980000 0.545455
vt 0.020000 0.590909
vt 0.980000 0.590909
vt 0.020000 0.636364
vt 0.980000 0.636364
vt 0.020000 0.681818
vt 0.980000 0.681818
vt 0.020000 0.727273
vt 0.980000 0.727273
vt 0.020000 0.772727
vt 0.980000 0.772727
vt 0.020000 0.818182
vt 0.980000 0.818182
vt 0.020000 0.863636
vt 0.980000 0.863636
vt 0.020000 0.909091
vt 0.980000 0.909091
vt 0.020000 0.954545
vt 0.980000 0.954545
vt 0.020000 1.000000
vt 0.980000 1.000000
s 0
usemtl FrondCardMat
f 606/613/345 608/614/345 609/615/345 607/616/345
f 608/614/346 610/617/346 611/618/346 609/615/346
f 610/617/347 612/619/347 613/620/347 611/618/347
f 612/619/348 614/621/348 615/622/348 613/620/348
f 614/621/349 616/623/349 617/624/349 615/622/349
f 616/623/350 618/625/350 619/626/350 617/624/350
f 618/625/351 620/627/351 621/628/351 619/626/351
f 620/627/352 622/629/352 623/630/352 621/628/352
f 622/629/353 624/631/353 625/632/353 623/630/353
f 624/631/354 626/633/354 627/634/354 625/632/354
f 626/633/355 628/635/355 629/636/355 627/634/355
f 628/635/356 630/637/356 631/638/356 629/636/356
f 630/637/357 632/639/357 633/640/357 631/638/357
f 632/639/358 634/641/358 635/642/358 633/640/358
f 634/641/359 636/643/359 637/644/359 635/642/359
f 636/643/360 638/645/360 639/646/360 637/644/360
f 638/645/361 640/647/361 641/648/361 639/646/361
f 640/647/362 642/649/362 643/650/362 641/648/362
f 642/649/363 644/651/363 645/652/363 643/650/363
f 644/651/364 646/653/364 647/654/364 645/652/364
f 646/653/365 648/655/365 649/656/365 647/654/365
f 648/655/366 650/657/366 651/658/366 649/656/366
o FrondCard_011
v -0.126624 1.719997 0.100091
v -0.027517 1.719997 0.161118
v -0.265058 1.794729 0.143261
v -0.003416 1.794321 0.303622
v -0.401799 1.860434 0.188586
v 0.020099 1.858554 0.444565
v -0.535212 1.916964 0.237050
v 0.041393 1.912840 0.582959
v -0.663761 1.964196 0.289654
v 0.058931 1.957303 0.717807
v -0.785974 2.001968 0.347275
v 0.071239 1.992107 0.848231
v -0.900460 2.030088 0.410636
v 0.076926 2.017442 0.973506
v -1.005935 2.048367 0.480285
v 0.074711 2.033499 1.093087
v -1.101253 2.056639 0.556577
v 0.063444 2.040440 1.206616
v -1.185435 2.054798 0.639684
v 0.042150 2.038376 1.313923
v -1.257705 2.042809 0.729613
v 0.010049 2.027339 1.415001
v -1.317519 2.020715 0.826233
v -0.033400 2.007287 1.509980
v -1.364597 1.988627 0.929310
v -0.088479 1.978107 1.599095
v -1.398929 1.946705 1.038527
v -0.155195 1.939642 1.682661
v -1.420790 1.895127 1.153501
v -0.233277 1.891712 1.761064
v -1.430724 1.834072 1.273790
v -0.322179 1.834139 1.834744
v -1.429531 1.763695 1.398899
v -0.421101 1.766768 1.904196
v -1.418246 1.684122 1.528275
v -0.529008 1.689472 1.969974
v -1.398108 1.595444 1.661311
v -0.644660 1.602161 2.032685
v -1.370535 1.497711 1.797346
v -0.766641 1.504785 2.092988
v -1.337085 1.390941 1.935673
v -0.893392 1.397325 2.151593
v -1.299426 1.275120 2.075546
v -1.023245 1.279795 2.209244
v -1.259277 1.150271 2.216150
v -1.154482 1.152174 2.266756
vn 0.2959 0.8255 -0.4806
vn 0.2685 0.8590 -0.4360
vn 0.2379 0.8914 -0.3858
vn 0.2043 0.9217 -0.3298
vn 0.1677 0.9487 -0.2681
vn 0.1285 0.9711 -0.2011
vn 0.0872 0.9877 -0.1296
vn 0.0447 0.9975 -0.0549
vn 0.0017 0.9998 0.0215
vn -0.0405 0.9944 0.0977
vn -0.0813 0.9817 0.1722
vn -0.1196 0.9626 0.2433
vn -0.1550 0.9380 0.3099
vn -0.1872 0.9095 0.3712
vn -0.2160 0.8781 0.4270
vn -0.2415 0.8451 0.4770
vn -0.2639 0.8114 0.5216
vn -0.2834 0.7778 0.5610
vn -0.3003 0.7449 0.5958
vn -0.3150 0.7130 0.6264
vn -0.3278 0.6825 0.6533
vn -0.3388 0.6534 0.6770
vt 0.020000 0.000000
vt 0.020000 0.045455
vt 0.980000 0.045455
vt 0.980000 0.000000
vt 0.020000 0.090909
vt 0.980000 0.090909
vt 0.020000 0.136364
vt 0.980000 0.136364
vt 0.020000 0.181818
vt 0.980000 0.181818
vt 0.020000 0.227273
vt 0.980000 0.227273
vt 0.020000 0.272727
vt 0.980000 0.272727
vt 0.020000 0.318182
vt 0.980000 0.318182
vt 0.020000 0.363636
vt 0.980000 0.363636
vt 0.020000 0.409091
vt 0.980000 0.409091
vt 0.020000 0.454545
vt 0.980000 0.454545
vt 0.020000 0.500000
vt 0.980000 0.500000
vt 0.020000 0.545455
vt 0.980000 0.545455
vt 0.020000 0.590909
vt 0.980000 0.590909
vt 0.020000 0.636364
vt 0.980000 0.636364
vt 0.020000 0.681818
vt 0.980000 0.681818
vt 0.020000 0.727273
vt 0.980000 0.727273
vt 0.020000 0.772727
vt 0.980000 0.772727
vt 0.020000 0.818182
vt 0.980000 0.818182
vt 0.020000 0.863636
vt 0.980000 0.863636
vt 0.020000 0.909091
vt 0.980000 0.909091
vt 0.020000 0.954545
vt 0.980000 0.954545
vt 0.020000 1.000000
vt 0.980000 1.000000
s 0
usemtl FrondCardMat
f 652/659/367 654/660/367 655/661/367 653/662/367
f 654/660/368 656/663/368 657/664/368 655/661/368
f 656/663/369 658/665/369 659/666/369 657/664/369
f 658/665/370 660/667/370 661/668/370 659/666/370
f 660/667/371 662/669/371 663/670/371 661/668/371
f 662/669/372 664/671/372 665/672/372 663/670/372
f 664/671/373 666/673/373 667/674/373 665/672/373
f 666/673/374 668/675/374 669/676/374 667/674/374
f 668/675/375 670/677/375 671/678/375 669/676/375
f 670/677/376 672/679/376 673/680/376 671/678/376
f 672/679/377 674/681/377 675/682/377 673/680/377
f 674/681/378 676/683/378 677/684/378 675/682/378
f 676/683/379 678/685/379 679/686/379 677/684/379
f 678/685/380 680/687/380 681/688/380 679/686/380
f 680/687/381 682/689/381 683/690/381 681/688/381
f 682/689/382 684/691/382 685/692/382 683/690/382
f 684/691/383 686/693/383 687/694/383 685/692/383
f 686/693/384 688/695/384 689/696/384 687/694/384
f 688/695/385 690/697/385 691/698/385 689/696/385
f 690/697/386 692/699/386 693/700/386 691/698/386
f 692/699/387 694/701/387 695/702/387 693/700/387
f 694/701/388 696/703/388 697/704/388 695/702/388
o FrondCard_012
v 0.130324 1.728803 -0.049173
v 0.046420 1.728803 -0.119481
v 0.265565 1.777536 -0.071097
v 0.044216 1.777449 -0.256320
v 0.399466 1.819900 -0.094523
v 0.043091 1.819511 -0.391868
v 0.530641 1.855859 -0.120577
v 0.044434 1.855028 -0.524998
v 0.657770 1.885383 -0.150355
v 0.049561 1.884028 -0.654616
v 0.779608 1.908439 -0.184870
v 0.059718 1.906544 -0.779707
v 0.895008 1.924994 -0.225031
v 0.076054 1.922611 -0.899363
v 1.002941 1.935014 -0.271623
v 0.099597 1.932260 -1.012797
v 1.102523 1.938476 -0.325297
v 0.131231 1.935516 -1.119361
v 1.193029 1.935363 -0.386553
v 0.171679 1.932397 -1.218554
v 1.273917 1.925669 -0.455736
v 0.221486 1.922907 -1.310031
v 1.344835 1.909399 -0.533028
v 0.281004 1.907040 -1.393608
v 1.405632 1.886571 -0.618453
v 0.350380 1.884781 -1.469264
v 1.456367 1.857209 -0.711874
v 0.429559 1.856104 -1.537134
v 1.497307 1.821345 -0.813002
v 0.518274 1.820979 -1.597508
v 1.528917 1.779011 -0.921398
v 0.616056 1.779371 -1.650825
v 1.551862 1.730244 -1.036487
v 0.722245 1.731246 -1.697660
v 1.566982 1.675071 -1.157564
v 0.835999 1.676574 -1.738716
v 1.575280 1.613520 -1.283815
v 0.956314 1.615329 -1.774810
v 1.577901 1.545610 -1.414326
v 1.082046 1.547493 -1.806854
v 1.576104 1.471352 -1.548103
v 1.211934 1.473052 -1.835844
v 1.571240 1.390750 -1.684090
v 1.344630 1.392004 -1.862833
v 1.564708 1.303820 -1.821176
v 1.478734 1.304332 -1.888934
vn -0.2732 0.9050 0.3261
vn -0.2424 0.9260 0.2893
vn -0.2096 0.9453 0.2500
vn -0.1748 0.9623 0.2083
vn -0.1384 0.9766 0.1644
vn -0.1006 0.9878 0.1187
vn -0.0618 0.9955 0.0716
vn -0.0224 0.9995 0.0236
vn 0.0172 0.9995 -0.0248
vn 0.0565 0.9957 -0.0729
vn 0.0951 0.9882 -0.1203
vn 0.1325 0.9771 -0.1664
vn 0.1684 0.9629 -0.2109
vn 0.2025 0.9460 -0.2532
vn 0.2347 0.9268 -0.2933
vn 0.2648 0.9058 -0.3309
vn 0.2927 0.8834 -0.3659
vn 0.3185 0.8602 -0.3983
vn 0.3422 0.8364 -0.4283
vn 0.3639 0.8123 -0.4558
vn 0.3837 0.7883 -0.4810
vn 0.4018 0.7646 -0.5040
vt 0.020000 0.000000
vt 0.020000 0.045455
vt 0.980000 0.045455
vt 0.980000 0.000000
vt 0.020000 0.090909
vt 0.980000 0.090909
vt 0.020000 0.136364
vt 0.980000 0.136364
vt 0.020000 0.181818
vt 0.980000 0.181818
vt 0.020000 0.227273
vt 0.980000 0.227273
vt 0.020000 0.272727
vt 0.980000 0.272727
vt 0.020000 0.318182
vt 0.980000 0.318182
vt 0.020000 0.363636
vt 0.980000 0.363636
vt 0.020000 0.409091
vt 0.980000 0.409091
vt 0.020000 0.454545
vt 0.980000 0.454545
vt 0.020000 0.500000
vt 0.980000 0.500000
vt 0.020000 0.545455
vt 0.980000 0.545455
vt 0.020000 0.590909
vt 0.980000 0.590909
vt 0.020000 0.636364
vt 0.980000 0.636364
vt 0.020000 0.681818
vt 0.980000 0.681818
vt 0.020000 0.727273
vt 0.980000 0.727273
vt 0.020000 0.772727
vt 0.980000 0.772727
vt 0.020000 0.818182
vt 0.980000 0.818182
vt 0.020000 0.863636
vt 0.980000 0.863636
vt 0.020000 0.909091
vt 0.980000 0.909091
vt 0.020000 0.954545
vt 0.980000 0.954545
vt 0.020000 1.000000
vt 0.980000 1.000000
s 0
usemtl FrondCardMat
f 698/705/389 700/706/389 701/707/389 699/708/389
f 700/706/390 702/709/390 703/710/390 701/707/390
f 702/709/391 704/711/391 705/712/391 703/710/391
f 704/711/392 706/713/392 707/714/392 705/712/392
f 706/713/393 708/715/393 709/716/393 707/714/393
f 708/715/394 710/717/394 711/718/394 709/716/394
f 710/717/395 712/719/395 713/720/395 711/718/395
f 712/719/396 714/721/396 715/722/396 713/720/396
f 714/721/397 716/723/397 717/724/397 715/722/397
f 716/723/398 718/725/398 719/726/398 717/724/398
f 718/725/399 720/727/399 721/728/399 719/726/399
f 720/727/400 722/729/400 723/730/400 721/728/400
f 722/729/401 724/731/401 725/732/401 723/730/401
f 724/731/402 726/733/402 727/734/402 725/732/402
f 726/733/403 728/735/403 729/736/403 727/734/403
f 728/735/404 730/737/404 731/738/404 729/736/404
f 730/737/405 732/739/405 733/740/405 731/738/405
f 732/739/406 734/741/406 735/742/406 733/740/406
f 734/741/407 736/743/407 737/744/407 735/742/407
f 736/743/408 738/745/408 739/746/408 737/744/408
f 738/745/409 740/747/409 741/748/409 739/746/409
f 740/747/410 742/749/410 743/750/410 741/748/410
o FrondCard_013
v -0.042527 1.725867 0.106968
v 0.056993 1.725867 0.086162
v -0.099148 1.772877 0.242710
v 0.163190 1.772775 0.187565
v -0.153732 1.809526 0.378468
v 0.267924 1.809106 0.288818
v -0.204665 1.835745 0.513858
v 0.369580 1.834928 0.390302
v -0.250392 1.851477 0.648534
v 0.466602 1.850299 0.492365
v -0.289464 1.856665 0.782134
v 0.557543 1.855275 0.595370
v -0.320569 1.851263 0.914293
v 0.641090 1.849904 0.699680
v -0.342554 1.835242 1.044656
v 0.716091 1.834211 0.805651
v -0.354451 1.808598 1.172894
v 0.781576 1.808204 0.913612
v -0.355489 1.771348 1.298720
v 0.836775 1.771864 1.023849
v -0.345112 1.723527 1.421903
v 0.881133 1.725156 1.136595
v -0.322989 1.665184 1.542278
v 0.914318 1.668033 1.252014
v -0.289017 1.596371 1.659750
v 0.936228 1.600440 1.370200
v -0.243328 1.517140 1.774299
v 0.946992 1.522326 1.491174
v -0.186279 1.427539 1.885975
v 0.946972 1.433644 1.614885
v -0.118455 1.327607 1.994898
v 0.936748 1.334355 1.741216
v -0.040650 1.217372 2.101248
v 0.917116 1.224430 1.869983
v 0.046148 1.096853 2.205263
v 0.889066 1.103851 2.000951
v 0.140770 0.966057 2.307229
v 0.853764 0.972610 2.133831
v 0.241898 0.824983 2.407478
v 0.812529 0.830707 2.268295
v 0.348086 0.673622 2.506371
v 0.766807 0.678154 2.403978
v 0.457792 0.511956 2.604300
v 0.718140 0.514968 2.540491
v 0.569404 0.339977 2.701661
v 0.668141 0.341155 2.677436
vn -0.0740 0.9324 -0.3538
vn -0.0590 0.9575 -0.2823
vn -0.0428 0.9777 -0.2056
vn -0.0255 0.9919 -0.1248
vn -0.0074 0.9991 -0.0413
vn 0.0111 0.9990 0.0431
vn 0.0296 0.9915 0.1264
vn 0.0476 0.9772 0.2070
vn 0.0650 0.9568 0.2834
vn 0.0813 0.9316 0.3544
vn 0.0964 0.9027 0.4194
vn 0.1101 0.8713 0.4782
vn 0.1226 0.8386 0.5308
vn 0.1338 0.8053 0.5775
vn 0.1438 0.7723 0.6188
vn 0.1527 0.7400 0.6551
vn 0.1606 0.7087 0.6870
vn 0.1677 0.6787 0.7150
vn 0.1739 0.6502 0.7396
vn 0.1794 0.6232 0.7612
vn 0.1843 0.5977 0.7802
vn 0.1887 0.5737 0.7970
vt 0.020000 0.000000
vt 0.020000 0.045455
vt 0.980000 0.045455
vt 0.980000 0.000000
vt 0.020000 0.090909
vt 0.980000 0.090909
vt 0.020000 0.136364
vt 0.980000 0.136364
vt 0.020000 0.181818
vt 0.980000 0.181818
vt 0.020000 0.227273
vt 0.980000 0.227273
vt 0.020000 0.272727
vt 0.980000 0.272727
vt 0.020000 0.318182
vt 0.980000 0.318182
vt 0.020000 0.363636
vt 0.980000 0.363636
vt 0.020000 0.409091
vt 0.980000 0.409091
vt 0.020000 0.454545
vt 0.980000 0.454545
vt 0.020000 0.500000
vt 0.980000 0.500000
vt 0.020000 0.545455
vt 0.980000 0.545455
vt 0.020000 0.590909
vt 0.980000 0.590909
vt 0.020000 0.636364
vt 0.980000 0.636364
vt 0.020000 0.681818
vt 0.980000 0.681818
vt 0.020000 0.727273
vt 0.980000 0.727273
vt 0.020000 0.772727
vt 0.980000 0.772727
vt 0.020000 0.818182
vt 0.980000 0.818182
vt 0.020000 0.863636
vt 0.980000 0.863636
vt 0.020000 0.909091
vt 0.980000 0.909091
vt 0.020000 0.954545
vt 0.980000 0.954545
vt 0.020000 1.000000
vt 0.980000 1.000000
s 0
usemtl FrondCardMat
f 744/751/411 746/752/411 747/753/411 745/754/411
f 746/752/412 748/755/412 749/756/412 747/753/412
f 748/755/413 750/757/413 751/758/413 749/756/413
f 750/757/414 752/759/414 753/760/414 751/758/414
f 752/759/415 754/761/415 755/762/415 753/760/415
f 754/761/416 756/763/416 757/764/416 755/762/416
f 756/763/417 758/765/417 759/766/417 757/764/417
f 758/765/418 760/767/418 761/768/418 759/766/418
f 760/767/419 762/769/419 763/770/419 761/768/419
f 762/769/420 764/771/420 765/772/420 763/770/420
f 764/771/421 766/773/421 767/774/421 765/772/421
f 766/773/422 768/775/422 769/776/422 767/774/422
f 768/775/423 770/777/423 771/778/423 769/776/423
f 770/777/424 772/779/424 773/780/424 771/778/424
f 772/779/425 774/781/425 775/782/425 773/780/425
f 774/781/426 776/783/426 777/784/426 775/782/426
f 776/783/427 778/785/427 779/786/427 777/784/427
f 778/785/428 780/787/428 781/788/428 779/786/428
f 780/787/429 782/789/429 783/790/429 781/788/429
f 782/789/430 784/791/430 785/792/430 783/790/430
f 784/791/431 786/793/431 787/794/431 785/792/431
f 786/793/432 788/795/432 789/796/432 787/794/432
o FrondCard_014
v 0.052143 1.742458 0.099978
v 0.096977 1.742458 -0.009786
v 0.122574 1.789710 0.233553
v 0.240910 1.789761 -0.055802
v 0.193522 1.830083 0.365328
v 0.384237 1.830312 -0.099809
v 0.265739 1.863604 0.493521
v 0.526206 1.864084 -0.140023
v 0.339934 1.890289 0.616417
v 0.666108 1.891060 -0.174729
v 0.416782 1.910160 0.732413
v 0.803270 1.911218 -0.202325
v 0.496908 1.923236 0.840053
v 0.937064 1.924540 -0.221354
v 0.580879 1.929536 0.938056
v 1.066924 1.931006 -0.230535
v 0.669188 1.929073 1.025340
v 1.192359 1.930604 -0.228787
v 0.762241 1.921855 1.101047
v 1.312961 1.923325 -0.215252
v 0.860351 1.907883 1.164559
v 1.428417 1.909169 -0.189310
v 0.963726 1.887151 1.215504
v 1.538520 1.888141 -0.150592
v 1.072465 1.859649 1.253772
v 1.643170 1.860252 -0.098986
v 1.186552 1.825359 1.279511
v 1.742383 1.825519 -0.034640
v 1.305860 1.784262 1.293122
v 1.836287 1.783962 0.042045
v 1.430146 1.736337 1.295254
v 1.925125 1.735600 0.130419
v 1.559060 1.681564 1.286791
v 2.009246 1.680456 0.229598
v 1.692153 1.619924 1.268831
v 2.089099 1.618547 0.338486
v 1.828884 1.551402 1.242665
v 2.165226 1.549889 0.455789
v 1.968634 1.475986 1.209754
v 2.238244 1.474493 0.580048
v 2.110718 1.393668 1.171696
v 2.308841 1.392367 0.709666
v 2.254400 1.304448 1.130192
v 2.377750 1.303512 0.842939
v 2.398922 1.208316 1.087023
v 2.445732 1.207937 0.978088
vn -0.3500 0.9258 -0.1430
vn -0.3054 0.9440 -0.1248
vn -0.2584 0.9603 -0.1055
vn -0.2091 0.9742 -0.0852
vn -0.1578 0.9854 -0.0641
vn -0.1051 0.9936 -0.0423
vn -0.0513 0.9985 -0.0201
vn 0.0030 1.0000 0.0025
vn 0.0572 0.9980 0.0251
vn 0.1109 0.9927 0.0475
vn 0.1633 0.9841 0.0695
vn 0.2142 0.9726 0.0908
vn 0.2631 0.9583 0.1114
vn 0.3096 0.9418 0.1310
vn 0.3536 0.9233 0.1497
vn 0.3949 0.9034 0.1672
vn 0.4335 0.8823 0.1836
vn 0.4693 0.8603 0.1989
vn 0.5024 0.8379 0.2131
vn 0.5330 0.8153 0.2263
vn 0.5611 0.7927 0.2384
vn 0.5869 0.7703 0.2495
vt 0.020000 0.000000
vt 0.020000 0.045455
vt 0.980000 0.045455
vt 0.980000 0.000000
vt 0.020000 0.090909
vt 0.980000 0.090909
vt 0.020000 0.136364
vt 0.980000 0.136364
vt 0.020000 0.181818
vt 0.980000 0.181818
vt 0.020000 0.227273
vt 0.980000 0.227273
vt 0.020000 0.272727
vt 0.980000 0.272727
vt 0.020000 0.318182
vt 0.980000 0.318182
vt 0.020000 0.363636
vt 0.980000 0.363636
vt 0.020000 0.409091
vt 0.980000 0.409091
vt 0.020000 0.454545
vt 0.980000 0.454545
vt 0.020000 0.500000
vt 0.980000 0.500000
vt 0.020000 0.545455
vt 0.980000 0.545455
vt 0.020000 0.590909
vt 0.980000 0.590909
vt 0.020000 0.636364
vt 0.980000 0.636364
vt 0.020000 0.681818
vt 0.980000 0.681818
vt 0.020000 0.727273
vt 0.980000 0.727273
vt 0.020000 0.772727
vt 0.980000 0.772727
vt 0.020000 0.818182
vt 0.980000 0.818182
vt 0.020000 0.863636
vt 0.980000 0.863636
vt 0.020000 0.909091
vt 0.980000 0.909091
vt 0.020000 0.954545
vt 0.980000 0.954545
vt 0.020000 1.000000
vt 0.980000 1.000000
s 0
usemtl FrondCardMat
f 790/797/433 792/798/433 793/799/433 791/800/433
f 792/798/434 794/801/434 795/802/434 793/799/434
f 794/801/435 796/803/435 797/804/435 795/802/435
f 796/803/436 798/805/436 799/806/436 797/804/436
f 798/805/437 800/807/437 801/808/437 799/806/437
f 800/807/438 802/809/438 803/810/438 801/808/438
f 802/809/439 804/811/439 805/812/439 803/810/439
f 804/811/440 806/813/440 807/814/440 805/812/440
f 806/813/441 808/815/441 809/816/441 807/814/441
f 808/815/442 810/817/442 811/818/442 809/816/442
f 810/817/443 812/819/443 813/820/443 811/818/443
f 812/819/444 814/821/444 815/822/444 813/820/444
f 814/821/445 816/823/445 817/824/445 815/822/445
f 816/823/446 818/825/446 819/826/446 817/824/446
f 818/825/447 820/827/447 821/828/447 819/826/447
f 820/827/448 822/829/448 823/830/448 821/828/448
f 822/829/449 824/831/449 825/832/449 823/830/449
f 824/831/450 826/833/450 827/834/450 825/832/450
f 826/833/451 828/835/451 829/836/451 827/834/451
f 828/835/452 830/837/452 831/838/452 829/836/452
f 830/837/453 832/839/453 833/840/453 831/838/453
f 832/839/454 834/841/454 835/842/454 833/840/454
o FrondCard_015
v 0.084635 1.740422 -0.188975
v -0.027173 1.740422 -0.219554
v 0.205004 1.800791 -0.269530
v -0.089961 1.800459 -0.349529
v 0.323201 1.852571 -0.351669
v -0.151706 1.851085 -0.478163
v 0.437382 1.895613 -0.435841
v -0.210560 1.892448 -0.605004
v 0.545788 1.929793 -0.522532
v -0.264768 1.924674 -0.729569
v 0.646757 1.954960 -0.612126
v -0.312665 1.947911 -0.851474
v 0.738749 1.970961 -0.704888
v -0.352713 1.962313 -0.970451
v 0.820383 1.977658 -0.800962
v -0.383529 1.968019 -1.086359
v 0.890466 1.974953 -0.900374
v -0.403922 1.965127 -1.199171
v 0.948025 1.962800 -1.003049
v -0.412918 1.953683 -1.308962
v 0.992329 1.941214 -1.108839
v -0.409785 1.933670 -1.415880
v 1.022912 1.910265 -1.217546
v -0.394059 1.905019 -1.520123
v 1.039586 1.870068 -1.328944
v -0.365552 1.867617 -1.621917
v 1.042448 1.820758 -1.442800
v -0.324358 1.821327 -1.721494
v 1.031871 1.762482 -1.558877
v -0.270854 1.766002 -1.819093
v 1.008504 1.695375 -1.676937
v -0.205687 1.701508 -1.914951
v 0.973251 1.619554 -1.796740
v -0.129761 1.627727 -2.009308
v 0.927252 1.535110 -1.918042
v -0.044214 1.544569 -2.102408
v 0.871856 1.442102 -2.040588
v 0.049601 1.451973 -2.194505
v 0.808595 1.340564 -2.164117
v 0.150154 1.349907 -2.285863
v 0.739150 1.230499 -2.288352
v 0.255763 1.238369 -2.376755
v 0.665316 1.111884 -2.413012
v 0.364635 1.117378 -2.467465
v 0.588959 0.984731 -2.537764
v 0.474904 0.986926 -2.558325
vn -0.1274 0.8756 0.4659
vn -0.1121 0.9053 0.4098
vn -0.0955 0.9326 0.3480
vn -0.0778 0.9566 0.2807
vn -0.0593 0.9762 0.2085
vn -0.0402 0.9904 0.1324
vn -0.0208 0.9984 0.0534
vn -0.0015 0.9996 -0.0267
vn 0.0172 0.9942 -0.1065
vn 0.0350 0.9822 -0.1843
vn 0.0516 0.9646 -0.2587
vn 0.0668 0.9421 -0.3287
vn 0.0805 0.9158 -0.3936
vn 0.0928 0.8868 -0.4528
vn 0.1035 0.8561 -0.5064
vn 0.1129 0.8245 -0.5545
vn 0.1210 0.7928 -0.5974
vn 0.1281 0.7614 -0.6355
vn 0.1341 0.7309 -0.6692
vn 0.1392 0.7014 -0.6991
vn 0.1437 0.6731 -0.7255
vn 0.1474 0.6462 -0.7488
vt 0.020000 0.000000
vt 0.020000 0.045455
vt 0.980000 0.045455
vt 0.980000 0.000000
vt 0.020000 0.090909
vt 0.980000 0.090909
vt 0.020000 0.136364
vt 0.980000 0.136364
vt 0.020000 0.181818
vt 0.980000 0.181818
vt 0.020000 0.227273
vt 0.980000 0.227273
vt 0.020000 0.272727
vt 0.980000 0.272727
vt 0.020000 0.318182
vt 0.980000 0.318182
vt 0.020000 0.363636
vt 0.980000 0.363636
vt 0.020000 0.409091
vt 0.980000 0.409091
vt 0.020000 0.454545
vt 0.980000 0.454545
vt 0.020000 0.500000
vt 0.980000 0.500000
vt 0.020000 0.545455
vt 0.980000 0.545455
vt 0.020000 0.590909
vt 0.980000 0.590909
vt 0.020000 0.636364
vt 0.980000 0.636364
vt 0.020000 0.681818
vt 0.980000 0.681818
vt 0.020000 0.727273
vt 0.980000 0.727273
vt 0.020000 0.772727
vt 0.980000 0.772727
vt 0.020000 0.818182
vt 0.980000 0.818182
vt 0.020000 0.863636
vt 0.980000 0.863636
vt 0.020000 0.909091
vt 0.980000 0.909091
vt 0.020000 0.954545
vt 0.980000 0.954545
vt 0.020000 1.000000
vt 0.980000 1.000000
s 0
usemtl FrondCardMat
f 836/843/455 838/844/455 839/845/455 837/846/455
f 838/844/456 840/847/456 841/848/456 839/845/456
f 840/847/457 842/849/457 843/850/457 841/848/457
f 842/849/458 844/851/458 845/852/458 843/850/458
f 844/851/459 846/853/459 847/854/459 845/852/459
f 846/853/460 848/855/460 849/856/460 847/854/460
f 848/855/461 850/857/461 851/858/461 849/856/461
f 850/857/462 852/859/462 853/860/462 851/858/462
f 852/859/463 854/861/463 855/862/463 853/860/463
f 854/861/464 856/863/464 857/864/464 855/862/464
f 856/863/465 858/865/465 859/866/465 857/864/465
f 858/865/466 860/867/466 861/868/466 859/866/466
f 860/867/467 862/869/467 863/870/467 861/868/467
f 862/869/468 864/871/468 865/872/468 863/870/468
f 864/871/469 866/873/469 867/874/469 865/872/469
f 866/873/470 868/875/470 869/876/470 867/874/470
f 868/875/471 870/877/471 871/878/471 869/876/471
f 870/877/472 872/879/472 873/880/472 871/878/472
f 872/879/473 874/881/473 875/882/473 873/880/473
f 874/881/474 876/883/474 877/884/474 875/882/474
f 876/883/475 878/885/475 879/886/475 877/884/475
f 878/885/476 880/887/476 881/888/476 879/886/476
o FrondCard_016
v 0.120702 1.692144 -0.176468
v 0.025968 1.692144 -0.221356
v 0.232782 1.785349 -0.212670
v -0.016992 1.785358 -0.331030
v 0.343287 1.869621 -0.249603
v -0.058359 1.869664 -0.439963
v 0.450672 1.944960 -0.288000
v -0.096586 1.945060 -0.547424
v 0.553452 2.011368 -0.328560
v -0.130191 2.011544 -0.652712
v 0.650239 2.068845 -0.371941
v -0.157784 2.069116 -0.755172
v 0.739765 2.117396 -0.418740
v -0.178098 2.117772 -0.854205
v 0.820911 2.157025 -0.469489
v -0.190014 2.157506 -0.949278
v 0.892731 2.187737 -0.524639
v -0.192586 2.188315 -1.039943
v 0.954468 2.209539 -0.584554
v -0.185057 2.210192 -1.125833
v 1.005574 2.222435 -0.649503
v -0.166877 2.223132 -1.206681
v 1.045715 2.226429 -0.719655
v -0.137715 2.227131 -1.282317
v 1.074784 2.221522 -0.795073
v -0.097462 2.222189 -1.352679
v 1.092899 2.207710 -0.875712
v -0.046237 2.208308 -1.417810
v 1.100398 2.184988 -0.961422
v 0.015622 2.185495 -1.477863
v 1.097837 2.153353 -1.051944
v 0.087559 2.153753 -1.533095
v 1.085975 2.112797 -1.146919
v 0.168816 2.113089 -1.583864
v 1.065760 2.063315 -1.245899
v 0.258444 2.063507 -1.630620
v 1.038308 2.004904 -1.348349
v 0.355328 2.005012 -1.673897
v 1.004884 1.937562 -1.453666
v 0.458201 1.937606 -1.714299
v 0.966875 1.861287 -1.561185
v 0.565678 1.861290 -1.752490
v 0.925759 1.776079 -1.670199
v 0.676280 1.776063 -1.789177
v 0.883082 1.681938 -1.779971
v 0.788462 1.681929 -1.825098
vn -0.3237 0.6546 0.6832
vn -0.3093 0.6916 0.6527
vn -0.2922 0.7309 0.6168
vn -0.2721 0.7720 0.5744
vn -0.2485 0.8143 0.5245
vn -0.2208 0.8567 0.4662
vn -0.1888 0.8974 0.3988
vn -0.1523 0.9344 0.3219
vn -0.1116 0.9653 0.2361
vn -0.0674 0.9874 0.1430
vn -0.0207 0.9988 0.0449
vn 0.0266 0.9981 -0.0548
vn 0.0731 0.9856 -0.1525
vn 0.1171 0.9624 -0.2450
vn 0.1574 0.9308 -0.3298
vn 0.1935 0.8933 -0.4057
vn 0.2252 0.8523 -0.4721
vn 0.2525 0.8099 -0.5294
vn 0.2758 0.7677 -0.5784
vn 0.2957 0.7267 -0.6201
vn 0.3125 0.6877 -0.6553
vn 0.3268 0.6509 -0.6853
vt 0.020000 0.000000
vt 0.020000 0.045455
vt 0.980000 0.045455
vt 0.980000 0.000000
vt 0.020000 0.090909
vt 0.980000 0.090909
vt 0.020000 0.136364
vt 0.980000 0.136364
vt 0.020000 0.181818
vt 0.980000 0.181818
vt 0.020000 0.227273
vt 0.980000 0.227273
vt 0.020000 0.272727
vt 0.980000 0.272727
vt 0.020000 0.318182
vt 0.980000 0.318182
vt 0.020000 0.363636
vt 0.980000 0.363636
vt 0.020000 0.409091
vt 0.980000 0.409091
vt 0.020000 0.454545
vt 0.980000 0.454545
vt 0.020000 0.500000
vt 0.980000 0.500000
vt 0.020000 0.545455
vt 0.980000 0.545455
vt 0.020000 0.590909
vt 0.980000 0.590909
vt 0.020000 0.636364
vt 0.980000 0.636364
vt 0.020000 0.681818
vt 0.980000 0.681818
vt 0.020000 0.727273
vt 0.980000 0.727273
vt 0.020000 0.772727
vt 0.980000 0.772727
vt 0.020000 0.818182
vt 0.980000 0.818182
vt 0.020000 0.863636
vt 0.980000 0.863636
vt 0.020000 0.909091
vt 0.980000 0.909091
vt 0.020000 0.954545
vt 0.980000 0.954545
vt 0.020000 1.000000
vt 0.980000 1.000000
s 0
usemtl FrondCardMat
f 882/889/477 884/890/477 885/891/477 883/892/477
f 884/890/478 886/893/478 887/894/478 885/891/478
f 886/893/479 888/895/479 889/896/479 887/894/479
f 888/895/480 890/897/480 891/898/480 889/896/480
f 890/897/481 892/899/481 893/900/481 891/898/481
f 892/899/482 894/901/482 895/902/482 893/900/482
f 894/901/483 896/903/483 897/904/483 895/902/483
f 896/903/484 898/905/484 899/906/484 897/904/484
f 898/905/485 900/907/485 901/908/485 899/906/485
f 900/907/486 902/909/486 903/910/486 901/908/486
f 902/909/487 904/911/487 905/912/487 903/910/487
f 904/911/488 906/913/488 907/914/488 905/912/488
f 906/913/489 908/915/489 909/916/489 907/914/489
f 908/915/490 910/917/490 911/918/490 909/916/490
f 910/917/491 912/919/491 913/920/491 911/918/491
f 912/919/492 914/921/492 915/922/492 913/920/492
f 914/921/493 916/923/493 917/924/493 915/922/493
f 916/923/494 918/925/494 919/926/494 917/924/494
f 918/925/495 920/927/495 921/928/495 919/926/495
f 920/927/496 922/929/496 923/930/496 921/928/496
f 922/929/497 924/931/497 925/932/497 923/930/497
f 924/931/498 926/933/498 927/934/498 925/932/498
o FrondCard_017
v -0.176082 1.748563 0.074644
v -0.127767 1.748563 0.167476
v -0.314643 1.793657 0.050216
v -0.187139 1.793610 0.294919
v -0.452516 1.828681 0.027527
v -0.247088 1.828489 0.420830
v -0.588896 1.853604 0.008084
v -0.308421 1.853230 0.543700
v -0.723019 1.868398 -0.006665
v -0.371900 1.867860 0.662081
v -0.854154 1.873037 -0.015370
v -0.438257 1.872405 0.774624
v -0.981619 1.867501 -0.016808
v -0.508174 1.866888 0.880107
v -1.104799 1.851775 -0.009908
v -0.582268 1.851320 0.977457
v -1.223159 1.825860 0.006234
v -0.661070 1.825703 1.065772
v -1.336264 1.789763 0.032334
v -0.745017 1.790028 1.144333
v -1.443789 1.743502 0.068912
v -0.834435 1.744278 1.212622
v -1.545525 1.687101 0.116278
v -0.929532 1.688429 1.270330
v -1.641388 1.620583 0.174528
v -1.030391 1.622459 1.317359
v -1.731421 1.543971 0.243542
v -1.136970 1.546342 1.353829
v -1.815787 1.457286 0.322988
v -1.249107 1.460059 1.380074
v -1.894767 1.360546 0.412322
v -1.366520 1.363593 1.396637
v -1.968756 1.253761 0.510805
v -1.488813 1.256932 1.404255
v -2.038249 1.136939 0.617515
v -1.615492 1.140069 1.403853
v -2.103835 1.010082 0.731364
v -1.745970 1.013002 1.396518
v -2.166179 0.873190 0.851122
v -1.879578 0.875731 1.383480
v -2.226013 0.726256 0.975440
v -2.015587 0.728262 1.366087
v -2.284118 0.569274 1.102880
v -2.153214 0.570603 1.345778
v -2.341306 0.402238 1.231937
v -2.291649 0.402757 1.324057
vn 0.3323 0.9272 -0.1729
vn 0.2652 0.9543 -0.1380
vn 0.1928 0.9761 -0.1002
vn 0.1161 0.9914 -0.0601
vn 0.0367 0.9992 -0.0185
vn -0.0435 0.9988 0.0237
vn -0.1226 0.9903 0.0653
vn -0.1987 0.9744 0.1056
vn -0.2705 0.9520 0.1436
vn -0.3367 0.9245 0.1788
vn -0.3969 0.8933 0.2108
vn -0.4508 0.8598 0.2396
vn -0.4987 0.8252 0.2653
vn -0.5408 0.7903 0.2879
vn -0.5778 0.7560 0.3077
vn -0.6100 0.7226 0.3251
vn -0.6382 0.6906 0.3404
vn -0.6627 0.6601 0.3537
vn -0.6842 0.6312 0.3653
vn -0.7029 0.6040 0.3756
vn -0.7194 0.5784 0.3845
vn -0.7339 0.5545 0.3925
vt 0.020000 0.000000
vt 0.020000 0.045455
vt 0.980000 0.045455
vt 0.980000 0.000000
vt 0.020000 0.090909
vt 0.980000 0.090909
vt 0.020000 0.136364
vt 0.980000 0.136364
vt 0.020000 0.181818
vt 0.980000 0.181818
vt 0.020000 0.227273
vt 0.980000 0.227273
vt 0.020000 0.272727
vt 0.980000 0.272727
vt 0.020000 0.318182
vt 0.980000 0.318182
vt 0.020000 0.363636
vt 0.980000 0.363636
vt 0.020000 0.409091
vt 0.980000 0.409091
vt 0.020000 0.454545
vt 0.980000 0.454545
vt 0.020000 0.500000
vt 0.980000 0.500000
vt 0.020000 0.545455
vt 0.980000 0.545455
vt 0.020000 0.590909
vt 0.980000 0.590909
vt 0.020000 0.636364
vt 0.980000 0.636364
vt 0.020000 0.681818
vt 0.980000 0.681818
vt 0.020000 0.727273
vt 0.980000 0.727273
vt 0.020000 0.772727
vt 0.980000 0.772727
vt 0.020000 0.818182
vt 0.980000 0.818182
vt 0.020000 0.863636
vt 0.980000 0.863636
vt 0.020000 0.909091
vt 0.980000 0.909091
vt 0.020000 0.954545
vt 0.980000 0.954545
vt 0.020000 1.000000
vt 0.980000 1.000000
s 0
usemtl FrondCardMat
f 928/935/499 930/936/499 931/937/499 929/938/499
f 930/936/500 932/939/500 933/940/500 931/937/500
f 932/939/501 934/941/501 935/942/501 933/940/501
f 934/941/502 936/943/502 937/944/502 935/942/502
f 936/943/503 938/945/503 939/946/503 937/944/503
f 938/945/504 940/947/504 941/948/504 939/946/504
f 940/947/505 942/949/505 943/950/505 941/948/505
f 942/949/506 944/951/506 945/952/506 943/950/506
f 944/951/507 946/953/507 947/954/507 945/952/507
f 946/953/508 948/955/508 949/956/508 947/954/508
f 948/955/509 950/957/509 951/958/509 949/956/509
f 950/957/510 952/959/510 953/960/510 951/958/510
f 952/959/511 954/961/511 955/962/511 953/960/511
f 954/961/512 956/963/512 957/964/512 955/962/512
f 956/963/513 958/965/513 959/966/513 957/964/513
f 958/965/514 960/967/514 961/968/514 959/966/514
f 960/967/515 962/969/515 963/970/515 961/968/515
f 962/969/516 964/971/516 965/972/516 963/970/516
f 964/971/517 966/973/517 967/974/517 965/972/517
f 966/973/518 968/975/518 969/976/518 967/974/518
f 968/975/519 970/977/519 971/978/519 969/976/519
f 970/977/520 972/979/520 973/980/520 971/978/520
o FrondCard_018
v 0.012026 1.671529 0.188522
v 0.121974 1.671529 0.159882
v -0.050488 1.741732 0.317364
v 0.239593 1.742194 0.242583
v -0.112186 1.804037 0.444758
v 0.354923 1.806184 0.327005
v -0.171247 1.858595 0.570298
v 0.466142 1.863344 0.413553
v -0.225942 1.905519 0.693514
v 0.571523 1.913565 0.502697
v -0.274637 1.944951 0.814028
v 0.669431 1.956702 0.594815
v -0.315822 1.977062 0.931568
v 0.758357 1.992587 0.690181
v -0.348145 2.002028 1.045980
v 0.836948 2.021042 0.788946
v -0.370436 2.020021 1.157240
v 0.904034 2.041894 0.891135
v -0.381737 2.031188 1.265444
v 0.958657 2.054999 0.996653
v -0.381323 2.035629 1.370799
v 1.000092 2.060255 1.105292
v -0.368719 2.033390 1.473603
v 1.027865 2.057616 1.216755
v -0.343720 2.024456 1.574215
v 1.041771 2.047098 1.330682
v -0.306395 2.008752 1.673032
v 1.041876 2.028775 1.446675
v -0.257087 1.986154 1.770458
v 1.028527 2.002772 1.564333
v -0.196411 1.956503 1.866883
v 1.002336 1.969247 1.683263
v -0.125240 1.919621 1.962669
v 0.964179 1.928379 1.803105
v -0.044686 1.875334 2.058136
v 0.915165 1.880341 1.923538
v 0.043924 1.823481 2.153565
v 0.856623 1.825294 2.044282
v 0.139077 1.763929 2.249195
v 0.790064 1.763372 2.165096
v 0.239111 1.696580 2.345230
v 0.717152 1.694672 2.285779
v 0.342244 1.621375 2.441841
v 0.639669 1.619254 2.406157
v 0.446629 1.538206 2.539281
v 0.559460 1.537225 2.525979
vn -0.1365 0.8406 -0.5242
vn -0.1261 0.8658 -0.4843
vn -0.1151 0.8903 -0.4407
vn -0.1034 0.9136 -0.3932
vn -0.0912 0.9352 -0.3421
vn -0.0785 0.9546 -0.2873
vn -0.0654 0.9712 -0.2292
vn -0.0521 0.9844 -0.1682
vn -0.0388 0.9937 -0.1050
vn -0.0257 0.9989 -0.0402
vn -0.0128 0.9996 0.0252
vn -0.0005 0.9959 0.0904
vn 0.0111 0.9879 0.1545
vn 0.0220 0.9760 0.2168
vn 0.0320 0.9604 0.2766
vn 0.0411 0.9419 0.3333
vn 0.0493 0.9209 0.3866
vn 0.0566 0.8981 0.4362
vn 0.0629 0.8738 0.4821
vn 0.0685 0.8488 0.5243
vn 0.0733 0.8233 0.5628
vn 0.0774 0.7978 0.5980
vt 0.020000 0.000000
vt 0.020000 0.045455
vt 0.980000 0.045455
vt 0.980000 0.000000
vt 0.020000 0.090909
vt 0.980000 0.090909
vt 0.020000 0.136364
vt 0.980000 0.136364
vt 0.020000 0.181818
vt 0.980000 0.181818
vt 0.020000 0.227273
vt 0.980000 0.227273
vt 0.020000 0.272727
vt 0.980000 0.272727
vt 0.020000 0.318182
vt 0.980000 0.318182
vt 0.020000 0.363636
vt 0.980000 0.363636
vt 0.020000 0.409091
vt 0.980000 0.409091
vt 0.020000 0.454545
vt 0.980000 0.454545
vt 0.020000 0.500000
vt 0.980000 0.500000
vt 0.020000 0.545455
vt 0.980000 0.545455
vt 0.020000 0.590909
vt 0.980000 0.590909
vt 0.020000 0.636364
vt 0.980000 0.636364
vt 0.020000 0.681818
vt 0.980000 0.681818
vt 0.020000 0.727273
vt 0.980000 0.727273
vt 0.020000 0.772727
vt 0.980000 0.772727
vt 0.020000 0.818182
vt 0.980000 0.818182
vt 0.020000 0.863636
vt 0.980000 0.863636
vt 0.020000 0.909091
vt 0.980000 0.909091
vt 0.020000 0.954545
vt 0.980000 0.954545
vt 0.020000 1.000000
vt 0.980000 1.000000
s 0
usemtl FrondCardMat
f 974/981/521 976/982/521 977/983/521 975/984/521
f 976/982/522 978/985/522 979/986/522 977/983/522
f 978/985/523 980/987/523 981/988/523 979/986/523
f 980/987/524 982/989/524 983/990/524 981/988/524
f 982/989/525 984/991/525 985/992/525 983/990/525
f 984/991/526 986/993/526 987/994/526 985/992/526
f 986/993/527 988/995/527 989/996/527 987/994/527
f 988/995/528 990/997/528 991/998/528 989/996/528
f 990/997/529 992/999/529 993/1000/529 991/998/529
f 992/999/530 994/1001/530 995/1002/530 993/1000/530
f 994/1001/531 996/1003/531 997/1004/531 995/1002/531
f 996/1003/532 998/1005/532 999/1006/532 997/1004/532
f 998/1005/533 1000/1007/533 1001/1008/533 999/1006/533
f 1000/1007/534 1002/1009/534 1003/1010/534 1001/1008/534
f 1002/1009/535 1004/1011/535 1005/1012/535 1003/1010/535
f 1004/1011/536 1006/1013/536 1007/1014/536 1005/1012/536
f 1006/1013/537 1008/1015/537 1009/1016/537 1007/1014/537
f 1008/1015/538 1010/1017/538 1011/1018/538 1009/1016/538
f 1010/1017/539 1012/1019/539 1013/1020/539 1011/1018/539
f 1012/1019/540 1014/1021/540 1015/1022/540 1013/1020/540
f 1014/1021/541 1016/1023/541 1017/1024/541 1015/1022/541
f 1016/1023/542 1018/1025/542 1019/1026/542 1017/1024/542
o FrondCard_019
v 0.148888 1.720397 -0.006777
v 0.096474 1.720397 -0.087565
v 0.318409 1.768277 -0.022822
v 0.180562 1.768395 -0.236056
v 0.486819 1.806522 -0.039430
v 0.266306 1.807019 -0.383074
v 0.653326 1.835207 -0.057962
v 0.354498 1.836195 -0.527256
v 0.817140 1.854388 -0.079705
v 0.445928 1.855865 -0.667314
v 0.977548 1.864124 -0.105882
v 0.541309 1.865972 -0.802027
v 1.133935 1.864464 -0.137631
v 0.641255 1.866466 -0.930256
v 1.285788 1.855445 -0.175974
v 0.746280 1.857310 -1.050979
v 1.432706 1.837087 -0.221799
v 0.856785 1.838485 -1.163309
v 1.574400 1.809387 -0.275833
v 0.973059 1.809992 -1.266518
v 1.710694 1.772327 -0.338628
v 1.095279 1.771852 -1.360054
v 1.841520 1.725869 -0.410543
v 1.223510 1.724100 -1.443558
v 1.966923 1.669962 -0.491738
v 1.357710 1.666788 -1.516870
v 2.087048 1.604549 -0.582164
v 1.497732 1.599974 -1.580039
v 2.202142 1.529569 -0.681569
v 1.643331 1.523718 -1.633318
v 2.312545 1.444964 -0.789499
v 1.794165 1.438078 -1.677159
v 2.418687 1.350682 -0.905311
v 1.949805 1.343106 -1.712208
v 2.521078 1.246683 -1.028183
v 2.109740 1.238843 -1.739284
v 2.620300 1.132935 -1.157137
v 2.273390 1.125319 -1.759367
v 2.717000 1.009423 -1.291057
v 2.440108 1.002552 -1.773571
v 2.811872 0.876142 -1.428714
v 2.609197 0.870544 -1.783127
v 2.905653 0.733103 -1.568790
v 2.779922 0.729285 -1.789352
v 2.999129 0.580296 -1.709924
v 2.951497 0.578786 -1.793607
vn -0.2536 0.9532 0.1645
vn -0.2068 0.9692 0.1341
vn -0.1576 0.9822 0.1025
vn -0.1066 0.9918 0.0699
vn -0.0543 0.9978 0.0367
vn -0.0012 1.0000 0.0033
vn 0.0521 0.9982 -0.0299
vn 0.1049 0.9925 -0.0626
vn 0.1566 0.9831 -0.0944
vn 0.2067 0.9704 -0.1249
vn 0.2548 0.9547 -0.1540
vn 0.3004 0.9364 -0.1814
vn 0.3434 0.9161 -0.2070
vn 0.3836 0.8942 -0.2307
vn 0.4210 0.8712 -0.2526
vn 0.4555 0.8474 -0.2726
vn 0.4873 0.8233 -0.2909
vn 0.5165 0.7991 -0.3076
vn 0.5432 0.7751 -0.3227
vn 0.5676 0.7514 -0.3364
vn 0.5898 0.7283 -0.3488
vn 0.6101 0.7058 -0.3600
vt 0.020000 0.000000
vt 0.020000 0.045455
vt 0.980000 0.045455
vt 0.980000 0.000000
vt 0.020000 0.090909
vt 0.980000 0.090909
vt 0.020000 0.136364
vt 0.980000 0.136364
vt 0.020000 0.181818
vt 0.980000 0.181818
vt 0.020000 0.227273
vt 0.980000 0.227273
vt 0.020000 0.272727
vt 0.980000 0.272727
vt 0.020000 0.318182
vt 0.980000 0.318182
vt 0.020000 0.363636
vt 0.980000 0.363636
vt 0.020000 0.409091
vt 0.980000 0.409091
vt 0.020000 0.454545
vt 0.980000 0.454545
vt 0.020000 0.500000
vt 0.980000 0.500000
vt 0.020000 0.545455
vt 0.980000 0.545455
vt 0.020000 0.590909
vt 0.980000 0.590909
vt 0.020000 0.636364
vt 0.980000 0.636364
vt 0.020000 0.681818
vt 0.980000 0.681818
vt 0.020000 0.727273
vt 0.980000 0.727273
vt 0.020000 0.772727
vt 0.980000 0.772727
vt 0.020000 0.818182
vt 0.980000 0.818182
vt 0.020000 0.863636
vt 0.980000 0.863636
vt 0.020000 0.909091
vt 0.980000 0.909091
vt 0.020000 0.954545
vt 0.980000 0.954545
vt 0.020000 1.000000
vt 0.980000 1.000000
s 0
usemtl FrondCardMat
f 1020/1027/543 1022/1028/543 1023/1029/543 1021/1030/543
f 1022/1028/544 1024/1031/544 1025/1032/544 1023/1029/544
f 1024/1031/545 1026/1033/545 1027/1034/545 1025/1032/545
f 1026/1033/546 1028/1035/546 1029/1036/546 1027/1034/546
f 1028/1035/547 1030/1037/547 1031/1038/547 1029/1036/547
f 1030/1037/548 1032/1039/548 1033/1040/548 1031/1038/548
f 1032/1039/549 1034/1041/549 1035/1042/549 1033/1040/549
f 1034/1041/550 1036/1043/550 1037/1044/550 1035/1042/550
f 1036/1043/551 1038/1045/551 1039/1046/551 1037/1044/551
f 1038/1045/552 1040/1047/552 1041/1048/552 1039/1046/552
f 1040/1047/553 1042/1049/553 1043/1050/553 1041/1048/553
f 1042/1049/554 1044/1051/554 1045/1052/554 1043/1050/554
f 1044/1051/555 1046/1053/555 1047/1054/555 1045/1052/555
f 1046/1053/556 1048/1055/556 1049/1056/556 1047/1054/556
f 1048/1055/557 1050/1057/557 1051/1058/557 1049/1056/557
f 1050/1057/558 1052/1059/558 1053/1060/558 1051/1058/558
f 1052/1059/559 1054/1061/559 1055/1062/559 1053/1060/559
f 1054/1061/560 1056/1063/560 1057/1064/560 1055/1062/560
f 1056/1063/561 1058/1065/561 1059/1066/561 1057/1064/561
f 1058/1065/562 1060/1067/562 1061/1068/562 1059/1066/562
f 1060/1067/563 1062/1069/563 1063/1070/563 1061/1068/563
f 1062/1069/564 1064/1071/564 1065/1072/564 1063/1070/564
o FrondCard_020
v -0.004892 1.727134 -0.140327
v -0.106530 1.727134 -0.106822
v 0.047968 1.816203 -0.259695
v -0.219901 1.815890 -0.171015
v 0.098563 1.897515 -0.378878
v -0.331800 1.896025 -0.235090
v 0.145230 1.970999 -0.497333
v -0.440561 1.967610 -0.299592
v 0.186358 2.036605 -0.614580
v -0.544575 2.030692 -0.365000
v 0.220447 2.094255 -0.730148
v -0.642341 2.085351 -0.431785
v 0.246136 2.143842 -0.843573
v -0.732499 2.131695 -0.500411
v 0.262243 2.185230 -0.954399
v -0.813866 2.169858 -0.571335
v 0.267785 2.218273 -1.062176
v -0.885459 2.199987 -0.645006
v 0.262005 2.242824 -1.166463
v -0.946522 2.222229 -0.721864
v 0.244390 2.258761 -1.266840
v -0.996541 2.236706 -0.802331
v 0.214675 2.265999 -1.362924
v -1.035250 2.243502 -0.886789
v 0.172842 2.264513 -1.454394
v -1.062635 2.242644 -0.975559
v 0.119119 2.254335 -1.541021
v -1.078919 2.234097 -1.068869
v 0.053957 2.235556 -1.622693
v -1.084556 2.217774 -1.166833
v -0.021979 2.208303 -1.699438
v -1.080211 2.193546 -1.269423
v -0.107831 2.172727 -1.771428
v -1.066741 2.161262 -1.376465
v -0.202565 2.128976 -1.838979
v -1.045180 2.120771 -1.487644
v -0.304994 2.077187 -1.902538
v -1.016715 2.071942 -1.602513
v -0.413795 2.017466 -1.962665
v -0.982670 2.014664 -1.720513
v -0.527534 1.949889 -2.020006
v -0.944479 1.948863 -1.840997
v -0.644688 1.874501 -2.075277
v -0.903663 1.874494 -1.963248
v -0.763657 1.791372 -2.129181
v -0.861824 1.791488 -2.086565
vn 0.2120 0.7359 0.6430
vn 0.2007 0.7674 0.6089
vn 0.1878 0.7997 0.5703
vn 0.1731 0.8322 0.5267
vn 0.1563 0.8644 0.4778
vn 0.1372 0.8955 0.4233
vn 0.1159 0.9245 0.3630
vn 0.0923 0.9503 0.2972
vn 0.0666 0.9717 0.2264
vn 0.0390 0.9877 0.1515
vn 0.0100 0.9972 0.0737
vn -0.0199 0.9998 -0.0054
vn -0.0501 0.9952 -0.0841
vn -0.0799 0.9838 -0.1608
vn -0.1087 0.9662 -0.2340
vn -0.1360 0.9434 -0.3026
vn -0.1616 0.9165 -0.3658
vn -0.1851 0.8868 -0.4234
vn -0.2065 0.8553 -0.4751
vn -0.2259 0.8229 -0.5213
vn -0.2433 0.7904 -0.5622
vn -0.2588 0.7583 -0.5983
vt 0.020000 0.000000
vt 0.020000 0.045455
vt 0.980000 0.045455
vt 0.980000 0.000000
vt 0.020000 0.090909
vt 0.980000 0.090909
vt 0.020000 0.136364
vt 0.980000 0.136364
vt 0.020000 0.181818
vt 0.980000 0.181818
vt 0.020000 0.227273
vt 0.980000 0.227273
vt 0.020000 0.272727
vt 0.980000 0.272727
vt 0.020000 0.318182
vt 0.980000 0.318182
vt 0.020000 0.363636
vt 0.980000 0.363636
vt 0.020000 0.409091
vt 0.980000 0.409091
vt 0.020000 0.454545
vt 0.980000 0.454545
vt 0.020000 0.500000
vt 0.980000 0.500000
vt 0.020000 0.545455
vt 0.980000 0.545455
vt 0.020000 0.590909
vt 0.980000 0.590909
vt 0.020000 0.636364
vt 0.980000 0.636364
vt 0.020000 0.681818
vt 0.980000 0.681818
vt 0.020000 0.727273
vt 0.980000 0.727273
vt 0.020000 0.772727
vt 0.980000 0.772727
vt 0.020000 0.818182
vt 0.980000 0.818182
vt 0.020000 0.863636
vt 0.980000 0.863636
vt 0.020000 0.909091
vt 0.980000 0.909091
vt 0.020000 0.954545
vt 0.980000 0.954545
vt 0.020000 1.000000
vt 0.980000 1.000000
s 0
usemtl FrondCardMat
f 1066/1073/565 1068/1074/565 1069/1075/565 1067/1076/565
f 1068/1074/566 1070/1077/566 1071/1078/566 1069/1075/566
f 1070/1077/567 1072/1079/567 1073/1080/567 1071/1078/567
f 1072/1079/568 1074/1081/568 1075/1082/568 1073/1080/568
f 1074/1081/569 1076/1083/569 1077/1084/569 1075/1082/569
f 1076/1083/570 1078/1085/570 1079/1086/570 1077/1084/570
f 1078/1085/571 1080/1087/571 1081/1088/571 1079/1086/571
f 1080/1087/572 1082/1089/572 1083/1090/572 1081/1088/572
f 1082/1089/573 1084/1091/573 1085/1092/573 1083/1090/573
f 1084/1091/574 1086/1093/574 1087/1094/574 1085/1092/574
f 1086/1093/575 1088/1095/575 1089/1096/575 1087/1094/575
f 1088/1095/576 1090/1097/576 1091/1098/576 1089/1096/576
f 1090/1097/577 1092/1099/577 1093/1100/577 1091/1098/577
f 1092/1099/578 1094/1101/578 1095/1102/578 1093/1100/578
f 1094/1101/579 1096/1103/579 1097/1104/579 1095/1102/579
f 1096/1103/580 1098/1105/580 1099/1106/580 1097/1104/580
f 1098/1105/581 1100/1107/581 1101/1108/581 1099/1106/581
f 1100/1107/582 1102/1109/582 1103/1110/582 1101/1108/582
f 1102/1109/583 1104/1111/583 1105/1112/583 1103/1110/583
f 1104/1111/584 1106/1113/584 1107/1114/584 1105/1112/584
f 1106/1113/585 1108/1115/585 1109/1116/585 1107/1114/585
f 1108/1115/586 1110/1117/586 1111/1118/586 1109/1116/586
o FrondCard_021
v -0.194624 1.742499 -0.009386
v -0.169069 1.742499 0.094054
v -0.309658 1.856977 -0.070780
v -0.241848 1.856476 0.201846
v -0.424749 1.961365 -0.129629
v -0.314149 1.958935 0.308382
v -0.539534 2.055590 -0.184224
v -0.386335 2.049952 0.411952
v -0.653738 2.139611 -0.232903
v -0.458681 2.129567 0.510894
v -0.767091 2.213326 -0.274110
v -0.531457 2.197881 0.603652
v -0.879316 2.276559 -0.306430
v -0.604941 2.255071 0.688812
v -0.990099 2.329057 -0.328629
v -0.679445 2.301390 0.765138
v -1.099063 2.370504 -0.339690
v -0.755348 2.337153 0.831615
v -1.205733 2.400557 -0.338850
v -0.833123 2.362704 0.887480
v -1.309534 2.418909 -0.325623
v -0.913346 2.378351 0.932244
v -1.409822 2.425354 -0.299805
v -0.996662 2.384297 0.965707
v -1.505953 2.419851 -0.261467
v -1.083714 2.380586 0.987938
v -1.597383 2.402528 -0.210925
v -1.175045 2.367088 0.999253
v -1.683754 2.373653 -0.148708
v -1.271016 2.343537 1.000182
v -1.764944 2.333563 -0.075530
v -1.371745 2.309593 0.991436
v -1.841073 2.282599 0.007732
v -1.477116 2.264917 0.973896
v -1.912470 2.221053 0.100047
v -1.586796 2.209218 0.948591
v -1.979630 2.149143 0.200241
v -1.700293 2.142277 0.916695
v -2.043168 2.067007 0.307009
v -1.816991 2.063954 0.879514
v -2.103779 1.974716 0.418932
v -1.936195 1.974181 0.838465
v -2.162208 1.872281 0.534503
v -2.057161 1.872944 0.795057
v -2.219164 1.759758 0.652125
v -2.179178 1.760191 0.750887
vn 0.7409 0.6462 -0.1831
vn 0.7092 0.6829 -0.1752
vn 0.6718 0.7219 -0.1657
vn 0.6277 0.7630 -0.1542
vn 0.5758 0.8055 -0.1403
vn 0.5149 0.8483 -0.1235
vn 0.4443 0.8899 -0.1035
vn 0.3636 0.9281 -0.0800
vn 0.2732 0.9605 -0.0531
vn 0.1746 0.9844 -0.0230
vn 0.0704 0.9975 0.0097
vn -0.0357 0.9984 0.0438
vn -0.1400 0.9871 0.0781
vn -0.2388 0.9647 0.1113
vn -0.3293 0.9334 0.1426
vn -0.4101 0.8958 0.1711
vn -0.4806 0.8546 0.1965
vn -0.5412 0.8119 0.2189
vn -0.5928 0.7693 0.2384
vn -0.6364 0.7279 0.2552
vn -0.6732 0.6885 0.2697
vn -0.7042 0.6515 0.2823
vt 0.020000 0.000000
vt 0.020000 0.045455
vt 0.980000 0.045455
vt 0.980000 0.000000
vt 0.020000 0.090909
vt 0.980000 0.090909
vt 0.020000 0.136364
vt 0.980000 0.136364
vt 0.020000 0.181818
vt 0.980000 0.181818
vt 0.020000 0.227273
vt 0.980000 0.227273
vt 0.020000 0.272727
vt 0.980000 0.272727
vt 0.020000 0.318182
vt 0.980000 0.318182
vt 0.020000 0.363636
vt 0.980000 0.363636
vt 0.020000 0.409091
vt 0.980000 0.409091
vt 0.020000 0.454545
vt 0.980000 0.454545
vt 0.020000 0.500000
vt 0.980000 0.500000
vt 0.020000 0.545455
vt 0.980000 0.545455
vt 0.020000 0.590909
vt 0.980000 0.590909
vt 0.020000 0.636364
vt 0.980000 0.636364
vt 0.020000 0.681818
vt 0.980000 0.681818
vt 0.020000 0.727273
vt 0.980000 0.727273
vt 0.020000 0.772727
vt 0.980000 0.772727
vt 0.020000 0.818182
vt 0.980000 0.818182
vt 0.020000 0.863636
vt 0.980000 0.863636
vt 0.020000 0.909091
vt 0.980000 0.909091
vt 0.020000 0.954545
vt 0.980000 0.954545
vt 0.020000 1.000000
vt 0.980000 1.000000
s 0
usemtl FrondCardMat
f 1112/1119/587 1114/1120/587 1115/1121/587 1113/1122/587
f 1114/1120/588 1116/1123/588 1117/1124/588 1115/1121/588
f 1116/1123/589 1118/1125/589 1119/1126/589 1117/1124/589
f 1118/1125/590 1120/1127/590 1121/1128/590 1119/1126/590
f 1120/1127/591 1122/1129/591 1123/1130/591 1121/1128/591
f 1122/1129/592 1124/1131/592 1125/1132/592 1123/1130/592
f 1124/1131/593 1126/1133/593 1127/1134/593 1125/1132/593
f 1126/1133/594 1128/1135/594 1129/1136/594 1127/1134/594
f 1128/1135/595 1130/1137/595 1131/1138/595 1129/1136/595
f 1130/1137/596 1132/1139/596 1133/1140/596 1131/1138/596
f 1132/1139/597 1134/1141/597 1135/1142/597 1133/1140/597
f 1134/1141/598 1136/1143/598 1137/1144/598 1135/1142/598
f 1136/1143/599 1138/1145/599 1139/1146/599 1137/1144/599
f 1138/1145/600 1140/1147/600 1141/1148/600 1139/1146/600
f 1140/1147/601 1142/1149/601 1143/1150/601 1141/1148/601
f 1142/1149/602 1144/1151/602 1145/1152/602 1143/1150/602
f 1144/1151/603 1146/1153/603 1147/1154/603 1145/1152/603
f 1146/1153/604 1148/1155/604 1149/1156/604 1147/1154/604
f 1148/1155/605 1150/1157/605 1151/1158/605 1149/1156/605
f 1150/1157/606 1152/1159/606 1153/1160/606 1151/1158/606
f 1152/1159/607 1154/1161/607 1155/1162/607 1153/1160/607
f 1154/1161/608 1156/1163/608 1157/1164/608 1155/1162/608
o FrondCard_022
v -0.155204 1.740346 -0.033483
v -0.143236 1.740346 0.079852
v -0.320914 1.792518 -0.109762
v -0.288896 1.792377 0.189010
v -0.487030 1.834977 -0.183558
v -0.434003 1.834382 0.296727
v -0.653272 1.867640 -0.253028
v -0.578837 1.866445 0.401159
v -0.819414 1.890440 -0.316398
v -0.723624 1.888631 0.500533
v -0.985205 1.903311 -0.372013
v -0.868614 1.901007 0.593194
v -1.150373 1.906194 -0.418368
v -1.014080 1.903631 0.677638
v -1.314633 1.899045 -0.454140
v -1.160305 1.896548 0.752541
v -1.477703 1.881839 -0.478213
v -1.307574 1.879783 0.816787
v -1.639313 1.854573 -0.489702
v -1.456155 1.853339 0.869490
v -1.799221 1.817267 -0.487966
v -1.606292 1.817196 0.910010
v -1.957222 1.769962 -0.472625
v -1.758188 1.771313 0.937968
v -2.113163 1.712713 -0.443564
v -1.911996 1.715635 0.953247
v -2.266947 1.645585 -0.400935
v -2.067814 1.650095 0.956001
v -2.418536 1.568649 -0.345154
v -2.225680 1.574626 0.946645
v -2.567955 1.481969 -0.276892
v -2.385569 1.489161 0.925849
v -2.715286 1.385607 -0.197060
v -2.547397 1.393639 0.894526
v -2.860671 1.279611 -0.106793
v -2.711024 1.288011 0.853810
v -3.004300 1.164016 -0.007426
v -2.876260 1.172243 0.805035
v -3.146409 1.038844 0.099535
v -3.042870 1.046314 0.749709
v -3.287267 0.904100 0.212440
v -3.210582 0.910217 0.689481
v -3.427177 0.759774 0.329529
v -3.379095 0.763962 0.626110
v -3.566427 0.605878 0.448963
v -3.548120 0.607539 0.561436
vn 0.3140 0.9488 -0.0332
vn 0.2590 0.9655 -0.0274
vn 0.2014 0.9793 -0.0211
vn 0.1415 0.9898 -0.0144
vn 0.0801 0.9968 -0.0072
vn 0.0178 0.9998 0.0002
vn -0.0448 0.9990 0.0078
vn -0.1068 0.9942 0.0157
vn -0.1675 0.9856 0.0235
vn -0.2264 0.9735 0.0313
vn -0.2827 0.9584 0.0390
vn -0.3363 0.9406 0.0465
vn -0.3866 0.9207 0.0537
vn -0.4337 0.8990 0.0606
vn -0.4773 0.8762 0.0672
vn -0.5176 0.8525 0.0734
vn -0.5546 0.8283 0.0792
vn -0.5885 0.8041 0.0846
vn -0.6194 0.7799 0.0897
vn -0.6476 0.7561 0.0944
vn -0.6732 0.7328 0.0988
vn -0.6965 0.7101 0.1029
vt 0.020000 0.000000
vt 0.020000 0.045455
vt 0.980000 0.045455
vt 0.980000 0.000000
vt 0.020000 0.090909
vt 0.980000 0.090909
vt 0.020000 0.136364
vt 0.980000 0.136364
vt 0.020000 0.181818
vt 0.980000 0.181818
vt 0.020000 0.227273
vt 0.980000 0.227273
vt 0.020000 0.272727
vt 0.980000 0.272727
vt 0.020000 0.318182
vt 0.980000 0.318182
vt 0.020000 0.363636
vt 0.980000 0.363636
vt 0.020000 0.409091
vt 0.980000 0.409091
vt 0.020000 0.454545
vt 0.980000 0.454545
vt 0.020000 0.500000
vt 0.980000 0.500000
vt 0.020000 0.545455
vt 0.980000 0.545455
vt 0.020000 0.590909
vt 0.980000 0.590909
vt 0.020000 0.636364
vt 0.980000 0.636364
vt 0.020000 0.681818
vt 0.980000 0.681818
vt 0.020000 0.727273
vt 0.980000 0.727273
vt 0.020000 0.772727
vt 0.980000 0.772727
vt 0.020000 0.818182
vt 0.980000 0.818182
vt 0.020000 0.863636
vt 0.980000 0.863636
vt 0.020000 0.909091
vt 0.980000 0.909091
vt 0.020000 0.954545
vt 0.980000 0.954545
vt 0.020000 1.000000
vt 0.980000 1.000000
s 0
usemtl FrondCardMat
f 1158/1165/609 1160/1166/609 1161/1167/609 1159/1168/609
f 1160/1166/610 1162/1169/610 1163/1170/610 1161/1167/610
f 1162/1169/611 1164/1171/611 1165/1172/611 1163/1170/611
f 1164/1171/612 1166/1173/612 1167/1174/612 1165/1172/612
f 1166/1173/613 1168/1175/613 1169/1176/613 1167/1174/613
f 1168/1175/614 1170/1177/614 1171/1178/614 1169/1176/614
f 1170/1177/615 1172/1179/615 1173/1180/615 1171/1178/615
f 1172/1179/616 1174/1181/616 1175/1182/616 1173/1180/616
f 1174/1181/617 1176/1183/617 1177/1184/617 1175/1182/617
f 1176/1183/618 1178/1185/618 1179/1186/618 1177/1184/618
f 1178/1185/619 1180/1187/619 1181/1188/619 1179/1186/619
f 1180/1187/620 1182/1189/620 1183/1190/620 1181/1188/620
f 1182/1189/621 1184/1191/621 1185/1192/621 1183/1190/621
f 1184/1191/622 1186/1193/622 1187/1194/622 1185/1192/622
f 1186/1193/623 1188/1195/623 1189/1196/623 1187/1194/623
f 1188/1195/624 1190/1197/624 1191/1198/624 1189/1196/624
f 1190/1197/625 1192/1199/625 1193/1200/625 1191/1198/625
f 1192/1199/626 1194/1201/626 1195/1202/626 1193/1200/626
f 1194/1201/627 1196/1203/627 1197/1204/627 1195/1202/627
f 1196/1203/628 1198/1205/628 1199/1206/628 1197/1204/628
f 1198/1205/629 1200/1207/629 1201/1208/629 1199/1206/629
f 1200/1207/630 1202/1209/630 1203/1210/630 1201/1208/630
o FrondCard_023
v 0.029764 1.687064 -0.189935
v -0.085093 1.687064 -0.155311
v 0.079897 1.757621 -0.363748
v -0.222763 1.757359 -0.271885
v 0.127218 1.820191 -0.537603
v -0.358900 1.819006 -0.387966
v 0.169875 1.874668 -0.710846
v -0.491650 1.872112 -0.504207
v 0.206071 1.920972 -0.882911
v -0.619218 1.916755 -0.621175
v 0.234140 1.959015 -1.053221
v -0.739935 1.953024 -0.739446
v 0.252574 1.988703 -1.221201
v -0.852297 1.981013 -0.859595
v 0.260064 2.009944 -1.386287
v -0.954992 2.000814 -0.982185
v 0.255517 2.022660 -1.547943
v -1.046927 2.012504 -1.107756
v 0.238083 2.026794 -1.705672
v -1.127255 2.016142 -1.236800
v 0.207170 2.022313 -1.859039
v -1.195380 2.011761 -1.369756
v 0.162450 2.009212 -2.007683
v -1.250976 1.999363 -1.506982
v 0.103865 1.987518 -2.151338
v -1.293986 1.978924 -1.648747
v 0.031625 1.957283 -2.289843
v -1.324618 1.950389 -1.795210
v -0.053800 1.918583 -2.423155
v -1.343343 1.913686 -1.946413
v -0.151690 1.871504 -2.551356
v -1.350881 1.868725 -2.102277
v -0.261093 1.816144 -2.674652
v -1.348184 1.815412 -2.262594
v -0.380845 1.752595 -2.793369
v -1.336415 1.753651 -2.427037
v -0.509595 1.680944 -2.907952
v -1.316927 1.683358 -2.595164
v -0.645828 1.601264 -3.018944
v -1.291234 1.604459 -2.766430
v -0.787898 1.513607 -3.126978
v -1.260981 1.516901 -2.940201
v -0.934061 1.418007 -3.232761
v -1.227913 1.420652 -3.115772
v -1.082479 1.314528 -3.336980
v -1.193867 1.315645 -3.292457
vn 0.1216 0.9070 0.4033
vn 0.1094 0.9254 0.3629
vn 0.0963 0.9424 0.3203
vn 0.0824 0.9578 0.2753
vn 0.0675 0.9712 0.2284
vn 0.0519 0.9823 0.1797
vn 0.0356 0.9909 0.1296
vn 0.0187 0.9967 0.0784
vn 0.0013 0.9996 0.0267
vn -0.0164 0.9995 -0.0253
vn -0.0342 0.9965 -0.0769
vn -0.0521 0.9904 -0.1277
vn -0.0697 0.9817 -0.1773
vn -0.0870 0.9704 -0.2253
vn -0.1039 0.9568 -0.2714
vn -0.1203 0.9413 -0.3154
vn -0.1359 0.9241 -0.3571
vn -0.1509 0.9056 -0.3964
vn -0.1651 0.8861 -0.4331
vn -0.1786 0.8658 -0.4675
vn -0.1912 0.8450 -0.4993
vn -0.2031 0.8240 -0.5289
vt 0.020000 0.000000
vt 0.020000 0.045455
vt 0.980000 0.045455
vt 0.980000 0.000000
vt 0.020000 0.090909
vt 0.980000 0.090909
vt 0.020000 0.136364
vt 0.980000 0.136364
vt 0.020000 0.181818
vt 0.980000 0.181818
vt 0.020000 0.227273
vt 0.980000 0.227273
vt 0.020000 0.272727
vt 0.980000 0.272727
vt 0.020000 0.318182
vt 0.980000 0.318182
vt 0.020000 0.363636
vt 0.980000 0.363636
vt 0.020000 0.409091
vt 0.980000 0.409091
vt 0.020000 0.454545
vt 0.980000 0.454545
vt 0.020000 0.500000
vt 0.980000 0.500000
vt 0.020000 0.545455
vt 0.980000 0.545455
vt 0.020000 0.590909
vt 0.980000 0.590909
vt 0.020000 0.636364
vt 0.980000 0.636364
vt 0.020000 0.681818
vt 0.980000 0.681818
vt 0.020000 0.727273
vt 0.980000 0.727273
vt 0.020000 0.772727
vt 0.980000 0.772727
vt 0.020000 0.818182
vt 0.980000 0.818182
vt 0.020000 0.863636
vt 0.980000 0.863636
vt 0.020000 0.909091
vt 0.980000 0.909091
vt 0.020000 0.954545
vt 0.980000 0.954545
vt 0.020000 1.000000
vt 0.980000 1.000000
s 0
usemtl FrondCardMat
f 1204/1211/631 1206/1212/631 1207/1213/631 1205/1214/631
f 1206/1212/632 1208/1215/632 1209/1216/632 1207/1213/632
f 1208/1215/633 1210/1217/633 1211/1218/633 1209/1216/633
f 1210/1217/634 1212/1219/634 1213/1220/634 1211/1218/634
f 1212/1219/635 1214/1221/635 1215/1222/635 1213/1220/635
f 1214/1221/636 1216/1223/636 1217/1224/636 1215/1222/636
f 1216/1223/637 1218/1225/637 1219/1226/637 1217/1224/637
f 1218/1225/638 1220/1227/638 1221/1228/638 1219/1226/638
f 1220/1227/639 1222/1229/639 1223/1230/639 1221/1228/639
f 1222/1229/640 1224/1231/640 1225/1232/640 1223/1230/640
f 1224/1231/641 1226/1233/641 1227/1234/641 1225/1232/641
f 1226/1233/642 1228/1235/642 1229/1236/642 1227/1234/642
f 1228/1235/643 1230/1237/643 1231/1238/643 1229/1236/643
f 1230/1237/644 1232/1239/644 1233/1240/644 1231/1238/644
f 1232/1239/645 1234/1241/645 1235/1242/645 1233/1240/645
f 1234/1241/646 1236/1243/646 1237/1244/646 1235/1242/646
f 1236/1243/647 1238/1245/647 1239/1246/647 1237/1244/647
f 1238/1245/648 1240/1247/648 1241/1248/648 1239/1246/648
f 1240/1247/649 1242/1249/649 1243/1250/649 1241/1248/649
f 1242/1249/650 1244/1251/650 1245/1252/650 1243/1250/650
f 1244/1251/651 1246/1253/651 1247/1254/651 1245/1252/651
f 1246/1253/652 1248/1255/652 1249/1256/652 1247/1254/652
o FrondCard_024
v -0.022434 1.676622 -0.136320
v -0.108274 1.676622 -0.054777
v -0.039859 1.727759 -0.295334
v -0.266728 1.728042 -0.080909
v -0.057357 1.767801 -0.452595
v -0.424007 1.768988 -0.109723
v -0.076413 1.796929 -0.606848
v -0.578626 1.799279 -0.142475
v -0.098414 1.815297 -0.756848
v -0.729198 1.818763 -0.180407
v -0.124721 1.823057 -0.901500
v -0.874363 1.827284 -0.224617
v -0.156642 1.820342 -1.039877
v -1.012811 1.824713 -0.276031
v -0.195393 1.807236 -1.171231
v -1.143328 1.810963 -0.335397
v -0.242058 1.783766 -1.294991
v -1.264829 1.786009 -0.403285
v -0.297550 1.749897 -1.410758
v -1.376401 1.749884 -0.480096
v -0.362576 1.705546 -1.518291
v -1.477337 1.702673 -0.566069
v -0.437615 1.650588 -1.617505
v -1.567159 1.644501 -0.661290
v -0.522899 1.584881 -1.708462
v -1.645634 1.575508 -0.765698
v -0.618413 1.508283 -1.791369
v -1.712776 1.495838 -0.879083
v -0.723898 1.420660 -1.866578
v -1.768847 1.405623 -1.001096
v -0.838856 1.321903 -1.934582
v -1.814341 1.304975 -1.131243
v -0.962574 1.211926 -1.996012
v -1.849975 1.193978 -1.268892
v -1.094136 1.090672 -2.051628
v -1.876662 1.072688 -1.413286
v -1.232450 0.958114 -2.102307
v -1.895496 0.941134 -1.563544
v -1.376269 0.814250 -2.149032
v -1.907723 0.799317 -1.718685
v -1.524225 0.659104 -2.192874
v -1.914711 0.647213 -1.877638
v -1.674853 0.492719 -2.234970
v -1.917926 0.484779 -2.039266
v -1.826642 0.315111 -2.276528
v -1.918877 0.311999 -2.202362
vn 0.2566 0.9280 0.2702
vn 0.2082 0.9532 0.2193
vn 0.1565 0.9739 0.1641
vn 0.1020 0.9892 0.1055
vn 0.0459 0.9980 0.0444
vn -0.0109 0.9998 -0.0181
vn -0.0670 0.9945 -0.0806
vn -0.1213 0.9824 -0.1418
vn -0.1729 0.9643 -0.2005
vn -0.2209 0.9411 -0.2559
vn -0.2649 0.9140 -0.3072
vn -0.3047 0.8841 -0.3542
vn -0.3403 0.8525 -0.3967
vn -0.3719 0.8201 -0.4349
vn -0.3998 0.7876 -0.4689
vn -0.4242 0.7556 -0.4991
vn -0.4456 0.7244 -0.5259
vn -0.4644 0.6945 -0.5496
vn -0.4807 0.6658 -0.5706
vn -0.4951 0.6386 -0.5892
vn -0.5076 0.6128 -0.6057
vn -0.5186 0.5884 -0.6203
vt 0.020000 0.000000
vt 0.020000 0.045455
vt 0.980000 0.045455
vt 0.980000 0.000000
vt 0.020000 0.090909
vt 0.980000 0.090909
vt 0.020000 0.136364
vt 0.980000 0.136364
vt 0.020000 0.181818
vt 0.980000 0.181818
vt 0.020000 0.227273
vt 0.980000 0.227273
vt 0.020000 0.272727
vt 0.980000 0.272727
vt 0.020000 0.318182
vt 0.980000 0.318182
vt 0.020000 0.363636
vt 0.980000 0.363636
vt 0.020000 0.409091
vt 0.980000 0.409091
vt 0.020000 0.454545
vt 0.980000 0.454545
vt 0.020000 0.500000
vt 0.980000 0.500000
vt 0.020000 0.545455
vt 0.980000 0.545455
vt 0.020000 0.590909
vt 0.980000 0.590909
vt 0.020000 0.636364
vt 0.980000 0.636364
vt 0.020000 0.681818
vt 0.980000 0.681818
vt 0.020000 0.727273
vt 0.980000 0.727273
vt 0.020000 0.772727
vt 0.980000 0.772727
vt 0.020000 0.818182
vt 0.980000 0.818182
vt 0.020000 0.863636
vt 0.980000 0.863636
vt 0.020000 0.909091
vt 0.980000 0.909091
vt 0.020000 0.954545
vt 0.980000 0.954545
vt 0.020000 1.000000
vt 0.980000 1.000000
s 0
usemtl FrondCardMat
f 1250/1257/653 1252/1258/653 1253/1259/653 1251/1260/653
f 1252/1258/654 1254/1261/654 1255/1262/654 1253/1259/654
f 1254/1261/655 1256/1263/655 1257/1264/655 1255/1262/655
f 1256/1263/656 1258/1265/656 1259/1266/656 1257/1264/656
f 1258/1265/657 1260/1267/657 1261/1268/657 1259/1266/657
f 1260/1267/658 1262/1269/658 1263/1270/658 1261/1268/658
f 1262/1269/659 1264/1271/659 1265/1272/659 1263/1270/659
f 1264/1271/660 1266/1273/660 1267/1274/660 1265/1272/660
f 1266/1273/661 1268/1275/661 1269/1276/661 1267/1274/661
f 1268/1275/662 1270/1277/662 1271/1278/662 1269/1276/662
f 1270/1277/663 1272/1279/663 1273/1280/663 1271/1278/663
f 1272/1279/664 1274/1281/664 1275/1282/664 1273/1280/664
f 1274/1281/665 1276/1283/665 1277/1284/665 1275/1282/665
f 1276/1283/666 1278/1285/666 1279/1286/666 1277/1284/666
f 1278/1285/667 1280/1287/667 1281/1288/667 1279/1286/667
f 1280/1287/668 1282/1289/668 1283/1290/668 1281/1288/668
f 1282/1289/669 1284/1291/669 1285/1292/669 1283/1290/669
f 1284/1291/670 1286/1293/670 1287/1294/670 1285/1292/670
f 1286/1293/671 1288/1295/671 1289/1296/671 1287/1294/671
f 1288/1295/672 1290/1297/672 1291/1298/672 1289/1296/672
f 1290/1297/673 1292/1299/673 1293/1300/673 1291/1298/673
f 1292/1299/674 1294/1301/674 1295/1302/674 1293/1300/674
o FrondCard_025
v -0.064428 1.696800 0.074524
v 0.055253 1.696800 0.100562
v -0.185169 1.753297 0.158034
v 0.130467 1.753108 0.226311
v -0.303728 1.802673 0.242599
v 0.204115 1.801816 0.351119
v -0.418143 1.844847 0.328601
v 0.274234 1.843004 0.474603
v -0.526536 1.879761 0.416444
v 0.338946 1.876734 0.596361
v -0.627142 1.907339 0.506472
v 0.396488 1.903077 0.716048
v -0.718343 1.927506 0.598957
v 0.445240 1.922112 0.833393
v -0.798702 1.940189 0.694094
v 0.483764 1.933912 0.948199
v -0.866988 1.945326 0.792002
v 0.510832 1.938536 1.060349
v -0.922211 1.942879 0.892722
v 0.525452 1.936023 1.169801
v -0.963635 1.932833 0.996226
v 0.526889 1.926389 1.276583
v -0.990802 1.915202 1.102430
v 0.514684 1.909621 1.380780
v -1.003539 1.890023 1.211203
v 0.488664 1.885679 1.482522
v -1.001963 1.857353 1.322375
v 0.448948 1.854508 1.581978
v -0.986484 1.817264 1.435750
v 0.395943 1.816036 1.679347
v -0.957788 1.769831 1.551109
v 0.330338 1.770187 1.774846
v -0.916833 1.715127 1.668217
v 0.253088 1.716889 1.868710
v -0.864820 1.653217 1.786823
v 0.165397 1.656076 1.961190
v -0.803175 1.584155 1.906666
v 0.068688 1.587695 2.052548
v -0.733513 1.507978 2.027472
v -0.035421 1.511709 2.143056
v -0.657611 1.424707 2.148960
v -0.145156 1.428096 2.232997
v -0.577363 1.334347 2.270843
v -0.258621 1.336851 2.322657
v -0.494744 1.236925 2.392793
v -0.373841 1.237949 2.412364
vn 0.0991 0.8848 -0.4554
vn 0.0885 0.9092 -0.4069
vn 0.0773 0.9319 -0.3545
vn 0.0654 0.9523 -0.2982
vn 0.0529 0.9697 -0.2385
vn 0.0400 0.9836 -0.1757
vn 0.0268 0.9935 -0.1105
vn 0.0135 0.9990 -0.0438
vn 0.0003 0.9997 0.0236
vn -0.0127 0.9958 0.0908
vn -0.0253 0.9873 0.1567
vn -0.0372 0.9747 0.2206
vn -0.0485 0.9583 0.2817
vn -0.0589 0.9388 0.3395
vn -0.0686 0.9167 0.3936
vn -0.0774 0.8928 0.4437
vn -0.0853 0.8676 0.4900
vn -0.0924 0.8415 0.5323
vn -0.0988 0.8151 0.5708
vn -0.1045 0.7887 0.6058
vn -0.1096 0.7626 0.6375
vn -0.1141 0.7371 0.6661
vt 0.020000 0.000000
vt 0.020000 0.045455
vt 0.980000 0.045455
vt 0.980000 0.000000
vt 0.020000 0.090909
vt 0.980000 0.090909
vt 0.020000 0.136364
vt 0.980000 0.136364
vt 0.020000 0.181818
vt 0.980000 0.181818
vt 0.020000 0.227273
vt 0.980000 0.227273
vt 0.020000 0.272727
vt 0.980000 0.272727
vt 0.020000 0.318182
vt 0.980000 0.318182
vt 0.020000 0.363636
vt 0.980000 0.363636
vt 0.020000 0.409091
vt 0.980000 0.409091
vt 0.020000 0.454545
vt 0.980000 0.454545
vt 0.020000 0.500000
vt 0.980000 0.500000
vt 0.020000 0.545455
vt 0.980000 0.545455
vt 0.020000 0.590909
vt 0.980000 0.590909
vt 0.020000 0.636364
vt 0.980000 0.636364
vt 0.020000 0.681818
vt 0.980000 0.681818
vt 0.020000 0.727273
vt 0.980000 0.727273
vt 0.020000 0.772727
vt 0.980000 0.772727
vt 0.020000 0.818182
vt 0.980000 0.818182
vt 0.020000 0.863636
vt 0.980000 0.863636
vt 0.020000 0.909091
vt 0.980000 0.909091
vt 0.020000 0.954545
vt 0.980000 0.954545
vt 0.020000 1.000000
vt 0.980000 1.000000
s 0
usemtl FrondCardMat
f 1296/1303/675 1298/1304/675 1299/1305/675 1297/1306/675
f 1298/1304/676 1300/1307/676 1301/1308/676 1299/1305/676
f 1300/1307/677 1302/1309/677 1303/1310/677 1301/1308/677
f 1302/1309/678 1304/1311/678 1305/1312/678 1303/1310/678
f 1304/1311/679 1306/1313/679 1307/1314/679 1305/1312/679
f 1306/1313/680 1308/1315/680 1309/1316/680 1307/1314/680
f 1308/1315/681 1310/1317/681 1311/1318/681 1309/1316/681
f 1310/1317/682 1312/1319/682 1313/1320/682 1311/1318/682
f 1312/1319/683 1314/1321/683 1315/1322/683 1313/1320/683
f 1314/1321/684 1316/1323/684 1317/1324/684 1315/1322/684
f 1316/1323/685 1318/1325/685 1319/1326/685 1317/1324/685
f 1318/1325/686 1320/1327/686 1321/1328/686 1319/1326/686
f 1320/1327/687 1322/1329/687 1323/1330/687 1321/1328/687
f 1322/1329/688 1324/1331/688 1325/1332/688 1323/1330/688
f 1324/1331/689 1326/1333/689 1327/1334/689 1325/1332/689
f 1326/1333/690 1328/1335/690 1329/1336/690 1327/1334/690
f 1328/1335/691 1330/1337/691 1331/1338/691 1329/1336/691
f 1330/1337/692 1332/1339/692 1333/1340/692 1331/1338/692
f 1332/1339/693 1334/1341/693 1335/1342/693 1333/1340/693
f 1334/1341/694 1336/1343/694 1337/1344/694 1335/1342/694
f 1336/1343/695 1338/1345/695 1339/1346/695 1337/1344/695
f 1338/1345/696 1340/1347/696 1341/1348/696 1339/1346/696
o FrondCard_026
v -0.088895 1.745932 0.122605
v 0.027946 1.745932 0.148248
v -0.201214 1.840200 0.177751
v 0.106858 1.840161 0.245327
v -0.311562 1.926457 0.233384
v 0.183871 1.926269 0.341936
v -0.418032 2.004696 0.289926
v 0.257080 2.004261 0.437652
v -0.518797 2.074918 0.347785
v 0.324658 2.074140 0.532066
v -0.612147 2.137113 0.407346
v 0.384895 2.135912 0.624794
v -0.696519 2.191271 0.468955
v 0.436228 2.189589 0.715490
v -0.770535 2.237376 0.532915
v 0.477277 2.235187 0.803850
v -0.833023 2.275407 0.599476
v 0.506873 2.272727 0.889625
v -0.883044 2.305339 0.668828
v 0.524076 2.302233 0.972625
v -0.919912 2.327150 0.741095
v 0.528198 2.323729 1.052725
v -0.943204 2.340818 0.816333
v 0.518818 2.337235 1.129871
v -0.952770 2.346333 0.894529
v 0.495787 2.342763 1.204074
v -0.948741 2.343693 0.975606
v 0.459234 2.340312 1.275412
v -0.931523 2.332912 1.059433
v 0.409565 2.329871 1.344015
v -0.901791 2.314009 1.145829
v 0.347456 2.311420 1.410066
v -0.860476 2.287009 1.234570
v 0.273838 2.284933 1.473787
v -0.808747 2.251940 1.325396
v 0.189880 2.250383 1.535439
v -0.747986 2.208822 1.418012
v 0.096963 2.207750 1.595317
v -0.679759 2.157674 1.512094
v -0.003346 2.157015 1.653745
v -0.605784 2.098507 1.607291
v -0.109330 2.098167 1.711073
v -0.527896 2.031325 1.703231
v -0.219153 2.031200 1.767675
v -0.448006 1.956138 1.799518
v -0.330905 1.956107 1.823944
vn 0.1652 0.6372 -0.7528
vn 0.1590 0.6707 -0.7245
vn 0.1518 0.7062 -0.6915
vn 0.1434 0.7437 -0.6530
vn 0.1336 0.7826 -0.6080
vn 0.1222 0.8223 -0.5557
vn 0.1091 0.8619 -0.4953
vn 0.0941 0.8998 -0.4261
vn 0.0772 0.9343 -0.3479
vn 0.0585 0.9635 -0.2613
vn 0.0383 0.9851 -0.1675
vn 0.0171 0.9975 -0.0686
vn -0.0045 0.9995 0.0324
vn -0.0258 0.9909 0.1325
vn -0.0463 0.9725 0.2284
vn -0.0653 0.9458 0.3180
vn -0.0826 0.9130 0.3994
vn -0.0979 0.8761 0.4720
vn -0.1114 0.8370 0.5357
vn -0.1230 0.7972 0.5910
vn -0.1330 0.7579 0.6387
vn -0.1416 0.7199 0.6795
vt 0.020000 0.000000
vt 0.020000 0.045455
vt 0.980000 0.045455
vt 0.980000 0.000000
vt 0.020000 0.090909
vt 0.980000 0.090909
vt 0.020000 0.136364
vt 0.980000 0.136364
vt 0.020000 0.181818
vt 0.980000 0.181818
vt 0.020000 0.227273
vt 0.980000 0.227273
vt 0.020000 0.272727
vt 0.980000 0.272727
vt 0.020000 0.318182
vt 0.980000 0.318182
vt 0.020000 0.363636
vt 0.980000 0.363636
vt 0.020000 0.409091
vt 0.980000 0.409091
vt 0.020000 0.454545
vt 0.980000 0.454545
vt 0.020000 0.500000
vt 0.980000 0.500000
vt 0.020000 0.545455
vt 0.980000 0.545455
vt 0.020000 0.590909
vt 0.980000 0.590909
vt 0.020000 0.636364
vt 0.980000 0.636364
vt 0.020000 0.681818
vt 0.980000 0.681818
vt 0.020000 0.727273
vt 0.980000 0.727273
vt 0.020000 0.772727
vt 0.980000 0.772727
vt 0.020000 0.818182
vt 0.980000 0.818182
vt 0.020000 0.863636
vt 0.980000 0.863636
vt 0.020000 0.909091
vt 0.980000 0.909091
vt 0.020000 0.954545
vt 0.980000 0.954545
vt 0.020000 1.000000
vt 0.980000 1.000000
s 0
usemtl FrondCardMat
f 1342/1349/697 1344/1350/697 1345/1351/697 1343/1352/697
f 1344/1350/698 1346/1353/698 1347/1354/698 1345/1351/698
f 1346/1353/699 1348/1355/699 1349/1356/699 1347/1354/699
f 1348/1355/700 1350/1357/700 1351/1358/700 1349/1356/700
f 1350/1357/701 1352/1359/701 1353/1360/701 1351/1358/701
f 1352/1359/702 1354/1361/702 1355/1362/702 1353/1360/702
f 1354/1361/703 1356/1363/703 1357/1364/703 1355/1362/703
f 1356/1363/704 1358/1365/704 1359/1366/704 1357/1364/704
f 1358/1365/705 1360/1367/705 1361/1368/705 1359/1366/705
f 1360/1367/706 1362/1369/706 1363/1370/706 1361/1368/706
f 1362/1369/707 1364/1371/707 1365/1372/707 1363/1370/707
f 1364/1371/708 1366/1373/708 1367/1374/708 1365/1372/708
f 1366/1373/709 1368/1375/709 1369/1376/709 1367/1374/709
f 1368/1375/710 1370/1377/710 1371/1378/710 1369/1376/710
f 1370/1377/711 1372/1379/711 1373/1380/711 1371/1378/711
f 1372/1379/712 1374/1381/712 1375/1382/712 1373/1380/712
f 1374/1381/713 1376/1383/713 1377/1384/713 1375/1382/713
f 1376/1383/714 1378/1385/714 1379/1386/714 1377/1384/714
f 1378/1385/715 1380/1387/715 1381/1388/715 1379/1386/715
f 1380/1387/716 1382/1389/716 1383/1390/716 1381/1388/716
f 1382/1389/717 1384/1391/717 1385/1392/717 1383/1390/717
f 1384/1391/718 1386/1393/718 1387/1394/718 1385/1392/718
o FrondCard_027
v 0.025106 1.694936 0.165431
v 0.115200 1.694936 0.098821
v 0.027553 1.791834 0.322966
v 0.265079 1.791812 0.147317
v 0.031562 1.878262 0.479407
v 0.413460 1.878158 0.196860
v 0.038602 1.954214 0.633665
v 0.558874 1.953981 0.248538
v 0.050084 2.019683 0.784700
v 0.699910 2.019286 0.303391
v 0.067330 2.074662 0.931535
v 0.835247 2.074080 0.362395
v 0.091541 2.119143 1.073278
v 0.963683 2.118373 0.426445
v 0.123777 2.153116 1.209135
v 1.084157 2.152173 0.496333
v 0.164932 2.176572 1.338429
v 1.195778 2.175492 0.572735
v 0.215717 2.189500 1.460613
v 1.297833 2.188336 0.656200
v 0.276646 2.191898 1.575283
v 1.389807 2.190712 0.747131
v 0.348027 2.183763 1.682186
v 1.471395 2.182621 0.845781
v 0.429954 2.165096 1.781226
v 1.542499 2.164060 0.952246
v 0.522311 2.135905 1.872469
v 1.603239 2.135023 1.066461
v 0.624768 2.096197 1.956139
v 1.653943 2.095504 1.188200
v 0.736795 2.045982 2.032619
v 1.695141 2.045491 1.317083
v 0.857669 1.985270 2.102439
v 1.727556 1.984977 1.452577
v 0.986488 1.914068 2.166265
v 1.752091 1.913950 1.594016
v 1.122191 1.832384 2.224891
v 1.769805 1.832406 1.740609
v 1.263580 1.740224 2.279212
v 1.781898 1.740338 1.891458
v 1.409341 1.637590 2.330215
v 1.789683 1.637744 2.045578
v 1.558072 1.524484 2.378954
v 1.794563 1.524621 2.201914
v 1.708310 1.400908 2.426524
v 1.798000 1.400968 2.359371
vn -0.3586 0.7976 -0.4850
vn -0.3324 0.8291 -0.4496
vn -0.3030 0.8604 -0.4098
vn -0.2702 0.8907 -0.3656
vn -0.2340 0.9192 -0.3167
vn -0.1945 0.9449 -0.2634
vn -0.1518 0.9668 -0.2058
vn -0.1064 0.9837 -0.1447
vn -0.0590 0.9950 -0.0808
vn -0.0104 0.9998 -0.0155
vn 0.0384 0.9980 0.0502
vn 0.0865 0.9896 0.1148
vn 0.1330 0.9751 0.1773
vn 0.1771 0.9554 0.2365
vn 0.2183 0.9313 0.2917
vn 0.2562 0.9039 0.3425
vn 0.2907 0.8743 0.3887
vn 0.3217 0.8434 0.4303
vn 0.3496 0.8119 0.4675
vn 0.3744 0.7805 0.5007
vn 0.3964 0.7496 0.5301
vn 0.4159 0.7196 0.5561
vt 0.020000 0.000000
vt 0.020000 0.045455
vt 0.980000 0.045455
vt 0.980000 0.000000
vt 0.020000 0.090909
vt 0.980000 0.090909
vt 0.020000 0.136364
vt 0.980000 0.136364
vt 0.020000 0.181818
vt 0.980000 0.181818
vt 0.020000 0.227273
vt 0.980000 0.227273
vt 0.020000 0.272727
vt 0.980000 0.272727
vt 0.020000 0.318182
vt 0.980000 0.318182
vt 0.020000 0.363636
vt 0.980000 0.363636
vt 0.020000 0.409091
vt 0.980000 0.409091
vt 0.020000 0.454545
vt 0.980000 0.454545
vt 0.020000 0.500000
vt 0.980000 0.500000
vt 0.020000 0.545455
vt 0.980000 0.545455
vt 0.020000 0.590909
vt 0.980000 0.590909
vt 0.020000 0.636364
vt 0.980000 0.636364
vt 0.020000 0.681818
vt 0.980000 0.681818
vt 0.020000 0.727273
vt 0.980000 0.727273
vt 0.020000 0.772727
vt 0.980000 0.772727
vt 0.020000 0.818182
vt 0.980000 0.818182
vt 0.020000 0.863636
vt 0.980000 0.863636
vt 0.020000 0.909091
vt 0.980000 0.909091
vt 0.020000 0.954545
vt 0.980000 0.954545
vt 0.020000 1.000000
vt 0.980000 1.000000
s 0
usemtl FrondCardMat
f 1388/1395/719 1390/1396/719 1391/1397/719 1389/1398/719
f 1390/1396/720 1392/1399/720 1393/1400/720 1391/1397/720
f 1392/1399/721 1394/1401/721 1395/1402/721 1393/1400/721
f 1394/1401/722 1396/1403/722 1397/1404/722 1395/1402/722
f 1396/1403/723 1398/1405/723 1399/1406/723 1397/1404/723
f 1398/1405/724 1400/1407/724 1401/1408/724 1399/1406/724
f 1400/1407/725 1402/1409/725 1403/1410/725 1401/1408/725
f 1402/1409/726 1404/1411/726 1405/1412/726 1403/1410/726
f 1404/1411/727 1406/1413/727 1407/1414/727 1405/1412/727
f 1406/1413/728 1408/1415/728 1409/1416/728 1407/1414/728
f 1408/1415/729 1410/1417/729 1411/1418/729 1409/1416/729
f 1410/1417/730 1412/1419/730 1413/1420/730 1411/1418/730
f 1412/1419/731 1414/1421/731 1415/1422/731 1413/1420/731
f 1414/1421/732 1416/1423/732 1417/1424/732 1415/1422/732
f 1416/1423/733 1418/1425/733 1419/1426/733 1417/1424/733
f 1418/1425/734 1420/1427/734 1421/1428/734 1419/1426/734
f 1420/1427/735 1422/1429/735 1423/1430/735 1421/1428/735
f 1422/1429/736 1424/1431/736 1425/1432/736 1423/1430/736
f 1424/1431/737 1426/1433/737 1427/1434/737 1425/1432/737
f 1426/1433/738 1428/1435/738 1429/1436/738 1427/1434/738
f 1428/1435/739 1430/1437/739 1431/1438/739 1429/1436/739
f 1430/1437/740 1432/1439/740 1433/1440/740 1431/1438/740
o FrondCard_028
v 0.080169 1.712872 0.055282
v 0.104136 1.712872 -0.053878
v 0.211337 1.762380 0.177714
v 0.274099 1.762250 -0.110194
v 0.343620 1.804174 0.297974
v 0.443128 1.803610 -0.165315
v 0.477327 1.838185 0.414257
v 0.610914 1.837022 -0.217441
v 0.612798 1.864363 0.524848
v 0.777116 1.862537 -0.264851
v 0.750319 1.882653 0.628128
v 0.941448 1.880208 -0.305930
v 0.890118 1.893008 0.722617
v 1.103682 1.890084 -0.339197
v 1.032359 1.895384 0.806999
v 1.263655 1.892208 -0.363335
v 1.177143 1.889753 0.880152
v 1.421267 1.886608 -0.377223
v 1.324509 1.876100 0.941170
v 1.576475 1.873300 -0.379956
v 1.474443 1.854425 0.989387
v 1.729296 1.852282 -0.370865
v 1.626877 1.824749 1.024384
v 1.879797 1.823535 -0.349533
v 1.781700 1.787104 1.046006
v 2.028091 1.787026 -0.315806
v 1.938761 1.741534 1.054361
v 2.174325 1.742710 -0.269790
v 2.097880 1.688093 1.049822
v 2.318683 1.690535 -0.211859
v 2.258849 1.626838 1.033015
v 2.461371 1.630444 -0.142639
v 2.421440 1.557824 1.004811
v 2.602618 1.562380 -0.063000
v 2.585408 1.481104 0.966304
v 2.742666 1.486292 0.025962
v 2.750499 1.396721 0.918793
v 2.881774 1.402136 0.122950
v 2.916447 1.304708 0.863749
v 3.020204 1.309878 0.226492
v 3.082985 1.205086 0.802792
v 3.158225 1.209500 0.334969
v 3.249843 1.097862 0.737650
v 3.296105 1.100992 0.446651
v 3.416709 0.983065 0.670123
v 3.434159 0.984325 0.559740
vn -0.2983 0.9522 -0.0655
vn -0.2544 0.9655 -0.0558
vn -0.2087 0.9769 -0.0460
vn -0.1615 0.9862 -0.0359
vn -0.1130 0.9933 -0.0258
vn -0.0637 0.9978 -0.0156
vn -0.0138 0.9999 -0.0055
vn 0.0362 0.9993 0.0045
vn 0.0860 0.9962 0.0143
vn 0.1352 0.9905 0.0237
vn 0.1834 0.9825 0.0328
vn 0.2303 0.9722 0.0416
vn 0.2756 0.9600 0.0498
vn 0.3191 0.9460 0.0576
vn 0.3606 0.9305 0.0649
vn 0.4001 0.9137 0.0717
vn 0.4374 0.8959 0.0781
vn 0.4725 0.8774 0.0839
vn 0.5054 0.8583 0.0892
vn 0.5362 0.8388 0.0941
vn 0.5649 0.8192 0.0986
vn 0.5917 0.7996 0.1027
vt 0.020000 0.000000
vt 0.020000 0.045455
vt 0.980000 0.045455
vt 0.980000 0.000000
vt 0.020000 0.090909
vt 0.980000 0.090909
vt 0.020000 0.136364
vt 0.980000 0.136364
vt 0.020000 0.181818
vt 0.980000 0.181818
vt 0.020000 0.227273
vt 0.980000 0.227273
vt 0.020000 0.272727
vt 0.980000 0.272727
vt 0.020000 0.318182
vt 0.980000 0.318182
vt 0.020000 0.363636
vt 0.980000 0.363636
vt 0.020000 0.409091
vt 0.980000 0.409091
vt 0.020000 0.454545
vt 0.980000 0.454545
vt 0.020000 0.500000
vt 0.980000 0.500000
vt 0.020000 0.545455
vt 0.980000 0.545455
vt 0.020000 0.590909
vt 0.980000 0.590909
vt 0.020000 0.636364
vt 0.980000 0.636364
vt 0.020000 0.681818
vt 0.980000 0.681818
vt 0.020000 0.727273
vt 0.980000 0.727273
vt 0.020000 0.772727
vt 0.980000 0.772727
vt 0.020000 0.818182
vt 0.980000 0.818182
vt 0.020000 0.863636
vt 0.980000 0.863636
vt 0.020000 0.909091
vt 0.980000 0.909091
vt 0.020000 0.954545
vt 0.980000 0.954545
vt 0.020000 1.000000
vt 0.980000 1.000000
s 0
usemtl FrondCardMat
f 1434/1441/741 1436/1442/741 1437/1443/741 1435/1444/741
f 1436/1442/742 1438/1445/742 1439/1446/742 1437/1443/742
f 1438/1445/743 1440/1447/743 1441/1448/743 1439/1446/743
f 1440/1447/744 1442/1449/744 1443/1450/744 1441/1448/744
f 1442/1449/745 1444/1451/745 1445/1452/745 1443/1450/745
f 1444/1451/746 1446/1453/746 1447/1454/746 1445/1452/746
f 1446/1453/747 1448/1455/747 1449/1456/747 1447/1454/747
f 1448/1455/748 1450/1457/748 1451/1458/748 1449/1456/748
f 1450/1457/749 1452/1459/749 1453/1460/749 1451/1458/749
f 1452/1459/750 1454/1461/750 1455/1462/750 1453/1460/750
f 1454/1461/751 1456/1463/751 1457/1464/751 1455/1462/751
f 1456/1463/752 1458/1465/752 1459/1466/752 1457/1464/752
f 1458/1465/753 1460/1467/753 1461/1468/753 1459/1466/753
f 1460/1467/754 1462/1469/754 1463/1470/754 1461/1468/754
f 1462/1469/755 1464/1471/755 1465/1472/755 1463/1470/755
f 1464/1471/756 1466/1473/756 1467/1474/756 1465/1472/756
f 1466/1473/757 1468/1475/757 1469/1476/757 1467/1474/757
f 1468/1475/758 1470/1477/758 1471/1478/758 1469/1476/758
f 1470/1477/759 1472/1479/759 1473/1480/759 1471/1478/759
f 1472/1479/760 1474/1481/760 1475/1482/760 1473/1480/760
f 1474/1481/761 1476/1483/761 1477/1484/761 1475/1482/761
f 1476/1483/762 1478/1485/762 1479/1486/762 1477/1484/762
o FrondCard_029
v -0.132863 1.725279 -0.060238
v -0.143436 1.725279 0.038754
v -0.244647 1.825089 -0.154108
v -0.272555 1.825113 0.106893
v -0.356557 1.916859 -0.246369
v -0.401539 1.916972 0.173334
v -0.468767 2.000595 -0.335404
v -0.530212 2.000850 0.236461
v -0.581441 2.076301 -0.419665
v -0.658412 2.076744 0.294726
v -0.694735 2.143982 -0.497701
v -0.785982 2.144648 0.346677
v -0.808791 2.203645 -0.568188
v -0.912780 2.204555 0.390992
v -0.923742 2.255299 -0.629958
v -1.038674 2.256457 0.426501
v -1.039702 2.298954 -0.682021
v -1.163549 2.300344 0.452215
v -1.156768 2.334616 -0.723586
v -1.287308 2.336208 0.467343
v -1.275016 2.362297 -0.754077
v -1.409875 2.364040 0.471309
v -1.394502 2.382001 -0.773145
v -1.531194 2.383833 0.463763
v -1.515258 2.393733 -0.780673
v -1.651235 2.395585 0.444589
v -1.637289 2.397494 -0.776782
v -1.769989 2.399292 0.413908
v -1.760576 2.393281 -0.761825
v -1.887478 2.394958 0.372073
v -1.885073 2.381091 -0.736381
v -2.003748 2.382588 0.319663
v -2.010706 2.360915 -0.701245
v -2.118872 2.362189 0.257472
v -2.137375 2.332744 -0.657407
v -2.232949 2.333769 0.186492
v -2.264959 2.296568 -0.606037
v -2.346103 2.297340 0.107892
v -2.393311 2.252379 -0.548459
v -2.458479 2.252910 0.022994
v -2.522266 2.200167 -0.486121
v -2.570241 2.200488 -0.066750
v -2.651648 2.139926 -0.420573
v -2.681566 2.140080 -0.159794
v -2.781275 2.071647 -0.353427
v -2.792638 2.071697 -0.254523
vn 0.6323 0.7717 0.0675
vn 0.6006 0.7970 0.0642
vn 0.5657 0.8224 0.0604
vn 0.5275 0.8477 0.0563
vn 0.4856 0.8726 0.0518
vn 0.4401 0.8967 0.0469
vn 0.3908 0.9195 0.0415
vn 0.3379 0.9405 0.0357
vn 0.2816 0.9591 0.0296
vn 0.2222 0.9747 0.0231
vn 0.1601 0.9870 0.0162
vn 0.0961 0.9953 0.0091
vn 0.0308 0.9995 0.0019
vn -0.0349 0.9994 -0.0054
vn -0.1001 0.9949 -0.0127
vn -0.1640 0.9863 -0.0198
vn -0.2259 0.9738 -0.0268
vn -0.2851 0.9579 -0.0334
vn -0.3412 0.9391 -0.0398
vn -0.3938 0.9180 -0.0458
vn -0.4428 0.8951 -0.0513
vn -0.4880 0.8710 -0.0565
vt 0.020000 0.000000
vt 0.020000 0.045455
vt 0.980000 0.045455
vt 0.980000 0.000000
vt 0.020000 0.090909
vt 0.980000 0.090909
vt 0.020000 0.136364
vt 0.980000 0.136364
vt 0.020000 0.181818
vt 0.980000 0.181818
vt 0.020000 0.227273
vt 0.980000 0.227273
vt 0.020000 0.272727
vt 0.980000 0.272727
vt 0.020000 0.318182
vt 0.980000 0.318182
vt 0.020000 0.363636
vt 0.980000 0.363636
vt 0.020000 0.409091
vt 0.980000 0.409091
vt 0.020000 0.454545
vt 0.980000 0.454545
vt 0.020000 0.500000
vt 0.980000 0.500000
vt 0.020000 0.545455
vt 0.980000 0.545455
vt 0.020000 0.590909
vt 0.980000 0.590909
vt 0.020000 0.636364
vt 0.980000 0.636364
vt 0.020000 0.681818
vt 0.980000 0.681818
vt 0.020000 0.727273
vt 0.980000 0.727273
vt 0.020000 0.772727
vt 0.980000 0.772727
vt 0.020000 0.818182
vt 0.980000 0.818182
vt 0.020000 0.863636
vt 0.980000 0.863636
vt 0.020000 0.909091
vt 0.980000 0.909091
vt 0.020000 0.954545
vt 0.980000 0.954545
vt 0.020000 1.000000
vt 0.980000 1.000000
s 0
usemtl FrondCardMat
f 1480/1487/763 1482/1488/763 1483/1489/763 1481/1490/763
f 1482/1488/764 1484/1491/764 1485/1492/764 1483/1489/764
f 1484/1491/765 1486/1493/765 1487/1494/765 1485/1492/765
f 1486/1493/766 1488/1495/766 1489/1496/766 1487/1494/766
f 1488/1495/767 1490/1497/767 1491/1498/767 1489/1496/767
f 1490/1497/768 1492/1499/768 1493/1500/768 1491/1498/768
f 1492/1499/769 1494/1501/769 1495/1502/769 1493/1500/769
f 1494/1501/770 1496/1503/770 1497/1504/770 1495/1502/770
f 1496/1503/771 1498/1505/771 1499/1506/771 1497/1504/771
f 1498/1505/772 1500/1507/772 1501/1508/772 1499/1506/772
f 1500/1507/773 1502/1509/773 1503/1510/773 1501/1508/773
f 1502/1509/774 1504/1511/774 1505/1512/774 1503/1510/774
f 1504/1511/775 1506/1513/775 1507/1514/775 1505/1512/775
f 1506/1513/776 1508/1515/776 1509/1516/776 1507/1514/776
f 1508/1515/777 1510/1517/777 1511/1518/777 1509/1516/777
f 1510/1517/778 1512/1519/778 1513/1520/778 1511/1518/778
f 1512/1519/779 1514/1521/779 1515/1522/779 1513/1520/779
f 1514/1521/780 1516/1523/780 1517/1524/780 1515/1522/780
f 1516/1523/781 1518/1525/781 1519/1526/781 1517/1524/781
f 1518/1525/782 1520/1527/782 1521/1528/782 1519/1526/782
f 1520/1527/783 1522/1529/783 1523/1530/783 1521/1528/783
f 1522/1529/784 1524/1531/784 1525/1532/784 1523/1530/784
o FrondCard_030
v -0.126699 1.735257 0.063207
v -0.035810 1.735257 0.138179
v -0.270766 1.801461 0.086345
v -0.031553 1.801837 0.284532
v -0.413117 1.858279 0.109535
v -0.029910 1.859991 0.430000
v -0.552288 1.905861 0.134040
v -0.032343 1.909568 0.573320
v -0.686838 1.944329 0.161023
v -0.040295 1.950446 0.713329
v -0.815462 1.973839 0.191629
v -0.055072 1.982469 0.848881
v -0.937025 1.994559 0.226967
v -0.077807 2.005470 0.978867
v -1.050588 2.006653 0.268092
v -0.109440 2.019284 1.102233
v -1.155430 2.010251 0.315978
v -0.150691 2.023781 1.218004
v -1.251049 2.005435 0.371488
v -0.202063 2.018880 1.325319
v -1.337158 1.992222 0.435333
v -0.263842 2.004564 1.423464
v -1.413677 1.970566 0.508047
v -0.336109 1.980877 1.511907
v -1.480713 1.940364 0.589950
v -0.418757 1.947924 1.590328
v -1.538548 1.901477 0.681134
v -0.511504 1.905843 1.658634
v -1.587630 1.853746 0.781456
v -0.613902 1.854794 1.716970
v -1.628556 1.797013 0.890537
v -0.725353 1.794933 1.765712
v -1.662070 1.731137 1.007782
v -0.845114 1.726404 1.805458
v -1.689049 1.656001 1.132390
v -0.972306 1.649322 1.837006
v -1.710495 1.571520 1.263387
v -1.105931 1.563772 1.861333
v -1.727515 1.477643 1.399644
v -1.244879 1.469805 1.879566
v -1.741308 1.374352 1.539911
v -1.387951 1.367441 1.892955
v -1.753145 1.261655 1.682846
v -1.533877 1.256667 1.902843
v -1.764381 1.139530 1.827080
v -1.681302 1.137511 1.910599
vn 0.3292 0.8558 -0.3990
vn 0.2951 0.8860 -0.3577
vn 0.2573 0.9145 -0.3123
vn 0.2156 0.9404 -0.2629
vn 0.1702 0.9628 -0.2097
vn 0.1215 0.9807 -0.1533
vn 0.0702 0.9931 -0.0944
vn 0.0171 0.9993 -0.0342
vn -0.0369 0.9990 0.0263
vn -0.0906 0.9922 0.0859
vn -0.1431 0.9793 0.1434
vn -0.1934 0.9609 0.1979
vn -0.2409 0.9381 0.2488
vn -0.2850 0.9118 0.2955
vn -0.3256 0.8830 0.3380
vn -0.3624 0.8527 0.3762
vn -0.3957 0.8216 0.4102
vn -0.4256 0.7905 0.4405
vn -0.4523 0.7597 0.4672
vn -0.4761 0.7298 0.4907
vn -0.4973 0.7008 0.5115
vn -0.5161 0.6731 0.5297
vt 0.020000 0.000000
vt 0.020000 0.045455
vt 0.980000 0.045455
vt 0.980000 0.000000
vt 0.020000 0.090909
vt 0.980000 0.090909
vt 0.020000 0.136364
vt 0.980000 0.136364
vt 0.020000 0.181818
vt 0.980000 0.181818
vt 0.020000 0.227273
vt 0.980000 0.227273
vt 0.020000 0.272727
vt 0.980000 0.272727
vt 0.020000 0.318182
vt 0.980000 0.318182
vt 0.020000 0.363636
vt 0.980000 0.363636
vt 0.020000 0.409091
vt 0.980000 0.409091
vt 0.020000 0.454545
vt 0.980000 0.454545
vt 0.020000 0.500000
vt 0.980000 0.500000
vt 0.020000 0.545455
vt 0.980000 0.545455
vt 0.020000 0.590909
vt 0.980000 0.590909
vt 0.020000 0.636364
vt 0.980000 0.636364
vt 0.020000 0.681818
vt 0.980000 0.681818
vt 0.020000 0.727273
vt 0.980000 0.727273
vt 0.020000 0.772727
vt 0.980000 0.772727
vt 0.020000 0.818182
vt 0.980000 0.818182
vt 0.020000 0.863636
vt 0.980000 0.863636
vt 0.020000 0.909091
vt 0.980000 0.909091
vt 0.020000 0.954545
vt 0.980000 0.954545
vt 0.020000 1.000000
vt 0.980000 1.000000
s 0
usemtl FrondCardMat
f 1526/1533/785 1528/1534/785 1529/1535/785 1527/1536/785
f 1528/1534/786 1530/1537/786 1531/1538/786 1529/1535/786
f 1530/1537/787 1532/1539/787 1533/1540/787 1531/1538/787
f 1532/1539/788 1534/1541/788 1535/1542/788 1533/1540/788
f 1534/1541/789 1536/1543/789 1537/1544/789 1535/1542/789
f 1536/1543/790 1538/1545/790 1539/1546/790 1537/1544/790
f 1538/1545/791 1540/1547/791 1541/1548/791 1539/1546/791
f 1540/1547/792 1542/1549/792 1543/1550/792 1541/1548/792
f 1542/1549/793 1544/1551/793 1545/1552/793 1543/1550/793
f 1544/1551/794 1546/1553/794 1547/1554/794 1545/1552/794
f 1546/1553/795 1548/1555/795 1549/1556/795 1547/1554/795
f 1548/1555/796 1550/1557/796 1551/1558/796 1549/1556/796
f 1550/1557/797 1552/1559/797 1553/1560/797 1551/1558/797
f 1552/1559/798 1554/1561/798 1555/1562/798 1553/1560/798
f 1554/1561/799 1556/1563/799 1557/1564/799 1555/1562/799
f 1556/1563/800 1558/1565/800 1559/1566/800 1557/1564/800
f 1558/1565/801 1560/1567/801 1561/1568/801 1559/1566/801
f 1560/1567/802 1562/1569/802 1563/1570/802 1561/1568/802
f 1562/1569/803 1564/1571/803 1565/1572/803 1563/1570/803
f 1564/1571/804 1566/1573/804 1567/1574/804 1565/1572/804
f 1566/1573/805 1568/1575/805 1569/1576/805 1567/1574/805
f 1568/1575/806 1570/1577/806 1571/1578/806 1569/1576/806
o FrondCard_031
v 0.039363 1.685529 0.065674
v 0.081111 1.685529 -0.024576
v 0.099404 1.774597 0.183103
v 0.209210 1.774356 -0.054975
v 0.160698 1.856105 0.298864
v 0.336350 1.854961 -0.084411
v 0.223920 1.929992 0.411478
v 0.461855 1.927402 -0.111405
v 0.289751 1.996220 0.519544
v 0.585044 1.991719 -0.134556
v 0.358810 2.054728 0.621738
v 0.705299 2.047972 -0.152538
v 0.431636 2.105436 0.716841
v 0.822080 2.096241 -0.164135
v 0.508672 2.148250 0.803762
v 0.934944 2.136621 -0.168254
v 0.590249 2.183065 0.881556
v 1.043561 2.169216 -0.163951
v 0.676578 2.209781 0.949444
v 1.147719 2.194126 -0.150446
v 0.767744 2.228310 1.006829
v 1.247334 2.211440 -0.127143
v 0.863712 2.238591 1.053311
v 1.342441 2.221218 -0.093642
v 0.964333 2.240596 1.088699
v 1.433187 2.223487 -0.049751
v 1.069365 2.234338 1.113020
v 1.519816 2.218236 0.004502
v 1.178488 2.219867 1.126526
v 1.602648 2.205416 0.068865
v 1.291320 2.197262 1.129691
v 1.682064 2.184945 0.142865
v 1.407439 2.166624 1.123205
v 1.758487 2.156723 0.225811
v 1.526390 2.128059 1.107963
v 1.832370 2.120644 0.316809
v 1.647697 2.081672 1.085042
v 1.904192 2.076604 0.414781
v 1.770865 2.027549 1.055680
v 1.974445 2.024516 0.518489
v 1.895387 1.965761 1.021246
v 2.043639 1.964309 0.626564
v 2.020746 1.896354 0.983213
v 2.112289 1.895937 0.737534
v 2.146366 1.819398 0.943102
v 2.180970 1.819332 0.849879
vn -0.5911 0.7589 -0.2734
vn -0.5592 0.7877 -0.2586
vn -0.5235 0.8169 -0.2423
vn -0.4836 0.8461 -0.2242
vn -0.4394 0.8748 -0.2043
vn -0.3906 0.9023 -0.1826
vn -0.3372 0.9279 -0.1590
vn -0.2793 0.9509 -0.1338
vn -0.2173 0.9702 -0.1070
vn -0.1517 0.9853 -0.0789
vn -0.0835 0.9952 -0.0500
vn -0.0137 0.9997 -0.0208
vn 0.0565 0.9984 0.0084
vn 0.1260 0.9913 0.0369
vn 0.1935 0.9790 0.0643
vn 0.2582 0.9619 0.0903
vn 0.3192 0.9408 0.1145
vn 0.3759 0.9165 0.1369
vn 0.4282 0.8899 0.1572
vn 0.4760 0.8618 0.1756
vn 0.5192 0.8328 0.1920
vn 0.5582 0.8035 0.2066
vt 0.020000 0.000000
vt 0.020000 0.045455
vt 0.980000 0.045455
vt 0.980000 0.000000
vt 0.020000 0.090909
vt 0.980000 0.090909
vt 0.020000 0.136364
vt 0.980000 0.136364
vt 0.020000 0.181818
vt 0.980000 0.181818
vt 0.020000 0.227273
vt 0.980000 0.227273
vt 0.020000 0.272727
vt 0.980000 0.272727
vt 0.020000 0.318182
vt 0.980000 0.318182
vt 0.020000 0.363636
vt 0.980000 0.363636
vt 0.020000 0.409091
vt 0.980000 0.409091
vt 0.020000 0.454545
vt 0.980000 0.454545
vt 0.020000 0.500000
vt 0.980000 0.500000
vt 0.020000 0.545455
vt 0.980000 0.545455
vt 0.020000 0.590909
vt 0.980000 0.590909
vt 0.020000 0.636364
vt 0.980000 0.636364
vt 0.020000 0.681818
vt 0.980000 0.681818
vt 0.020000 0.727273
vt 0.980000 0.727273
vt 0.020000 0.772727
vt 0.980000 0.772727
vt 0.020000 0.818182
vt 0.980000 0.818182
vt 0.020000 0.863636
vt 0.980000 0.863636
vt 0.020000 0.909091
vt 0.980000 0.909091
vt 0.020000 0.954545
vt 0.980000 0.954545
vt 0.020000 1.000000
vt 0.980000 1.000000
s 0
usemtl FrondCardMat
f 1572/1579/807 1574/1580/807 1575/1581/807 1573/1582/807
f 1574/1580/808 1576/1583/808 1577/1584/808 1575/1581/808
f 1576/1583/809 1578/1585/809 1579/1586/809 1577/1584/809
f 1578/1585/810 1580/1587/810 1581/1588/810 1579/1586/810
f 1580/1587/811 1582/1589/811 1583/1590/811 1581/1588/811
f 1582/1589/812 1584/1591/812 1585/1592/812 1583/1590/812
f 1584/1591/813 1586/1593/813 1587/1594/813 1585/1592/813
f 1586/1593/814 1588/1595/814 1589/1596/814 1587/1594/814
f 1588/1595/815 1590/1597/815 1591/1598/815 1589/1596/815
f 1590/1597/816 1592/1599/816 1593/1600/816 1591/1598/816
f 1592/1599/817 1594/1601/817 1595/1602/817 1593/1600/817
f 1594/1601/818 1596/1603/818 1597/1604/818 1595/1602/818
f 1596/1603/819 1598/1605/819 1599/1606/819 1597/1604/819
f 1598/1605/820 1600/1607/820 1601/1608/820 1599/1606/820
f 1600/1607/821 1602/1609/821 1603/1610/821 1601/1608/821
f 1602/1609/822 1604/1611/822 1605/1612/822 1603/1610/822
f 1604/1611/823 1606/1613/823 1607/1614/823 1605/1612/823
f 1606/1613/824 1608/1615/824 1609/1616/824 1607/1614/824
f 1608/1615/825 1610/1617/825 1611/1618/825 1609/1616/825
f 1610/1617/826 1612/1619/826 1613/1620/826 1611/1618/826
f 1612/1619/827 1614/1621/827 1615/1622/827 1613/1620/827
f 1614/1621/828 1616/1623/828 1617/1624/828 1615/1622/828
o FrondCard_032
v 0.110879 1.690044 0.104475
v 0.148357 1.690044 0.009911
v 0.167865 1.782743 0.216597
v 0.267084 1.783149 -0.032571
v 0.224602 1.865981 0.327396
v 0.385581 1.867928 -0.072713
v 0.281684 1.939844 0.435315
v 0.503254 1.944292 -0.108957
v 0.339626 2.004391 0.538838
v 0.619589 2.012187 -0.139787
v 0.398935 2.059724 0.636551
v 0.734078 2.071507 -0.163789
v 0.460115 2.105994 0.727182
v 0.846217 2.122104 -0.179691
v 0.523674 2.143389 0.809631
v 0.955497 2.163787 -0.186394
v 0.590131 2.172125 0.883004
v 1.061400 2.196342 -0.183003
v 0.660017 2.192414 0.946636
v 1.163396 2.219556 -0.168853
v 0.733860 2.204432 1.000108
v 1.260955 2.233255 -0.143526
v 0.812162 2.208285 1.043248
v 1.353577 2.237329 -0.106848
v 0.895354 2.203993 1.076122
v 1.440830 2.231764 -0.058886
v 0.983752 2.191474 1.099015
v 1.522397 2.216634 0.000074
v 1.077513 2.170576 1.112408
v 1.598123 2.192099 0.069551
v 1.176612 2.141093 1.116959
v 1.668032 2.158360 0.148889
v 1.280836 2.102807 1.113480
v 1.732336 2.115637 0.237274
v 1.389794 2.055515 1.102924
v 1.791428 2.064132 0.333755
v 1.502942 1.999050 1.086372
v 1.845850 2.004013 0.437249
v 1.619611 1.933291 1.065020
v 1.896273 1.935401 0.546561
v 1.739035 1.858161 1.040157
v 1.943462 1.858372 0.660401
v 1.860380 1.773628 1.013151
v 1.988250 1.772957 0.777402
v 1.982828 1.679627 0.985454
v 2.031457 1.679224 0.896113
vn -0.6517 0.7131 -0.2583
vn -0.6178 0.7473 -0.2449
vn -0.5788 0.7826 -0.2292
vn -0.5342 0.8187 -0.2109
vn -0.4833 0.8546 -0.1897
vn -0.4259 0.8895 -0.1654
vn -0.3615 0.9221 -0.1377
vn -0.2906 0.9509 -0.1067
vn -0.2137 0.9742 -0.0726
vn -0.1322 0.9906 -0.0358
vn -0.0477 0.9989 0.0030
vn 0.0375 0.9984 0.0427
vn 0.1213 0.9892 0.0823
vn 0.2015 0.9720 0.1208
vn 0.2765 0.9480 0.1574
vn 0.3452 0.9188 0.1915
vn 0.4070 0.8859 0.2226
vn 0.4619 0.8508 0.2506
vn 0.5101 0.8148 0.2756
vn 0.5522 0.7787 0.2978
vn 0.5887 0.7435 0.3173
vn 0.6203 0.7095 0.3344
vt 0.020000 0.000000
vt 0.020000 0.045455
vt 0.980000 0.045455
vt 0.980000 0.000000
vt 0.020000 0.090909
vt 0.980000 0.090909
vt 0.020000 0.136364
vt 0.980000 0.136364
vt 0.020000 0.181818
vt 0.980000 0.181818
vt 0.020000 0.227273
vt 0.980000 0.227273
vt 0.020000 0.272727
vt 0.980000 0.272727
vt 0.020000 0.318182
vt 0.980000 0.318182
vt 0.020000 0.363636
vt 0.980000 0.363636
vt 0.020000 0.409091
vt 0.980000 0.409091
vt 0.020000 0.454545
vt 0.980000 0.454545
vt 0.020000 0.500000
vt 0.980000 0.500000
vt 0.020000 0.545455
vt 0.980000 0.545455
vt 0.020000 0.590909
vt 0.980000 0.590909
vt 0.020000 0.636364
vt 0.980000 0.636364
vt 0.020000 0.681818
vt 0.980000 0.681818
vt 0.020000 0.727273
vt 0.980000 0.727273
vt 0.020000 0.772727
vt 0.980000 0.772727
vt 0.020000 0.818182
vt 0.980000 0.818182
vt 0.020000 0.863636
vt 0.980000 0.863636
vt 0.020000 0.909091
vt 0.980000 0.909091
vt 0.020000 0.954545
vt 0.980000 0.954545
vt 0.020000 1.000000
vt 0.980000 1.000000
s 0
usemtl FrondCardMat
f 1618/1625/829 1620/1626/829 1621/1627/829 1619/1628/829
f 1620/1626/830 1622/1629/830 1623/1630/830 1621/1627/830
f 1622/1629/831 1624/1631/831 1625/1632/831 1623/1630/831
f 1624/1631/832 1626/1633/832 1627/1634/832 1625/1632/832
f 1626/1633/833 1628/1635/833 1629/1636/833 1627/1634/833
f 1628/1635/834 1630/1637/834 1631/1638/834 1629/1636/834
f 1630/1637/835 1632/1639/835 1633/1640/835 1631/1638/835
f 1632/1639/836 1634/1641/836 1635/1642/836 1633/1640/836
f 1634/1641/837 1636/1643/837 1637/1644/837 1635/1642/837
f 1636/1643/838 1638/1645/838 1639/1646/838 1637/1644/838
f 1638/1645/839 1640/1647/839 1641/1648/839 1639/1646/839
f 1640/1647/840 1642/1649/840 1643/1650/840 1641/1648/840
f 1642/1649/841 1644/1651/841 1645/1652/841 1643/1650/841
f 1644/1651/842 1646/1653/842 1647/1654/842 1645/1652/842
f 1646/1653/843 1648/1655/843 1649/1656/843 1647/1654/843
f 1648/1655/844 1650/1657/844 1651/1658/844 1649/1656/844
f 1650/1657/845 1652/1659/845 1653/1660/845 1651/1658/845
f 1652/1659/846 1654/1661/846 1655/1662/846 1653/1660/846
f 1654/1661/847 1656/1663/847 1657/1664/847 1655/1662/847
f 1656/1663/848 1658/1665/848 1659/1666/848 1657/1664/848
f 1658/1665/849 1660/1667/849 1661/1668/849 1659/1666/849
f 1660/1667/850 1662/1669/850 1663/1670/850 1661/1668/850
o FrondCard_033
v -0.172398 1.721077 0.006922
v -0.124299 1.721077 0.118251
v -0.359914 1.772208 -0.020168
v -0.232659 1.772072 0.273175
v -0.547043 1.813875 -0.044663
v -0.340967 1.813300 0.426432
v -0.732917 1.845999 -0.064779
v -0.450093 1.844845 0.576239
v -0.916744 1.868515 -0.078788
v -0.560827 1.866767 0.720866
v -1.097748 1.881361 -0.085085
v -0.673945 1.879130 0.858710
v -1.275183 1.884482 -0.082227
v -0.790194 1.881991 0.988327
v -1.448351 1.877834 -0.068955
v -0.910272 1.875392 1.108457
v -1.616620 1.861391 -0.044218
v -1.034810 1.859358 1.218052
v -1.779450 1.835152 -0.007199
v -1.164349 1.833893 1.316291
v -1.936401 1.799132 0.042683
v -1.299329 1.798979 1.402597
v -2.087155 1.753369 0.105753
v -1.440067 1.754580 1.476643
v -2.231525 1.697914 0.182082
v -1.586751 1.700644 1.538358
v -2.369463 1.632829 0.271486
v -1.739428 1.637109 1.587925
v -2.501063 1.558182 0.373532
v -1.898005 1.563907 1.625779
v -2.626559 1.474038 0.487546
v -2.062247 1.480974 1.652594
v -2.746321 1.380457 0.612625
v -2.231785 1.388249 1.669271
v -2.860847 1.277490 0.747661
v -2.406121 1.285681 1.676919
v -2.970746 1.165174 0.891354
v -2.584645 1.173234 1.676839
v -3.076728 1.043534 1.042245
v -2.766648 1.050882 1.670489
v -3.179587 0.912576 1.198741
v -2.951336 0.918618 1.659461
v -3.280179 0.772296 1.359148
v -3.137851 0.776449 1.645451
v -3.379376 0.622709 1.521687
v -3.325324 0.624358 1.630238
vn 0.2773 0.9533 -0.1198
vn 0.2287 0.9685 -0.0988
vn 0.1780 0.9810 -0.0767
vn 0.1256 0.9906 -0.0537
vn 0.0721 0.9970 -0.0299
vn 0.0178 0.9998 -0.0057
vn -0.0366 0.9992 0.0188
vn -0.0905 0.9950 0.0434
vn -0.1433 0.9874 0.0676
vn -0.1947 0.9766 0.0914
vn -0.2441 0.9630 0.1144
vn -0.2911 0.9469 0.1365
vn -0.3356 0.9287 0.1577
vn -0.3774 0.9088 0.1776
vn -0.4164 0.8877 0.1964
vn -0.4526 0.8657 0.2140
vn -0.4860 0.8430 0.2304
vn -0.5168 0.8201 0.2456
vn -0.5450 0.7972 0.2597
vn -0.5709 0.7744 0.2727
vn -0.5946 0.7519 0.2847
vn -0.6162 0.7300 0.2957
vt 0.020000 0.000000
vt 0.020000 0.045455
vt 0.980000 0.045455
vt 0.980000 0.000000
vt 0.020000 0.090909
vt 0.980000 0.090909
vt 0.020000 0.136364
vt 0.980000 0.136364
vt 0.020000 0.181818
vt 0.980000 0.181818
vt 0.020000 0.227273
vt 0.980000 0.227273
vt 0.020000 0.272727
vt 0.980000 0.272727
vt 0.020000 0.318182
vt 0.980000 0.318182
vt 0.020000 0.363636
vt 0.980000 0.363636
vt 0.020000 0.409091
vt 0.980000 0.409091
vt 0.020000 0.454545
vt 0.980000 0.454545
vt 0.020000 0.500000
vt 0.980000 0.500000
vt 0.020000 0.545455
vt 0.980000 0.545455
vt 0.020000 0.590909
vt 0.980000 0.590909
vt 0.020000 0.636364
vt 0.980000 0.636364
vt 0.020000 0.681818
vt 0.980000 0.681818
vt 0.020000 0.727273
vt 0.980000 0.727273
vt 0.020000 0.772727
vt 0.980000 0.772727
vt 0.020000 0.818182
vt 0.980000 0.818182
vt 0.020000 0.863636
vt 0.980000 0.863636
vt 0.020000 0.909091
vt 0.980000 0.909091
vt 0.020000 0.954545
vt 0.980000 0.954545
vt 0.020000 1.000000
vt 0.980000 1.000000
s 0
usemtl FrondCardMat
f 1664/1671/851 1666/1672/851 1667/1673/851 1665/1674/851
f 1666/1672/852 1668/1675/852 1669/1676/852 1667/1673/852
f 1668/1675/853 1670/1677/853 1671/1678/853 1669/1676/853
f 1670/1677/854 1672/1679/854 1673/1680/854 1671/1678/854
f 1672/1679/855 1674/1681/855 1675/1682/855 1673/1680/855
f 1674/1681/856 1676/1683/856 1677/1684/856 1675/1682/856
f 1676/1683/857 1678/1685/857 1679/1686/857 1677/1684/857
f 1678/1685/858 1680/1687/858 1681/1688/858 1679/1686/858
f 1680/1687/859 1682/1689/859 1683/1690/859 1681/1688/859
f 1682/1689/860 1684/1691/860 1685/1692/860 1683/1690/860
f 1684/1691/861 1686/1693/861 1687/1694/861 1685/1692/861
f 1686/1693/862 1688/1695/862 1689/1696/862 1687/1694/862
f 1688/1695/863 1690/1697/863 1691/1698/863 1689/1696/863
f 1690/1697/864 1692/1699/864 1693/1700/864 1691/1698/864
f 1692/1699/865 1694/1701/865 1695/1702/865 1693/1700/865
f 1694/1701/866 1696/1703/866 1697/1704/866 1695/1702/866
f 1696/1703/867 1698/1705/867 1699/1706/867 1697/1704/867
f 1698/1705/868 1700/1707/868 1701/1708/868 1699/1706/868
f 1700/1707/869 1702/1709/869 1703/1710/869 1701/1708/869
f 1702/1709/870 1704/1711/870 1705/1712/870 1703/1710/870
f 1704/1711/871 1706/1713/871 1707/1714/871 1705/1712/871
f 1706/1713/872 1708/1715/872 1709/1716/872 1707/1714/872
o FrondCard_034
v 0.106543 1.695199 0.072782
v 0.110438 1.695199 -0.030410
v 0.228444 1.745215 0.161948
v 0.238350 1.745083 -0.110145
v 0.350956 1.785312 0.249039
v 0.365655 1.784758 -0.188554
v 0.474090 1.815410 0.332366
v 0.492344 1.814304 -0.263949
v 0.597882 1.835442 0.410313
v 0.618378 1.833788 -0.334712
v 0.722327 1.845338 0.481362
v 0.743765 1.843279 -0.399326
v 0.847375 1.845039 0.544129
v 0.868553 1.842837 -0.456407
v 0.972941 1.834504 0.597391
v 0.992828 1.832504 -0.504732
v 1.098915 1.813716 0.640110
v 1.116700 1.812296 -0.543263
v 1.225171 1.782684 0.671457
v 1.240294 1.782204 -0.571171
v 1.351586 1.741442 0.690827
v 1.363734 1.742193 -0.587851
v 1.478045 1.690041 0.697854
v 1.487134 1.692214 -0.592937
v 1.604453 1.628544 0.692413
v 1.610592 1.632203 -0.586304
v 1.730730 1.557015 0.674628
v 1.734183 1.562095 -0.568076
v 1.856821 1.475518 0.644868
v 1.857966 1.481828 -0.538622
v 1.982690 1.384105 0.603735
v 1.981975 1.391349 -0.498545
v 2.108317 1.282819 0.552058
v 2.106232 1.290614 -0.448672
v 2.233696 1.171691 0.490872
v 2.230740 1.179593 -0.390039
v 2.358835 1.050738 0.421397
v 2.355494 1.058271 -0.323866
v 2.483748 0.919962 0.345015
v 2.480478 0.926641 -0.251535
v 2.608458 0.779358 0.263239
v 2.605671 0.784713 -0.174559
v 2.732991 0.628907 0.177687
v 2.731044 0.632504 -0.094556
v 2.857361 0.468604 0.090043
v 2.856585 0.470018 -0.013210
vn -0.3708 0.9286 -0.0140
vn -0.3038 0.9527 -0.0115
vn -0.2319 0.9727 -0.0090
vn -0.1560 0.9877 -0.0065
vn -0.0773 0.9970 -0.0043
vn 0.0030 1.0000 -0.0022
vn 0.0832 0.9965 -0.0004
vn 0.1619 0.9868 0.0012
vn 0.2376 0.9714 0.0025
vn 0.3092 0.9510 0.0034
vn 0.3759 0.9266 0.0042
vn 0.4373 0.8993 0.0046
vn 0.4931 0.8699 0.0049
vn 0.5434 0.8394 0.0050
vn 0.5885 0.8085 0.0049
vn 0.6287 0.7776 0.0047
vn 0.6644 0.7473 0.0045
vn 0.6961 0.7179 0.0041
vn 0.7242 0.6896 0.0037
vn 0.7491 0.6625 0.0033
vn 0.7711 0.6367 0.0029
vn 0.7907 0.6122 0.0024
vt 0.020000 0.000000
vt 0.020000 0.045455
vt 0.980000 0.045455
vt 0.980000 0.000000
vt 0.020000 0.090909
vt 0.980000 0.090909
vt 0.020000 0.136364
vt 0.980000 0.136364
vt 0.020000 0.181818
vt 0.980000 0.181818
vt 0.020000 0.227273
vt 0.980000 0.227273
vt 0.020000 0.272727
vt 0.980000 0.272727
vt 0.020000 0.318182
vt 0.980000 0.318182
vt 0.020000 0.363636
vt 0.980000 0.363636
vt 0.020000 0.409091
vt 0.980000 0.409091
vt 0.020000 0.454545
vt 0.980000 0.454545
vt 0.020000 0.500000
vt 0.980000 0.500000
vt 0.020000 0.545455
vt 0.980000 0.545455
vt 0.020000 0.590909
vt 0.980000 0.590909
vt 0.020000 0.636364
vt 0.980000 0.636364
vt 0.020000 0.681818
vt 0.980000 0.681818
vt 0.020000 0.727273
vt 0.980000 0.727273
vt 0.020000 0.772727
vt 0.980000 0.772727
vt 0.020000 0.818182
vt 0.980000 0.818182
vt 0.020000 0.863636
vt 0.980000 0.863636
vt 0.020000 0.909091
vt 0.980000 0.909091
vt 0.020000 0.954545
vt 0.980000 0.954545
vt 0.020000 1.000000
vt 0.980000 1.000000
s 0
usemtl FrondCardMat
f 1710/1717/873 1712/1718/873 1713/1719/873 1711/1720/873
f 1712/1718/874 1714/1721/874 1715/1722/874 1713/1719/874
f 1714/1721/875 1716/1723/875 1717/1724/875 1715/1722/875
f 1716/1723/876 1718/1725/876 1719/1726/876 1717/1724/876
f 1718/1725/877 1720/1727/877 1721/1728/877 1719/1726/877
f 1720/1727/878 1722/1729/878 1723/1730/878 1721/1728/878
f 1722/1729/879 1724/1731/879 1725/1732/879 1723/1730/879
f 1724/1731/880 1726/1733/880 1727/1734/880 1725/1732/880
f 1726/1733/881 1728/1735/881 1729/1736/881 1727/1734/881
f 1728/1735/882 1730/1737/882 1731/1738/882 1729/1736/882
f 1730/1737/883 1732/1739/883 1733/1740/883 1731/1738/883
f 1732/1739/884 1734/1741/884 1735/1742/884 1733/1740/884
f 1734/1741/885 1736/1743/885 1737/1744/885 1735/1742/885
f 1736/1743/886 1738/1745/886 1739/1746/886 1737/1744/886
f 1738/1745/887 1740/1747/887 1741/1748/887 1739/1746/887
f 1740/1747/888 1742/1749/888 1743/1750/888 1741/1748/888
f 1742/1749/889 1744/1751/889 1745/1752/889 1743/1750/889
f 1744/1751/890 1746/1753/890 1747/1754/890 1745/1752/890
f 1746/1753/891 1748/1755/891 1749/1756/891 1747/1754/891
f 1748/1755/892 1750/1757/892 1751/1758/892 1749/1756/892
f 1750/1757/893 1752/1759/893 1753/1760/893 1751/1758/893
f 1752/1759/894 1754/1761/894 1755/1762/894 1753/1760/894
o FrondCard_035
v 0.019227 1.736573 0.088172
v 0.099288 1.736573 0.005469
v 0.053040 1.784334 0.252003
v 0.264486 1.784493 0.034291
v 0.087315 1.825144 0.414296
v 0.428507 1.825843 0.065335
v 0.123428 1.859079 0.573765
v 0.589976 1.860546 0.099888
v 0.162660 1.886196 0.729137
v 0.747612 1.888546 0.139221
v 0.206239 1.906554 0.879249
v 0.900187 1.909783 0.184498
v 0.255311 1.920213 1.023065
v 1.046557 1.924198 0.236755
v 0.310917 1.927222 1.159702
v 1.185678 1.931741 0.296876
v 0.373970 1.927623 1.288441
v 1.316638 1.932373 0.365579
v 0.445236 1.921439 1.408742
v 1.438672 1.926067 0.443403
v 0.525307 1.908677 1.520252
v 1.551187 1.912819 0.530703
v 0.614594 1.889325 1.622803
v 1.653772 1.892638 0.627645
v 0.713307 1.863356 1.716419
v 1.746218 1.865554 0.734207
v 0.821452 1.830724 1.801306
v 1.828517 1.831611 0.850182
v 0.938827 1.791375 1.877844
v 1.900873 1.790864 0.975189
v 1.065023 1.745248 1.946584
v 1.963693 1.743374 1.108680
v 1.199432 1.692278 2.008226
v 2.017588 1.689205 1.249951
v 1.341258 1.632404 2.063611
v 2.063350 1.628419 1.398164
v 1.489537 1.565573 2.113701
v 2.101948 1.561069 1.552356
v 1.643152 1.491740 2.159560
v 2.134494 1.487200 1.711463
v 1.800864 1.410874 2.202337
v 2.162231 1.406843 1.874337
v 1.961331 1.322960 2.243238
v 2.186498 1.320012 2.039770
v 2.123184 1.227954 2.283552
v 2.208665 1.226752 2.206474
vn -0.2346 0.9452 -0.2271
vn -0.2043 0.9587 -0.1978
vn -0.1730 0.9706 -0.1672
vn -0.1406 0.9808 -0.1355
vn -0.1074 0.9889 -0.1027
vn -0.0737 0.9949 -0.0690
vn -0.0395 0.9986 -0.0348
vn -0.0052 1.0000 -0.0001
vn 0.0290 0.9990 0.0347
vn 0.0628 0.9956 0.0694
vn 0.0961 0.9900 0.1037
vn 0.1286 0.9821 0.1375
vn 0.1601 0.9723 0.1705
vn 0.1904 0.9606 0.2025
vn 0.2195 0.9473 0.2334
vn 0.2472 0.9326 0.2630
vn 0.2735 0.9167 0.2913
vn 0.2983 0.8999 0.3182
vn 0.3216 0.8823 0.3437
vn 0.3434 0.8642 0.3678
vn 0.3638 0.8457 0.3904
vn 0.3829 0.8270 0.4117
vt 0.020000 0.000000
vt 0.020000 0.045455
vt 0.980000 0.045455
vt 0.980000 0.000000
vt 0.020000 0.090909
vt 0.980000 0.090909
vt 0.020000 0.136364
vt 0.980000 0.136364
vt 0.020000 0.181818
vt 0.980000 0.181818
vt 0.020000 0.227273
vt 0.980000 0.227273
vt 0.020000 0.272727
vt 0.980000 0.272727
vt 0.020000 0.318182
vt 0.980000 0.318182
vt 0.020000 0.363636
vt 0.980000 0.363636
vt 0.020000 0.409091
vt 0.980000 0.409091
vt 0.020000 0.454545
vt 0.980000 0.454545
vt 0.020000 0.500000
vt 0.980000 0.500000
vt 0.020000 0.545455
vt 0.980000 0.545455
vt 0.020000 0.590909
vt 0.980000 0.590909
vt 0.020000 0.636364
vt 0.980000 0.636364
vt 0.020000 0.681818
vt 0.980000 0.681818
vt 0.020000 0.727273
vt 0.980000 0.727273
vt 0.020000 0.772727
vt 0.980000 0.772727
vt 0.020000 0.818182
vt 0.980000 0.818182
vt 0.020000 0.863636
vt 0.980000 0.863636
vt 0.020000 0.909091
vt 0.980000 0.909091
vt 0.020000 0.954545
vt 0.980000 0.954545
vt 0.020000 1.000000
vt 0.980000 1.000000
s 0
usemtl FrondCardMat
f 1756/1763/895 1758/1764/895 1759/1765/895 1757/1766/895
f 1758/1764/896 1760/1767/896 1761/1768/896 1759/1765/896
f 1760/1767/897 1762/1769/897 1763/1770/897 1761/1768/897
f 1762/1769/898 1764/1771/898 1765/1772/898 1763/1770/898
f 1764/1771/899 1766/1773/899 1767/1774/899 1765/1772/899
f 1766/1773/900 1768/1775/900 1769/1776/900 1767/1774/900
f 1768/1775/901 1770/1777/901 1771/1778/901 1769/1776/901
f 1770/1777/902 1772/1779/902 1773/1780/902 1771/1778/902
f 1772/1779/903 1774/1781/903 1775/1782/903 1773/1780/903
f 1774/1781/904 1776/1783/904 1777/1784/904 1775/1782/904
f 1776/1783/905 1778/1785/905 1779/1786/905 1777/1784/905
f 1778/1785/906 1780/1787/906 1781/1788/906 1779/1786/906
f 1780/1787/907 1782/1789/907 1783/1790/907 1781/1788/907
f 1782/1789/908 1784/1791/908 1785/1792/908 1783/1790/908
f 1784/1791/909 1786/1793/909 1787/1794/909 1785/1792/909
f 1786/1793/910 1788/1795/910 1789/1796/910 1787/1794/910
f 1788/1795/911 1790/1797/911 1791/1798/911 1789/1796/911
f 1790/1797/912 1792/1799/912 1793/1800/912 1791/1798/912
f 1792/1799/913 1794/1801/913 1795/1802/913 1793/1800/913
f 1794/1801/914 1796/1803/914 1797/1804/914 1795/1802/914
f 1796/1803/915 1798/1805/915 1799/1806/915 1797/1804/915
f 1798/1805/916 1800/1807/916 1801/1808/916 1799/1806/916
o FrondCard_036
v -0.207937 1.747470 0.072164
v -0.141457 1.747470 0.145484
v -0.333517 1.835384 0.076703
v -0.158644 1.835869 0.270393
v -0.457787 1.915010 0.081334
v -0.178010 1.917322 0.394088
v -0.579658 1.986459 0.087263
v -0.200645 1.991719 0.515362
v -0.698034 2.049798 0.095602
v -0.227644 2.058991 0.633103
v -0.811912 2.105143 0.107419
v -0.260010 2.119026 0.746246
v -0.920417 2.152648 0.123720
v -0.298619 2.171666 0.853781
v -1.022825 2.192506 0.145442
v -0.344194 2.216720 0.954773
v -1.118595 2.224931 0.173438
v -0.397276 2.253973 1.048368
v -1.207386 2.250140 0.208469
v -0.458207 2.283209 1.133807
v -1.289066 2.268329 0.251181
v -0.527119 2.304233 1.210442
v -1.363709 2.279641 0.302091
v -0.603936 2.316899 1.277757
v -1.431581 2.284152 0.361561
v -0.688394 2.321133 1.335389
v -1.493109 2.281851 0.429770
v -0.780066 2.316945 1.383160
v -1.548847 2.272646 0.506693
v -0.878396 2.304429 1.421096
v -1.599444 2.256371 0.592081
v -0.982738 2.283748 1.449443
v -1.645607 2.232816 0.685460
v -1.092382 2.255114 1.468677
v -1.688083 2.201754 0.786130
v -1.206583 2.218754 1.479497
v -1.727641 2.162963 0.893188
v -1.324572 2.174889 1.482808
v -1.765065 2.116254 1.005551
v -1.445563 2.123710 1.479692
v -1.801153 2.061476 1.121987
v -1.568761 2.065366 1.471379
v -1.836706 1.998530 1.241157
v -1.693362 1.999956 1.459211
v -1.872624 1.927272 1.361703
v -1.818468 1.927625 1.444544
vn 0.5001 0.7378 -0.4534
vn 0.4753 0.7671 -0.4309
vn 0.4472 0.7971 -0.4058
vn 0.4156 0.8273 -0.3779
vn 0.3800 0.8574 -0.3470
vn 0.3402 0.8867 -0.3130
vn 0.2960 0.9145 -0.2758
vn 0.2476 0.9398 -0.2355
vn 0.1949 0.9618 -0.1924
vn 0.1386 0.9794 -0.1469
vn 0.0792 0.9919 -0.0998
vn 0.0176 0.9985 -0.0516
vn -0.0449 0.9990 -0.0034
vn -0.1073 0.9933 0.0439
vn -0.1684 0.9816 0.0896
vn -0.2272 0.9648 0.1328
vn -0.2828 0.9434 0.1731
vn -0.3348 0.9186 0.2101
vn -0.3826 0.8912 0.2437
vn -0.4264 0.8621 0.2739
vn -0.4660 0.8321 0.3007
vn -0.5017 0.8019 0.3245
vt 0.020000 0.000000
vt 0.020000 0.045455
vt 0.980000 0.045455
vt 0.980000 0.000000
vt 0.020000 0.090909
vt 0.980000 0.090909
vt 0.020000 0.136364
vt 0.980000 0.136364
vt 0.020000 0.181818
vt 0.980000 0.181818
vt 0.020000 0.227273
vt 0.980000 0.227273
vt 0.020000 0.272727
vt 0.980000 0.272727
vt 0.020000 0.318182
vt 0.980000 0.318182
vt 0.020000 0.363636
vt 0.980000 0.363636
vt 0.020000 0.409091
vt 0.980000 0.409091
vt 0.020000 0.454545
vt 0.980000 0.454545
vt 0.020000 0.500000
vt 0.980000 0.500000
vt 0.020000 0.545455
vt 0.980000 0.545455
vt 0.020000 0.590909
vt 0.980000 0.590909
vt 0.020000 0.636364
vt 0.980000 0.636364
vt 0.020000 0.681818
vt 0.980000 0.681818
vt 0.020000 0.727273
vt 0.980000 0.727273
vt 0.020000 0.772727
vt 0.980000 0.772727
vt 0.020000 0.818182
vt 0.980000 0.818182
vt 0.020000 0.863636
vt 0.980000 0.863636
vt 0.020000 0.909091
vt 0.980000 0.909091
vt 0.020000 0.954545
vt 0.980000 0.954545
vt 0.020000 1.000000
vt 0.980000 1.000000
s 0
usemtl FrondCardMat
f 1802/1809/917 1804/1810/917 1805/1811/917 1803/1812/917
f 1804/1810/918 1806/1813/918 1807/1814/918 1805/1811/918
f 1806/1813/919 1808/1815/919 1809/1816/919 1807/1814/919
f 1808/1815/920 1810/1817/920 1811/1818/920 1809/1816/920
f 1810/1817/921 1812/1819/921 1813/1820/921 1811/1818/921
f 1812/1819/922 1814/1821/922 1815/1822/922 1813/1820/922
f 1814/1821/923 1816/1823/923 1817/1824/923 1815/1822/923
f 1816/1823/924 1818/1825/924 1819/1826/924 1817/1824/924
f 1818/1825/925 1820/1827/925 1821/1828/925 1819/1826/925
f 1820/1827/926 1822/1829/926 1823/1830/926 1821/1828/926
f 1822/1829/927 1824/1831/927 1825/1832/927 1823/1830/927
f 1824/1831/928 1826/1833/928 1827/1834/928 1825/1832/928
f 1826/1833/929 1828/1835/929 1829/1836/929 1827/1834/929
f 1828/1835/930 1830/1837/930 1831/1838/930 1829/1836/930
f 1830/1837/931 1832/1839/931 1833/1840/931 1831/1838/931
f 1832/1839/932 1834/1841/932 1835/1842/932 1833/1840/932
f 1834/1841/933 1836/1843/933 1837/1844/933 1835/1842/933
f 1836/1843/934 1838/1845/934 1839/1846/934 1837/1844/934
f 1838/1845/935 1840/1847/935 1841/1848/935 1839/1846/935
f 1840/1847/936 1842/1849/936 1843/1850/936 1841/1848/936
f 1842/1849/937 1844/1851/937 1845/1852/937 1843/1850/937
f 1844/1851/938 1846/1853/938 1847/1854/938 1845/1852/938
o FrondCard_037
v 0.080302 1.714134 -0.000688
v 0.007085 1.714134 -0.098217
v 0.234310 1.762812 0.008482
v 0.040479 1.762444 -0.248071
v 0.387738 1.802373 0.014524
v 0.073389 1.800810 -0.396019
v 0.539271 1.832596 0.015914
v 0.107127 1.829451 -0.540539
v 0.687712 1.853294 0.011152
v 0.142894 1.848553 -0.680127
v 0.831847 1.864276 -0.001102
v 0.181903 1.858307 -0.813447
v 0.970475 1.865373 -0.021993
v 0.225353 1.858884 -0.939351
v 1.102446 1.856464 -0.052455
v 0.274396 1.850404 -1.056905
v 1.226702 1.837496 -0.093212
v 0.330090 1.832919 -1.165388
v 1.342323 1.808491 -0.144774
v 0.393354 1.806408 -1.264288
v 1.448567 1.769540 -0.207448
v 0.464929 1.770780 -1.353297
v 1.544905 1.720783 -0.281350
v 0.545347 1.725895 -1.432301
v 1.631039 1.662392 -0.366407
v 0.634904 1.671581 -1.501372
v 1.706907 1.594548 -0.462366
v 0.733661 1.607656 -1.560764
v 1.772690 1.517423 -0.568796
v 0.841439 1.533949 -1.610906
v 1.828795 1.431168 -0.685095
v 0.957832 1.450309 -1.652401
v 1.875839 1.335900 -0.810496
v 1.082220 1.356619 -1.686016
v 1.914634 1.231704 -0.944076
v 1.213792 1.252794 -1.712674
v 1.946160 1.118625 -1.084771
v 1.351569 1.138788 -1.733440
v 1.971542 0.996676 -1.231393
v 1.494424 1.014590 -1.749501
v 1.992024 0.865835 -1.382651
v 1.641116 0.880220 -1.762149
v 2.008938 0.726054 -1.537172
v 1.790311 0.735728 -1.772755
v 2.023643 0.577320 -1.693499
v 1.940650 0.581124 -1.782776
vn -0.3058 0.9240 0.2297
vn -0.2524 0.9489 0.1896
vn -0.1953 0.9698 0.1460
vn -0.1350 0.9858 0.0995
vn -0.0726 0.9961 0.0506
vn -0.0091 1.0000 0.0001
vn 0.0542 0.9972 -0.0509
vn 0.1160 0.9881 -0.1014
vn 0.1753 0.9729 -0.1506
vn 0.2311 0.9527 -0.1975
vn 0.2828 0.9283 -0.2416
vn 0.3300 0.9007 -0.2825
vn 0.3727 0.8711 -0.3199
vn 0.4109 0.8402 -0.3539
vn 0.4448 0.8088 -0.3846
vn 0.4749 0.7776 -0.4121
vn 0.5013 0.7470 -0.4367
vn 0.5246 0.7172 -0.4586
vn 0.5451 0.6886 -0.4782
vn 0.5631 0.6613 -0.4956
vn 0.5789 0.6352 -0.5112
vn 0.5929 0.6105 -0.5251
vt 0.020000 0.000000
vt 0.020000 0.045455
vt 0.980000 0.045455
vt 0.980000 0.000000
vt 0.020000 0.090909
vt 0.980000 0.090909
vt 0.020000 0.136364
vt 0.980000 0.136364
vt 0.020000 0.181818
vt 0.980000 0.181818
vt 0.020000 0.227273
vt 0.980000 0.227273
vt 0.020000 0.272727
vt 0.980000 0.272727
vt 0.020000 0.318182
vt 0.980000 0.318182
vt 0.020000 0.363636
vt 0.980000 0.363636
vt 0.020000 0.409091
vt 0.980000 0.409091
vt 0.020000 0.454545
vt 0.980000 0.454545
vt 0.020000 0.500000
vt 0.980000 0.500000
vt 0.020000 0.545455
vt 0.980000 0.545455
vt 0.020000 0.590909
vt 0.980000 0.590909
vt 0.020000 0.636364
vt 0.980000 0.636364
vt 0.020000 0.681818
vt 0.980000 0.681818
vt 0.020000 0.727273
vt 0.980000 0.727273
vt 0.020000 0.772727
vt 0.980000 0.772727
vt 0.020000 0.818182
vt 0.980000 0.818182
vt 0.020000 0.863636
vt 0.980000 0.863636
vt 0.020000 0.909091
vt 0.980000 0.909091
vt 0.020000 0.954545
vt 0.980000 0.954545
vt 0.020000 1.000000
vt 0.980000 1.000000
s 0
usemtl FrondCardMat
f 1848/1855/939 1850/1856/939 1851/1857/939 1849/1858/939
f 1850/1856/940 1852/1859/940 1853/1860/940 1851/1857/940
f 1852/1859/941 1854/1861/941 1855/1862/941 1853/1860/941
f 1854/1861/942 1856/1863/942 1857/1864/942 1855/1862/942
f 1856/1863/943 1858/1865/943 1859/1866/943 1857/1864/943
f 1858/1865/944 1860/1867/944 1861/1868/944 1859/1866/944
f 1860/1867/945 1862/1869/945 1863/1870/945 1861/1868/945
f 1862/1869/946 1864/1871/946 1865/1872/946 1863/1870/946
f 1864/1871/947 1866/1873/947 1867/1874/947 1865/1872/947
f 1866/1873/948 1868/1875/948 1869/1876/948 1867/1874/948
f 1868/1875/949 1870/1877/949 1871/1878/949 1869/1876/949
f 1870/1877/950 1872/1879/950 1873/1880/950 1871/1878/950
f 1872/1879/951 1874/1881/951 1875/1882/951 1873/1880/951
f 1874/1881/952 1876/1883/952 1877/1884/952 1875/1882/952
f 1876/1883/953 1878/1885/953 1879/1886/953 1877/1884/953
f 1878/1885/954 1880/1887/954 1881/1888/954 1879/1886/954
f 1880/1887/955 1882/1889/955 1883/1890/955 1881/1888/955
f 1882/1889/956 1884/1891/956 1885/1892/956 1883/1890/956
f 1884/1891/957 1886/1893/957 1887/1894/957 1885/1892/957
f 1886/1893/958 1888/1895/958 1889/1896/958 1887/1894/958
f 1888/1895/959 1890/1897/959 1891/1898/959 1889/1896/959
f 1890/1897/960 1892/1899/960 1893/1900/960 1891/1898/960
o FrondCard_038
v 0.014688 1.674956 0.097705
v 0.088194 1.674956 0.012109
v 0.043515 1.727531 0.244159
v 0.237419 1.727583 0.018559
v 0.073347 1.771601 0.389151
v 0.385486 1.771830 0.026644
v 0.105397 1.807193 0.531294
v 0.531183 1.807671 0.037752
v 0.140819 1.834327 0.669254
v 0.673355 1.835085 0.053218
v 0.180703 1.853028 0.801785
v 0.810912 1.854047 0.074285
v 0.226057 1.863318 0.927764
v 0.942848 1.864536 0.102079
v 0.277778 1.865216 1.046206
v 1.068264 1.866533 0.137584
v 0.336640 1.858734 1.156286
v 1.186386 1.860024 0.181623
v 0.403273 1.843878 1.257357
v 1.296585 1.845005 0.234847
v 0.478148 1.820645 1.348953
v 1.398390 1.821479 0.297718
v 0.561564 1.789022 1.430807
v 1.491501 1.789458 0.370506
v 0.653644 1.748992 1.502844
v 1.575796 1.748958 0.453284
v 0.754325 1.700535 1.565192
v 1.651337 1.700002 0.545926
v 0.863367 1.643626 1.618169
v 1.718366 1.642612 0.648111
v 0.980348 1.578246 1.662285
v 1.777303 1.576810 0.759332
v 1.104682 1.504373 1.698226
v 1.828734 1.502616 0.878902
v 1.235628 1.421991 1.726844
v 1.873401 1.420045 1.005968
v 1.372304 1.331090 1.749138
v 1.912186 1.329110 1.139532
v 1.513709 1.231663 1.766237
v 1.946089 1.229816 1.278464
v 1.658743 1.123708 1.779376
v 1.976211 1.122165 1.421531
v 1.806228 1.007226 1.789871
v 2.003729 1.006155 1.567416
v 1.954943 0.882217 1.799099
v 2.029865 0.881790 1.714741
vn -0.3103 0.9125 -0.2665
vn -0.2672 0.9359 -0.2295
vn -0.2209 0.9567 -0.1897
vn -0.1719 0.9740 -0.1474
vn -0.1205 0.9874 -0.1029
vn -0.0673 0.9961 -0.0570
vn -0.0132 0.9999 -0.0101
vn 0.0410 0.9985 0.0371
vn 0.0945 0.9920 0.0837
vn 0.1466 0.9807 0.1292
vn 0.1966 0.9651 0.1728
vn 0.2438 0.9459 0.2142
vn 0.2880 0.9236 0.2530
vn 0.3289 0.8990 0.2890
vn 0.3665 0.8729 0.3221
vn 0.4007 0.8457 0.3523
vn 0.4318 0.8181 0.3798
vn 0.4598 0.7905 0.4046
vn 0.4850 0.7632 0.4270
vn 0.5077 0.7364 0.4472
vn 0.5280 0.7104 0.4653
vn 0.5462 0.6853 0.4816
vt 0.020000 0.000000
vt 0.020000 0.045455
vt 0.980000 0.045455
vt 0.980000 0.000000
vt 0.020000 0.090909
vt 0.980000 0.090909
vt 0.020000 0.136364
vt 0.980000 0.136364
vt 0.020000 0.181818
vt 0.980000 0.181818
vt 0.020000 0.227273
vt 0.980000 0.227273
vt 0.020000 0.272727
vt 0.980000 0.272727
vt 0.020000 0.318182
vt 0.980000 0.318182
vt 0.020000 0.363636
vt 0.980000 0.363636
vt 0.020000 0.409091
vt 0.980000 0.409091
vt 0.020000 0.454545
vt 0.980000 0.454545
vt 0.020000 0.500000
vt 0.980000 0.500000
vt 0.020000 0.545455
vt 0.980000 0.545455
vt 0.020000 0.590909
vt 0.980000 0.590909
vt 0.020000 0.636364
vt 0.980000 0.636364
vt 0.020000 0.681818
vt 0.980000 0.681818
vt 0.020000 0.727273
vt 0.980000 0.727273
vt 0.020000 0.772727
vt 0.980000 0.772727
vt 0.020000 0.818182
vt 0.980000 0.818182
vt 0.020000 0.863636
vt 0.980000 0.863636
vt 0.020000 0.909091
vt 0.980000 0.909091
vt 0.020000 0.954545
vt 0.980000 0.954545
vt 0.020000 1.000000
vt 0.980000 1.000000
s 0
usemtl FrondCardMat
f 1894/1901/961 1896/1902/961 1897/1903/961 1895/1904/961
f 1896/1902/962 1898/1905/962 1899/1906/962 1897/1903/962
f 1898/1905/963 1900/1907/963 1901/1908/963 1899/1906/963
f 1900/1907/964 1902/1909/964 1903/1910/964 1901/1908/964
f 1902/1909/965 1904/1911/965 1905/1912/965 1903/1910/965
f 1904/1911/966 1906/1913/966 1907/1914/966 1905/1912/966
f 1906/1913/967 1908/1915/967 1909/1916/967 1907/1914/967
f 1908/1915/968 1910/1917/968 1911/1918/968 1909/1916/968
f 1910/1917/969 1912/1919/969 1913/1920/969 1911/1918/969
f 1912/1919/970 1914/1921/970 1915/1922/970 1913/1920/970
f 1914/1921/971 1916/1923/971 1917/1924/971 1915/1922/971
f 1916/1923/972 1918/1925/972 1919/1926/972 1917/1924/972
f 1918/1925/973 1920/1927/973 1921/1928/973 1919/1926/973
f 1920/1927/974 1922/1929/974 1923/1930/974 1921/1928/974
f 1922/1929/975 1924/1931/975 1925/1932/975 1923/1930/975
f 1924/1931/976 1926/1933/976 1927/1934/976 1925/1932/976
f 1926/1933/977 1928/1935/977 1929/1936/977 1927/1934/977
f 1928/1935/978 1930/1937/978 1931/1938/978 1929/1936/978
f 1930/1937/979 1932/1939/979 1933/1940/979 1931/1938/979
f 1932/1939/980 1934/1941/980 1935/1942/980 1933/1940/980
f 1934/1941/981 1936/1943/981 1937/1944/981 1935/1942/981
f 1936/1943/982 1938/1945/982 1939/1946/982 1937/1944/982
o FrondCard_039
v 0.083854 1.726082 0.009478
v 0.018709 1.726082 -0.079593
v 0.233099 1.773971 0.012199
v 0.061822 1.774192 -0.223002
v 0.380842 1.813251 0.014420
v 0.107046 1.814207 -0.364987
v 0.526090 1.844046 0.014629
v 0.155374 1.846007 -0.504035
v 0.667848 1.866450 0.011408
v 0.207801 1.869494 -0.638729
v 0.805233 1.880567 0.003393
v 0.265210 1.884566 -0.767704
v 0.937491 1.886493 -0.010695
v 0.328357 1.891128 -0.889682
v 1.064008 1.884304 -0.032023
v 0.397853 1.889102 -1.003495
v 1.184319 1.874046 -0.061617
v 0.474164 1.878444 -1.108119
v 1.298107 1.855730 -0.100331
v 0.557608 1.859141 -1.202697
v 1.405195 1.829332 -0.148825
v 0.648361 1.831219 -1.286571
v 1.505543 1.794793 -0.207543
v 0.746464 1.794736 -1.359296
v 1.599236 1.752031 -0.276699
v 0.851831 1.749774 -1.420660
v 1.686482 1.700949 -0.356268
v 0.964253 1.696428 -1.470685
v 1.767603 1.641447 -0.445989
v 1.083409 1.634802 -1.509634
v 1.843029 1.573428 -0.545369
v 1.208871 1.564991 -1.537999
v 1.913290 1.496806 -0.653694
v 1.340106 1.487081 -1.556495
v 1.979010 1.411513 -0.770048
v 1.476492 1.401139 -1.566038
v 2.040898 1.317504 -0.893332
v 1.617319 1.307212 -1.567725
v 2.099735 1.214750 -1.022292
v 1.761806 1.205327 -1.562813
v 2.156365 1.103248 -1.155545
v 1.909109 1.095489 -1.552683
v 2.211677 0.983013 -1.291606
v 2.058340 0.977682 -1.538820
v 2.266625 0.854033 -1.428947
v 2.208544 0.851917 -1.522754
vn -0.3016 0.9276 0.2205
vn -0.2549 0.9488 0.1864
vn -0.2050 0.9672 0.1502
vn -0.1522 0.9819 0.1124
vn -0.0972 0.9926 0.0733
vn -0.0405 0.9986 0.0334
vn 0.0170 0.9998 -0.0066
vn 0.0744 0.9962 -0.0462
vn 0.1310 0.9877 -0.0849
vn 0.1860 0.9749 -0.1220
vn 0.2388 0.9583 -0.1573
vn 0.2887 0.9383 -0.1904
vn 0.3355 0.9158 -0.2211
vn 0.3789 0.8912 -0.2492
vn 0.4189 0.8654 -0.2749
vn 0.4556 0.8388 -0.2982
vn 0.4890 0.8118 -0.3192
vn 0.5193 0.7849 -0.3381
vn 0.5467 0.7584 -0.3550
vn 0.5715 0.7324 -0.3701
vn 0.5939 0.7072 -0.3836
vn 0.6141 0.6829 -0.3956
vt 0.020000 0.000000
vt 0.020000 0.045455
vt 0.980000 0.045455
vt 0.980000 0.000000
vt 0.020000 0.090909
vt 0.980000 0.090909
vt 0.020000 0.136364
vt 0.980000 0.136364
vt 0.020000 0.181818
vt 0.980000 0.181818
vt 0.020000 0.227273
vt 0.980000 0.227273
vt 0.020000 0.272727
vt 0.980000 0.272727
vt 0.020000 0.318182
vt 0.980000 0.318182
vt 0.020000 0.363636
vt 0.980000 0.363636
vt 0.020000 0.409091
vt 0.980000 0.409091
vt 0.020000 0.454545
vt 0.980000 0.454545
vt 0.020000 0.500000
vt 0.980000 0.500000
vt 0.020000 0.545455
vt 0.980000 0.545455
vt 0.020000 0.590909
vt 0.980000 0.590909
vt 0.020000 0.636364
vt 0.980000 0.636364
vt 0.020000 0.681818
vt 0.980000 0.681818
vt 0.020000 0.727273
vt 0.980000 0.727273
vt 0.020000 0.772727
vt 0.980000 0.772727
vt 0.020000 0.818182
vt 0.980000 0.818182
vt 0.020000 0.863636
vt 0.980000 0.863636
vt 0.020000 0.909091
vt 0.980000 0.909091
vt 0.020000 0.954545
vt 0.980000 0.954545
vt 0.020000 1.000000
vt 0.980000 1.000000
s 0
usemtl FrondCardMat
f 1940/1947/983 1942/1948/983 1943/1949/983 1941/1950/983
f 1942/1948/984 1944/1951/984 1945/1952/984 1943/1949/984
f 1944/1951/985 1946/1953/985 1947/1954/985 1945/1952/985
f 1946/1953/986 1948/1955/986 1949/1956/986 1947/1954/986
f 1948/1955/987 1950/1957/987 1951/1958/987 1949/1956/987
f 1950/1957/988 1952/1959/988 1953/1960/988 1951/1958/988
f 1952/1959/989 1954/1961/989 1955/1962/989 1953/1960/989
f 1954/1961/990 1956/1963/990 1957/1964/990 1955/1962/990
f 1956/1963/991 1958/1965/991 1959/1966/991 1957/1964/991
f 1958/1965/992 1960/1967/992 1961/1968/992 1959/1966/992
f 1960/1967/993 1962/1969/993 1963/1970/993 1961/1968/993
f 1962/1969/994 1964/1971/994 1965/1972/994 1963/1970/994
f 1964/1971/995 1966/1973/995 1967/1974/995 1965/1972/995
f 1966/1973/996 1968/1975/996 1969/1976/996 1967/1974/996
f 1968/1975/997 1970/1977/997 1971/1978/997 1969/1976/997
f 1970/1977/998 1972/1979/998 1973/1980/998 1971/1978/998
f 1972/1979/999 1974/1981/999 1975/1982/999 1973/1980/999
f 1974/1981/1000 1976/1983/1000 1977/1984/1000 1975/1982/1000
f 1976/1983/1001 1978/1985/1001 1979/1986/1001 1977/1984/1001
f 1978/1985/1002 1980/1987/1002 1981/1988/1002 1979/1986/1002
f 1980/1987/1003 1982/1989/1003 1983/1990/1003 1981/1988/1003
f 1982/1989/1004 1984/1991/1004 1985/1992/1004 1983/1990/1004
o FrondCard_040
v 0.079399 1.741455 0.049260
v 0.043956 1.741455 -0.069061
v 0.247644 1.791565 0.104373
v 0.154188 1.791562 -0.207592
v 0.415308 1.833121 0.157505
v 0.264998 1.833111 -0.344155
v 0.581809 1.866122 0.206725
v 0.376966 1.866102 -0.476821
v 0.746594 1.890567 0.250183
v 0.490647 1.890536 -0.603738
v 0.909141 1.906455 0.286144
v 0.606562 1.906414 -0.723171
v 1.068974 1.913785 0.313027
v 0.725186 1.913737 -0.833540
v 1.225674 1.912557 0.329435
v 0.846939 1.912507 -0.933448
v 1.378883 1.902769 0.334184
v 0.972179 1.902722 -1.021710
v 1.528315 1.884422 0.326329
v 1.101192 1.884384 -1.097382
v 1.673760 1.857516 0.305180
v 1.234188 1.857493 -1.159773
v 1.815090 1.822051 0.270316
v 1.371295 1.822047 -1.208464
v 1.952261 1.778028 0.221599
v 1.512557 1.778046 -1.243314
v 2.085313 1.725448 0.159169
v 1.657934 1.725490 -1.264465
v 2.214370 1.664312 0.083448
v 1.807302 1.664377 -1.272338
v 2.339639 1.594621 -0.004876
v 1.960454 1.594706 -1.267623
v 2.461402 1.516376 -0.104852
v 2.117108 1.516476 -1.251268
v 2.580014 1.429578 -0.215299
v 2.276907 1.429687 -1.224456
v 2.695896 1.334227 -0.334819
v 2.439434 1.334337 -1.188586
v 2.809521 1.230325 -0.461830
v 2.604213 1.230427 -1.145237
v 2.921411 1.117870 -0.594598
v 2.770724 1.117956 -1.096145
v 3.032122 0.996864 -0.731273
v 2.938409 0.996923 -1.043160
v 3.142234 0.867306 -0.869923
v 3.106690 0.867330 -0.988213
vn -0.3122 0.9454 0.0935
vn -0.2633 0.9615 0.0789
vn -0.2121 0.9752 0.0635
vn -0.1588 0.9862 0.0476
vn -0.1041 0.9941 0.0312
vn -0.0482 0.9987 0.0144
vn 0.0081 1.0000 -0.0025
vn 0.0643 0.9977 -0.0193
vn 0.1199 0.9921 -0.0360
vn 0.1743 0.9833 -0.0523
vn 0.2270 0.9715 -0.0681
vn 0.2776 0.9571 -0.0833
vn 0.3257 0.9404 -0.0978
vn 0.3713 0.9218 -0.1114
vn 0.4140 0.9017 -0.1243
vn 0.4540 0.8805 -0.1363
vn 0.4910 0.8586 -0.1474
vn 0.5253 0.8361 -0.1577
vn 0.5570 0.8135 -0.1672
vn 0.5861 0.7909 -0.1760
vn 0.6128 0.7685 -0.1840
vn 0.6373 0.7465 -0.1914
vt 0.020000 0.000000
vt 0.020000 0.045455
vt 0.980000 0.045455
vt 0.980000 0.000000
vt 0.020000 0.090909
vt 0.980000 0.090909
vt 0.020000 0.136364
vt 0.980000 0.136364
vt 0.020000 0.181818
vt 0.980000 0.181818
vt 0.020000 0.227273
vt 0.980000 0.227273
vt 0.020000 0.272727
vt 0.980000 0.272727
vt 0.020000 0.318182
vt 0.980000 0.318182
vt 0.020000 0.363636
vt 0.980000 0.363636
vt 0.020000 0.409091
vt 0.980000 0.409091
vt 0.020000 0.454545
vt 0.980000 0.454545
vt 0.020000 0.500000
vt 0.980000 0.500000
vt 0.020000 0.545455
vt 0.980000 0.545455
vt 0.020000 0.590909
vt 0.980000 0.590909
vt 0.020000 0.636364
vt 0.980000 0.636364
vt 0.020000 0.681818
vt 0.980000 0.681818
vt 0.020000 0.727273
vt 0.980000 0.727273
vt 0.020000 0.772727
vt 0.980000 0.772727
vt 0.020000 0.818182
vt 0.980000 0.818182
vt 0.020000 0.863636
vt 0.980000 0.863636
vt 0.020000 0.909091
vt 0.980000 0.909091
vt 0.020000 0.954545
vt 0.980000 0.954545
vt 0.020000 1.000000
vt 0.980000 1.000000
s 0
usemtl FrondCardMat
f 1986/1993/1005 1988/1994/1005 1989/1995/1005 1987/1996/1005
f 1988/1994/1006 1990/1997/1006 1991/1998/1006 1989/1995/1006
f 1990/1997/1007 1992/1999/1007 1993/2000/1007 1991/1998/1007
f 1992/1999/1008 1994/2001/1008 1995/2002/1008 1993/2000/1008
f 1994/2001/1009 1996/2003/1009 1997/2004/1009 1995/2002/1009
f 1996/2003/1010 1998/2005/1010 1999/2006/1010 1997/2004/1010
f 1998/2005/1011 2000/2007/1011 2001/2008/1011 1999/2006/1011
f 2000/2007/1012 2002/2009/1012 2003/2010/1012 2001/2008/1012
f 2002/2009/1013 2004/2011/1013 2005/2012/1013 2003/2010/1013
f 2004/2011/1014 2006/2013/1014 2007/2014/1014 2005/2012/1014
f 2006/2013/1015 2008/2015/1015 2009/2016/1015 2007/2014/1015
f 2008/2015/1016 2010/2017/1016 2011/2018/1016 2009/2016/1016
f 2010/2017/1017 2012/2019/1017 2013/2020/1017 2011/2018/1017
f 2012/2019/1018 2014/2021/1018 2015/2022/1018 2013/2020/1018
f 2014/2021/1019 2016/2023/1019 2017/2024/1019 2015/2022/1019
f 2016/2023/1020 2018/2025/1020 2019/2026/1020 2017/2024/1020
f 2018/2025/1021 2020/2027/1021 2021/2028/1021 2019/2026/1021
f 2020/2027/1022 2022/2029/1022 2023/2030/1022 2021/2028/1022
f 2022/2029/1023 2024/2031/1023 2025/2032/1023 2023/2030/1023
f 2024/2031/1024 2026/2033/1024 2027/2034/1024 2025/2032/1024
f 2026/2033/1025 2028/2035/1025 2029/2036/1025 2027/2034/1025
f 2028/2035/1026 2030/2037/1026 2031/2038/1026 2029/2036/1026
o FrondCard_041
v -0.151597 1.690661 -0.131677
v -0.192488 1.690661 -0.023707
v -0.259807 1.754308 -0.273684
v -0.367102 1.754093 0.011189
v -0.369663 1.808383 -0.413584
v -0.540462 1.807438 0.045169
v -0.481757 1.852779 -0.549580
v -0.711978 1.850803 0.076438
v -0.596703 1.887413 -0.679968
v -0.881034 1.884272 0.103292
v -0.715031 1.912193 -0.803134
v -1.047102 1.907937 0.124118
v -0.837170 1.927030 -0.917590
v -1.209752 1.921886 0.137424
v -0.963446 1.931849 -1.021998
v -1.368658 1.926196 0.141876
v -1.094077 1.926595 -1.115207
v -1.523602 1.920920 0.136321
v -1.229179 1.911243 -1.196278
v -1.674468 1.906084 0.119821
v -1.368772 1.885798 -1.264504
v -1.821237 1.881683 0.091667
v -1.512791 1.850297 -1.319430
v -1.963973 1.847679 0.051407
v -1.661097 1.804801 -1.360866
v -2.102814 1.804012 -0.001150
v -1.813488 1.749389 -1.388893
v -2.237964 1.750602 -0.065925
v -1.969704 1.684154 -1.403858
v -2.369682 1.687359 -0.142568
v -2.129434 1.609184 -1.406375
v -2.498278 1.614190 -0.230467
v -2.292328 1.524567 -1.397303
v -2.624105 1.531011 -0.328762
v -2.457994 1.430374 -1.377736
v -2.747552 1.437750 -0.436360
v -2.626005 1.326662 -1.348971
v -2.869047 1.334349 -0.551963
v -2.795907 1.213469 -1.312488
v -2.989044 1.220772 -0.674093
v -2.967221 1.090811 -1.269912
v -3.108023 1.097000 -0.801122
v -3.139451 0.958685 -1.222983
v -3.226478 0.963038 -0.931311
v -3.312049 0.817116 -1.173506
v -3.344959 0.818862 -1.062856
vn 0.3623 0.9219 0.1372
vn 0.3131 0.9423 0.1185
vn 0.2606 0.9604 0.0989
vn 0.2053 0.9755 0.0785
vn 0.1475 0.9874 0.0574
vn 0.0879 0.9955 0.0360
vn 0.0270 0.9995 0.0143
vn -0.0344 0.9994 -0.0072
vn -0.0954 0.9950 -0.0283
vn -0.1553 0.9867 -0.0488
vn -0.2135 0.9745 -0.0683
vn -0.2694 0.9591 -0.0869
vn -0.3224 0.9408 -0.1043
vn -0.3723 0.9203 -0.1204
vn -0.4189 0.8979 -0.1352
vn -0.4621 0.8743 -0.1487
vn -0.5020 0.8498 -0.1610
vn -0.5385 0.8249 -0.1721
vn -0.5719 0.7999 -0.1821
vn -0.6023 0.7750 -0.1911
vn -0.6300 0.7506 -0.1992
vn -0.6552 0.7267 -0.2063
vt 0.020000 0.000000
vt 0.020000 0.045455
vt 0.980000 0.045455
vt 0.980000 0.000000
vt 0.020000 0.090909
vt 0.980000 0.090909
vt 0.020000 0.136364
vt 0.980000 0.136364
vt 0.020000 0.181818
vt 0.980000 0.181818
vt 0.020000 0.227273
vt 0.980000 0.227273
vt 0.020000 0.272727
vt 0.980000 0.272727
vt 0.020000 0.318182
vt 0.980000 0.318182
vt 0.020000 0.363636
vt 0.980000 0.363636
vt 0.020000 0.409091
vt 0.980000 0.409091
vt 0.020000 0.454545
vt 0.980000 0.454545
vt 0.020000 0.500000
vt 0.980000 0.500000
vt 0.020000 0.545455
vt 0.980000 0.545455
vt 0.020000 0.590909
vt 0.980000 0.590909
vt 0.020000 0.636364
vt 0.980000 0.636364
vt 0.020000 0.681818
vt 0.980000 0.681818
vt 0.020000 0.727273
vt 0.980000 0.727273
vt 0.020000 0.772727
vt 0.980000 0.772727
vt 0.020000 0.818182
vt 0.980000 0.818182
vt 0.020000 0.863636
vt 0.980000 0.863636
vt 0.020000 0.909091
vt 0.980000 0.909091
vt 0.020000 0.954545
vt 0.980000 0.954545
vt 0.020000 1.000000
vt 0.980000 1.000000
s 0
usemtl FrondCardMat
f 2032/2039/1027 2034/2040/1027 2035/2041/1027 2033/2042/1027
f 2034/2040/1028 2036/2043/1028 2037/2044/1028 2035/2041/1028
f 2036/2043/1029 2038/2045/1029 2039/2046/1029 2037/2044/1029
f 2038/2045/1030 2040/2047/1030 2041/2048/1030 2039/2046/1030
f 2040/2047/1031 2042/2049/1031 2043/2050/1031 2041/2048/1031
f 2042/2049/1032 2044/2051/1032 2045/2052/1032 2043/2050/1032
f 2044/2051/1033 2046/2053/1033 2047/2054/1033 2045/2052/1033
f 2046/2053/1034 2048/2055/1034 2049/2056/1034 2047/2054/1034
f 2048/2055/1035 2050/2057/1035 2051/2058/1035 2049/2056/1035
f 2050/2057/1036 2052/2059/1036 2053/2060/1036 2051/2058/1036
f 2052/2059/1037 2054/2061/1037 2055/2062/1037 2053/2060/1037
f 2054/2061/1038 2056/2063/1038 2057/2064/1038 2055/2062/1038
f 2056/2063/1039 2058/2065/1039 2059/2066/1039 2057/2064/1039
f 2058/2065/1040 2060/2067/1040 2061/2068/1040 2059/2066/1040
f 2060/2067/1041 2062/2069/1041 2063/2070/1041 2061/2068/1041
f 2062/2069/1042 2064/2071/1042 2065/2072/1042 2063/2070/1042
f 2064/2071/1043 2066/2073/1043 2067/2074/1043 2065/2072/1043
f 2066/2073/1044 2068/2075/1044 2069/2076/1044 2067/2074/1044
f 2068/2075/1045 2070/2077/1045 2071/2078/1045 2069/2076/1045
f 2070/2077/1046 2072/2079/1046 2073/2080/1046 2071/2078/1046
f 2072/2079/1047 2074/2081/1047 2075/2082/1047 2073/2080/1047
f 2074/2081/1048 2076/2083/1048 2077/2084/1048 2075/2082/1048
