# Blender 5.1.1
# www.blender.org
mtllib calathea.mtl
o Pot
v 0.500000 0.000000 0.000000
v 0.353553 0.000000 -0.353553
v 0.000000 0.000000 -0.500000
v -0.353553 0.000000 -0.353553
v -0.500000 0.000000 -0.000000
v -0.353553 0.000000 0.353553
v -0.000000 0.000000 0.500000
v 0.353553 0.000000 0.353553
v 0.580000 0.100000 0.000000
v 0.410122 0.100000 -0.410122
v 0.000000 0.100000 -0.580000
v -0.410122 0.100000 -0.410122
v -0.580000 0.100000 -0.000000
v -0.410122 0.100000 0.410122
v -0.000000 0.100000 0.580000
v 0.410122 0.100000 0.410122
v 0.700000 0.350000 0.000000
v 0.494975 0.350000 -0.494975
v 0.000000 0.350000 -0.700000
v -0.494975 0.350000 -0.494975
v -0.700000 0.350000 -0.000000
v -0.494975 0.350000 0.494975
v -0.000000 0.350000 0.700000
v 0.494975 0.350000 0.494975
v 0.780000 0.650000 0.000000
v 0.551543 0.650000 -0.551543
v 0.000000 0.650000 -0.780000
v -0.551543 0.650000 -0.551543
v -0.780000 0.650000 -0.000000
v -0.551543 0.650000 0.551543
v -0.000000 0.650000 0.780000
v 0.551543 0.650000 0.551543
v 0.820000 0.920000 0.000000
v 0.579828 0.920000 -0.579828
v 0.000000 0.920000 -0.820000
v -0.579828 0.920000 -0.579828
v -0.820000 0.920000 -0.000000
v -0.579828 0.920000 0.579828
v -0.000000 0.920000 0.820000
v 0.579828 0.920000 0.579828
v 0.830000 1.100000 0.000000
v 0.586899 1.100000 -0.586899
v 0.000000 1.100000 -0.830000
v -0.586899 1.100000 -0.586899
v -0.830000 1.100000 -0.000000
v -0.586899 1.100000 0.586899
v -0.000000 1.100000 0.830000
v 0.586899 1.100000 0.586899
v 0.800000 1.250000 0.000000
v 0.565685 1.250000 -0.565685
v 0.000000 1.250000 -0.800000
v -0.565685 1.250000 -0.565685
v -0.800000 1.250000 -0.000000
v -0.565685 1.250000 0.565685
v -0.000000 1.250000 0.800000
v 0.565685 1.250000 0.565685
v 0.740000 1.250000 0.000000
v 0.523259 1.250000 -0.523259
v 0.000000 1.250000 -0.740000
v -0.523259 1.250000 -0.523259
v -0.740000 1.250000 -0.000000
v -0.523259 1.250000 0.523259
v -0.000000 1.250000 0.740000
v 0.523259 1.250000 0.523259
v 0.700000 1.200000 0.000000
v 0.494975 1.200000 -0.494975
v 0.000000 1.200000 -0.700000
v -0.494975 1.200000 -0.494975
v -0.700000 1.200000 -0.000000
v -0.494975 1.200000 0.494975
v -0.000000 1.200000 0.700000
v 0.494975 1.200000 0.494975
v 0.620000 0.850000 0.000000
v 0.438406 0.850000 -0.438406
v 0.000000 0.850000 -0.620000
v -0.438406 0.850000 -0.438406
v -0.620000 0.850000 -0.000000
v -0.438406 0.850000 0.438406
v -0.000000 0.850000 0.620000
v 0.438406 0.850000 0.438406
v 0.500000 0.400000 0.000000
v 0.353553 0.400000 -0.353553
v 0.000000 0.400000 -0.500000
v -0.353553 0.400000 -0.353553
v -0.500000 0.400000 -0.000000
v -0.353553 0.400000 0.353553
v -0.000000 0.400000 0.500000
v 0.353553 0.400000 0.353553
v 0.400000 0.200000 0.000000
v 0.282843 0.200000 -0.282843
v 0.000000 0.200000 -0.400000
v -0.282843 0.200000 -0.282843
v -0.400000 0.200000 -0.000000
v -0.282843 0.200000 0.282843
v -0.000000 0.200000 0.400000
v 0.282843 0.200000 0.282843
v 0.400000 0.100000 0.000000
v 0.282843 0.100000 -0.282843
v 0.000000 0.100000 -0.400000
v -0.282843 0.100000 -0.282843
v -0.400000 0.100000 -0.000000
v -0.282843 0.100000 0.282843
v -0.000000 0.100000 0.400000
v 0.282843 0.100000 0.282843
vn 0.7430 -0.5944 -0.3077
vn 0.3077 -0.5944 -0.7430
vn -0.3077 -0.5944 -0.7430
vn -0.7430 -0.5944 -0.3077
vn -0.7430 -0.5944 0.3077
vn -0.3077 -0.5944 0.7430
vn 0.3077 -0.5944 0.7430
vn 0.7430 -0.5944 0.3077
vn 0.8446 -0.4054 -0.3498
vn 0.3498 -0.4054 -0.8446
vn -0.3498 -0.4054 -0.8446
vn -0.8446 -0.4054 -0.3498
vn -0.8446 -0.4054 0.3498
vn -0.3498 -0.4054 0.8446
vn 0.3498 -0.4054 0.8446
vn 0.8446 -0.4054 0.3498
vn 0.8971 -0.2392 -0.3716
vn 0.3716 -0.2392 -0.8971
vn -0.3716 -0.2392 -0.8971
vn -0.8971 -0.2392 -0.3716
vn -0.8971 -0.2392 0.3716
vn -0.3716 -0.2392 0.8971
vn 0.3716 -0.2392 0.8971
vn 0.8971 -0.2392 0.3716
vn 0.9153 -0.1356 -0.3791
vn 0.3791 -0.1356 -0.9153
vn -0.3791 -0.1356 -0.9153
vn -0.9153 -0.1356 -0.3791
vn -0.9153 -0.1356 0.3791
vn -0.3791 -0.1356 0.9153
vn 0.3791 -0.1356 0.9153
vn 0.9153 -0.1356 0.3791
vn 0.9227 -0.0513 -0.3822
vn 0.3822 -0.0513 -0.9227
vn -0.3822 -0.0513 -0.9227
vn -0.9227 -0.0513 -0.3822
vn -0.9227 -0.0513 0.3822
vn -0.3822 -0.0513 0.9227
vn 0.3822 -0.0513 0.9227
vn 0.9227 -0.0513 0.3822
vn 0.9085 0.1817 -0.3763
vn 0.3763 0.1817 -0.9085
vn -0.3763 0.1817 -0.9085
vn -0.9085 0.1817 -0.3763
vn -0.9085 0.1817 0.3763
vn -0.3763 0.1817 0.9085
vn 0.3763 0.1817 0.9085
vn 0.9085 0.1817 0.3763
vn -0.0000 -1.0000 -0.0000
vn -0.0000 1.0000 -0.0000
vn -0.7430 0.5944 0.3077
vn -0.3077 0.5944 0.7430
vn 0.3077 0.5944 0.7430
vn 0.7430 0.5944 0.3077
vn 0.7430 0.5944 -0.3077
vn 0.3077 0.5944 -0.7430
vn -0.3077 0.5944 -0.7430
vn -0.7430 0.5944 -0.3077
vn -0.9039 0.2066 0.3744
vn -0.3744 0.2066 0.9039
vn 0.3744 0.2066 0.9039
vn 0.9039 0.2066 0.3744
vn 0.9039 0.2066 -0.3744
vn 0.3744 0.2066 -0.9039
vn -0.3744 0.2066 -0.9039
vn -0.9039 0.2066 -0.3744
vn -0.8971 0.2392 0.3716
vn -0.3716 0.2392 0.8971
vn 0.3716 0.2392 0.8971
vn 0.8971 0.2392 0.3716
vn 0.8971 0.2392 -0.3716
vn 0.3716 0.2392 -0.8971
vn -0.3716 0.2392 -0.8971
vn -0.8971 0.2392 -0.3716
vn -0.8387 0.4194 0.3474
vn -0.3474 0.4194 0.8387
vn 0.3474 0.4194 0.8387
vn 0.8387 0.4194 0.3474
vn 0.8387 0.4194 -0.3474
vn 0.3474 0.4194 -0.8387
vn -0.3474 0.4194 -0.8387
vn -0.8387 0.4194 -0.3474
vn -0.9239 -0.0000 0.3827
vn -0.3827 -0.0000 0.9239
vn 0.3827 -0.0000 0.9239
vn 0.9239 -0.0000 0.3827
vn 0.9239 -0.0000 -0.3827
vn 0.3827 -0.0000 -0.9239
vn -0.3827 -0.0000 -0.9239
vn -0.9239 -0.0000 -0.3827
vt 0.000000 0.000000
vt 0.707107 0.000000
vt 0.820244 0.200000
vt 0.000000 0.200000
vt 0.000000 0.000000
vt 0.000000 0.200000
vt -0.707107 0.000000
vt -0.820244 0.200000
vt 0.000000 0.000000
vt 0.000000 0.200000
vt -0.000000 0.000000
vt -0.000000 0.200000
vt 0.989949 0.700000
vt 0.000000 0.700000
vt 0.000000 0.700000
vt -0.989949 0.700000
vt 0.000000 0.700000
vt -0.000000 0.700000
vt 1.103087 1.300000
vt 0.000000 1.300000
vt 0.000000 1.300000
vt -1.103087 1.300000
vt 0.000000 1.300000
vt -0.000000 1.300000
vt 1.159655 1.840000
vt 0.000000 1.840000
vt 0.000000 1.840000
vt -1.159655 1.840000
vt 0.000000 1.840000
vt -0.000000 1.840000
vt 1.173797 2.200000
vt 0.000000 2.200000
vt 0.000000 2.200000
vt -1.173797 2.200000
vt 0.000000 2.200000
vt -0.000000 2.200000
vt 1.131371 2.500000
vt 0.000000 2.500000
vt 0.000000 2.500000
vt -1.131371 2.500000
vt 0.000000 2.500000
vt -0.000000 2.500000
vt 0.707107 -0.707107
vt -0.000000 -1.000000
vt -0.707107 -0.707107
vt -1.000000 0.000000
vt -0.707107 0.707107
vt 0.000000 1.000000
vt 0.707107 0.707107
vt 1.000000 0.000000
vt 1.600000 0.000000
vt 1.131371 1.131371
vt 1.046518 1.046518
vt 1.480000 0.000000
vt 0.000000 1.600000
vt 0.000000 1.480000
vt -1.131371 1.131371
vt -1.046518 1.046518
vt -1.600000 0.000000
vt -1.480000 0.000000
vt -1.131371 -1.131371
vt -1.046518 -1.046518
vt -0.000000 -1.600000
vt -0.000000 -1.480000
vt 1.131371 -1.131371
vt 1.046518 -1.046518
vt 1.046518 2.500000
vt 0.989949 2.400000
vt 0.000000 2.400000
vt 0.000000 2.500000
vt 0.000000 2.400000
vt -1.046518 2.500000
vt -0.989949 2.400000
vt 0.000000 2.500000
vt 0.000000 2.400000
vt -0.000000 2.500000
vt -0.000000 2.400000
vt 0.876812 1.700000
vt 0.000000 1.700000
vt 0.000000 1.700000
vt -0.876812 1.700000
vt 0.000000 1.700000
vt -0.000000 1.700000
vt 0.707107 0.800000
vt 0.000000 0.800000
vt 0.000000 0.800000
vt -0.707107 0.800000
vt 0.000000 0.800000
vt -0.000000 0.800000
vt 0.565685 0.400000
vt 0.000000 0.400000
vt 0.000000 0.400000
vt -0.565685 0.400000
vt 0.000000 0.400000
vt -0.000000 0.400000
vt 0.565685 0.200000
vt 0.000000 0.200000
vt -0.565685 0.200000
vt 0.000000 0.200000
vt -0.000000 0.200000
vt 0.800000 0.000000
vt 0.565685 0.565685
vt 0.000000 0.800000
vt -0.565685 0.565685
vt -0.800000 0.000000
vt -0.565685 -0.565685
vt -0.000000 -0.800000
vt 0.565685 -0.565685
s 0
usemtl PotMat
f 1/1/1 2/2/1 10/3/1 9/4/1
f 2/2/2 3/5/2 11/6/2 10/3/2
f 3/5/3 4/7/3 12/8/3 11/6/3
f 4/2/4 5/9/4 13/10/4 12/3/4
f 5/9/5 6/7/5 14/8/5 13/10/5
f 6/7/6 7/11/6 15/12/6 14/8/6
f 7/11/7 8/2/7 16/3/7 15/12/7
f 8/7/8 1/1/8 9/4/8 16/8/8
f 9/4/9 10/3/9 18/13/9 17/14/9
f 10/3/10 11/6/10 19/15/10 18/13/10
f 11/6/11 12/8/11 20/16/11 19/15/11
f 12/3/12 13/10/12 21/17/12 20/13/12
f 13/10/13 14/8/13 22/16/13 21/17/13
f 14/8/14 15/12/14 23/18/14 22/16/14
f 15/12/15 16/3/15 24/13/15 23/18/15
f 16/8/16 9/4/16 17/14/16 24/16/16
f 17/14/17 18/13/17 26/19/17 25/20/17
f 18/13/18 19/15/18 27/21/18 26/19/18
f 19/15/19 20/16/19 28/22/19 27/21/19
f 20/13/20 21/17/20 29/23/20 28/19/20
f 21/17/21 22/16/21 30/22/21 29/23/21
f 22/16/22 23/18/22 31/24/22 30/22/22
f 23/18/23 24/13/23 32/19/23 31/24/23
f 24/16/24 17/14/24 25/20/24 32/22/24
f 25/20/25 26/19/25 34/25/25 33/26/25
f 26/19/26 27/21/26 35/27/26 34/25/26
f 27/21/27 28/22/27 36/28/27 35/27/27
f 28/19/28 29/23/28 37/29/28 36/25/28
f 29/23/29 30/22/29 38/28/29 37/29/29
f 30/22/30 31/24/30 39/30/30 38/28/30
f 31/24/31 32/19/31 40/25/31 39/30/31
f 32/22/32 25/20/32 33/26/32 40/28/32
f 33/26/33 34/25/33 42/31/33 41/32/33
f 34/25/34 35/27/34 43/33/34 42/31/34
f 35/27/35 36/28/35 44/34/35 43/33/35
f 36/25/36 37/29/36 45/35/36 44/31/36
f 37/29/37 38/28/37 46/34/37 45/35/37
f 38/28/38 39/30/38 47/36/38 46/34/38
f 39/30/39 40/25/39 48/31/39 47/36/39
f 40/28/40 33/26/40 41/32/40 48/34/40
f 41/32/41 42/31/41 50/37/41 49/38/41
f 42/31/42 43/33/42 51/39/42 50/37/42
f 43/33/43 44/34/43 52/40/43 51/39/43
f 44/31/44 45/35/44 53/41/44 52/37/44
f 45/35/45 46/34/45 54/40/45 53/41/45
f 46/34/46 47/36/46 55/42/46 54/40/46
f 47/36/47 48/31/47 56/37/47 55/42/47
f 48/34/48 41/32/48 49/38/48 56/40/48
f 8/43/49 7/44/49 6/45/49 5/46/49 4/47/49 3/48/49 2/49/49 1/50/49
f 49/51/50 50/52/50 58/53/50 57/54/50
f 50/52/50 51/55/50 59/56/50 58/53/50
f 51/55/50 52/57/50 60/58/50 59/56/50
f 52/57/50 53/59/50 61/60/50 60/58/50
f 53/59/50 54/61/50 62/62/50 61/60/50
f 54/61/50 55/63/50 63/64/50 62/62/50
f 55/63/50 56/65/50 64/66/50 63/64/50
f 56/65/50 49/51/50 57/54/50 64/66/50
f 58/67/51 66/68/51 65/69/51 57/38/51
f 59/70/52 67/71/52 66/68/52 58/67/52
f 60/72/53 68/73/53 67/71/53 59/70/53
f 61/74/54 69/75/54 68/68/54 60/67/54
f 62/72/55 70/73/55 69/75/55 61/74/55
f 63/76/56 71/77/56 70/73/56 62/72/56
f 64/67/57 72/68/57 71/77/57 63/76/57
f 57/38/58 65/69/58 72/73/58 64/72/58
f 66/68/59 74/78/59 73/79/59 65/69/59
f 67/71/60 75/80/60 74/78/60 66/68/60
f 68/73/61 76/81/61 75/80/61 67/71/61
f 69/75/62 77/82/62 76/78/62 68/68/62
f 70/73/63 78/81/63 77/82/63 69/75/63
f 71/77/64 79/83/64 78/81/64 70/73/64
f 72/68/65 80/78/65 79/83/65 71/77/65
f 65/69/66 73/79/66 80/81/66 72/73/66
f 74/78/67 82/84/67 81/85/67 73/79/67
f 75/80/68 83/86/68 82/84/68 74/78/68
f 76/81/69 84/87/69 83/86/69 75/80/69
f 77/82/70 85/88/70 84/84/70 76/78/70
f 78/81/71 86/87/71 85/88/71 77/82/71
f 79/83/72 87/89/72 86/87/72 78/81/72
f 80/78/73 88/84/73 87/89/73 79/83/73
f 73/79/74 81/85/74 88/87/74 80/81/74
f 82/84/75 90/90/75 89/91/75 81/85/75
f 83/86/76 91/92/76 90/90/76 82/84/76
f 84/87/77 92/93/77 91/92/77 83/86/77
f 85/88/78 93/94/78 92/90/78 84/84/78
f 86/87/79 94/93/79 93/94/79 85/88/79
f 87/89/80 95/95/80 94/93/80 86/87/80
f 88/84/81 96/90/81 95/95/81 87/89/81
f 81/85/82 89/91/82 96/93/82 88/87/82
f 90/90/83 98/96/83 97/4/83 89/91/83
f 91/92/84 99/97/84 98/96/84 90/90/84
f 92/93/85 100/98/85 99/97/85 91/92/85
f 93/94/86 101/99/86 100/96/86 92/90/86
f 94/93/87 102/98/87 101/99/87 93/94/87
f 95/95/88 103/100/88 102/98/88 94/93/88
f 96/90/89 104/96/89 103/100/89 95/95/89
f 89/91/90 97/4/90 104/98/90 96/93/90
f 97/101/50 98/102/50 99/103/50 100/104/50 101/105/50 102/106/50 103/107/50 104/108/50
o Soil
v 0.000000 1.190000 0.000000
v 0.320000 1.185000 0.000000
v 0.226274 1.175000 -0.226274
v 0.000000 1.185000 -0.320000
v -0.226274 1.175000 -0.226274
v -0.320000 1.185000 -0.000000
v -0.226274 1.175000 0.226274
v -0.000000 1.185000 0.320000
v 0.226274 1.175000 0.226274
v 0.609760 1.170000 -0.252571
v 0.252571 1.170000 -0.609760
v -0.252571 1.170000 -0.609760
v -0.609760 1.170000 -0.252571
v -0.609760 1.170000 0.252571
v -0.252571 1.170000 0.609760
v 0.252571 1.170000 0.609760
v 0.609760 1.170000 0.252571
vn 0.0156 0.9986 -0.0506
vn 0.0506 0.9986 -0.0156
vn -0.0506 0.9986 -0.0156
vn -0.0156 0.9986 -0.0506
vn -0.0156 0.9986 0.0506
vn -0.0506 0.9986 0.0156
vn 0.0506 0.9986 0.0156
vn 0.0156 0.9986 0.0506
vn 0.0113 0.9996 -0.0258
vn 0.0183 0.9992 -0.0358
vn -0.0258 0.9996 -0.0113
vn -0.0358 0.9992 -0.0183
vn -0.0113 0.9996 0.0258
vn -0.0183 0.9992 0.0358
vn 0.0258 0.9996 0.0113
vn 0.0358 0.9992 0.0183
vt 0.000000 0.000000
vt 0.960000 0.000000
vt 0.678823 0.678823
vt 0.000000 0.960000
vt -0.678823 0.678823
vt -0.960000 0.000000
vt -0.678823 -0.678823
vt -0.000000 -0.960000
vt 0.678823 -0.678823
vt 1.829281 0.757713
vt 0.757713 1.829281
vt -0.757713 1.829281
vt -1.829281 0.757713
vt -1.829281 -0.757713
vt -0.757713 -1.829281
vt 0.757713 -1.829281
vt 1.829281 -0.757713
s 0
usemtl SoilMat
f 105/109/91 106/110/91 107/111/91
f 105/109/92 107/111/92 108/112/92
f 105/109/93 108/112/93 109/113/93
f 105/109/94 109/113/94 110/114/94
f 105/109/95 110/114/95 111/115/95
f 105/109/96 111/115/96 112/116/96
f 105/109/97 112/116/97 113/117/97
f 105/109/98 113/117/98 106/110/98
f 106/110/99 114/118/99 115/119/99 107/111/99
f 107/111/100 115/119/100 116/120/100 108/112/100
f 108/112/101 116/120/101 117/121/101 109/113/101
f 109/113/102 117/121/102 118/122/102 110/114/102
f 110/114/103 118/122/103 119/123/103 111/115/103
f 111/115/104 119/123/104 120/124/104 112/116/104
f 112/116/105 120/124/105 121/125/105 113/117/105
f 113/117/106 121/125/106 114/118/106 106/110/106
o Saucer
v 0.860000 -0.060000 0.000000
v 0.608112 -0.060000 -0.608112
v 0.000000 -0.060000 -0.860000
v -0.608112 -0.060000 -0.608112
v -0.860000 -0.060000 -0.000000
v -0.608112 -0.060000 0.608112
v -0.000000 -0.060000 0.860000
v 0.608112 -0.060000 0.608112
v 0.900000 -0.020000 0.000000
v 0.636396 -0.020000 -0.636396
v 0.000000 -0.020000 -0.900000
v -0.636396 -0.020000 -0.636396
v -0.900000 -0.020000 -0.000000
v -0.636396 -0.020000 0.636396
v -0.000000 -0.020000 0.900000
v 0.636396 -0.020000 0.636396
v 0.860000 0.040000 0.000000
v 0.608112 0.040000 -0.608112
v 0.000000 0.040000 -0.860000
v -0.608112 0.040000 -0.608112
v -0.860000 0.040000 -0.000000
v -0.608112 0.040000 0.608112
v -0.000000 0.040000 0.860000
v 0.608112 0.040000 0.608112
vn 0.6786 -0.6786 -0.2811
vn 0.2811 -0.6786 -0.6786
vn -0.2811 -0.6786 -0.6786
vn -0.6786 -0.6786 -0.2811
vn -0.6786 -0.6786 0.2811
vn -0.2811 -0.6786 0.6786
vn 0.2811 -0.6786 0.6786
vn 0.6786 -0.6786 0.2811
vn 0.7866 0.5244 -0.3258
vn 0.3258 0.5244 -0.7866
vn -0.3258 0.5244 -0.7866
vn -0.7866 0.5244 -0.3258
vn -0.7866 0.5244 0.3258
vn -0.3258 0.5244 0.7866
vn 0.3258 0.5244 0.7866
vn 0.7866 0.5244 0.3258
vn -0.0000 -1.0000 -0.0000
vn -0.0000 1.0000 -0.0000
vt 0.000000 -0.180000
vt 1.824336 -0.180000
vt 1.909188 -0.060000
vt 0.000000 -0.060000
vt 0.000000 -0.180000
vt 0.000000 -0.060000
vt -1.824336 -0.180000
vt -1.909188 -0.060000
vt 0.000000 -0.180000
vt 0.000000 -0.060000
vt -0.000000 -0.180000
vt -0.000000 -0.060000
vt 1.824336 0.120000
vt 0.000000 0.120000
vt 0.000000 0.120000
vt -1.824336 0.120000
vt 0.000000 0.120000
vt -0.000000 0.120000
vt 1.824336 -1.824336
vt -0.000000 -2.580000
vt -1.824336 -1.824336
vt -2.580000 0.000000
vt -1.824336 1.824336
vt 0.000000 2.580000
vt 1.824336 1.824336
vt 2.580000 0.000000
s 0
usemtl SaucerMat
f 122/126/107 123/127/107 131/128/107 130/129/107
f 123/127/108 124/130/108 132/131/108 131/128/108
f 124/130/109 125/132/109 133/133/109 132/131/109
f 125/127/110 126/134/110 134/135/110 133/128/110
f 126/134/111 127/132/111 135/133/111 134/135/111
f 127/132/112 128/136/112 136/137/112 135/133/112
f 128/136/113 129/127/113 137/128/113 136/137/113
f 129/132/114 122/126/114 130/129/114 137/133/114
f 130/129/115 131/128/115 139/138/115 138/139/115
f 131/128/116 132/131/116 140/140/116 139/138/116
f 132/131/117 133/133/117 141/141/117 140/140/117
f 133/128/118 134/135/118 142/142/118 141/138/118
f 134/135/119 135/133/119 143/141/119 142/142/119
f 135/133/120 136/137/120 144/143/120 143/141/120
f 136/137/121 137/128/121 145/138/121 144/143/121
f 137/133/122 130/129/122 138/139/122 145/141/122
f 129/144/123 128/145/123 127/146/123 126/147/123 125/148/123 124/149/123 123/150/123 122/151/123
f 138/151/124 139/150/124 140/149/124 141/148/124 142/147/124 143/146/124 144/145/124 145/144/124
o PlantBase
v 0.100000 1.180000 0.000000
v 0.070711 1.180000 -0.070711
v 0.000000 1.180000 -0.100000
v -0.070711 1.180000 -0.070711
v -0.100000 1.180000 -0.000000
v -0.070711 1.180000 0.070711
v -0.000000 1.180000 0.100000
v 0.070711 1.180000 0.070711
v 0.060000 1.260000 0.000000
v 0.042426 1.260000 -0.042426
v 0.000000 1.260000 -0.060000
v -0.042426 1.260000 -0.042426
v -0.060000 1.260000 -0.000000
v -0.042426 1.260000 0.042426
v -0.000000 1.260000 0.060000
v 0.042426 1.260000 0.042426
vn 0.8387 0.4194 -0.3474
vn 0.3474 0.4194 -0.8387
vn -0.3474 0.4194 -0.8387
vn -0.8387 0.4194 -0.3474
vn -0.8387 0.4194 0.3474
vn -0.3474 0.4194 0.8387
vn 0.3474 0.4194 0.8387
vn 0.8387 0.4194 0.3474
vn -0.0000 -1.0000 -0.0000
vn -0.0000 1.0000 -0.0000
vt 0.800000 4.720000
vt 0.565685 4.720000
vt 0.339411 5.040000
vt 0.480000 5.040000
vt 0.000000 4.720000
vt 0.000000 5.040000
vt -0.565685 4.720000
vt -0.339411 5.040000
vt -0.800000 4.720000
vt -0.480000 5.040000
vt -0.000000 4.720000
vt -0.000000 5.040000
s 0
usemtl PetioleMat
f 146/152/125 147/153/125 155/154/125 154/155/125
f 147/153/126 148/156/126 156/157/126 155/154/126
f 148/156/127 149/158/127 157/159/127 156/157/127
f 149/158/128 150/160/128 158/161/128 157/159/128
f 150/160/129 151/158/129 159/159/129 158/161/129
f 151/158/130 152/162/130 160/163/130 159/159/130
f 152/162/131 153/153/131 161/154/131 160/163/131
f 153/153/132 146/152/132 154/155/132 161/154/132
f 153/153/133 152/162/133 151/158/133 150/160/133 149/158/133 148/156/133 147/153/133 146/152/133
f 154/155/134 155/154/134 156/157/134 157/159/134 158/161/134 159/159/134 160/163/134 161/154/134
o Petiole_000
v 0.095846 1.219273 -0.192258
v 0.089599 1.211227 -0.213918
v 0.065994 1.214300 -0.216425
v 0.057653 1.224246 -0.196315
v 0.076102 1.227319 -0.181379
v 0.140909 1.487466 -0.306912
v 0.134614 1.479964 -0.325762
v 0.113620 1.482830 -0.327289
v 0.106941 1.492101 -0.309381
v 0.123807 1.494967 -0.296788
v 0.177943 1.724377 -0.424332
v 0.171213 1.717116 -0.440019
v 0.152872 1.719890 -0.440212
v 0.148268 1.728865 -0.424645
v 0.163763 1.731638 -0.414830
v 0.206709 1.930007 -0.543883
v 0.199941 1.923046 -0.556421
v 0.184327 1.925705 -0.555667
v 0.181444 1.934310 -0.542663
v 0.195277 1.936969 -0.535381
v 0.227167 2.104357 -0.665145
v 0.221171 2.098233 -0.675137
v 0.208252 2.100572 -0.674178
v 0.206263 2.108141 -0.663592
v 0.217953 2.110480 -0.658009
vn 0.9489 -0.2437 -0.2003
vn 0.0317 -0.3874 -0.9214
vn -0.9279 0.0121 -0.3727
vn -0.6039 0.4028 0.6878
vn 0.5560 0.2448 0.7943
vn 0.9345 -0.2626 -0.2402
vn -0.0220 -0.4291 -0.9030
vn -0.9466 0.0058 -0.3222
vn -0.5616 0.4413 0.6999
vn 0.6008 0.2754 0.7504
vn 0.9116 -0.2927 -0.2885
vn -0.0910 -0.4785 -0.8734
vn -0.9664 0.0060 -0.2569
vn -0.5047 0.4916 0.7096
vn 0.6555 0.3070 0.6900
vn 0.8914 -0.3239 -0.3169
vn -0.1447 -0.5422 -0.8277
vn -0.9795 -0.0013 -0.2014
vn -0.4591 0.5513 0.6967
vn 0.6966 0.3520 0.6252
vn -0.1592 -0.9096 0.3838
vn 0.1062 0.8182 -0.5651
vt 0.766767 4.877092
vt 0.716790 4.844907
vt 1.076908 5.919858
vt 1.127272 5.949862
vt 0.527954 4.857201
vt 0.908963 5.931318
vt 0.461225 4.896983
vt 0.855532 5.968406
vt 0.608819 4.909276
vt 0.990454 5.979867
vt 1.369701 6.868465
vt 1.423546 6.897509
vt 1.222978 6.879559
vt 1.186143 6.915458
vt 1.310101 6.926552
vt 1.599530 7.692183
vt 1.653669 7.720030
vt 1.474614 7.702819
vt 1.451552 7.737240
vt 1.562214 7.747877
vt 1.769370 8.392934
vt 1.817337 8.417427
vt 1.666014 8.402289
vt 1.650104 8.432565
vt 1.743626 8.441920
s 0
usemtl PetioleMat
f 162/164/135 163/165/135 168/166/135 167/167/135
f 163/165/136 164/168/136 169/169/136 168/166/136
f 164/168/137 165/170/137 170/171/137 169/169/137
f 165/170/138 166/172/138 171/173/138 170/171/138
f 166/172/139 162/164/139 167/167/139 171/173/139
f 167/167/140 168/166/140 173/174/140 172/175/140
f 168/166/141 169/169/141 174/176/141 173/174/141
f 169/169/142 170/171/142 175/177/142 174/176/142
f 170/171/143 171/173/143 176/178/143 175/177/143
f 171/173/144 167/167/144 172/175/144 176/178/144
f 172/175/145 173/174/145 178/179/145 177/180/145
f 173/174/146 174/176/146 179/181/146 178/179/146
f 174/176/147 175/177/147 180/182/147 179/181/147
f 175/177/148 176/178/148 181/183/148 180/182/148
f 176/178/149 172/175/149 177/180/149 181/183/149
f 177/180/150 178/179/150 183/184/150 182/185/150
f 178/179/151 179/181/151 184/186/151 183/184/151
f 179/181/152 180/182/152 185/187/152 184/186/152
f 180/182/153 181/183/153 186/188/153 185/187/153
f 181/183/154 177/180/154 182/185/154 186/188/154
f 166/172/155 165/170/155 164/168/155 163/165/155 162/164/155
f 182/185/156 183/184/156 184/186/156 185/187/156 186/188/156
o Leaf_000
v 0.527072 2.129735 -0.561777
v 0.216161 2.104357 -0.667212
v -0.094750 2.078979 -0.772648
v 0.578871 2.241371 -0.741393
v 0.277895 2.139704 -0.857761
v -0.042951 2.190616 -0.952264
v 0.635584 2.315271 -0.926417
v 0.341881 2.157756 -1.050789
v 0.013762 2.264515 -1.137288
v 0.702024 2.314479 -1.122145
v 0.410982 2.136522 -1.249447
v 0.080202 2.263723 -1.333016
v 0.775767 2.257602 -1.325911
v 0.482063 2.100087 -1.450283
v 0.153945 2.206847 -1.536782
v 0.852801 2.175454 -1.533299
v 0.551825 2.073786 -1.649667
v 0.230979 2.124698 -1.744170
v 0.927879 2.108332 -1.738533
v 0.616967 2.082954 -1.843968
v 0.306056 2.057577 -1.949404
vn -0.2900 0.9167 0.2750
vn -0.0726 0.9344 0.3488
vn -0.4262 0.9008 0.0830
vn 0.1524 0.9480 0.2793
vn -0.4236 0.8846 -0.1950
vn 0.3209 0.9454 0.0575
vn -0.3590 0.8731 -0.3298
vn 0.3535 0.9313 -0.0883
vn -0.2592 0.9059 -0.3350
vn 0.2737 0.9494 -0.1543
vn -0.1338 0.9730 -0.1881
vn 0.0769 0.9902 -0.1166
vt -0.000000 0.000000
vt 0.000000 0.166667
vt 0.500000 0.166667
vt 0.500000 0.000000
vt 1.000000 0.166667
vt 1.000000 -0.000000
vt -0.000000 0.333333
vt 0.500000 0.333333
vt 1.000000 0.333333
vt 0.000000 0.500000
vt 0.500000 0.500000
vt 1.000000 0.500000
vt -0.000000 0.666667
vt 0.500000 0.666667
vt 1.000000 0.666667
vt -0.000000 0.833334
vt 0.500000 0.833334
vt 1.000000 0.833334
vt -0.000000 1.000000
vt 0.500000 1.000000
vt 1.000000 1.000000
s 0
usemtl LeafMat
f 187/189/157 190/190/157 191/191/157 188/192/157
f 188/192/158 191/191/158 192/193/158 189/194/158
f 190/190/159 193/195/159 194/196/159 191/191/159
f 191/191/160 194/196/160 195/197/160 192/193/160
f 193/195/161 196/198/161 197/199/161 194/196/161
f 194/196/162 197/199/162 198/200/162 195/197/162
f 196/198/163 199/201/163 200/202/163 197/199/163
f 197/199/164 200/202/164 201/203/164 198/200/164
f 199/201/165 202/204/165 203/205/165 200/202/165
f 200/202/166 203/205/166 204/206/166 201/203/166
f 202/204/167 205/207/167 206/208/167 203/205/167
f 203/205/168 206/208/168 207/209/168 204/206/168
o Petiole_001
v -0.090336 1.231756 0.058001
v -0.091888 1.219006 0.079391
v -0.071401 1.223876 0.092773
v -0.057188 1.239635 0.079653
v -0.068890 1.244505 0.058163
v -0.266586 1.529076 0.223943
v -0.267770 1.517184 0.242584
v -0.249834 1.521726 0.254749
v -0.237565 1.536425 0.243626
v -0.247918 1.540968 0.224587
v -0.445502 1.779700 0.386703
v -0.446046 1.768268 0.402288
v -0.430862 1.772635 0.413435
v -0.420933 1.786766 0.404739
v -0.429982 1.791133 0.388218
v -0.627214 1.983629 0.546399
v -0.627018 1.972885 0.558959
v -0.614542 1.976989 0.568996
v -0.607028 1.990268 0.562639
v -0.614859 1.994372 0.548674
v -0.811802 2.140861 0.703095
v -0.811289 2.131549 0.713162
v -0.801167 2.135106 0.721717
v -0.795424 2.146616 0.716938
v -0.801997 2.150173 0.705430
vn -0.8857 -0.3658 -0.2857
vn -0.3374 -0.5974 0.7275
vn 0.6741 0.0018 0.7387
vn 0.7505 0.6040 -0.2682
vn -0.2134 0.3769 -0.9014
vn -0.8568 -0.4049 -0.3192
vn -0.3078 -0.6569 0.6883
vn 0.6629 0.0043 0.7487
vn 0.7130 0.6649 -0.2224
vn -0.2257 0.4125 -0.8825
vn -0.8184 -0.4464 -0.3618
vn -0.2662 -0.7236 0.6369
vn 0.6494 0.0043 0.7604
vn 0.6620 0.7315 -0.1633
vn -0.2445 0.4537 -0.8570
vn -0.7676 -0.4914 -0.4115
vn -0.2030 -0.7935 0.5737
vn 0.6365 0.0061 0.7713
vn 0.5901 0.8020 -0.0925
vn -0.2771 0.4954 -0.8233
vn 0.4641 -0.7753 -0.4284
vn -0.6448 0.5445 0.5365
vt -0.722687 4.927022
vt -0.735101 4.876026
vt -2.142157 6.068737
vt -2.132684 6.116303
vt -0.571208 4.895504
vt -1.998671 6.086905
vt -0.457502 4.958540
vt -1.900519 6.145701
vt -0.551122 4.978019
vt -1.983344 6.163870
vt -3.568368 7.073071
vt -3.564015 7.118801
vt -3.446895 7.090539
vt -3.367468 7.147064
vt -3.439852 7.164531
vt -5.016141 7.891542
vt -5.017709 7.934515
vt -4.916339 7.907956
vt -4.856225 7.961073
vt -4.918876 7.977487
vt -6.490316 8.526196
vt -6.494418 8.563444
vt -6.409339 8.540423
vt -6.363394 8.586465
vt -6.415976 8.600692
s 0
usemtl PetioleMat
f 208/210/169 209/211/169 214/212/169 213/213/169
f 209/211/170 210/214/170 215/215/170 214/212/170
f 210/214/171 211/216/171 216/217/171 215/215/171
f 211/216/172 212/218/172 217/219/172 216/217/172
f 212/218/173 208/210/173 213/213/173 217/219/173
f 213/213/174 214/212/174 219/220/174 218/221/174
f 214/212/175 215/215/175 220/222/175 219/220/175
f 215/215/176 216/217/176 221/223/176 220/222/176
f 216/217/177 217/219/177 222/224/177 221/223/177
f 217/219/178 213/213/178 218/221/178 222/224/178
f 218/221/179 219/220/179 224/225/179 223/226/179
f 219/220/180 220/222/180 225/227/180 224/225/180
f 220/222/181 221/223/181 226/228/181 225/227/181
f 221/223/182 222/224/182 227/229/182 226/228/182
f 222/224/183 218/221/183 223/226/183 227/229/183
f 223/226/184 224/225/184 229/230/184 228/231/184
f 224/225/185 225/227/185 230/232/185 229/230/185
f 225/227/186 226/228/186 231/233/186 230/232/186
f 226/228/187 227/229/187 232/234/187 231/233/187
f 227/229/188 223/226/188 228/231/188 232/234/188
f 212/218/189 211/216/189 210/214/189 209/211/189 208/210/189
f 228/231/190 229/230/190 230/232/190 231/233/190 232/234/190
o Leaf_001
v -1.020291 2.176523 0.458637
v -0.804336 2.140861 0.712068
v -0.588381 2.105199 0.965500
v -1.160250 2.275294 0.591798
v -0.957181 2.176885 0.847380
v -0.728341 2.203971 1.098661
v -1.306185 2.344968 0.725957
v -1.112549 2.200623 0.983113
v -0.874276 2.273644 1.232820
v -1.463831 2.357614 0.862069
v -1.273647 2.196456 1.119802
v -1.031921 2.286290 1.368933
v -1.630599 2.325836 0.999705
v -1.436962 2.181491 1.256860
v -1.198689 2.254512 1.506568
v -1.801869 2.272135 1.138091
v -1.598799 2.173725 1.393673
v -1.369959 2.200812 1.644954
v -1.971417 2.226815 1.276190
v -1.755463 2.191153 1.529622
v -1.539508 2.155491 1.783053
vn 0.3707 0.9268 -0.0610
vn 0.2492 0.9468 -0.2036
vn 0.3947 0.9102 0.1256
vn 0.0688 0.9640 -0.2568
vn 0.2943 0.9020 0.3158
vn -0.1349 0.9729 -0.1878
vn 0.1957 0.9005 0.3884
vn -0.2225 0.9695 -0.1024
vn 0.1172 0.9296 0.3495
vn -0.1937 0.9809 -0.0154
vn 0.0785 0.9781 0.1930
vn -0.0408 0.9978 0.0529
vt -0.000000 -0.000000
vt -0.000000 0.166667
vt 0.500000 0.166667
vt 0.500000 0.000000
vt 1.000000 0.166667
vt 1.000000 0.000000
vt -0.000000 0.333333
vt 0.500000 0.333333
vt 1.000000 0.333333
vt -0.000000 0.500000
vt 0.500000 0.500000
vt 1.000000 0.500000
vt 0.000000 0.666667
vt 0.500000 0.666667
vt 1.000000 0.666667
vt 0.000000 0.833333
vt 0.500000 0.833333
vt 1.000000 0.833333
vt 0.000000 1.000000
vt 0.500000 1.000000
vt 1.000000 1.000000
s 0
usemtl LeafMat
f 233/235/191 236/236/191 237/237/191 234/238/191
f 234/238/192 237/237/192 238/239/192 235/240/192
f 236/236/193 239/241/193 240/242/193 237/237/193
f 237/237/194 240/242/194 241/243/194 238/239/194
f 239/241/195 242/244/195 243/245/195 240/242/195
f 240/242/196 243/245/196 244/246/196 241/243/196
f 242/244/197 245/247/197 246/248/197 243/245/197
f 243/245/198 246/248/198 247/249/198 244/246/198
f 245/247/199 248/250/199 249/251/199 246/248/199
f 246/248/200 249/251/200 250/252/200 247/249/200
f 248/250/201 251/253/201 252/254/201 249/251/201
f 249/251/202 252/254/202 253/255/202 250/252/202
o Petiole_002
v 0.188108 1.210708 0.162545
v 0.207394 1.191170 0.152446
v 0.214303 1.198633 0.125019
v 0.199287 1.222783 0.118167
v 0.183097 1.230245 0.141360
v 0.324464 1.312257 0.221688
v 0.340816 1.294377 0.212364
v 0.347210 1.301207 0.188147
v 0.334811 1.323306 0.182505
v 0.320754 1.330136 0.203235
v 0.460957 1.394442 0.280563
v 0.473758 1.377948 0.271731
v 0.479857 1.384248 0.250825
v 0.470825 1.404635 0.246737
v 0.459144 1.410935 0.265116
v 0.597562 1.457263 0.339158
v 0.607037 1.442494 0.330932
v 0.612770 1.448135 0.313300
v 0.606839 1.466390 0.310630
v 0.597440 1.472032 0.326611
v 0.734269 1.500721 0.397469
v 0.741476 1.488228 0.390339
v 0.746470 1.493000 0.375809
v 0.742350 1.508442 0.373959
v 0.734809 1.513213 0.387346
vn -0.0241 -0.4786 0.8777
vn 0.6260 -0.7779 -0.0540
vn 0.4246 0.0071 -0.9054
vn -0.3506 0.7923 -0.4993
vn -0.6280 0.4922 0.6028
vn -0.0643 -0.5082 0.8588
vn 0.5575 -0.8257 -0.0859
vn 0.4239 0.0064 -0.9057
vn -0.2811 0.8386 -0.4665
vn -0.5829 0.5212 0.6234
vn -0.1120 -0.5363 0.8366
vn 0.4764 -0.8705 -0.1235
vn 0.4232 0.0054 -0.9060
vn -0.1989 0.8814 -0.4284
vn -0.5298 0.5474 0.6479
vn -0.1681 -0.5599 0.8113
vn 0.3828 -0.9087 -0.1665
vn 0.4223 0.0044 -0.9065
vn -0.1045 0.9168 -0.3853
vn -0.4691 0.5689 0.6755
vn -0.7511 -0.5643 -0.3427
vn 0.8756 0.2807 0.3931
vt 1.504865 4.842831
vt 1.659153 4.764679
vt 2.726524 5.177510
vt 2.595715 5.249026
vt 1.714422 4.794530
vt 2.777683 5.204827
vt 1.594293 4.891131
vt 2.678490 5.293226
vt 1.464779 4.920982
vt 2.566028 5.320543
vt 3.790066 5.511792
vt 3.687652 5.577766
vt 3.838860 5.536992
vt 3.766601 5.618541
vt 3.673150 5.643741
vt 4.856295 5.769977
vt 4.780500 5.829052
vt 4.902159 5.792542
vt 4.854710 5.865562
vt 4.779521 5.888127
vt 5.931808 5.952914
vt 5.874155 6.002883
vt 5.971760 5.972001
vt 5.938798 6.033766
vt 5.878475 6.052853
s 0
usemtl PetioleMat
f 254/256/203 255/257/203 260/258/203 259/259/203
f 255/257/204 256/260/204 261/261/204 260/258/204
f 256/260/205 257/262/205 262/263/205 261/261/205
f 257/262/206 258/264/206 263/265/206 262/263/206
f 258/264/207 254/256/207 259/259/207 263/265/207
f 259/259/208 260/258/208 265/266/208 264/267/208
f 260/258/209 261/261/209 266/268/209 265/266/209
f 261/261/210 262/263/210 267/269/210 266/268/210
f 262/263/211 263/265/211 268/270/211 267/269/211
f 263/265/212 259/259/212 264/267/212 268/270/212
f 264/267/213 265/266/213 270/271/213 269/272/213
f 265/266/214 266/268/214 271/273/214 270/271/214
f 266/268/215 267/269/215 272/274/215 271/273/215
f 267/269/216 268/270/216 273/275/216 272/274/216
f 268/270/217 264/267/217 269/272/217 273/275/217
f 269/272/218 270/271/218 275/276/218 274/277/218
f 270/271/219 271/273/219 276/278/219 275/276/219
f 271/273/220 272/274/220 277/279/220 276/278/220
f 272/274/221 273/275/221 278/280/221 277/279/221
f 273/275/222 269/272/222 274/277/222 278/280/222
f 258/264/223 257/262/223 256/260/223 255/257/223 254/256/223
f 274/277/224 275/276/224 276/278/224 277/279/224 278/280/224
o Leaf_002
v 0.630369 1.472748 0.600706
v 0.739875 1.500721 0.384984
v 0.849381 1.528693 0.169263
v 0.778729 1.532643 0.683784
v 0.894097 1.515838 0.465232
v 0.997741 1.588588 0.252342
v 0.930358 1.567574 0.765284
v 1.050017 1.517990 0.544660
v 1.149369 1.623519 0.333842
v 1.088563 1.552272 0.843609
v 1.209793 1.490690 0.622226
v 1.307574 1.608217 0.412166
v 1.251401 1.501579 0.919696
v 1.371060 1.451995 0.699072
v 1.470412 1.557524 0.488254
v 1.415965 1.437701 0.994950
v 1.531333 1.420897 0.776399
v 1.634977 1.493646 0.563508
v 1.578619 1.388416 1.071127
v 1.688124 1.416388 0.855406
v 1.797630 1.444361 0.639685
vn -0.1998 0.9767 -0.0784
vn -0.2823 0.9556 0.0842
vn -0.0319 0.9856 -0.1661
vn -0.2531 0.9291 0.2697
vn 0.1971 0.9708 -0.1367
vn -0.0918 0.8970 0.4324
vn 0.2985 0.9513 -0.0766
vn 0.0185 0.8798 0.4750
vn 0.2789 0.9603 0.0041
vn 0.0701 0.9070 0.4152
vn 0.1231 0.9884 0.0892
vn 0.0423 0.9677 0.2484
vt -0.000000 0.000000
vt -0.000000 0.166667
vt 0.500000 0.166667
vt 0.500000 0.000000
vt 1.000000 0.166667
vt 1.000000 -0.000000
vt -0.000000 0.333333
vt 0.500000 0.333333
vt 1.000000 0.333333
vt 0.000000 0.500000
vt 0.500000 0.500000
vt 1.000000 0.500000
vt -0.000000 0.666667
vt 0.500000 0.666667
vt 1.000000 0.666667
vt 0.000000 0.833334
vt 0.500000 0.833333
vt 1.000000 0.833334
vt -0.000000 1.000000
vt 0.500000 1.000000
vt 1.000000 1.000000
s 0
usemtl LeafMat
f 279/281/225 282/282/225 283/283/225 280/284/225
f 280/284/226 283/283/226 284/285/226 281/286/226
f 282/282/227 285/287/227 286/288/227 283/283/227
f 283/283/228 286/288/228 287/289/228 284/285/228
f 285/287/229 288/290/229 289/291/229 286/288/229
f 286/288/230 289/291/230 290/292/230 287/289/230
f 288/290/231 291/293/231 292/294/231 289/291/231
f 289/291/232 292/294/232 293/295/232 290/292/232
f 291/293/233 294/296/233 295/297/233 292/294/233
f 292/294/234 295/297/234 296/298/234 293/295/234
f 294/296/235 297/299/235 298/300/235 295/297/235
f 295/297/236 298/300/236 299/301/236 296/298/236
o Petiole_003
v -0.033590 1.223627 -0.199825
v -0.051607 1.209872 -0.205608
v -0.069527 1.215126 -0.191518
v -0.062586 1.232129 -0.177028
v -0.040376 1.237383 -0.182161
v -0.093125 1.349490 -0.318930
v -0.108818 1.336694 -0.323518
v -0.124867 1.341582 -0.311287
v -0.119092 1.357398 -0.299140
v -0.099475 1.362286 -0.303864
v -0.151966 1.451211 -0.438330
v -0.165077 1.439022 -0.441197
v -0.179369 1.443678 -0.431061
v -0.175091 1.458744 -0.421929
v -0.158155 1.463400 -0.426421
v -0.210137 1.528790 -0.558072
v -0.220714 1.517524 -0.559252
v -0.233216 1.521827 -0.551165
v -0.230364 1.535752 -0.544988
v -0.216100 1.540055 -0.549257
v -0.267649 1.582227 -0.678186
v -0.276139 1.572566 -0.678558
v -0.286646 1.576256 -0.672114
v -0.284650 1.588197 -0.667759
v -0.272909 1.591887 -0.671511
vn 0.5524 -0.4201 -0.7200
vn -0.5631 -0.6846 -0.4629
vn -0.9053 0.0060 0.4248
vn -0.0004 0.6979 0.7162
vn 0.9006 0.4346 0.0089
vn 0.5749 -0.4611 -0.6759
vn -0.5292 -0.7493 -0.3982
vn -0.9079 0.0067 0.4192
vn -0.0362 0.7624 0.6461
vn 0.8800 0.4740 -0.0300
vn 0.6035 -0.5028 -0.6189
vn -0.4859 -0.8159 -0.3133
vn -0.9109 0.0061 0.4126
vn -0.0818 0.8278 0.5550
vn 0.8537 0.5144 -0.0816
vn 0.6387 -0.5415 -0.5466
vn -0.4335 -0.8779 -0.2036
vn -0.9137 0.0058 0.4064
vn -0.1371 0.8875 0.4399
vn 0.8215 0.5505 -0.1484
vn 0.3140 -0.6868 0.6555
vn -0.3867 0.3724 -0.8437
vt -0.268723 4.894510
vt -0.412855 4.839488
vt -0.870544 5.346777
vt -0.745002 5.397961
vt -0.556217 4.860505
vt -0.998933 5.366328
vt -0.500688 4.928515
vt -0.952739 5.429594
vt -0.323007 4.949532
vt -0.795801 5.449144
vt -1.320618 5.756088
vt -1.215730 5.804844
vt -1.434954 5.774711
vt -1.400729 5.834977
vt -1.265241 5.853600
vt -1.765715 6.070098
vt -1.681092 6.115159
vt -1.865725 6.087310
vt -1.842912 6.143008
vt -1.728803 6.160220
vt -2.209111 6.290265
vt -2.141192 6.328907
vt -2.293168 6.305024
vt -2.277199 6.352789
vt -2.183273 6.367548
s 0
usemtl PetioleMat
f 300/302/237 301/303/237 306/304/237 305/305/237
f 301/303/238 302/306/238 307/307/238 306/304/238
f 302/306/239 303/308/239 308/309/239 307/307/239
f 303/308/240 304/310/240 309/311/240 308/309/240
f 304/310/241 300/302/241 305/305/241 309/311/241
f 305/305/242 306/304/242 311/312/242 310/313/242
f 306/304/243 307/307/243 312/314/243 311/312/243
f 307/307/244 308/309/244 313/315/244 312/314/244
f 308/309/245 309/311/245 314/316/245 313/315/245
f 309/311/246 305/305/246 310/313/246 314/316/246
f 310/313/247 311/312/247 316/317/247 315/318/247
f 311/312/248 312/314/248 317/319/248 316/317/248
f 312/314/249 313/315/249 318/320/249 317/319/249
f 313/315/250 314/316/250 319/321/250 318/320/250
f 314/316/251 310/313/251 315/318/251 319/321/251
f 315/318/252 316/317/252 321/322/252 320/323/252
f 316/317/253 317/319/253 322/324/253 321/322/253
f 317/319/254 318/320/254 323/325/254 322/324/254
f 318/320/255 319/321/255 324/326/255 323/325/255
f 319/321/256 315/318/256 320/323/256 324/326/256
f 304/310/257 303/308/257 302/306/257 301/303/257 300/302/257
f 320/323/258 321/322/258 322/324/258 323/325/258 324/326/258
o Leaf_003
v -0.068951 1.603976 -0.757563
v -0.277599 1.582227 -0.673626
v -0.486246 1.560477 -0.589688
v -0.135058 1.669697 -0.904859
v -0.340783 1.596647 -0.826950
v -0.552353 1.626198 -0.736984
v -0.199619 1.708282 -1.055343
v -0.403205 1.597677 -0.981849
v -0.616914 1.664783 -0.887469
v -0.261091 1.692642 -1.212201
v -0.463894 1.568291 -1.140322
v -0.678386 1.649143 -1.044326
v -0.320327 1.637742 -1.373673
v -0.523913 1.527136 -1.300178
v -0.737622 1.594242 -1.205798
v -0.378654 1.566878 -1.537020
v -0.584379 1.493828 -1.459112
v -0.795949 1.523379 -1.369146
v -0.437761 1.509729 -1.698756
v -0.646409 1.487980 -1.614819
v -0.855057 1.466230 -1.530882
vn -0.1013 0.9496 0.2967
vn 0.1063 0.9712 0.2132
vn -0.3176 0.9145 0.2507
vn 0.2335 0.9719 0.0290
vn -0.4828 0.8735 0.0623
vn 0.2280 0.9476 -0.2236
vn -0.5165 0.8539 -0.0636
vn 0.1689 0.9254 -0.3393
vn -0.4439 0.8876 -0.1233
vn 0.0707 0.9412 -0.3303
vn -0.2564 0.9621 -0.0931
vn -0.0540 0.9832 -0.1745
vt -0.000000 -0.000000
vt -0.000000 0.166667
vt 0.500000 0.166667
vt 0.500000 0.000000
vt 1.000000 0.166667
vt 1.000000 0.000000
vt -0.000000 0.333333
vt 0.500000 0.333333
vt 1.000000 0.333333
vt -0.000000 0.500000
vt 0.500000 0.500000
vt 1.000000 0.500000
vt 0.000000 0.666667
vt 0.500000 0.666667
vt 1.000000 0.666667
vt -0.000000 0.833333
vt 0.500000 0.833333
vt 1.000000 0.833333
vt -0.000000 1.000000
vt 0.500000 1.000000
vt 1.000000 1.000000
s 0
usemtl LeafMat
f 325/327/259 328/328/259 329/329/259 326/330/259
f 326/330/260 329/329/260 330/331/260 327/332/260
f 328/328/261 331/333/261 332/334/261 329/329/261
f 329/329/262 332/334/262 333/335/262 330/331/262
f 331/333/263 334/336/263 335/337/263 332/334/263
f 332/334/264 335/337/264 336/338/264 333/335/264
f 334/336/265 337/339/265 338/340/265 335/337/265
f 335/337/266 338/340/266 339/341/266 336/338/266
f 337/339/267 340/342/267 341/343/267 338/340/267
f 338/340/268 341/343/268 342/344/268 339/341/268
f 340/342/269 343/345/269 344/346/269 341/343/269
f 341/343/270 344/346/270 345/347/270 342/344/270
o Petiole_004
v 0.222131 1.217834 -0.007333
v 0.233126 1.205125 -0.027662
v 0.218595 1.209979 -0.049131
v 0.198620 1.225688 -0.042071
v 0.200805 1.230543 -0.016239
v 0.300114 1.329763 -0.037579
v 0.308613 1.317535 -0.055639
v 0.295406 1.322206 -0.074393
v 0.278744 1.337320 -0.067923
v 0.281653 1.341991 -0.045171
v 0.376414 1.415719 -0.072283
v 0.381311 1.403244 -0.087718
v 0.369477 1.408009 -0.103689
v 0.357265 1.423428 -0.098125
v 0.361553 1.428193 -0.078715
v 0.450470 1.475701 -0.111228
v 0.451776 1.463352 -0.123521
v 0.441712 1.468069 -0.137004
v 0.434186 1.483333 -0.133043
v 0.439599 1.488050 -0.117113
v 0.521975 1.509709 -0.154205
v 0.521687 1.498850 -0.163819
v 0.513457 1.502998 -0.175021
v 0.508660 1.516421 -0.172332
v 0.513924 1.520569 -0.159466
vn 0.7279 -0.3440 0.5931
vn 0.6195 -0.5522 -0.5580
vn -0.3329 0.0181 -0.9428
vn -0.8139 0.5803 -0.0284
vn -0.1583 0.3565 0.9208
vn 0.7144 -0.3954 0.5773
vn 0.5243 -0.6468 -0.5538
vn -0.3744 0.0114 -0.9272
vn -0.7403 0.6718 -0.0240
vn -0.0687 0.4209 0.9045
vn 0.6796 -0.4644 0.5678
vn 0.3824 -0.7580 -0.5283
vn -0.4224 0.0096 -0.9064
vn -0.6225 0.7817 -0.0389
vn 0.0563 0.4900 0.8699
vn 0.6084 -0.5305 0.5903
vn 0.1850 -0.8733 -0.4507
vn -0.4687 0.0034 -0.8834
vn -0.4494 0.8869 -0.1064
vn 0.2137 0.5590 0.8011
vn -0.5616 -0.8033 0.1985
vn 0.8071 0.3792 -0.4525
vt 1.777050 4.871335
vt 1.865010 4.820498
vt 2.468906 5.270141
vt 2.400909 5.319052
vt 1.748762 4.839916
vt 2.363249 5.288823
vt 1.588957 4.902753
vt 2.229952 5.349280
vt 1.606440 4.922171
vt 2.253227 5.367963
vt 3.050487 5.612978
vt 3.011309 5.662875
vt 2.955813 5.632037
vt 2.858122 5.693713
vt 2.892421 5.712771
vt 3.614209 5.853407
vt 3.603760 5.902803
vt 3.533697 5.872275
vt 3.473488 5.933332
vt 3.516790 5.952199
vt 4.173495 5.995399
vt 4.175801 6.038837
vt 4.107659 6.011992
vt 4.069276 6.065683
vt 4.111391 6.082275
s 0
usemtl PetioleMat
f 346/348/271 347/349/271 352/350/271 351/351/271
f 347/349/272 348/352/272 353/353/272 352/350/272
f 348/352/273 349/354/273 354/355/273 353/353/273
f 349/354/274 350/356/274 355/357/274 354/355/274
f 350/356/275 346/348/275 351/351/275 355/357/275
f 351/351/276 352/350/276 357/358/276 356/359/276
f 352/350/277 353/353/277 358/360/277 357/358/277
f 353/353/278 354/355/278 359/361/278 358/360/278
f 354/355/279 355/357/279 360/362/279 359/361/279
f 355/357/280 351/351/280 356/359/280 360/362/280
f 356/359/281 357/358/281 362/363/281 361/364/281
f 357/358/282 358/360/282 363/365/282 362/363/282
f 358/360/283 359/361/283 364/366/283 363/365/283
f 359/361/284 360/362/284 365/367/284 364/366/284
f 360/362/285 356/359/285 361/364/285 365/367/285
f 361/364/286 362/363/286 367/368/286 366/369/286
f 362/363/287 363/365/287 368/370/287 367/368/287
f 363/365/288 364/366/288 369/371/288 368/370/288
f 364/366/289 365/367/289 370/372/289 369/371/289
f 365/367/290 361/364/290 366/369/290 370/372/290
f 350/356/291 349/354/291 348/352/291 347/349/291 346/348/291
f 366/369/292 367/368/292 368/370/292 369/371/292 370/372/292
o Leaf_004
v 0.598075 1.505950 0.090835
v 0.515941 1.509709 -0.164969
v 0.433806 1.513469 -0.420772
v 0.752994 1.594136 0.042389
v 0.676632 1.524379 -0.216349
v 0.588724 1.601655 -0.469218
v 0.910574 1.648430 -0.007410
v 0.838439 1.524856 -0.268295
v 0.746304 1.655949 -0.519016
v 1.073365 1.636363 -0.059857
v 1.002777 1.493090 -0.321529
v 0.909096 1.643882 -0.571464
v 1.240230 1.572424 -0.114375
v 1.168095 1.448850 -0.375260
v 1.075961 1.579943 -0.625981
v 1.409122 1.482683 -0.169922
v 1.332760 1.412927 -0.428660
v 1.244852 1.490202 -0.681529
v 1.577274 1.402352 -0.225094
v 1.495139 1.406112 -0.480898
v 1.413005 1.409871 -0.736701
vn -0.3166 0.9482 -0.0241
vn -0.2353 0.9445 0.2291
vn -0.2470 0.9291 -0.2751
vn -0.0327 0.9193 0.3921
vn -0.0254 0.8931 -0.4491
vn 0.2484 0.8806 0.4036
vn 0.1271 0.8689 -0.4784
vn 0.3892 0.8569 0.3380
vn 0.2090 0.8955 -0.3929
vn 0.4063 0.8865 0.2215
vn 0.1944 0.9636 -0.1835
vn 0.2731 0.9600 0.0616
vt -0.000000 0.000000
vt -0.000000 0.166667
vt 0.500000 0.166667
vt 0.500000 0.000000
vt 1.000000 0.166667
vt 1.000000 0.000000
vt -0.000000 0.333333
vt 0.500000 0.333333
vt 1.000000 0.333333
vt 0.000000 0.500000
vt 0.500000 0.500000
vt 1.000000 0.500000
vt 0.000000 0.666667
vt 0.500000 0.666667
vt 1.000000 0.666667
vt 0.000000 0.833333
vt 0.500000 0.833333
vt 1.000000 0.833333
vt 0.000000 1.000000
vt 0.500000 1.000000
vt 1.000000 1.000000
s 0
usemtl LeafMat
f 371/373/293 374/374/293 375/375/293 372/376/293
f 372/376/294 375/375/294 376/377/294 373/378/294
f 374/374/295 377/379/295 378/380/295 375/375/295
f 375/375/296 378/380/296 379/381/296 376/377/296
f 377/379/297 380/382/297 381/383/297 378/380/297
f 378/380/298 381/383/298 382/384/298 379/381/298
f 380/382/299 383/385/299 384/386/299 381/383/299
f 381/383/300 384/386/300 385/387/300 382/384/300
f 383/385/301 386/388/301 387/389/301 384/386/301
f 384/386/302 387/389/302 388/390/302 385/387/302
f 386/388/303 389/391/303 390/392/303 387/389/303
f 387/389/304 390/392/304 391/393/304 388/390/304
o Petiole_005
v 0.179660 1.228385 -0.099126
v 0.183015 1.217767 -0.119207
v 0.164750 1.221823 -0.132518
v 0.150106 1.234947 -0.120664
v 0.159320 1.239003 -0.100027
v 0.234331 1.332612 -0.146217
v 0.237464 1.322601 -0.163688
v 0.221720 1.326425 -0.176048
v 0.208856 1.338800 -0.166217
v 0.216650 1.342624 -0.147780
v 0.290948 1.419082 -0.190018
v 0.293707 1.409225 -0.204575
v 0.280846 1.412990 -0.216284
v 0.270139 1.425174 -0.208964
v 0.276382 1.428939 -0.192731
v 0.349900 1.487795 -0.230829
v 0.351907 1.478271 -0.242520
v 0.341840 1.481909 -0.253329
v 0.333612 1.493682 -0.248319
v 0.338593 1.497320 -0.234414
v 0.411460 1.538751 -0.268781
v 0.412845 1.530388 -0.278142
v 0.404912 1.533583 -0.287435
v 0.398623 1.543920 -0.283817
v 0.402670 1.547114 -0.272288
vn 0.8885 -0.3196 0.3291
vn 0.4271 -0.5339 -0.7297
vn -0.6160 0.0053 -0.7877
vn -0.7989 0.5532 0.2362
vn 0.1311 0.3522 0.9267
vn 0.8483 -0.3657 0.3829
vn 0.4170 -0.5983 -0.6842
vn -0.5797 0.0127 -0.8147
vn -0.7633 0.6226 0.1727
vn 0.1187 0.3892 0.9134
vn 0.7907 -0.4151 0.4501
vn 0.3925 -0.6773 -0.6223
vn -0.5337 0.0133 -0.8455
vn -0.7063 0.7021 0.0906
vn 0.1113 0.4383 0.8919
vn 0.7111 -0.4751 0.5183
vn 0.3285 -0.7648 -0.5542
vn -0.4891 0.0192 -0.8720
vn -0.6110 0.7916 0.0042
vn 0.1297 0.4879 0.8632
vn -0.4443 -0.8205 0.3596
vn 0.7095 0.5745 -0.4082
vt 1.437277 4.913539
vt 1.464124 4.871067
vt 1.899715 5.290402
vt 1.874648 5.330449
vt 1.318003 4.887290
vt 1.773761 5.305699
vt 1.200848 4.939789
vt 1.670850 5.355198
vt 1.274563 4.956012
vt 1.733202 5.370495
vt 2.349653 5.636901
vt 2.327583 5.676329
vt 2.246768 5.651961
vt 2.161112 5.700697
vt 2.211058 5.715757
vt 2.815252 5.913083
vt 2.799198 5.951181
vt 2.734720 5.927635
vt 2.668895 5.974728
vt 2.708744 5.989280
vt 3.302759 6.121553
vt 3.291678 6.155005
vt 3.239293 6.134331
vt 3.188988 6.175679
vt 3.221363 6.188457
s 0
usemtl PetioleMat
f 392/394/305 393/395/305 398/396/305 397/397/305
f 393/395/306 394/398/306 399/399/306 398/396/306
f 394/398/307 395/400/307 400/401/307 399/399/307
f 395/400/308 396/402/308 401/403/308 400/401/308
f 396/402/309 392/394/309 397/397/309 401/403/309
f 397/397/310 398/396/310 403/404/310 402/405/310
f 398/396/311 399/399/311 404/406/311 403/404/311
f 399/399/312 400/401/312 405/407/312 404/406/312
f 400/401/313 401/403/313 406/408/313 405/407/313
f 401/403/314 397/397/314 402/405/314 406/408/314
f 402/405/315 403/404/315 408/409/315 407/410/315
f 403/404/316 404/406/316 409/411/316 408/409/316
f 404/406/317 405/407/317 410/412/317 409/411/317
f 405/407/318 406/408/318 411/413/318 410/412/318
f 406/408/319 402/405/319 407/410/319 411/413/319
f 407/410/320 408/409/320 413/414/320 412/415/320
f 408/409/321 409/411/321 414/416/321 413/414/321
f 409/411/322 410/412/322 415/417/322 414/416/322
f 410/412/323 411/413/323 416/418/323 415/417/323
f 411/413/324 407/410/324 412/415/324 416/418/324
f 396/402/325 395/400/325 394/398/325 393/395/325 392/394/325
f 412/415/326 413/414/326 414/416/326 415/417/326 416/418/326
o Leaf_005
v 0.540840 1.550655 -0.079502
v 0.406102 1.538751 -0.278093
v 0.271364 1.526847 -0.476684
v 0.672068 1.616951 -0.172510
v 0.542521 1.553129 -0.371511
v 0.402593 1.593142 -0.569692
v 0.805875 1.657459 -0.265721
v 0.680128 1.555630 -0.465022
v 0.536399 1.633651 -0.662903
v 0.944788 1.646896 -0.359336
v 0.820432 1.531156 -0.558747
v 0.675312 1.623088 -0.756518
v 1.087526 1.598073 -0.453253
v 0.961780 1.496244 -0.652554
v 0.818051 1.574265 -0.850435
v 1.231978 1.532113 -0.547305
v 1.102432 1.468291 -0.746306
v 0.962503 1.508304 -0.944487
v 1.375386 1.476596 -0.641275
v 1.240648 1.464692 -0.839866
v 1.105911 1.452788 -1.038457
vn -0.2844 0.9587 0.0065
vn -0.1648 0.9692 0.1828
vn -0.2886 0.9354 -0.2041
vn 0.0301 0.9636 0.2656
vn -0.1532 0.9047 -0.3976
vn 0.2614 0.9413 0.2135
vn -0.0413 0.8877 -0.4585
vn 0.3603 0.9232 0.1335
vn 0.0356 0.9144 -0.4032
vn 0.3361 0.9410 0.0397
vn 0.0561 0.9733 -0.2226
vn 0.1731 0.9836 -0.0501
vt -0.000000 0.000000
vt -0.000000 0.166667
vt 0.500000 0.166667
vt 0.500000 0.000000
vt 1.000000 0.166667
vt 1.000000 -0.000000
vt -0.000000 0.333333
vt 0.500000 0.333333
vt 1.000000 0.333333
vt -0.000000 0.500000
vt 0.500000 0.500000
vt 1.000000 0.500000
vt -0.000000 0.666667
vt 0.500000 0.666667
vt 1.000000 0.666667
vt -0.000000 0.833333
vt 0.500000 0.833333
vt 1.000000 0.833333
vt -0.000000 1.000000
vt 0.500000 1.000000
vt 1.000000 1.000000
s 0
usemtl LeafMat
f 417/419/327 420/420/327 421/421/327 418/422/327
f 418/422/328 421/421/328 422/423/328 419/424/328
f 420/420/329 423/425/329 424/426/329 421/421/329
f 421/421/330 424/426/330 425/427/330 422/423/330
f 423/425/331 426/428/331 427/429/331 424/426/331
f 424/426/332 427/429/332 428/430/332 425/427/332
f 426/428/333 429/431/333 430/432/333 427/429/333
f 427/429/334 430/432/334 431/433/334 428/430/334
f 429/431/335 432/434/335 433/435/335 430/432/335
f 430/432/336 433/435/336 434/436/336 431/433/336
f 432/434/337 435/437/337 436/438/337 433/435/337
f 433/435/338 436/438/338 437/439/338 434/436/338
o Petiole_006
v 0.129669 1.230904 -0.113355
v 0.134151 1.215876 -0.138701
v 0.111314 1.221616 -0.156975
v 0.092717 1.240193 -0.142921
v 0.104061 1.245933 -0.115963
v 0.293264 1.490745 -0.240557
v 0.296662 1.476719 -0.262726
v 0.276479 1.482077 -0.278964
v 0.260606 1.499414 -0.266831
v 0.270980 1.504772 -0.243094
v 0.455568 1.710088 -0.369522
v 0.457390 1.696585 -0.388175
v 0.439976 1.701743 -0.402449
v 0.427392 1.718433 -0.392618
v 0.437028 1.723591 -0.372268
v 0.616480 1.888932 -0.500171
v 0.616801 1.876221 -0.515279
v 0.602195 1.881076 -0.527650
v 0.592848 1.896788 -0.520187
v 0.601676 1.901643 -0.503204
v 0.775941 2.027277 -0.632456
v 0.775626 2.016249 -0.644582
v 0.763647 2.020462 -0.654950
v 0.756559 2.034093 -0.649233
v 0.764157 2.038306 -0.635331
vn 0.8583 -0.3620 0.3637
vn 0.4091 -0.5869 -0.6987
vn -0.6006 0.0066 -0.7995
vn -0.7754 0.5986 0.2011
vn 0.1261 0.3708 0.9201
vn 0.8370 -0.3981 0.3755
vn 0.3629 -0.6473 -0.6703
vn -0.6070 0.0054 -0.7947
vn -0.7320 0.6584 0.1752
vn 0.1598 0.4094 0.8982
vn 0.8079 -0.4396 0.3926
vn 0.3020 -0.7143 -0.6313
vn -0.6144 0.0053 -0.7890
vn -0.6743 0.7253 0.1390
vn 0.2039 0.4509 0.8690
vn 0.7680 -0.4827 0.4209
vn 0.2244 -0.7861 -0.5759
vn -0.6212 0.0040 -0.7836
vn -0.5998 0.7956 0.0854
vn 0.2580 0.4954 0.8294
vn -0.4972 -0.7820 0.3758
vn 0.6472 0.5555 -0.5220
vt 1.037350 4.923617
vt 1.073208 4.863502
vt 2.373298 5.906876
vt 2.346109 5.962982
vt 0.890510 4.886464
vt 2.211831 5.928306
vt 0.741740 4.960770
vt 2.084849 5.997657
vt 0.832492 4.983732
vt 2.167838 6.019088
vt 3.659117 6.786340
vt 3.644543 6.840353
vt 3.519807 6.806971
vt 3.419134 6.873734
vt 3.496225 6.894365
vt 4.934408 7.504885
vt 4.931840 7.555728
vt 4.817563 7.524305
vt 4.742782 7.587152
vt 4.813408 7.606572
vt 6.205009 8.064998
vt 6.207530 8.109110
vt 6.109179 8.081847
vt 6.052474 8.136373
vt 6.113258 8.153222
s 0
usemtl PetioleMat
f 438/440/339 439/441/339 444/442/339 443/443/339
f 439/441/340 440/444/340 445/445/340 444/442/340
f 440/444/341 441/446/341 446/447/341 445/445/341
f 441/446/342 442/448/342 447/449/342 446/447/342
f 442/448/343 438/440/343 443/443/343 447/449/343
f 443/443/344 444/442/344 449/450/344 448/451/344
f 444/442/345 445/445/345 450/452/345 449/450/345
f 445/445/346 446/447/346 451/453/346 450/452/346
f 446/447/347 447/449/347 452/454/347 451/453/347
f 447/449/348 443/443/348 448/451/348 452/454/348
f 448/451/349 449/450/349 454/455/349 453/456/349
f 449/450/350 450/452/350 455/457/350 454/455/350
f 450/452/351 451/453/351 456/458/351 455/457/351
f 451/453/352 452/454/352 457/459/352 456/458/352
f 452/454/353 448/451/353 453/456/353 457/459/353
f 453/456/354 454/455/354 459/460/354 458/461/354
f 454/455/355 455/457/355 460/462/355 459/460/355
f 455/457/356 456/458/356 461/463/356 460/462/356
f 456/458/357 457/459/357 462/464/357 461/463/357
f 457/459/358 453/456/358 458/461/358 462/464/358
f 442/448/359 441/446/359 440/444/359 439/441/359 438/440/359
f 458/461/360 459/460/360 460/462/360 461/463/360 462/464/360
o Leaf_006
v 0.954992 2.043406 -0.414911
v 0.767186 2.027277 -0.643310
v 0.579381 2.011149 -0.871710
v 1.099891 2.158206 -0.542164
v 0.925509 2.063740 -0.776069
v 0.724280 2.125949 -0.998962
v 1.250658 2.238761 -0.671824
v 1.086104 2.086947 -0.909760
v 0.875047 2.206505 -1.128622
v 1.412815 2.252852 -0.806155
v 1.251858 2.080048 -1.045567
v 1.037204 2.220596 -1.262954
v 1.584162 2.213313 -0.944256
v 1.419607 2.061499 -1.182193
v 1.208550 2.181056 -1.401055
v 1.760408 2.145182 -1.084367
v 1.586026 2.050716 -1.318273
v 1.384796 2.112926 -1.541166
v 1.935593 2.083244 -1.224043
v 1.747788 2.067115 -1.452442
v 1.559982 2.050987 -1.680841
vn -0.3867 0.9184 0.0833
vn -0.2206 0.9327 0.2854
vn -0.4288 0.8898 -0.1564
vn 0.0077 0.9272 0.3744
vn -0.3244 0.8703 -0.3706
vn 0.2390 0.9187 0.3145
vn -0.2126 0.8693 -0.4462
vn 0.3349 0.9163 0.2196
vn -0.1099 0.9113 -0.3967
vn 0.3036 0.9468 0.1062
vn -0.0354 0.9779 -0.2062
vn 0.1272 0.9918 -0.0084
vt -0.000000 -0.000000
vt -0.000000 0.166667
vt 0.500000 0.166667
vt 0.500000 0.000000
vt 1.000000 0.166667
vt 1.000000 0.000000
vt -0.000000 0.333333
vt 0.500000 0.333333
vt 1.000000 0.333333
vt -0.000000 0.500000
vt 0.500000 0.500000
vt 1.000000 0.500000
vt -0.000000 0.666667
vt 0.500000 0.666667
vt 1.000000 0.666667
vt 0.000000 0.833333
vt 0.500000 0.833333
vt 1.000000 0.833333
vt -0.000000 1.000000
vt 0.500000 1.000000
vt 1.000000 1.000000
s 0
usemtl LeafMat
f 463/465/361 466/466/361 467/467/361 464/468/361
f 464/468/362 467/467/362 468/469/362 465/470/362
f 466/466/363 469/471/363 470/472/363 467/467/363
f 467/467/364 470/472/364 471/473/364 468/469/364
f 469/471/365 472/474/365 473/475/365 470/472/365
f 470/472/366 473/475/366 474/476/366 471/473/366
f 472/474/367 475/477/367 476/478/367 473/475/367
f 473/475/368 476/478/368 477/479/368 474/476/368
f 475/477/369 478/480/369 479/481/369 476/478/369
f 476/478/370 479/481/370 480/482/370 477/479/370
f 478/480/371 481/483/371 482/484/371 479/481/371
f 479/481/372 482/484/372 483/485/372 480/482/372
o Petiole_007
v -0.075141 1.201512 -0.277170
v -0.092945 1.193639 -0.290186
v -0.112709 1.196646 -0.277991
v -0.107120 1.206378 -0.257438
v -0.083902 1.209385 -0.256930
v -0.115492 1.519309 -0.417009
v -0.131442 1.511819 -0.428027
v -0.148799 1.514680 -0.416960
v -0.143576 1.523939 -0.399102
v -0.122991 1.526800 -0.399132
v -0.160825 1.787871 -0.555385
v -0.174916 1.780328 -0.563982
v -0.189783 1.783209 -0.553979
v -0.184879 1.792533 -0.539201
v -0.166982 1.795414 -0.540070
v -0.211045 2.007198 -0.691978
v -0.223089 1.999649 -0.698196
v -0.235581 2.002532 -0.689461
v -0.231259 2.011863 -0.677844
v -0.216095 2.014746 -0.679400
v -0.266067 2.177289 -0.826591
v -0.276003 2.170524 -0.831216
v -0.286309 2.173108 -0.823938
v -0.282743 2.181469 -0.814814
v -0.270232 2.184053 -0.816454
vn 0.6335 -0.2423 -0.7348
vn -0.5325 -0.3894 -0.7515
vn -0.9636 0.0080 0.2673
vn -0.0637 0.4010 0.9139
vn 0.9233 0.2463 0.2946
vn 0.6182 -0.2741 -0.7367
vn -0.5440 -0.4466 -0.7103
vn -0.9559 0.0051 0.2937
vn -0.0475 0.4571 0.8882
vn 0.9250 0.2847 0.2517
vn 0.5999 -0.3185 -0.7339
vn -0.5548 -0.5188 -0.6505
vn -0.9452 0.0054 0.3265
vn -0.0303 0.5303 0.8473
vn 0.9240 0.3303 0.1925
vn 0.5941 -0.3719 -0.7133
vn -0.5473 -0.6127 -0.5701
vn -0.9351 0.0017 0.3542
vn -0.0326 0.6222 0.7822
vn 0.9118 0.3918 0.1231
vn 0.1090 -0.9096 0.4010
vn -0.2364 0.7606 -0.6047
vt -0.601129 4.806048
vt -0.743558 4.774558
vt -1.051537 6.047275
vt -0.923935 6.077238
vt -0.901668 4.786586
vt -1.190393 6.058719
vt -0.856957 4.825510
vt -1.148608 6.095756
vt -0.671214 4.837538
vt -0.983928 6.107201
vt -1.399329 7.121313
vt -1.286596 7.151485
vt -1.518262 7.132837
vt -1.479033 7.170133
vt -1.335856 7.181657
vt -1.784709 7.998596
vt -1.688362 8.028790
vt -1.884651 8.010129
vt -1.850071 8.047452
vt -1.728759 8.058985
vt -2.208021 8.682095
vt -2.128532 8.709154
vt -2.290473 8.692430
vt -2.261943 8.725878
vt -2.161858 8.736214
s 0
usemtl PetioleMat
f 484/486/373 485/487/373 490/488/373 489/489/373
f 485/487/374 486/490/374 491/491/374 490/488/374
f 486/490/375 487/492/375 492/493/375 491/491/375
f 487/492/376 488/494/376 493/495/376 492/493/376
f 488/494/377 484/486/377 489/489/377 493/495/377
f 489/489/378 490/488/378 495/496/378 494/497/378
f 490/488/379 491/491/379 496/498/379 495/496/379
f 491/491/380 492/493/380 497/499/380 496/498/380
f 492/493/381 493/495/381 498/500/381 497/499/381
f 493/495/382 489/489/382 494/497/382 498/500/382
f 494/497/383 495/496/383 500/501/383 499/502/383
f 495/496/384 496/498/384 501/503/384 500/501/384
f 496/498/385 497/499/385 502/504/385 501/503/385
f 497/499/386 498/500/386 503/505/386 502/504/386
f 498/500/387 494/497/387 499/502/387 503/505/387
f 499/502/388 500/501/388 505/506/388 504/507/388
f 500/501/389 501/503/389 506/508/389 505/506/389
f 501/503/390 502/504/390 507/509/390 506/508/390
f 502/504/391 503/505/391 508/510/391 507/509/391
f 503/505/392 499/502/392 504/507/392 508/510/392
f 488/494/393 487/492/393 486/490/393 485/487/393 484/486/393
f 504/507/394 505/506/394 506/508/394 507/509/394 508/510/394
o Leaf_007
v -0.008873 2.189133 -0.910203
v -0.276271 2.177289 -0.822603
v -0.543668 2.165444 -0.735002
v -0.070592 2.274568 -1.087048
v -0.338754 2.211922 -1.008648
v -0.605387 2.250879 -0.911847
v -0.132720 2.332841 -1.268811
v -0.401441 2.233006 -1.197147
v -0.667515 2.309152 -1.093611
v -0.195665 2.336758 -1.460419
v -0.464590 2.223311 -1.391220
v -0.730460 2.313069 -1.285219
v -0.259199 2.301542 -1.659115
v -0.527919 2.201706 -1.587450
v -0.793993 2.277853 -1.483914
v -0.322967 2.250687 -1.860642
v -0.591129 2.188041 -1.782242
v -0.857762 2.226999 -1.685441
v -0.386523 2.214009 -2.059602
v -0.653920 2.202165 -1.972002
v -0.921318 2.190320 -1.884402
vn -0.0312 0.9457 0.3236
vn 0.1407 0.9533 0.2673
vn -0.2084 0.9396 0.2716
vn 0.2528 0.9600 0.1205
vn -0.3445 0.9336 0.0986
vn 0.2603 0.9604 -0.0995
vn -0.3719 0.9282 -0.0141
vn 0.2162 0.9542 -0.2067
vn -0.3039 0.9510 -0.0575
vn 0.1341 0.9704 -0.2009
vn -0.1413 0.9899 -0.0115
vn 0.0276 0.9974 -0.0668
vt 0.000000 0.000000
vt -0.000000 0.166667
vt 0.500000 0.166667
vt 0.500000 0.000000
vt 1.000000 0.166667
vt 1.000000 -0.000000
vt 0.000000 0.333333
vt 0.500000 0.333333
vt 1.000000 0.333333
vt 0.000000 0.500000
vt 0.500000 0.500000
vt 1.000000 0.500000
vt 0.000000 0.666667
vt 0.500000 0.666667
vt 1.000000 0.666667
vt -0.000000 0.833333
vt 0.500000 0.833333
vt 1.000000 0.833333
vt 0.000000 1.000000
vt 0.500000 1.000000
vt 1.000000 1.000000
s 0
usemtl LeafMat
f 509/511/395 512/512/395 513/513/395 510/514/395
f 510/514/396 513/513/396 514/515/396 511/516/396
f 512/512/397 515/517/397 516/518/397 513/513/397
f 513/513/398 516/518/398 517/519/398 514/515/398
f 515/517/399 518/520/399 519/521/399 516/518/399
f 516/518/400 519/521/400 520/522/400 517/519/400
f 518/520/401 521/523/401 522/524/401 519/521/401
f 519/521/402 522/524/402 523/525/402 520/522/402
f 521/523/403 524/526/403 525/527/403 522/524/403
f 522/524/404 525/527/404 526/528/404 523/525/404
f 524/526/405 527/529/405 528/530/405 525/527/405
f 525/527/406 528/530/406 529/531/406 526/528/406
o Petiole_008
v -0.103664 1.238376 -0.118786
v -0.122923 1.228744 -0.122185
v -0.135468 1.232423 -0.104740
v -0.123962 1.244328 -0.090559
v -0.104307 1.248008 -0.099239
v -0.225724 1.531736 -0.265919
v -0.242575 1.522662 -0.268754
v -0.253882 1.526128 -0.253442
v -0.244020 1.537344 -0.241143
v -0.226617 1.540810 -0.248855
v -0.346138 1.778641 -0.414283
v -0.360346 1.769727 -0.416306
v -0.370546 1.773131 -0.403275
v -0.362642 1.784150 -0.393198
v -0.347556 1.787555 -0.400001
v -0.464963 1.979090 -0.563950
v -0.476512 1.970488 -0.565057
v -0.485571 1.973774 -0.554299
v -0.479621 1.984406 -0.546544
v -0.466885 1.987691 -0.552508
v -0.582235 2.133083 -0.714967
v -0.591527 2.125528 -0.715551
v -0.599204 2.128414 -0.706805
v -0.594657 2.137753 -0.700816
v -0.584170 2.140639 -0.705861
vn 0.3181 -0.3161 -0.8938
vn -0.7422 -0.5157 -0.4279
vn -0.7794 0.0028 0.6265
vn 0.2584 0.5231 0.8122
vn 0.9367 0.3261 -0.1273
vn 0.3422 -0.3559 -0.8696
vn -0.7114 -0.5781 -0.3997
vn -0.7852 0.0044 0.6192
vn 0.2236 0.5867 0.7783
vn 0.9205 0.3644 -0.1412
vn 0.3748 -0.4019 -0.8355
vn -0.6684 -0.6521 -0.3577
vn -0.7924 0.0046 0.6100
vn 0.1758 0.6610 0.7295
vn 0.8972 0.4105 -0.1630
vn 0.4165 -0.4549 -0.7871
vn -0.6109 -0.7361 -0.2913
vn -0.7989 0.0060 0.6015
vn 0.1132 0.7455 0.6568
vn 0.8642 0.4614 -0.2006
vn 0.3441 -0.8377 0.4241
vn -0.4710 0.6271 -0.6204
vt -0.829314 4.953502
vt -0.983386 4.914974
vt -1.940603 6.090648
vt -1.805795 6.126944
vt -1.083746 4.929691
vt -2.031059 6.104512
vt -0.991700 4.977314
vt -1.952156 6.149375
vt -0.834452 4.992030
vt -1.812936 6.163239
vt -2.882771 7.078907
vt -2.769102 7.114563
vt -2.964371 7.092526
vt -2.901132 7.136599
vt -2.780449 7.150218
vt -3.812096 7.881953
vt -3.719705 7.916359
vt -3.884571 7.895095
vt -3.836972 7.937623
vt -3.735080 7.950765
vt -4.732215 8.502111
vt -4.657882 8.532333
vt -4.793633 8.513656
vt -4.757257 8.551011
vt -4.673359 8.562555
s 0
usemtl PetioleMat
f 530/532/407 531/533/407 536/534/407 535/535/407
f 531/533/408 532/536/408 537/537/408 536/534/408
f 532/536/409 533/538/409 538/539/409 537/537/409
f 533/538/410 534/540/410 539/541/410 538/539/410
f 534/540/411 530/532/411 535/535/411 539/541/411
f 535/535/412 536/534/412 541/542/412 540/543/412
f 536/534/413 537/537/413 542/544/413 541/542/413
f 537/537/414 538/539/414 543/545/414 542/544/414
f 538/539/415 539/541/415 544/546/415 543/545/415
f 539/541/416 535/535/416 540/543/416 544/546/416
f 540/543/417 541/542/417 546/547/417 545/548/417
f 541/542/418 542/544/418 547/549/418 546/547/418
f 542/544/419 543/545/419 548/550/419 547/549/419
f 543/545/420 544/546/420 549/551/420 548/550/420
f 544/546/421 540/543/421 545/548/421 549/551/421
f 545/548/422 546/547/422 551/552/422 550/553/422
f 546/547/423 547/549/423 552/554/423 551/552/423
f 547/549/424 548/550/424 553/555/424 552/554/424
f 548/550/425 549/551/425 554/556/425 553/555/425
f 549/551/426 545/548/426 550/553/426 554/556/426
f 534/540/427 533/538/427 532/536/427 531/533/427 530/532/427
f 550/553/428 551/552/428 552/554/428 553/555/428 554/556/428
o Leaf_008
v -0.348422 2.158583 -0.904452
v -0.590359 2.133083 -0.708800
v -0.832295 2.107584 -0.513148
v -0.477262 2.270232 -1.049219
v -0.722804 2.169604 -0.867817
v -0.961135 2.219232 -0.657915
v -0.607827 2.345924 -1.200806
v -0.856009 2.190298 -1.029837
v -1.091700 2.294924 -0.809502
v -0.741791 2.350800 -1.365826
v -0.990940 2.175044 -1.198675
v -1.225664 2.299800 -0.974522
v -0.878356 2.301506 -1.541121
v -1.126538 2.145880 -1.370152
v -1.362229 2.250506 -1.149817
v -1.016149 2.226617 -1.721272
v -1.261691 2.125989 -1.539870
v -1.500021 2.175617 -1.329967
v -1.153350 2.164054 -1.899084
v -1.395286 2.138554 -1.703432
v -1.637223 2.113054 -1.507779
vn 0.0653 0.9179 0.3915
vn 0.2509 0.9374 0.2414
vn -0.1674 0.8940 0.4156
vn 0.3242 0.9458 0.0180
vn -0.3890 0.8757 0.2861
vn 0.2453 0.9425 -0.2268
vn -0.4649 0.8693 0.1682
vn 0.1468 0.9337 -0.3265
vn -0.4148 0.9065 0.0780
vn 0.0445 0.9550 -0.2934
vn -0.2245 0.9738 0.0355
vn -0.0437 0.9929 -0.1108
vt -0.000000 -0.000000
vt -0.000000 0.166667
vt 0.500000 0.166667
vt 0.500000 0.000000
vt 1.000000 0.166667
vt 1.000000 0.000000
vt -0.000000 0.333333
vt 0.500000 0.333333
vt 1.000000 0.333333
vt -0.000000 0.500000
vt 0.500000 0.500000
vt 1.000000 0.500000
vt -0.000000 0.666667
vt 0.500000 0.666667
vt 1.000000 0.666667
vt -0.000000 0.833333
vt 0.500000 0.833333
vt 1.000000 0.833333
vt 0.000000 1.000000
vt 0.500000 1.000000
vt 1.000000 1.000000
s 0
usemtl LeafMat
f 555/557/429 558/558/429 559/559/429 556/560/429
f 556/560/430 559/559/430 560/561/430 557/562/430
f 558/558/431 561/563/431 562/564/431 559/559/431
f 559/559/432 562/564/432 563/565/432 560/561/432
f 561/563/433 564/566/433 565/567/433 562/564/433
f 562/564/434 565/567/434 566/568/434 563/565/434
f 564/566/435 567/569/435 568/570/435 565/567/435
f 565/567/436 568/570/436 569/571/436 566/568/436
f 567/569/437 570/572/437 571/573/437 568/570/437
f 568/570/438 571/573/438 572/574/438 569/571/438
f 570/572/439 573/575/439 574/576/439 571/573/439
f 571/573/440 574/576/440 575/577/440 572/574/440
o Petiole_009
v 0.239495 1.233276 0.122374
v 0.256751 1.225917 0.109953
v 0.251413 1.228728 0.088277
v 0.230857 1.237825 0.087302
v 0.223491 1.240636 0.108376
v 0.353130 1.491596 0.125598
v 0.368473 1.484407 0.115032
v 0.364455 1.487153 0.095666
v 0.346627 1.496039 0.094263
v 0.339628 1.498785 0.112762
v 0.465643 1.696791 0.135234
v 0.478769 1.689127 0.126687
v 0.476539 1.692054 0.109643
v 0.462034 1.701527 0.107655
v 0.455300 1.704454 0.123471
v 0.577545 1.848861 0.151321
v 0.587894 1.840645 0.144423
v 0.587314 1.843783 0.129862
v 0.576606 1.853938 0.127761
v 0.570568 1.857076 0.141024
v 0.689161 1.947805 0.173960
v 0.697141 1.940239 0.168284
v 0.697253 1.943129 0.156252
v 0.689343 1.952481 0.154492
v 0.684341 1.955371 0.165436
vn 0.4912 -0.2277 0.8407
vn 0.8892 -0.3805 -0.2542
vn 0.0620 0.0003 -0.9981
vn -0.8473 0.3885 -0.3621
vn -0.5822 0.2476 0.7744
vn 0.4308 -0.2787 0.8583
vn 0.8632 -0.4549 -0.2190
vn 0.1079 0.0065 -0.9941
vn -0.7912 0.4678 -0.3940
vn -0.5926 0.2920 0.7507
vn 0.3412 -0.3458 0.8741
vn 0.8069 -0.5626 -0.1797
vn 0.1660 0.0078 -0.9861
vn -0.6964 0.5773 -0.4263
vn -0.5901 0.3602 0.7225
vn 0.2153 -0.4433 0.8702
vn 0.6834 -0.7093 -0.1728
vn 0.2188 0.0157 -0.9756
vn -0.5367 0.7283 -0.4261
vn -0.5400 0.4469 0.7132
vn -0.4039 -0.9146 -0.0191
vn 0.7377 0.6549 0.1642
vt 1.915961 4.933105
vt 2.054012 4.903666
vt 2.947788 5.937628
vt 2.825038 5.966383
vt 2.011302 4.914911
vt 2.915636 5.948612
vt 1.846855 4.951298
vt 2.773015 5.984155
vt 1.787930 4.962543
vt 2.717022 5.995139
vt 3.830154 6.756508
vt 3.725145 6.787162
vt 3.812311 6.768217
vt 3.696274 6.806108
vt 3.642402 6.817816
vt 4.703154 7.362581
vt 4.620356 7.395442
vt 4.698515 7.375133
vt 4.612850 7.415751
vt 4.564545 7.428303
vt 5.577124 7.760955
vt 5.513286 7.791220
vt 5.578023 7.772515
vt 5.514740 7.809925
vt 5.474731 7.821485
s 0
usemtl PetioleMat
f 576/578/441 577/579/441 582/580/441 581/581/441
f 577/579/442 578/582/442 583/583/442 582/580/442
f 578/582/443 579/584/443 584/585/443 583/583/443
f 579/584/444 580/586/444 585/587/444 584/585/444
f 580/586/445 576/578/445 581/581/445 585/587/445
f 581/581/446 582/580/446 587/588/446 586/589/446
f 582/580/447 583/583/447 588/590/447 587/588/447
f 583/583/448 584/585/448 589/591/448 588/590/448
f 584/585/449 585/587/449 590/592/449 589/591/449
f 585/587/450 581/581/450 586/589/450 590/592/450
f 586/589/451 587/588/451 592/593/451 591/594/451
f 587/588/452 588/590/452 593/595/452 592/593/452
f 588/590/453 589/591/453 594/596/453 593/595/453
f 589/591/454 590/592/454 595/597/454 594/596/454
f 590/592/455 586/589/455 591/594/455 595/597/455
f 591/594/456 592/593/456 597/598/456 596/599/456
f 592/593/457 593/595/457 598/600/457 597/598/457
f 593/595/458 594/596/458 599/601/458 598/600/458
f 594/596/459 595/597/459 600/602/459 599/601/459
f 595/597/460 591/594/460 596/599/460 600/602/460
f 580/586/461 579/584/461 578/582/461 577/579/461 576/578/461
f 596/599/462 597/598/462 598/600/462 599/601/462 600/602/462
o Leaf_009
v 0.635445 1.939997 0.406236
v 0.691448 1.947805 0.163685
v 0.747450 1.955613 -0.078866
v 0.789098 2.036042 0.444805
v 0.856932 1.977815 0.202860
v 0.901103 2.051659 -0.040297
v 0.948595 2.099470 0.483673
v 1.025091 1.992902 0.242171
v 1.060600 2.115086 -0.001429
v 1.119657 2.098352 0.523133
v 1.199324 1.974090 0.281794
v 1.231662 2.113968 0.038031
v 1.299410 2.048729 0.563039
v 1.375906 1.942162 0.321537
v 1.411415 2.064346 0.077937
v 1.483088 1.977204 0.603145
v 1.550922 1.918978 0.361200
v 1.595093 1.992821 0.118043
v 1.664452 1.918590 0.643134
v 1.720454 1.926399 0.400583
v 1.776457 1.934207 0.158031
vn -0.3233 0.9291 -0.1793
vn -0.3823 0.9209 0.0760
vn -0.1366 0.9245 -0.3559
vn -0.2917 0.9029 0.3158
vn 0.1417 0.9102 -0.3893
vn -0.0560 0.8826 0.4668
vn 0.2812 0.8980 -0.3384
vn 0.0919 0.8716 0.4815
vn 0.2956 0.9277 -0.2280
vn 0.1528 0.9078 0.3906
vn 0.1579 0.9855 -0.0622
vn 0.1007 0.9775 0.1851
vt -0.000000 0.000000
vt 0.000000 0.166667
vt 0.500000 0.166667
vt 0.500000 0.000000
vt 1.000000 0.166667
vt 1.000000 -0.000000
vt 0.000000 0.333333
vt 0.500000 0.333333
vt 1.000000 0.333333
vt 0.000000 0.500000
vt 0.500000 0.500000
vt 1.000000 0.500000
vt 0.000000 0.666667
vt 0.500000 0.666667
vt 1.000000 0.666667
vt 0.000000 0.833333
vt 0.500000 0.833333
vt 1.000000 0.833333
vt 0.000000 1.000000
vt 0.500000 1.000000
vt 1.000000 1.000000
s 0
usemtl LeafMat
f 601/603/463 604/604/463 605/605/463 602/606/463
f 602/606/464 605/605/464 606/607/464 603/608/464
f 604/604/465 607/609/465 608/610/465 605/605/465
f 605/605/466 608/610/466 609/611/466 606/607/466
f 607/609/467 610/612/467 611/613/467 608/610/467
f 608/610/468 611/613/468 612/614/468 609/611/468
f 610/612/469 613/615/469 614/616/469 611/613/469
f 611/613/470 614/616/470 615/617/470 612/614/470
f 613/615/471 616/618/471 617/619/471 614/616/471
f 614/616/472 617/619/472 618/620/472 615/617/472
f 616/618/473 619/621/473 620/622/473 617/619/473
f 617/619/474 620/622/474 621/623/474 618/620/474
o Petiole_010
v -0.117903 1.233995 0.225078
v -0.111808 1.224536 0.247295
v -0.087414 1.228149 0.250766
v -0.078433 1.239840 0.230696
v -0.097276 1.243453 0.214820
v -0.150699 1.393486 0.304250
v -0.144271 1.384496 0.323390
v -0.122549 1.387930 0.325595
v -0.115553 1.399042 0.307817
v -0.132950 1.402476 0.294625
v -0.176604 1.526058 0.385967
v -0.169343 1.517001 0.401386
v -0.150364 1.520460 0.401947
v -0.145895 1.531655 0.386874
v -0.162112 1.535114 0.376998
v -0.195293 1.631710 0.469414
v -0.187755 1.622640 0.480951
v -0.171633 1.626104 0.480431
v -0.169207 1.637316 0.468573
v -0.183830 1.640780 0.461764
v -0.206743 1.710443 0.554031
v -0.200016 1.702323 0.562773
v -0.186696 1.705424 0.562035
v -0.185190 1.715462 0.552838
v -0.197580 1.718564 0.547892
vn -0.9476 -0.2737 0.1648
vn -0.0444 -0.4341 0.8998
vn 0.9172 0.0181 0.3981
vn 0.6086 0.4586 -0.6476
vn -0.5439 0.2782 -0.7917
vn -0.9293 -0.3046 0.2090
vn 0.0257 -0.4992 0.8661
vn 0.9420 0.0099 0.3355
vn 0.5532 0.5201 -0.6507
vn -0.6025 0.3257 -0.7286
vn -0.8994 -0.3548 0.2552
vn 0.1137 -0.5813 0.8057
vn 0.9667 0.0100 0.2558
vn 0.4799 0.6037 -0.6366
vn -0.6719 0.3783 -0.6367
vn -0.8724 -0.4101 0.2660
vn 0.1836 -0.6890 0.7011
vn 0.9830 0.0002 0.1838
vn 0.4201 0.7048 -0.5717
vn -0.7245 0.4515 -0.5208
vn 0.1918 -0.8830 -0.4285
vn -0.1184 0.6804 0.7232
vt -0.943225 4.935978
vt -0.894466 4.898145
vt -1.154170 5.537985
vt -1.205594 5.573944
vt -0.699313 4.912596
vt -0.980396 5.551720
vt -0.627463 4.959361
vt -0.924422 5.596168
vt -0.778209 4.973812
vt -1.063602 5.609902
vt -1.354747 6.068004
vt -1.412829 6.104231
vt -1.202913 6.081841
vt -1.167157 6.126620
vt -1.296892 6.140458
vt -1.502039 6.490559
vt -1.562346 6.526840
vt -1.373062 6.504417
vt -1.353656 6.549263
vt -1.470640 6.563121
vt -1.600130 6.809291
vt -1.653944 6.841773
vt -1.493565 6.821698
vt -1.481519 6.861848
vt -1.580639 6.874255
s 0
usemtl PetioleMat
f 622/624/475 623/625/475 628/626/475 627/627/475
f 623/625/476 624/628/476 629/629/476 628/626/476
f 624/628/477 625/630/477 630/631/477 629/629/477
f 625/630/478 626/632/478 631/633/478 630/631/478
f 626/632/479 622/624/479 627/627/479 631/633/479
f 627/627/480 628/626/480 633/634/480 632/635/480
f 628/626/481 629/629/481 634/636/481 633/634/481
f 629/629/482 630/631/482 635/637/482 634/636/482
f 630/631/483 631/633/483 636/638/483 635/637/483
f 631/633/484 627/627/484 632/635/484 636/638/484
f 632/635/485 633/634/485 638/639/485 637/640/485
f 633/634/486 634/636/486 639/641/486 638/639/486
f 634/636/487 635/637/487 640/642/487 639/641/487
f 635/637/488 636/638/488 641/643/488 640/642/488
f 636/638/489 632/635/489 637/640/489 641/643/489
f 637/640/490 638/639/490 643/644/490 642/645/490
f 638/639/491 639/641/491 644/646/491 643/644/491
f 639/641/492 640/642/492 645/647/492 644/646/492
f 640/642/493 641/643/493 646/648/493 645/647/493
f 641/643/494 637/640/494 642/645/494 646/648/494
f 626/632/495 625/630/495 624/628/495 623/625/495 622/624/495
f 642/645/496 643/644/496 644/646/496 645/647/496 646/648/496
o Leaf_010
v -0.391698 1.724760 0.485597
v -0.195245 1.710443 0.555914
v 0.001208 1.696127 0.626230
v -0.432660 1.793862 0.614108
v -0.241562 1.722598 0.687792
v -0.039754 1.765229 0.754741
v -0.475877 1.838981 0.744037
v -0.288700 1.726027 0.820186
v -0.082972 1.810347 0.884670
v -0.523444 1.837852 0.876701
v -0.337702 1.709639 0.953752
v -0.130538 1.809219 1.017334
v -0.574602 1.798536 1.011622
v -0.387425 1.685583 1.087772
v -0.181696 1.769903 1.152256
v -0.627764 1.737903 1.147805
v -0.436667 1.666639 1.221489
v -0.234859 1.709270 1.288438
v -0.680679 1.679904 1.283832
v -0.484227 1.665587 1.354148
v -0.287774 1.651270 1.424465
vn 0.2812 0.9389 -0.1987
vn 0.0313 0.9571 -0.2882
vn 0.4422 0.8968 -0.0137
vn -0.2141 0.9447 -0.2486
vn 0.4626 0.8577 0.2242
vn -0.3850 0.9195 -0.0791
vn 0.4029 0.8455 0.3504
vn -0.4206 0.9056 0.0556
vn 0.2848 0.8848 0.3689
vn -0.3369 0.9301 0.1464
vn 0.1173 0.9599 0.2548
vn -0.1272 0.9777 0.1673
vt 0.000000 0.000000
vt 0.000000 0.166667
vt 0.500000 0.166667
vt 0.500000 0.000000
vt 1.000000 0.166667
vt 1.000000 -0.000000
vt -0.000000 0.333333
vt 0.500000 0.333333
vt 1.000000 0.333333
vt 0.000000 0.500000
vt 0.500000 0.500000
vt 1.000000 0.500000
vt -0.000000 0.666667
vt 0.500000 0.666667
vt 1.000000 0.666667
vt -0.000000 0.833333
vt 0.500000 0.833333
vt 1.000000 0.833333
vt -0.000000 1.000000
vt 0.500000 1.000000
vt 1.000000 1.000000
s 0
usemtl LeafMat
f 647/649/497 650/650/497 651/651/497 648/652/497
f 648/652/498 651/651/498 652/653/498 649/654/498
f 650/650/499 653/655/499 654/656/499 651/651/499
f 651/651/500 654/656/500 655/657/500 652/653/500
f 653/655/501 656/658/501 657/659/501 654/656/501
f 654/656/502 657/659/502 658/660/502 655/657/502
f 656/658/503 659/661/503 660/662/503 657/659/503
f 657/659/504 660/662/504 661/663/504 658/660/504
f 659/661/505 662/664/505 663/665/505 660/662/505
f 660/662/506 663/665/506 664/666/506 661/663/506
f 662/664/507 665/667/507 666/668/507 663/665/507
f 663/665/508 666/668/508 667/669/508 664/666/508
o Petiole_011
v -0.243355 1.230693 0.123092
v -0.252025 1.216127 0.140424
v -0.240815 1.221691 0.161187
v -0.225217 1.239696 0.156688
v -0.226787 1.245259 0.133144
v -0.371140 1.351130 0.162364
v -0.377804 1.337369 0.177502
v -0.368130 1.342625 0.195988
v -0.355488 1.359634 0.192274
v -0.357348 1.364890 0.171494
v -0.498611 1.439501 0.202831
v -0.502268 1.426102 0.215483
v -0.494452 1.431220 0.231784
v -0.485964 1.447782 0.229206
v -0.488534 1.452900 0.211311
v -0.625682 1.495809 0.244467
v -0.626392 1.483355 0.254584
v -0.620468 1.488112 0.268734
v -0.616097 1.503505 0.267362
v -0.619319 1.508262 0.252364
v -0.752303 1.520051 0.287255
v -0.751758 1.509438 0.295307
v -0.747207 1.513492 0.307166
v -0.744938 1.526611 0.306443
v -0.748088 1.530665 0.294138
vn -0.6107 -0.4309 -0.6643
vn -0.5334 -0.6989 0.4765
vn 0.2703 0.0078 0.9627
vn 0.6899 0.7138 0.1209
vn 0.1457 0.4429 -0.8847
vn -0.5520 -0.4846 -0.6786
vn -0.4245 -0.7868 0.4481
vn 0.2764 0.0061 0.9610
vn 0.5818 0.7998 0.1479
vn 0.0712 0.4979 -0.8643
vn -0.4685 -0.5380 -0.7007
vn -0.2742 -0.8716 0.4064
vn 0.2832 0.0046 0.9590
vn 0.4326 0.8817 0.1885
vn -0.0303 0.5486 -0.8355
vn -0.3585 -0.5760 -0.7346
vn -0.0810 -0.9336 0.3489
vn 0.2907 0.0026 0.9568
vn 0.2430 0.9383 0.2461
vn -0.1575 0.5829 -0.7971
vn 0.7136 -0.6696 -0.2058
vn -0.9375 0.1786 0.2988
vt -1.946839 4.922772
vt -2.016201 4.864508
vt -3.022432 5.349477
vt -2.969121 5.404518
vt -1.926522 4.886763
vt -2.945044 5.370501
vt -1.801737 4.958782
vt -2.843903 5.438535
vt -1.814294 4.981037
vt -2.858783 5.459559
vt -4.018147 5.704410
vt -3.988888 5.758005
vt -3.955617 5.724881
vt -3.887711 5.791129
vt -3.908273 5.811601
vt -5.011134 5.933419
vt -5.005455 5.983234
vt -4.963743 5.952447
vt -4.928774 6.014022
vt -4.954553 6.033050
vt -6.014066 6.037750
vt -6.018421 6.080205
vt -5.977653 6.053967
vt -5.959504 6.106443
vt -5.984700 6.122660
s 0
usemtl PetioleMat
f 668/670/509 669/671/509 674/672/509 673/673/509
f 669/671/510 670/674/510 675/675/510 674/672/510
f 670/674/511 671/676/511 676/677/511 675/675/511
f 671/676/512 672/678/512 677/679/512 676/677/512
f 672/678/513 668/670/513 673/673/513 677/679/513
f 673/673/514 674/672/514 679/680/514 678/681/514
f 674/672/515 675/675/515 680/682/515 679/680/515
f 675/675/516 676/677/516 681/683/516 680/682/516
f 676/677/517 677/679/517 682/684/517 681/683/517
f 677/679/518 673/673/518 678/681/518 682/684/518
f 678/681/519 679/680/519 684/685/519 683/686/519
f 679/680/520 680/682/520 685/687/520 684/685/520
f 680/682/521 681/683/521 686/688/521 685/687/521
f 681/683/522 682/684/522 687/689/522 686/688/522
f 682/684/523 678/681/523 683/686/523 687/689/523
f 683/686/524 684/685/524 689/690/524 688/691/524
f 684/685/525 685/687/525 690/692/525 689/690/525
f 685/687/526 686/688/526 691/693/526 690/692/526
f 686/688/527 687/689/527 692/694/527 691/693/527
f 687/689/528 683/686/528 688/691/528 692/694/528
f 672/678/529 671/676/529 670/674/529 669/671/529 668/670/529
f 688/691/530 689/690/530 690/692/530 691/693/530 692/694/530
o Leaf_011
v -0.837179 1.507091 0.079211
v -0.748859 1.520051 0.298062
v -0.660538 1.533012 0.516913
v -0.968974 1.568438 0.128765
v -0.883594 1.532661 0.351690
v -0.792333 1.594359 0.566468
v -1.102056 1.608448 0.180103
v -1.018829 1.536993 0.406009
v -0.925415 1.634369 0.617806
v -1.237638 1.607035 0.234903
v -1.155198 1.522521 0.461900
v -1.060997 1.632956 0.672605
v -1.375234 1.572229 0.292493
v -1.292006 1.500774 0.518398
v -1.198593 1.598149 0.730195
v -1.513902 1.519654 0.351568
v -1.428521 1.483877 0.574492
v -1.337260 1.545574 0.789270
v -1.652333 1.470996 0.410315
v -1.564013 1.483956 0.629166
v -1.475692 1.496917 0.848018
vn 0.2497 0.9671 -0.0482
vn 0.1737 0.9560 -0.2365
vn 0.2179 0.9646 0.1486
vn 0.0147 0.9348 -0.3549
vn 0.0677 0.9507 0.3027
vn -0.1996 0.9115 -0.3597
vn -0.0512 0.9383 0.3419
vn -0.3120 0.9001 -0.3042
vn -0.1256 0.9532 0.2749
vn -0.3198 0.9247 -0.2064
vn -0.1322 0.9859 0.1029
vn -0.2069 0.9749 -0.0822
vt -0.000000 0.000000
vt -0.000000 0.166667
vt 0.500000 0.166667
vt 0.500000 0.000000
vt 1.000000 0.166667
vt 1.000000 -0.000000
vt -0.000000 0.333333
vt 0.500000 0.333333
vt 1.000000 0.333333
vt -0.000000 0.500000
vt 0.500000 0.500000
vt 1.000000 0.500000
vt -0.000000 0.666667
vt 0.500000 0.666667
vt 1.000000 0.666667
vt -0.000000 0.833333
vt 0.500000 0.833333
vt 1.000000 0.833333
vt -0.000000 1.000000
vt 0.500000 1.000000
vt 1.000000 1.000000
s 0
usemtl LeafMat
f 693/695/531 696/696/531 697/697/531 694/698/531
f 694/698/532 697/697/532 698/699/532 695/700/532
f 696/696/533 699/701/533 700/702/533 697/697/533
f 697/697/534 700/702/534 701/703/534 698/699/534
f 699/701/535 702/704/535 703/705/535 700/702/535
f 700/702/536 703/705/536 704/706/536 701/703/536
f 702/704/537 705/707/537 706/708/537 703/705/537
f 703/705/538 706/708/538 707/709/538 704/706/538
f 705/707/539 708/710/539 709/711/539 706/708/539
f 706/708/540 709/711/540 710/712/540 707/709/540
f 708/710/541 711/713/541 712/714/541 709/711/541
f 709/711/542 712/714/542 713/715/542 710/712/542
o Petiole_012
v 0.083433 1.217104 0.241635
v 0.104058 1.207706 0.248615
v 0.119952 1.211296 0.231382
v 0.109149 1.222912 0.213752
v 0.086579 1.226502 0.220089
v 0.170121 1.505904 0.378762
v 0.188287 1.497146 0.384789
v 0.202473 1.500491 0.369605
v 0.193076 1.511317 0.354194
v 0.173081 1.514662 0.359854
v 0.256229 1.759809 0.516217
v 0.271808 1.751375 0.521112
v 0.284351 1.754596 0.508068
v 0.276523 1.765022 0.495112
v 0.259143 1.768243 0.500148
v 0.341776 1.978819 0.654031
v 0.354777 1.970827 0.657769
v 0.365659 1.973880 0.646855
v 0.359384 1.983759 0.636372
v 0.344624 1.986812 0.640807
v 0.426775 2.162935 0.792227
v 0.437414 2.155958 0.795103
v 0.446523 2.158623 0.786155
v 0.441513 2.167247 0.777748
v 0.429308 2.169912 0.781501
vn -0.4213 -0.2828 0.8617
vn 0.6975 -0.4611 0.5485
vn 0.8545 0.0044 -0.5195
vn -0.1675 0.4705 -0.8663
vn -0.9560 0.2931 -0.0128
vn -0.4325 -0.3115 0.8461
vn 0.6817 -0.5070 0.5275
vn 0.8565 0.0052 -0.5162
vn -0.1502 0.5173 -0.8425
vn -0.9468 0.3217 -0.0009
vn -0.4474 -0.3447 0.8253
vn 0.6607 -0.5607 0.4991
vn 0.8589 0.0055 -0.5121
vn -0.1273 0.5716 -0.8106
vn -0.9346 0.3554 0.0155
vn -0.4659 -0.3835 0.7974
vn 0.6337 -0.6230 0.4585
vn 0.8612 0.0063 -0.5083
vn -0.0982 0.6346 -0.7666
vn -0.9183 0.3940 0.0399
vn -0.2559 -0.8718 -0.4176
vn 0.3385 0.7502 0.5680
vt 0.667460 4.868416
vt 0.832465 4.830825
vt 1.506294 5.988583
vt 1.360970 6.023616
vt 0.959614 4.845183
vt 1.619787 6.001964
vt 0.873191 4.891649
vt 1.544605 6.045268
vt 0.692630 4.906008
vt 1.384647 6.058649
vt 2.174468 7.005499
vt 2.049831 7.039236
vt 2.274809 7.018385
vt 2.212186 7.060087
vt 2.073142 7.072973
vt 2.838212 7.883307
vt 2.734208 7.915277
vt 2.925271 7.895519
vt 2.875073 7.935036
vt 2.756989 7.947248
vt 3.499313 8.623832
vt 3.414200 8.651740
vt 3.572180 8.634492
vt 3.532102 8.668988
vt 3.434465 8.679648
s 0
usemtl PetioleMat
f 714/716/543 715/717/543 720/718/543 719/719/543
f 715/717/544 716/720/544 721/721/544 720/718/544
f 716/720/545 717/722/545 722/723/545 721/721/545
f 717/722/546 718/724/546 723/725/546 722/723/546
f 718/724/547 714/716/547 719/719/547 723/725/547
f 719/719/548 720/718/548 725/726/548 724/727/548
f 720/718/549 721/721/549 726/728/549 725/726/549
f 721/721/550 722/723/550 727/729/550 726/728/550
f 722/723/551 723/725/551 728/730/551 727/729/551
f 723/725/552 719/719/552 724/727/552 728/730/552
f 724/727/553 725/726/553 730/731/553 729/732/553
f 725/726/554 726/728/554 731/733/554 730/731/554
f 726/728/555 727/729/555 732/734/555 731/733/555
f 727/729/556 728/730/556 733/735/556 732/734/556
f 728/730/557 724/727/557 729/732/557 733/735/557
f 729/732/558 730/731/558 735/736/558 734/737/558
f 730/731/559 731/733/559 736/738/559 735/736/559
f 731/733/560 732/734/560 737/739/560 736/738/560
f 732/734/561 733/735/561 738/740/561 737/739/561
f 733/735/562 729/732/562 734/737/562 738/740/562
f 718/724/563 717/722/563 716/720/563 715/717/563 714/716/563
f 734/737/564 735/736/564 736/738/564 737/739/564 738/740/564
o Leaf_012
v 0.162370 2.143646 0.942395
v 0.436306 2.162935 0.786547
v 0.710243 2.182224 0.630699
v 0.253810 2.238137 1.114815
v 0.535946 2.199184 0.966172
v 0.801682 2.276715 0.803119
v 0.349493 2.302491 1.290962
v 0.637632 2.220901 1.147594
v 0.897365 2.341069 0.979267
v 0.453629 2.306807 1.474537
v 0.743965 2.209611 1.333099
v 1.001501 2.345385 1.162841
v 0.563957 2.267139 1.663553
v 0.852096 2.185549 1.520184
v 1.111829 2.305717 1.351857
v 0.676892 2.208955 1.854859
v 0.959028 2.170002 1.706216
v 1.224764 2.247533 1.543163
v 0.787828 2.164966 2.044410
v 1.061764 2.184255 1.888562
v 1.335701 2.203543 1.732714
vn -0.1231 0.9503 -0.2861
vn -0.2836 0.9390 -0.1948
vn 0.0660 0.9612 -0.2678
vn -0.3646 0.9309 -0.0228
vn 0.2395 0.9636 -0.1184
vn -0.3246 0.9239 0.2025
vn 0.2919 0.9564 -0.0075
vn -0.2553 0.9179 0.3038
vn 0.2329 0.9710 0.0540
vn -0.1743 0.9423 0.2857
vn 0.0600 0.9972 0.0452
vn -0.0973 0.9861 0.1347
vt -0.000000 -0.000000
vt -0.000000 0.166667
vt 0.500000 0.166667
vt 0.500000 0.000000
vt 1.000000 0.166667
vt 1.000000 0.000000
vt -0.000000 0.333333
vt 0.500000 0.333333
vt 1.000000 0.333333
vt -0.000000 0.500000
vt 0.500000 0.500000
vt 1.000000 0.500000
vt -0.000000 0.666667
vt 0.500000 0.666667
vt 1.000000 0.666667
vt -0.000000 0.833333
vt 0.500000 0.833333
vt 1.000000 0.833333
vt 0.000000 1.000000
vt 0.500000 1.000000
vt 1.000000 1.000000
s 0
usemtl LeafMat
f 739/741/565 742/742/565 743/743/565 740/744/565
f 740/744/566 743/743/566 744/745/566 741/746/566
f 742/742/567 745/747/567 746/748/567 743/743/567
f 743/743/568 746/748/568 747/749/568 744/745/568
f 745/747/569 748/750/569 749/751/569 746/748/569
f 746/748/570 749/751/570 750/752/570 747/749/570
f 748/750/571 751/753/571 752/754/571 749/751/571
f 749/751/572 752/754/572 753/755/572 750/752/572
f 751/753/573 754/756/573 755/757/573 752/754/573
f 752/754/574 755/757/574 756/758/574 753/755/574
f 754/756/575 757/759/575 758/760/575 755/757/575
f 755/757/576 758/760/576 759/761/576 756/758/576
o Petiole_013
v 0.113004 1.200135 -0.205577
v 0.104271 1.184204 -0.225526
v 0.078430 1.190289 -0.230350
v 0.071194 1.209981 -0.213383
v 0.092561 1.216066 -0.198072
v 0.173894 1.350629 -0.354944
v 0.165185 1.335491 -0.371328
v 0.142292 1.341273 -0.375317
v 0.136852 1.359984 -0.361399
v 0.156383 1.365767 -0.348808
v 0.226081 1.458926 -0.507501
v 0.216879 1.444025 -0.518927
v 0.197022 1.449717 -0.522183
v 0.193953 1.468135 -0.512770
v 0.211912 1.473827 -0.503696
v 0.269339 1.525027 -0.662668
v 0.260164 1.511088 -0.669076
v 0.243351 1.516412 -0.671994
v 0.242135 1.533642 -0.667388
v 0.258196 1.538966 -0.661625
v 0.303613 1.548932 -0.820081
v 0.295524 1.537057 -0.823793
v 0.281629 1.541593 -0.826359
v 0.281131 1.556271 -0.824232
v 0.294717 1.560807 -0.820352
vn 0.9011 -0.4285 -0.0662
vn -0.0353 -0.6852 -0.7275
vn -0.9193 0.0128 -0.3933
vn -0.5286 0.7028 0.4760
vn 0.5959 0.4303 0.6780
vn 0.8756 -0.4810 -0.0444
vn -0.1057 -0.7819 -0.6144
vn -0.9373 0.0042 -0.3484
vn -0.4676 0.7940 0.3886
vn 0.6503 0.4951 0.5762
vn 0.8423 -0.5390 0.0037
vn -0.1877 -0.8750 -0.4463
vn -0.9552 0.0015 -0.2959
vn -0.3952 0.8839 0.2500
vn 0.7118 0.5516 0.4348
vn 0.8115 -0.5775 0.0888
vn -0.2628 -0.9399 -0.2182
vn -0.9705 -0.0013 -0.2412
vn -0.3308 0.9422 0.0536
vn 0.7671 0.5878 0.2568
vn -0.2863 -0.6836 0.6713
vn 0.2259 0.1472 -0.9630
vt 0.904032 4.800542
vt 0.834164 4.736818
vt 1.321479 5.341962
vt 1.391151 5.402514
vt 0.627442 4.761158
vt 1.138336 5.365091
vt 0.569548 4.839926
vt 1.094819 5.439938
vt 0.740490 4.864266
vt 1.251068 5.463067
vt 1.735030 5.776100
vt 1.808650 5.835703
vt 1.576179 5.798867
vt 1.551625 5.872540
vt 1.695300 5.895307
vt 2.081310 6.044353
vt 2.154709 6.100108
vt 1.946806 6.065649
vt 1.937078 6.134566
vt 2.065569 6.155863
vt 2.364194 6.148227
vt 2.428904 6.195728
vt 2.253034 6.166371
vt 2.249044 6.225085
vt 2.357738 6.243228
s 0
usemtl PetioleMat
f 760/762/577 761/763/577 766/764/577 765/765/577
f 761/763/578 762/766/578 767/767/578 766/764/578
f 762/766/579 763/768/579 768/769/579 767/767/579
f 763/768/580 764/770/580 769/771/580 768/769/580
f 764/770/581 760/762/581 765/765/581 769/771/581
f 765/765/582 766/764/582 771/772/582 770/773/582
f 766/764/583 767/767/583 772/774/583 771/772/583
f 767/767/584 768/769/584 773/775/584 772/774/584
f 768/769/585 769/771/585 774/776/585 773/775/585
f 769/771/586 765/765/586 770/773/586 774/776/586
f 770/773/587 771/772/587 776/777/587 775/778/587
f 771/772/588 772/774/588 777/779/588 776/777/588
f 772/774/589 773/775/589 778/780/589 777/779/589
f 773/775/590 774/776/590 779/781/590 778/780/590
f 774/776/591 770/773/591 775/778/591 779/781/591
f 775/778/592 776/777/592 781/782/592 780/783/592
f 776/777/593 777/779/593 782/784/593 781/782/593
f 777/779/594 778/780/594 783/785/594 782/784/594
f 778/780/595 779/781/595 784/786/595 783/785/595
f 779/781/596 775/778/596 780/783/596 784/786/596
f 764/770/597 763/768/597 762/766/597 761/763/597 760/762/597
f 780/783/598 781/782/598 782/784/598 783/785/598 784/786/598
o Leaf_013
v 0.494086 1.564308 -0.749768
v 0.291323 1.548932 -0.822963
v 0.088560 1.533556 -0.896158
v 0.537688 1.635917 -0.885598
v 0.340612 1.561776 -0.962200
v 0.132162 1.605166 -1.031987
v 0.583773 1.681870 -1.022914
v 0.390859 1.564709 -1.102012
v 0.178247 1.651119 -1.169304
v 0.634676 1.678038 -1.163118
v 0.443286 1.545130 -1.243129
v 0.229150 1.647287 -1.309508
v 0.689468 1.634003 -1.305653
v 0.496555 1.516841 -1.384751
v 0.283942 1.603251 -1.452043
v 0.746338 1.568501 -1.449434
v 0.549262 1.494359 -1.526036
v 0.340812 1.537750 -1.595824
v 0.802765 1.507577 -1.592948
v 0.600002 1.492202 -1.666143
v 0.397239 1.476826 -1.739338
vn -0.2827 0.9396 0.1930
vn -0.0331 0.9585 0.2831
vn -0.4419 0.8971 0.0046
vn 0.2133 0.9467 0.2412
vn -0.4579 0.8561 -0.2394
vn 0.3861 0.9201 0.0653
vn -0.3968 0.8421 -0.3652
vn 0.4214 0.9042 -0.0699
vn -0.2807 0.8814 -0.3799
vn 0.3372 0.9283 -0.1569
vn -0.1181 0.9589 -0.2579
vn 0.1257 0.9774 -0.1699
vt -0.000000 0.000000
vt -0.000000 0.166667
vt 0.500000 0.166667
vt 0.500000 0.000000
vt 1.000000 0.166667
vt 1.000000 -0.000000
vt -0.000000 0.333333
vt 0.500000 0.333333
vt 1.000000 0.333333
vt -0.000000 0.500000
vt 0.500000 0.500000
vt 1.000000 0.500000
vt -0.000000 0.666667
vt 0.500000 0.666667
vt 1.000000 0.666667
vt -0.000000 0.833333
vt 0.500000 0.833333
vt 1.000000 0.833333
vt -0.000000 1.000000
vt 0.500000 1.000000
vt 1.000000 1.000000
s 0
usemtl LeafMat
f 785/787/599 788/788/599 789/789/599 786/790/599
f 786/790/600 789/789/600 790/791/600 787/792/600
f 788/788/601 791/793/601 792/794/601 789/789/601
f 789/789/602 792/794/602 793/795/602 790/791/602
f 791/793/603 794/796/603 795/797/603 792/794/603
f 792/794/604 795/797/604 796/798/604 793/795/604
f 794/796/605 797/799/605 798/800/605 795/797/605
f 795/797/606 798/800/606 799/801/606 796/798/606
f 797/799/607 800/802/607 801/803/607 798/800/607
f 798/800/608 801/803/608 802/804/608 799/801/608
f 800/802/609 803/805/609 804/806/609 801/803/609
f 801/803/610 804/806/610 805/807/610 802/804/610
o Petiole_014
v -0.147812 1.202320 -0.012182
v -0.162143 1.193881 0.005338
v -0.150830 1.197104 0.026437
v -0.129507 1.207536 0.021957
v -0.127642 1.210759 -0.001910
v -0.362411 1.661305 0.035268
v -0.374849 1.653272 0.050773
v -0.364891 1.656340 0.069510
v -0.346300 1.666269 0.065585
v -0.344767 1.669338 0.044422
v -0.576933 2.048230 0.083123
v -0.587167 2.040147 0.096555
v -0.578671 2.043235 0.112950
v -0.563186 2.053225 0.109649
v -0.562112 2.056313 0.091216
v -0.791361 2.363095 0.131380
v -0.799285 2.355030 0.142706
v -0.792302 2.358111 0.156773
v -0.780063 2.368080 0.154140
v -0.779481 2.371161 0.138447
v -1.005683 2.605901 0.180036
v -1.011824 2.598688 0.189352
v -1.006181 2.601443 0.201061
v -0.996552 2.610358 0.198981
v -0.996245 2.613113 0.185987
vn -0.6871 -0.2507 -0.6820
vn -0.7773 -0.4073 0.4794
vn 0.2044 0.0035 0.9789
vn 0.9015 0.4141 0.1259
vn 0.3507 0.2570 -0.9005
vn -0.6701 -0.2868 -0.6847
vn -0.7470 -0.4660 0.4741
vn 0.2054 0.0036 0.9787
vn 0.8711 0.4734 0.1309
vn 0.3304 0.2941 -0.8968
vn -0.6437 -0.3327 -0.6891
vn -0.7009 -0.5404 0.4656
vn 0.2065 0.0040 0.9784
vn 0.8246 0.5484 0.1391
vn 0.2998 0.3407 -0.8911
vn -0.6005 -0.3902 -0.6980
vn -0.6280 -0.6341 0.4512
vn 0.2072 0.0041 0.9783
vn 0.7508 0.6424 0.1539
vn 0.2522 0.3992 -0.8815
vn 0.4226 -0.9020 -0.0888
vn -0.6559 0.7414 0.1417
vt -1.182496 4.809280
vt -1.297144 4.775522
vt -2.998788 6.613089
vt -2.899289 6.645220
vt -1.206641 4.788416
vt -2.919129 6.625362
vt -1.036060 4.830143
vt -2.770398 6.665078
vt -1.021137 4.843038
vt -2.758136 6.677351
vt -4.697340 8.160588
vt -4.615468 8.192920
vt -4.629369 8.172938
vt -4.505489 8.212901
vt -4.496898 8.225251
vt -6.394282 9.420120
vt -6.330890 9.452381
vt -6.338420 9.432443
vt -6.240502 9.472320
vt -6.235848 9.484642
vt -8.094595 10.394751
vt -8.045466 10.423602
vt -8.049450 10.405771
vt -7.972420 10.441433
vt -7.969958 10.452454
s 0
usemtl PetioleMat
f 806/808/611 807/809/611 812/810/611 811/811/611
f 807/809/612 808/812/612 813/813/612 812/810/612
f 808/812/613 809/814/613 814/815/613 813/813/613
f 809/814/614 810/816/614 815/817/614 814/815/614
f 810/816/615 806/808/615 811/811/615 815/817/615
f 811/811/616 812/810/616 817/818/616 816/819/616
f 812/810/617 813/813/617 818/820/617 817/818/617
f 813/813/618 814/815/618 819/821/618 818/820/618
f 814/815/619 815/817/619 820/822/619 819/821/619
f 815/817/620 811/811/620 816/819/620 820/822/620
f 816/819/621 817/818/621 822/823/621 821/824/621
f 817/818/622 818/820/622 823/825/622 822/823/622
f 818/820/623 819/821/623 824/826/623 823/825/623
f 819/821/624 820/822/624 825/827/624 824/826/624
f 820/822/625 816/819/625 821/824/625 825/827/625
f 821/824/626 822/823/626 827/828/626 826/829/626
f 822/823/627 823/825/627 828/830/627 827/828/627
f 823/825/628 824/826/628 829/831/628 828/830/628
f 824/826/629 825/827/629 830/832/629 829/831/629
f 825/827/630 821/824/630 826/829/630 830/832/630
f 810/816/631 809/814/631 808/812/631 807/809/631 806/808/631
f 826/829/632 827/828/632 828/830/632 829/831/632 830/832/632
o Leaf_014
v -1.061270 2.626407 -0.144223
v -1.003297 2.605901 0.191083
v -0.945324 2.585394 0.526390
v -1.233358 2.767558 -0.105837
v -1.199885 2.662345 0.228525
v -1.117412 2.726545 0.564775
v -1.417054 2.868573 -0.067899
v -1.401518 2.701350 0.265772
v -1.301108 2.827559 0.602714
v -1.623580 2.890661 -0.030841
v -1.614608 2.700742 0.302577
v -1.507634 2.849648 0.639772
v -1.847669 2.852029 0.005540
v -1.832132 2.684806 0.339211
v -1.731723 2.811015 0.676153
v -2.080173 2.784302 0.041597
v -2.046701 2.679089 0.375959
v -1.964227 2.743289 0.712210
v -2.308897 2.729642 0.077800
v -2.250924 2.709136 0.413106
v -2.192951 2.688629 0.748413
vn 0.4856 0.8688 0.0968
vn 0.4429 0.8839 -0.1501
vn 0.3784 0.8665 0.3256
vn 0.2653 0.9065 -0.3285
vn 0.1266 0.8764 0.4646
vn -0.0182 0.9277 -0.3730
vn -0.0307 0.8807 0.4726
vn -0.1690 0.9296 -0.3274
vn -0.0890 0.9200 0.3817
vn -0.1927 0.9567 -0.2182
vn -0.0240 0.9819 0.1876
vn -0.0653 0.9966 -0.0512
vt -0.000000 -0.000000
vt 0.000000 0.166667
vt 0.500000 0.166667
vt 0.500000 0.000000
vt 1.000000 0.166667
vt 1.000000 0.000000
vt 0.000000 0.333333
vt 0.500000 0.333333
vt 1.000000 0.333333
vt 0.000000 0.500000
vt 0.500000 0.500000
vt 1.000000 0.500000
vt 0.000000 0.666667
vt 0.500000 0.666667
vt 1.000000 0.666667
vt 0.000000 0.833333
vt 0.500000 0.833333
vt 1.000000 0.833333
vt 0.000000 1.000000
vt 0.500000 1.000000
vt 1.000000 1.000000
s 0
usemtl LeafMat
f 831/833/633 834/834/633 835/835/633 832/836/633
f 832/836/634 835/835/634 836/837/634 833/838/634
f 834/834/635 837/839/635 838/840/635 835/835/635
f 835/835/636 838/840/636 839/841/636 836/837/636
f 837/839/637 840/842/637 841/843/637 838/840/637
f 838/840/638 841/843/638 842/844/638 839/841/638
f 840/842/639 843/845/639 844/846/639 841/843/639
f 841/843/640 844/846/640 845/847/640 842/844/640
f 843/845/641 846/848/641 847/849/641 844/846/641
f 844/846/642 847/849/642 848/850/642 845/847/642
f 846/848/643 849/851/643 850/852/643 847/849/643
f 847/849/644 850/852/644 851/853/644 848/850/644
o Petiole_015
v -0.098782 1.203637 -0.107446
v -0.121853 1.187576 -0.111804
v -0.140800 1.193710 -0.091492
v -0.129439 1.213563 -0.074579
v -0.103470 1.219698 -0.084439
v -0.182316 1.352367 -0.226888
v -0.202588 1.337553 -0.229527
v -0.218843 1.343211 -0.211057
v -0.208617 1.361523 -0.197002
v -0.186042 1.367181 -0.206786
v -0.274181 1.478722 -0.339905
v -0.291251 1.464771 -0.340029
v -0.304527 1.470100 -0.323254
v -0.295663 1.487345 -0.312763
v -0.276907 1.492674 -0.323053
v -0.373878 1.582703 -0.445804
v -0.387543 1.569860 -0.443938
v -0.398167 1.574766 -0.429165
v -0.391068 1.590641 -0.421901
v -0.376056 1.595547 -0.432185
v -0.481004 1.664310 -0.544275
v -0.491846 1.653280 -0.541909
v -0.500402 1.657493 -0.529506
v -0.494848 1.671126 -0.524206
v -0.482859 1.675339 -0.533334
vn 0.4224 -0.4097 -0.8086
vn -0.6488 -0.6532 -0.3903
vn -0.8294 0.0160 0.5585
vn 0.1305 0.6739 0.7272
vn 0.9041 0.4108 -0.1178
vn 0.3941 -0.4337 -0.8103
vn -0.6344 -0.7077 -0.3109
vn -0.7937 0.0062 0.6083
vn 0.1370 0.7226 0.6776
vn 0.8703 0.4506 -0.1987
vn 0.3627 -0.4684 -0.8056
vn -0.6086 -0.7643 -0.2131
vn -0.7485 0.0053 0.6631
vn 0.1374 0.7783 0.6127
vn 0.8233 0.4854 -0.2943
vn 0.3485 -0.4985 -0.7938
vn -0.5539 -0.8248 -0.1142
vn -0.7021 -0.0021 0.7121
vn 0.1092 0.8326 0.5430
vn 0.7576 0.5259 -0.3867
vn 0.3892 -0.7162 0.5793
vn -0.6304 0.4907 -0.6015
vt -0.790254 4.814547
vt -0.974823 4.750302
vt -1.620705 5.350211
vt -1.458524 5.409468
vt -1.126401 4.774842
vt -1.750747 5.372845
vt -1.035512 4.854252
vt -1.668938 5.446090
vt -0.827762 4.878792
vt -1.488334 5.468724
vt -2.330006 5.859083
vt -2.193446 5.914889
vt -2.436219 5.880399
vt -2.365301 5.949379
vt -2.215260 5.970695
vt -3.100345 6.279440
vt -2.991022 6.330813
vt -3.185339 6.299063
vt -3.128545 6.362564
vt -3.008451 6.382187
vt -3.934764 6.613122
vt -3.848028 6.657239
vt -4.003213 6.629973
vt -3.958781 6.684505
vt -3.862872 6.701356
s 0
usemtl PetioleMat
f 852/854/645 853/855/645 858/856/645 857/857/645
f 853/855/646 854/858/646 859/859/646 858/856/646
f 854/858/647 855/860/647 860/861/647 859/859/647
f 855/860/648 856/862/648 861/863/648 860/861/648
f 856/862/649 852/854/649 857/857/649 861/863/649
f 857/857/650 858/856/650 863/864/650 862/865/650
f 858/856/651 859/859/651 864/866/651 863/864/651
f 859/859/652 860/861/652 865/867/652 864/866/652
f 860/861/653 861/863/653 866/868/653 865/867/653
f 861/863/654 857/857/654 862/865/654 866/868/654
f 862/865/655 863/864/655 868/869/655 867/870/655
f 863/864/656 864/866/656 869/871/656 868/869/656
f 864/866/657 865/867/657 870/872/657 869/871/657
f 865/867/658 866/868/658 871/873/658 870/872/658
f 866/868/659 862/865/659 867/870/659 871/873/659
f 867/870/660 868/869/660 873/874/660 872/875/660
f 868/869/661 869/871/661 874/876/661 873/874/661
f 869/871/662 870/872/662 875/877/662 874/876/662
f 870/872/663 871/873/663 876/878/663 875/877/663
f 871/873/664 867/870/664 872/875/664 876/878/664
f 856/862/665 855/860/665 854/858/665 853/855/665 852/854/665
f 872/875/666 873/874/666 874/876/666 875/877/666 876/878/666
o Leaf_015
v -0.319104 1.645611 -0.693714
v -0.490191 1.664310 -0.534646
v -0.661279 1.683009 -0.375577
v -0.419255 1.707520 -0.808711
v -0.596051 1.677931 -0.650105
v -0.761431 1.744919 -0.490574
v -0.522144 1.746272 -0.923929
v -0.703119 1.681333 -0.765663
v -0.864319 1.783670 -0.605793
v -0.630426 1.739401 -1.039585
v -0.812930 1.661523 -0.881443
v -0.972601 1.776799 -0.721449
v -0.742829 1.697671 -1.155576
v -0.923803 1.632732 -0.997310
v -1.085004 1.735069 -0.837439
v -0.857173 1.639517 -1.271724
v -1.033969 1.609928 -1.113119
v -1.199348 1.676915 -0.953587
v -0.970569 1.589381 -1.387795
v -1.141657 1.608081 -1.228727
v -1.312745 1.626780 -1.069659
vn 0.1433 0.9712 0.1902
vn 0.2922 0.9550 0.0518
vn -0.0551 0.9722 0.2277
vn 0.3426 0.9287 -0.1420
vn -0.2592 0.9565 0.1340
vn 0.2613 0.8996 -0.3499
vn -0.3366 0.9409 0.0380
vn 0.1694 0.8856 -0.4325
vn -0.2946 0.9544 -0.0479
vn 0.0831 0.9131 -0.3991
vn -0.1246 0.9869 -0.1026
vn 0.0215 0.9709 -0.2384
vt -0.000000 0.000000
vt -0.000000 0.166667
vt 0.500000 0.166667
vt 0.500000 0.000000
vt 1.000000 0.166667
vt 1.000000 -0.000000
vt -0.000000 0.333333
vt 0.500000 0.333333
vt 1.000000 0.333333
vt -0.000000 0.500000
vt 0.500000 0.500000
vt 1.000000 0.500000
vt 0.000000 0.666667
vt 0.500000 0.666667
vt 1.000000 0.666667
vt -0.000000 0.833333
vt 0.500000 0.833333
vt 1.000000 0.833333
vt -0.000000 1.000000
vt 0.500000 1.000000
vt 1.000000 1.000000
s 0
usemtl LeafMat
f 877/879/667 880/880/667 881/881/667 878/882/667
f 878/882/668 881/881/668 882/883/668 879/884/668
f 880/880/669 883/885/669 884/886/669 881/881/669
f 881/881/670 884/886/670 885/887/670 882/883/670
f 883/885/671 886/888/671 887/889/671 884/886/671
f 884/886/672 887/889/672 888/890/672 885/887/672
f 886/888/673 889/891/673 890/892/673 887/889/673
f 887/889/674 890/892/674 891/893/674 888/890/674
f 889/891/675 892/894/675 893/895/675 890/892/675
f 890/892/676 893/895/676 894/896/676 891/893/676
f 892/894/677 895/897/677 896/898/677 893/895/677
f 893/895/678 896/898/678 897/899/678 894/896/678
o Petiole_016
v -0.084801 1.232830 0.204155
v -0.074739 1.223091 0.227719
v -0.047583 1.226811 0.227513
v -0.040862 1.238849 0.203822
v -0.063864 1.242569 0.189386
v -0.119695 1.514074 0.336767
v -0.111055 1.504775 0.357520
v -0.086992 1.508327 0.357905
v -0.080760 1.519822 0.337391
v -0.100972 1.523374 0.324327
v -0.159009 1.748584 0.467667
v -0.151845 1.739158 0.485306
v -0.130953 1.742758 0.486651
v -0.125204 1.754409 0.469843
v -0.142544 1.758009 0.458111
v -0.202852 1.936359 0.597217
v -0.196874 1.926872 0.611502
v -0.179210 1.930496 0.613650
v -0.174271 1.942222 0.600693
v -0.188882 1.945845 0.590537
v -0.251325 2.077399 0.725638
v -0.246335 2.068886 0.737035
v -0.231783 2.072138 0.739256
v -0.227778 2.082661 0.729230
v -0.239856 2.085913 0.720814
vn -0.9259 -0.2494 0.2836
vn 0.0554 -0.4126 0.9092
vn 0.9593 0.0027 0.2825
vn 0.5361 0.4227 -0.7307
vn -0.6290 0.2670 -0.7301
vn -0.9264 -0.2905 0.2397
vn 0.0415 -0.4738 0.8796
vn 0.9509 0.0069 0.3095
vn 0.5439 0.4873 -0.6831
vn -0.6160 0.3038 -0.7268
vn -0.9233 -0.3401 0.1786
vn 0.0284 -0.5540 0.8320
vn 0.9392 0.0077 0.3433
vn 0.5485 0.5688 -0.6129
vn -0.6020 0.3545 -0.7155
vn -0.9079 -0.4064 0.1029
vn 0.0374 -0.6549 0.7548
vn 0.9277 0.0126 0.3732
vn 0.5315 0.6728 -0.5147
vn -0.6021 0.4148 -0.6822
vn 0.1199 -0.8984 -0.4225
vn -0.2589 0.7161 0.6482
vt -0.678410 4.931322
vt -0.597914 4.892366
vt -0.888441 6.019099
vt -0.957562 6.056297
vt -0.380664 4.907246
vt -0.695936 6.033308
vt -0.326893 4.955398
vt -0.646083 6.079287
vt -0.510910 4.970277
vt -0.807777 6.093495
vt -1.214764 6.956632
vt -1.272072 6.994335
vt -1.047623 6.971033
vt -1.001632 7.017636
vt -1.140349 7.032038
vt -1.574993 7.707489
vt -1.622816 7.745435
vt -1.433680 7.721983
vt -1.394165 7.768886
vt -1.511058 7.783380
vt -1.970683 8.275543
vt -2.010598 8.309597
vt -1.854262 8.288550
vt -1.822227 8.330644
vt -1.918848 8.343651
s 0
usemtl PetioleMat
f 898/900/679 899/901/679 904/902/679 903/903/679
f 899/901/680 900/904/680 905/905/680 904/902/680
f 900/904/681 901/906/681 906/907/681 905/905/681
f 901/906/682 902/908/682 907/909/682 906/907/682
f 902/908/683 898/900/683 903/903/683 907/909/683
f 903/903/684 904/902/684 909/910/684 908/911/684
f 904/902/685 905/905/685 910/912/685 909/910/685
f 905/905/686 906/907/686 911/913/686 910/912/686
f 906/907/687 907/909/687 912/914/687 911/913/687
f 907/909/688 903/903/688 908/911/688 912/914/688
f 908/911/689 909/910/689 914/915/689 913/916/689
f 909/910/690 910/912/690 915/917/690 914/915/690
f 910/912/691 911/913/691 916/918/691 915/917/691
f 911/913/692 912/914/692 917/919/692 916/918/692
f 912/914/693 908/911/693 913/916/693 917/919/693
f 913/916/694 914/915/694 919/920/694 918/921/694
f 914/915/695 915/917/695 920/922/695 919/920/695
f 915/917/696 916/918/696 921/923/696 920/922/696
f 916/918/697 917/919/697 922/924/697 921/923/697
f 917/919/698 913/916/698 918/921/698 922/924/698
f 902/908/699 901/906/699 900/904/699 899/901/699 898/900/699
f 918/921/700 919/920/700 920/922/700 921/923/700 922/924/700
o Leaf_016
v -0.521673 2.080880 0.637227
v -0.239415 2.077399 0.730395
v 0.042842 2.073919 0.823562
v -0.582355 2.195793 0.825362
v -0.305255 2.114701 0.931253
v -0.017841 2.188832 1.011697
v -0.645522 2.273315 1.019627
v -0.372196 2.135406 1.134831
v -0.081007 2.266354 1.205961
v -0.713586 2.277120 1.225976
v -0.441643 2.118416 1.344589
v -0.149072 2.270159 1.412310
v -0.785384 2.224748 1.441534
v -0.512058 2.086839 1.556738
v -0.220869 2.217786 1.627869
v -0.858928 2.146079 1.661403
v -0.581827 2.064986 1.767293
v -0.294413 2.139118 1.847738
v -0.931593 2.080648 1.879102
v -0.649336 2.077168 1.972269
v -0.367078 2.073687 2.065436
vn 0.2415 0.9278 -0.2845
vn -0.0040 0.9308 -0.3655
vn 0.4004 0.9115 -0.0941
vn -0.2454 0.9194 -0.3073
vn 0.4155 0.8944 0.1656
vn -0.4125 0.9046 -0.1076
vn 0.3570 0.8870 0.2928
vn -0.4413 0.8969 0.0293
vn 0.2473 0.9221 0.2977
vn -0.3553 0.9295 0.0988
vn 0.0936 0.9835 0.1549
vn -0.1455 0.9864 0.0760
vt 0.000000 -0.000000
vt 0.000000 0.166667
vt 0.500000 0.166667
vt 0.500000 0.000000
vt 1.000000 0.166667
vt 1.000000 0.000000
vt 0.000000 0.333333
vt 0.500000 0.333333
vt 1.000000 0.333333
vt 0.000000 0.500000
vt 0.500000 0.500000
vt 1.000000 0.500000
vt 0.000000 0.666667
vt 0.500000 0.666667
vt 1.000000 0.666667
vt 0.000000 0.833333
vt 0.500000 0.833333
vt 1.000000 0.833333
vt 0.000000 1.000000
vt 0.500000 1.000000
vt 1.000000 1.000000
s 0
usemtl LeafMat
f 923/925/701 926/926/701 927/927/701 924/928/701
f 924/928/702 927/927/702 928/929/702 925/930/702
f 926/926/703 929/931/703 930/932/703 927/927/703
f 927/927/704 930/932/704 931/933/704 928/929/704
f 929/931/705 932/934/705 933/935/705 930/932/705
f 930/932/706 933/935/706 934/936/706 931/933/706
f 932/934/707 935/937/707 936/938/707 933/935/707
f 933/935/708 936/938/708 937/939/708 934/936/708
f 935/937/709 938/940/709 939/941/709 936/938/709
f 936/938/710 939/941/710 940/942/710 937/939/710
f 938/940/711 941/943/711 942/944/711 939/941/711
f 939/941/712 942/944/712 943/945/712 940/942/712
o Petiole_017
v 0.068264 1.220378 0.120347
v 0.088125 1.207993 0.125906
v 0.104760 1.212724 0.109184
v 0.095180 1.228032 0.093290
v 0.072624 1.232762 0.100189
v 0.199726 1.524069 0.333990
v 0.217232 1.512621 0.338271
v 0.231801 1.516994 0.323289
v 0.223300 1.531145 0.309749
v 0.203476 1.535517 0.316363
v 0.338581 1.787600 0.542849
v 0.353545 1.776773 0.545391
v 0.365970 1.780908 0.532120
v 0.358685 1.794291 0.521376
v 0.341758 1.798427 0.528007
v 0.484647 2.010969 0.746631
v 0.496996 2.000945 0.747653
v 0.507408 2.004774 0.736210
v 0.501494 2.017164 0.728116
v 0.487427 2.020993 0.734557
v 0.637791 2.194177 0.945178
v 0.647806 2.185537 0.945524
v 0.656383 2.188838 0.936005
v 0.651670 2.199517 0.929777
v 0.640179 2.202818 0.935446
vn -0.4517 -0.3738 0.8101
vn 0.6494 -0.6002 0.4669
vn 0.8555 0.0077 -0.5178
vn -0.1187 0.6101 -0.7834
vn -0.9265 0.3744 0.0372
vn -0.4434 -0.4008 0.8017
vn 0.6370 -0.6512 0.4125
vn 0.8400 0.0032 -0.5425
vn -0.1156 0.6585 -0.7437
vn -0.9084 0.4089 0.0867
vn -0.4347 -0.4345 0.7888
vn 0.6189 -0.7059 0.3444
vn 0.8209 0.0029 -0.5711
vn -0.1089 0.7131 -0.6926
vn -0.8844 0.4429 0.1474
vn -0.4370 -0.4673 0.7686
vn 0.5844 -0.7655 0.2691
vn 0.8023 -0.0010 -0.5969
vn -0.0850 0.7699 -0.6325
vn -0.8505 0.4819 0.2109
vn -0.3285 -0.7714 -0.5450
vn 0.4871 0.5903 0.6436
vt 0.546114 4.881511
vt 0.705002 4.831973
vt 1.737856 6.050485
vt 1.597806 6.096277
vt 0.838082 4.850894
vt 1.854412 6.067976
vt 0.761442 4.912127
vt 1.786398 6.124578
vt 0.580996 4.931049
vt 1.627807 6.142069
vt 2.828363 7.107091
vt 2.708651 7.150399
vt 2.927763 7.123633
vt 2.869484 7.177165
vt 2.734065 7.193707
vt 3.975965 8.003779
vt 3.877178 8.043877
vt 4.059260 8.019095
vt 4.011952 8.068658
vt 3.899420 8.083974
vt 5.182446 8.742148
vt 5.102328 8.776710
vt 5.251067 8.755350
vt 5.213359 8.798069
vt 5.121433 8.811271
s 0
usemtl PetioleMat
f 944/946/713 945/947/713 950/948/713 949/949/713
f 945/947/714 946/950/714 951/951/714 950/948/714
f 946/950/715 947/952/715 952/953/715 951/951/715
f 947/952/716 948/954/716 953/955/716 952/953/716
f 948/954/717 944/946/717 949/949/717 953/955/717
f 949/949/718 950/948/718 955/956/718 954/957/718
f 950/948/719 951/951/719 956/958/719 955/956/719
f 951/951/720 952/953/720 957/959/720 956/958/720
f 952/953/721 953/955/721 958/960/721 957/959/721
f 953/955/722 949/949/722 954/957/722 958/960/722
f 954/957/723 955/956/723 960/961/723 959/962/723
f 955/956/724 956/958/724 961/963/724 960/961/724
f 956/958/725 957/959/725 962/964/725 961/963/725
f 957/959/726 958/960/726 963/965/726 962/964/726
f 958/960/727 954/957/727 959/962/727 963/965/727
f 959/962/728 960/961/728 965/966/728 964/967/728
f 960/961/729 961/963/729 966/968/729 965/966/729
f 961/963/730 962/964/730 967/969/730 966/968/730
f 962/964/731 963/965/731 968/970/731 967/969/731
f 963/965/732 959/962/732 964/967/732 968/970/732
f 948/954/733 947/952/733 946/950/733 945/947/733 944/946/733
f 964/967/734 965/966/734 966/968/734 967/969/734 968/970/734
o Leaf_017
v 0.433931 2.220875 1.079357
v 0.646766 2.194177 0.938386
v 0.859601 2.167480 0.797415
v 0.536048 2.304482 1.217698
v 0.749469 2.226114 1.087397
v 0.961718 2.251086 0.935756
v 0.638454 2.362588 1.361304
v 0.852304 2.246396 1.238815
v 1.064124 2.309193 1.079363
v 0.741432 2.370240 1.515330
v 0.955440 2.240202 1.395700
v 1.167103 2.316844 1.233389
v 0.844841 2.339958 1.677190
v 1.058692 2.223765 1.554701
v 1.270512 2.286562 1.395248
v 0.948445 2.292525 1.842591
v 1.161866 2.214157 1.712291
v 1.374115 2.239130 1.560650
v 1.051934 2.255150 2.005916
v 1.264769 2.228452 1.864945
v 1.477605 2.201754 1.723974
vn -0.0060 0.9293 -0.3694
vn -0.1739 0.9503 -0.2582
vn 0.1916 0.9073 -0.3744
vn -0.2564 0.9635 -0.0776
vn 0.3722 0.8936 -0.2510
vn -0.2141 0.9671 0.1374
vn 0.4296 0.8910 -0.1470
vn -0.1413 0.9626 0.2312
vn 0.3751 0.9238 -0.0770
vn -0.0515 0.9773 0.2055
vn 0.2023 0.9774 -0.0607
vn 0.0374 0.9981 0.0485
vt -0.000000 0.000000
vt 0.000000 0.166667
vt 0.500000 0.166667
vt 0.500000 0.000000
vt 1.000000 0.166667
vt 1.000000 0.000000
vt -0.000000 0.333333
vt 0.500000 0.333333
vt 1.000000 0.333333
vt 0.000000 0.500000
vt 0.500000 0.500000
vt 1.000000 0.500000
vt -0.000000 0.666667
vt 0.500000 0.666667
vt 1.000000 0.666667
vt 0.000000 0.833333
vt 0.500000 0.833333
vt 1.000000 0.833333
vt 0.000000 1.000000
vt 0.500000 1.000000
vt 1.000000 1.000000
s 0
usemtl LeafMat
f 969/971/735 972/972/735 973/973/735 970/974/735
f 970/974/736 973/973/736 974/975/736 971/976/736
f 972/972/737 975/977/737 976/978/737 973/973/737
f 973/973/738 976/978/738 977/979/738 974/975/738
f 975/977/739 978/980/739 979/981/739 976/978/739
f 976/978/740 979/981/740 980/982/740 977/979/740
f 978/980/741 981/983/741 982/984/741 979/981/741
f 979/981/742 982/984/742 983/985/742 980/982/742
f 981/983/743 984/986/743 985/987/743 982/984/743
f 982/984/744 985/987/744 986/988/744 983/985/744
f 984/986/745 987/989/745 988/990/745 985/987/745
f 985/987/746 988/990/746 989/991/746 986/988/746
o Petiole_018
v -0.060782 1.227597 -0.158564
v -0.083877 1.218881 -0.164163
v -0.098626 1.222210 -0.143864
v -0.084648 1.232984 -0.125720
v -0.061259 1.236313 -0.134805
v -0.199818 1.705499 -0.335059
v -0.220127 1.697244 -0.339960
v -0.233395 1.700397 -0.322108
v -0.221285 1.710602 -0.306176
v -0.200534 1.713755 -0.314180
v -0.336587 2.113585 -0.513154
v -0.353930 2.105359 -0.517197
v -0.365837 2.108501 -0.501927
v -0.355852 2.118669 -0.488447
v -0.337775 2.121811 -0.495386
v -0.471165 2.451854 -0.692948
v -0.485516 2.443733 -0.695992
v -0.496020 2.446835 -0.683293
v -0.488159 2.456873 -0.672401
v -0.472798 2.459975 -0.678368
v -0.603595 2.720306 -0.874507
v -0.615271 2.713075 -0.876787
v -0.624136 2.715837 -0.866415
v -0.617940 2.724775 -0.857724
v -0.605245 2.727537 -0.862725
vn 0.3177 -0.2459 -0.9158
vn -0.7693 -0.4018 -0.4967
vn -0.7947 0.0022 0.6070
vn 0.2770 0.4078 0.8701
vn 0.9645 0.2545 -0.0710
vn 0.3362 -0.2800 -0.8992
vn -0.7485 -0.4551 -0.4824
vn -0.8008 0.0037 0.5989
vn 0.2521 0.4625 0.8500
vn 0.9548 0.2873 -0.0755
vn 0.3615 -0.3216 -0.8751
vn -0.7186 -0.5223 -0.4591
vn -0.8085 0.0041 0.5885
vn 0.2172 0.5304 0.8194
vn 0.9404 0.3295 -0.0845
vn 0.3927 -0.3745 -0.8400
vn -0.6784 -0.6059 -0.4155
vn -0.8151 0.0060 0.5793
vn 0.1721 0.6154 0.7692
vn 0.9185 0.3806 -0.1073
vn 0.2598 -0.9049 0.3372
vn -0.3727 0.7667 -0.5227
vt -0.486256 4.910388
vt -0.671012 4.875524
vt -1.761020 6.788975
vt -1.598547 6.821998
vt -0.789011 4.888841
vt -1.867158 6.801589
vt -0.677181 4.931935
vt -1.770281 6.842407
vt -0.490069 4.945252
vt -1.604270 6.855020
vt -2.831443 8.421434
vt -2.692698 8.454340
vt -2.926694 8.434003
vt -2.846818 8.474677
vt -2.702200 8.487246
vt -3.884132 9.774931
vt -3.769317 9.807415
vt -3.968157 9.787338
vt -3.905271 9.827492
vt -3.782381 9.839899
vt -4.922167 10.852301
vt -4.828762 10.881224
vt -4.993090 10.863348
vt -4.943518 10.899099
vt -4.841957 10.910147
s 0
usemtl PetioleMat
f 990/992/747 991/993/747 996/994/747 995/995/747
f 991/993/748 992/996/748 997/997/748 996/994/748
f 992/996/749 993/998/749 998/999/749 997/997/749
f 993/998/750 994/1000/750 999/1001/750 998/999/750
f 994/1000/751 990/992/751 995/995/751 999/1001/751
f 995/995/752 996/994/752 1001/1002/752 1000/1003/752
f 996/994/753 997/997/753 1002/1004/753 1001/1002/753
f 997/997/754 998/999/754 1003/1005/754 1002/1004/754
f 998/999/755 999/1001/755 1004/1006/755 1003/1005/755
f 999/1001/756 995/995/756 1000/1003/756 1004/1006/756
f 1000/1003/757 1001/1002/757 1006/1007/757 1005/1008/757
f 1001/1002/758 1002/1004/758 1007/1009/758 1006/1007/758
f 1002/1004/759 1003/1005/759 1008/1010/759 1007/1009/759
f 1003/1005/760 1004/1006/760 1009/1011/760 1008/1010/760
f 1004/1006/761 1000/1003/761 1005/1008/761 1009/1011/761
f 1005/1008/762 1006/1007/762 1011/1012/762 1010/1013/762
f 1006/1007/763 1007/1009/763 1012/1014/763 1011/1012/763
f 1007/1009/764 1008/1010/764 1013/1015/764 1012/1014/764
f 1008/1010/765 1009/1011/765 1014/1016/765 1013/1015/765
f 1009/1011/766 1005/1008/766 1010/1013/766 1014/1016/766
f 994/1000/767 993/998/767 992/996/767 991/993/767 990/992/767
f 1010/1013/768 1011/1012/768 1012/1014/768 1013/1015/768 1014/1016/768
o Leaf_018
v -0.342942 2.734129 -1.053901
v -0.613237 2.720306 -0.867632
v -0.883533 2.706483 -0.681362
v -0.465292 2.858977 -1.222179
v -0.743291 2.783859 -1.051636
v -1.005884 2.831330 -0.849641
v -0.591521 2.952960 -1.398376
v -0.875159 2.832972 -1.239345
v -1.132113 2.925314 -1.025838
v -0.725447 2.985695 -1.590287
v -1.011149 2.849283 -1.435471
v -1.266039 2.958049 -1.217749
v -0.865096 2.972891 -1.793883
v -1.148734 2.852903 -1.634852
v -1.405688 2.945244 -1.421344
v -1.007257 2.940101 -2.002605
v -1.285256 2.864983 -1.832063
v -1.547849 2.912454 -1.630067
v -1.147760 2.920502 -2.207944
v -1.418056 2.906678 -2.021675
v -1.688351 2.892855 -1.835406
vn 0.1151 0.9079 0.4031
vn 0.2725 0.9159 0.2946
vn -0.0749 0.9088 0.4105
vn 0.3464 0.9304 0.1201
vn -0.2537 0.9219 0.2930
vn 0.2992 0.9501 -0.0880
vn -0.3122 0.9301 0.1936
vn 0.2266 0.9577 -0.1777
vn -0.2576 0.9577 0.1280
vn 0.1442 0.9783 -0.1489
vn -0.0858 0.9897 0.1148
vn 0.0689 0.9976 0.0081
vt 0.000000 -0.000000
vt -0.000000 0.166667
vt 0.500000 0.166667
vt 0.500000 0.000000
vt 1.000000 0.166667
vt 1.000000 0.000000
vt -0.000000 0.333333
vt 0.500000 0.333333
vt 1.000000 0.333333
vt -0.000000 0.500000
vt 0.500000 0.500000
vt 1.000000 0.500000
vt 0.000000 0.666667
vt 0.500000 0.666667
vt 1.000000 0.666667
vt 0.000000 0.833333
vt 0.500000 0.833333
vt 1.000000 0.833333
vt -0.000000 1.000000
vt 0.500000 1.000000
vt 1.000000 1.000000
s 0
usemtl LeafMat
f 1015/1017/769 1018/1018/769 1019/1019/769 1016/1020/769
f 1016/1020/770 1019/1019/770 1020/1021/770 1017/1022/770
f 1018/1018/771 1021/1023/771 1022/1024/771 1019/1019/771
f 1019/1019/772 1022/1024/772 1023/1025/772 1020/1021/772
f 1021/1023/773 1024/1026/773 1025/1027/773 1022/1024/773
f 1022/1024/774 1025/1027/774 1026/1028/774 1023/1025/774
f 1024/1026/775 1027/1029/775 1028/1030/775 1025/1027/775
f 1025/1027/776 1028/1030/776 1029/1031/776 1026/1028/776
f 1027/1029/777 1030/1032/777 1031/1033/777 1028/1030/777
f 1028/1030/778 1031/1033/778 1032/1034/778 1029/1031/778
f 1030/1032/779 1033/1035/779 1034/1036/779 1031/1033/779
f 1031/1033/780 1034/1036/780 1035/1037/780 1032/1034/780
o Petiole_019
v 0.218824 1.227019 0.006515
v 0.195318 1.233823 0.024299
v 0.204296 1.231210 0.053068
v 0.233352 1.222792 0.053065
v 0.242331 1.220201 0.024293
v 0.357859 1.706923 0.009601
v 0.337092 1.713248 0.025398
v 0.345024 1.710751 0.050926
v 0.370693 1.702883 0.050905
v 0.378625 1.700517 0.025366
v 0.496420 2.136562 0.054421
v 0.514647 2.130380 0.041034
v 0.508284 2.132741 0.018593
v 0.486125 2.140382 0.018112
v 0.478792 2.142743 0.040254
v 0.635210 2.516101 0.055417
v 0.650700 2.510159 0.044173
v 0.645610 2.512429 0.024923
v 0.626975 2.519774 0.024268
v 0.620548 2.522044 0.043114
v 0.774139 2.845484 0.058269
v 0.786934 2.840249 0.049010
v 0.782855 2.842248 0.033004
v 0.767540 2.848719 0.032371
v 0.762153 2.850718 0.047985
vn -0.5635 0.1685 -0.8088
vn -0.9121 0.2690 0.3094
vn 0.0016 0.0040 1.0000
vn 0.9149 -0.2603 0.3086
vn 0.5657 -0.1587 -0.8092
vn -0.6494 0.2926 -0.7019
vn -0.8302 0.3459 0.4373
vn 0.1433 0.0285 0.9893
vn 0.9580 -0.2313 0.1695
vn 0.4492 -0.0620 -0.8913
vn 0.5312 -0.1968 0.8241
vn 0.9033 -0.3216 -0.2839
vn 0.0299 0.0055 -0.9995
vn -0.8821 0.3325 -0.3337
vn -0.5723 0.2076 0.7933
vn 0.5126 -0.2235 0.8290
vn 0.8900 -0.3634 -0.2754
vn 0.0409 0.0073 -0.9991
vn -0.8611 0.3762 -0.3418
vn -0.5698 0.2337 0.7879
vn -0.2783 -0.9605 -0.0004
vn 0.3885 0.9213 0.0161
vt 1.750594 4.908078
vt 1.562542 4.935293
vt 2.696738 6.852991
vt 2.862869 6.827692
vt 1.634372 4.924841
vt 2.760194 6.843003
vt 1.866817 4.891166
vt 2.965544 6.811531
vt 1.938647 4.880806
vt 3.029001 6.802068
vt 4.117172 8.521521
vt 3.971360 8.546247
vt 4.066269 8.530965
vt 3.888996 8.561528
vt 3.830339 8.570972
vt 5.205599 10.040636
vt 5.081682 10.064405
vt 5.164882 10.049715
vt 5.015800 10.079096
vt 4.964380 10.088175
vt 6.295468 11.360996
vt 6.193111 11.381934
vt 6.262841 11.368994
vt 6.140320 11.394875
vt 6.097224 11.402872
s 0
usemtl PetioleMat
f 1036/1038/781 1037/1039/781 1042/1040/781 1041/1041/781
f 1037/1039/782 1038/1042/782 1043/1043/782 1042/1040/782
f 1038/1042/783 1039/1044/783 1044/1045/783 1043/1043/783
f 1039/1044/784 1040/1046/784 1045/1047/784 1044/1045/784
f 1040/1046/785 1036/1038/785 1041/1041/785 1045/1047/785
f 1041/1041/786 1042/1040/786 1047/1048/786 1046/1049/786
f 1042/1040/787 1043/1043/787 1048/1050/787 1047/1048/787
f 1043/1043/788 1044/1045/788 1049/1051/788 1048/1050/788
f 1044/1045/789 1045/1047/789 1050/1052/789 1049/1051/789
f 1045/1047/790 1041/1041/790 1046/1049/790 1050/1052/790
f 1046/1049/791 1047/1048/791 1052/1053/791 1051/1054/791
f 1047/1048/792 1048/1050/792 1053/1055/792 1052/1053/792
f 1048/1050/793 1049/1051/793 1054/1056/793 1053/1055/793
f 1049/1051/794 1050/1052/794 1055/1057/794 1054/1056/794
f 1050/1052/795 1046/1049/795 1051/1054/795 1055/1057/795
f 1051/1054/796 1052/1053/796 1057/1058/796 1056/1059/796
f 1052/1053/797 1053/1055/797 1058/1060/797 1057/1058/797
f 1053/1055/798 1054/1056/798 1059/1061/798 1058/1060/798
f 1054/1056/799 1055/1057/799 1060/1062/799 1059/1061/799
f 1055/1057/800 1051/1054/800 1056/1059/800 1060/1062/800
f 1040/1046/801 1039/1044/801 1038/1042/801 1037/1039/801 1036/1038/801
f 1056/1059/802 1057/1058/802 1058/1060/802 1059/1061/802 1060/1062/802
o Leaf_019
v 0.743452 2.875805 0.442759
v 0.774724 2.845484 0.044128
v 0.805996 2.815162 -0.354503
v 0.962620 3.042210 0.447295
v 1.020729 2.914982 0.058140
v 1.025164 2.981568 -0.349967
v 1.194397 3.163086 0.456283
v 1.272152 2.964917 0.074065
v 1.256941 3.102444 -0.340979
v 1.450936 3.194551 0.474015
v 1.535882 2.970416 0.094336
v 1.513479 3.133908 -0.323248
v 1.726618 3.156888 0.498506
v 1.804373 2.958720 0.116288
v 1.789161 3.096246 -0.298756
v 2.011580 3.085715 0.526275
v 2.069690 2.958487 0.137120
v 2.074124 3.025072 -0.270988
v 2.292624 3.028694 0.552659
v 2.323895 2.998373 0.154028
v 2.355167 2.968052 -0.244603
vn -0.4337 0.8728 -0.2238
vn -0.4528 0.8914 0.0200
vn -0.2842 0.8644 -0.4147
vn -0.3348 0.9135 0.2309
vn -0.0262 0.8719 -0.4889
vn -0.0914 0.9352 0.3422
vn 0.1191 0.8790 -0.4618
vn 0.0565 0.9397 0.3372
vn 0.1513 0.9200 -0.3615
vn 0.1043 0.9656 0.2381
vn 0.0468 0.9805 -0.1908
vn 0.0282 0.9985 0.0461
vt -0.000000 -0.000000
vt -0.000000 0.166667
vt 0.500000 0.166667
vt 0.500000 0.000000
vt 1.000000 0.166667
vt 1.000000 0.000000
vt 0.000000 0.333333
vt 0.500000 0.333333
vt 1.000000 0.333333
vt 0.000000 0.500000
vt 0.500000 0.500000
vt 1.000000 0.500000
vt 0.000000 0.666667
vt 0.500000 0.666667
vt 1.000000 0.666667
vt -0.000000 0.833333
vt 0.500000 0.833333
vt 1.000000 0.833333
vt -0.000000 1.000000
vt 0.500000 1.000000
vt 1.000000 1.000000
s 0
usemtl LeafMat
f 1061/1063/803 1064/1064/803 1065/1065/803 1062/1066/803
f 1062/1066/804 1065/1065/804 1066/1067/804 1063/1068/804
f 1064/1064/805 1067/1069/805 1068/1070/805 1065/1065/805
f 1065/1065/806 1068/1070/806 1069/1071/806 1066/1067/806
f 1067/1069/807 1070/1072/807 1071/1073/807 1068/1070/807
f 1068/1070/808 1071/1073/808 1072/1074/808 1069/1071/808
f 1070/1072/809 1073/1075/809 1074/1076/809 1071/1073/809
f 1071/1073/810 1074/1076/810 1075/1077/810 1072/1074/810
f 1073/1075/811 1076/1078/811 1077/1079/811 1074/1076/811
f 1074/1076/812 1077/1079/812 1078/1080/812 1075/1077/812
f 1076/1078/813 1079/1081/813 1080/1082/813 1077/1079/813
f 1077/1079/814 1080/1082/814 1081/1083/814 1078/1080/814
o Petiole_020
v -0.201316 1.227293 0.035029
v -0.212401 1.216594 0.053505
v -0.199418 1.220681 0.073340
v -0.180308 1.233906 0.067123
v -0.181482 1.237992 0.043445
v -0.377726 1.510352 0.094845
v -0.387148 1.500195 0.111090
v -0.375812 1.504075 0.128761
v -0.359384 1.516629 0.123438
v -0.360567 1.520508 0.102477
v -0.554253 1.743000 0.154260
v -0.561543 1.732877 0.168115
v -0.552049 1.736744 0.183688
v -0.538892 1.749256 0.179457
v -0.540254 1.753123 0.161270
v -0.730918 1.925238 0.213280
v -0.735938 1.915337 0.224715
v -0.728325 1.919119 0.238196
v -0.718600 1.931358 0.235093
v -0.720203 1.935140 0.219694
v -0.907733 2.057067 0.271910
v -0.911270 2.048329 0.281195
v -0.905206 2.051667 0.292471
v -0.897922 2.062467 0.290155
v -0.899484 2.065804 0.277448
vn -0.7200 -0.3185 -0.6166
vn -0.6631 -0.5183 0.5400
vn 0.3061 0.0043 0.9520
vn 0.8482 0.5274 0.0493
vn 0.2142 0.3280 -0.9201
vn -0.6892 -0.3628 -0.6271
vn -0.6155 -0.5896 0.5230
vn 0.3035 0.0049 0.9528
vn 0.7977 0.5994 0.0668
vn 0.1848 0.3726 -0.9094
vn -0.6436 -0.4158 -0.6425
vn -0.5443 -0.6749 0.4982
vn 0.3003 0.0050 0.9538
vn 0.7227 0.6850 0.0922
vn 0.1405 0.4258 -0.8939
vn -0.5752 -0.4757 -0.6655
vn -0.4362 -0.7717 0.4629
vn 0.2970 0.0053 0.9549
vn 0.6108 0.7812 0.1291
vn 0.0726 0.4849 -0.8715
vn 0.5228 -0.8353 -0.1701
vn -0.7779 0.5777 0.2473
vt -1.610530 4.909173
vt -1.699210 4.866377
vt -3.097184 6.000780
vt -3.021807 6.041407
vt -1.595341 4.882724
vt -3.006499 6.016298
vt -1.442467 4.935623
vt -2.875076 6.066515
vt -1.451855 4.951970
vt -2.884536 6.082033
vt -4.492342 6.931508
vt -4.434022 6.972000
vt -4.416393 6.946974
vt -4.311134 6.997026
vt -4.322030 7.012493
vt -5.887500 7.661347
vt -5.847341 7.700954
vt -5.826600 7.676476
vt -5.748801 7.725432
vt -5.761621 7.740561
vt -7.290156 8.193317
vt -7.261865 8.228268
vt -7.241650 8.206667
vt -7.183379 8.249868
vt -7.195873 8.263218
s 0
usemtl PetioleMat
f 1082/1084/815 1083/1085/815 1088/1086/815 1087/1087/815
f 1083/1085/816 1084/1088/816 1089/1089/816 1088/1086/816
f 1084/1088/817 1085/1090/817 1090/1091/817 1089/1089/817
f 1085/1090/818 1086/1092/818 1091/1093/818 1090/1091/818
f 1086/1092/819 1082/1084/819 1087/1087/819 1091/1093/819
f 1087/1087/820 1088/1086/820 1093/1094/820 1092/1095/820
f 1088/1086/821 1089/1089/821 1094/1096/821 1093/1094/821
f 1089/1089/822 1090/1091/822 1095/1097/822 1094/1096/822
f 1090/1091/823 1091/1093/823 1096/1098/823 1095/1097/823
f 1091/1093/824 1087/1087/824 1092/1095/824 1096/1098/824
f 1092/1095/825 1093/1094/825 1098/1099/825 1097/1100/825
f 1093/1094/826 1094/1096/826 1099/1101/826 1098/1099/826
f 1094/1096/827 1095/1097/827 1100/1102/827 1099/1101/827
f 1095/1097/828 1096/1098/828 1101/1103/828 1100/1102/828
f 1096/1098/829 1092/1095/829 1097/1100/829 1101/1103/829
f 1097/1100/830 1098/1099/830 1103/1104/830 1102/1105/830
f 1098/1099/831 1099/1101/831 1104/1106/831 1103/1104/831
f 1099/1101/832 1100/1102/832 1105/1107/832 1104/1106/832
f 1100/1102/833 1101/1103/833 1106/1108/833 1105/1107/833
f 1101/1103/834 1097/1100/834 1102/1105/834 1106/1108/834
f 1086/1092/835 1085/1090/835 1084/1088/835 1083/1085/835 1082/1084/835
f 1102/1105/836 1103/1104/836 1104/1106/836 1105/1107/836 1106/1108/836
o Leaf_020
v -0.970808 2.073155 0.060392
v -0.904323 2.057067 0.282636
v -0.837838 2.040979 0.504879
v -1.109244 2.159338 0.108045
v -1.053867 2.084716 0.329374
v -0.976274 2.127163 0.552531
v -1.252999 2.217498 0.155260
v -1.205754 2.100025 0.375920
v -1.120029 2.185322 0.599746
v -1.407228 2.220461 0.201613
v -1.362959 2.087304 0.422027
v -1.274258 2.188286 0.646099
v -1.569468 2.181211 0.247306
v -1.522223 2.063738 0.467966
v -1.436498 2.149035 0.691793
v -1.735491 2.122024 0.292688
v -1.680114 2.047402 0.514017
v -1.602521 2.089849 0.737175
v -1.899688 2.072460 0.338221
v -1.833203 2.056372 0.560464
v -1.766718 2.040285 0.782707
vn 0.3892 0.9176 0.0807
vn 0.3177 0.9349 -0.1581
vn 0.3215 0.8935 0.3137
vn 0.1329 0.9391 -0.3169
vn 0.1131 0.8738 0.4730
vn -0.1294 0.9324 -0.3374
vn -0.0274 0.8667 0.4981
vn -0.2608 0.9232 -0.2824
vn -0.0938 0.9049 0.4151
vn -0.2695 0.9475 -0.1723
vn -0.0620 0.9744 0.2163
vn -0.1315 0.9912 -0.0161
vt -0.000000 -0.000000
vt -0.000000 0.166667
vt 0.500000 0.166667
vt 0.500000 0.000000
vt 1.000000 0.166667
vt 1.000000 0.000000
vt -0.000000 0.333333
vt 0.500000 0.333333
vt 1.000000 0.333333
vt 0.000000 0.500000
vt 0.500000 0.500000
vt 1.000000 0.500000
vt -0.000000 0.666667
vt 0.500000 0.666667
vt 1.000000 0.666667
vt 0.000000 0.833333
vt 0.500000 0.833333
vt 1.000000 0.833333
vt 0.000000 1.000000
vt 0.500000 1.000000
vt 1.000000 1.000000
s 0
usemtl LeafMat
f 1107/1109/837 1110/1110/837 1111/1111/837 1108/1112/837
f 1108/1112/838 1111/1111/838 1112/1113/838 1109/1114/838
f 1110/1110/839 1113/1115/839 1114/1116/839 1111/1111/839
f 1111/1111/840 1114/1116/840 1115/1117/840 1112/1113/840
f 1113/1115/841 1116/1118/841 1117/1119/841 1114/1116/841
f 1114/1116/842 1117/1119/842 1118/1120/842 1115/1117/842
f 1116/1118/843 1119/1121/843 1120/1122/843 1117/1119/843
f 1117/1119/844 1120/1122/844 1121/1123/844 1118/1120/844
f 1119/1121/845 1122/1124/845 1123/1125/845 1120/1122/845
f 1120/1122/846 1123/1125/846 1124/1126/846 1121/1123/846
f 1122/1124/847 1125/1127/847 1126/1128/847 1123/1125/847
f 1123/1125/848 1126/1128/848 1127/1129/848 1124/1126/848
o Petiole_021
v -0.122743 1.218448 -0.001579
v -0.132865 1.207751 0.014283
v -0.122449 1.211837 0.032812
v -0.105890 1.225060 0.028401
v -0.106072 1.229146 0.007146
v -0.261088 1.405635 0.037431
v -0.270199 1.395532 0.050993
v -0.261875 1.399391 0.067869
v -0.247618 1.411880 0.064738
v -0.247132 1.415739 0.045927
v -0.400665 1.556819 0.064506
v -0.408479 1.546839 0.075494
v -0.402890 1.550651 0.090844
v -0.391622 1.562987 0.089343
v -0.390247 1.566799 0.073065
v -0.542197 1.672000 0.079805
v -0.548225 1.662356 0.088540
v -0.545096 1.666040 0.102041
v -0.537135 1.677960 0.101650
v -0.535343 1.681643 0.087908
v -0.686137 1.751177 0.083281
v -0.690697 1.742732 0.090323
v -0.688818 1.745957 0.101627
v -0.683096 1.756397 0.101571
v -0.681439 1.759623 0.090232
vn -0.6547 -0.3456 -0.6723
vn -0.6602 -0.5784 0.4792
vn 0.2410 -0.0041 0.9705
vn 0.8029 0.5835 0.1218
vn 0.2495 0.3726 -0.8938
vn -0.5686 -0.3997 -0.7190
vn -0.6303 -0.6487 0.4265
vn 0.1719 0.0070 0.9851
vn 0.7281 0.6605 0.1830
vn 0.2714 0.4100 -0.8708
vn -0.4503 -0.4547 -0.7684
vn -0.5713 -0.7358 0.3638
vn 0.0878 0.0081 0.9961
vn 0.6147 0.7476 0.2515
vn 0.2835 0.4633 -0.8396
vn -0.3038 -0.5190 -0.7990
vn -0.4612 -0.8263 0.3233
vn 0.0069 0.0158 0.9999
vn 0.4530 0.8416 0.2941
vn 0.2617 0.5132 -0.8174
vn 0.5903 -0.7917 -0.1572
vn -0.8769 0.4807 0.0086
vt -0.981944 4.873794
vt -1.062916 4.831002
vt -2.161593 5.582127
vt -2.088700 5.622541
vt -0.979593 4.847347
vt -2.094997 5.597564
vt -0.847123 4.900240
vt -1.980946 5.647519
vt -0.848576 4.916585
vt -1.977054 5.662956
vt -3.267830 6.187356
vt -3.205322 6.227276
vt -3.223119 6.202604
vt -3.132977 6.251948
vt -3.121978 6.267196
vt -4.385796 6.649424
vt -4.337574 6.687999
vt -4.360768 6.664158
vt -4.297079 6.711839
vt -4.282744 6.726573
vt -5.525578 6.970926
vt -5.489094 7.004708
vt -5.510543 6.983830
vt -5.464767 7.025587
vt -5.451511 7.038490
s 0
usemtl PetioleMat
f 1128/1130/849 1129/1131/849 1134/1132/849 1133/1133/849
f 1129/1131/850 1130/1134/850 1135/1135/850 1134/1132/850
f 1130/1134/851 1131/1136/851 1136/1137/851 1135/1135/851
f 1131/1136/852 1132/1138/852 1137/1139/852 1136/1137/852
f 1132/1138/853 1128/1130/853 1133/1133/853 1137/1139/853
f 1133/1133/854 1134/1132/854 1139/1140/854 1138/1141/854
f 1134/1132/855 1135/1135/855 1140/1142/855 1139/1140/855
f 1135/1135/856 1136/1137/856 1141/1143/856 1140/1142/856
f 1136/1137/857 1137/1139/857 1142/1144/857 1141/1143/857
f 1137/1139/858 1133/1133/858 1138/1141/858 1142/1144/858
f 1138/1141/859 1139/1140/859 1144/1145/859 1143/1146/859
f 1139/1140/860 1140/1142/860 1145/1147/860 1144/1145/860
f 1140/1142/861 1141/1143/861 1146/1148/861 1145/1147/861
f 1141/1143/862 1142/1144/862 1147/1149/862 1146/1148/862
f 1142/1144/863 1138/1141/863 1143/1146/863 1147/1149/863
f 1143/1146/864 1144/1145/864 1149/1150/864 1148/1151/864
f 1144/1145/865 1145/1147/865 1150/1152/865 1149/1150/865
f 1145/1147/866 1146/1148/866 1151/1153/866 1150/1152/866
f 1146/1148/867 1147/1149/867 1152/1154/867 1151/1153/867
f 1147/1149/868 1143/1146/868 1148/1151/868 1152/1154/868
f 1132/1138/869 1131/1136/869 1130/1134/869 1129/1131/869 1128/1130/869
f 1148/1151/870 1149/1150/870 1150/1152/870 1151/1153/870 1152/1154/870
o Leaf_021
v -0.723537 1.721293 -0.162749
v -0.686037 1.751177 0.093407
v -0.648538 1.781061 0.349563
v -0.886928 1.803454 -0.148415
v -0.854179 1.765933 0.116300
v -0.811930 1.863222 0.363897
v -1.052254 1.858174 -0.130596
v -1.022982 1.771309 0.140384
v -0.977255 1.917942 0.381716
v -1.221286 1.860304 -0.106100
v -1.193286 1.755378 0.167174
v -1.146287 1.920072 0.406212
v -1.393444 1.818068 -0.075970
v -1.364172 1.731203 0.195011
v -1.318445 1.877836 0.436342
v -1.567419 1.750045 -0.042565
v -1.534670 1.712524 0.222150
v -1.492420 1.809813 0.469747
v -1.741312 1.683198 -0.009310
v -1.703812 1.713082 0.246846
v -1.666313 1.742966 0.503002
vn 0.2781 0.9603 -0.0234
vn 0.2415 0.9311 -0.2733
vn 0.1977 0.9597 0.1999
vn 0.1013 0.8828 -0.4587
vn 0.0117 0.9435 0.3312
vn -0.1136 0.8436 -0.5248
vn -0.1227 0.9319 0.3413
vn -0.2450 0.8345 -0.4936
vn -0.1963 0.9499 0.2433
vn -0.2884 0.8765 -0.3854
vn -0.1832 0.9823 0.0391
vn -0.2191 0.9537 -0.2061
vt 0.000000 0.000000
vt 0.000000 0.166667
vt 0.500000 0.166667
vt 0.500000 0.000000
vt 1.000000 0.166667
vt 1.000000 -0.000000
vt 0.000000 0.333333
vt 0.500000 0.333333
vt 1.000000 0.333333
vt 0.000000 0.500000
vt 0.500000 0.500000
vt 1.000000 0.500000
vt 0.000000 0.666667
vt 0.500000 0.666667
vt 1.000000 0.666667
vt 0.000000 0.833333
vt 0.500000 0.833333
vt 1.000000 0.833334
vt 0.000000 1.000000
vt 0.500000 1.000000
vt 1.000000 1.000000
s 0
usemtl LeafMat
f 1153/1155/871 1156/1156/871 1157/1157/871 1154/1158/871
f 1154/1158/872 1157/1157/872 1158/1159/872 1155/1160/872
f 1156/1156/873 1159/1161/873 1160/1162/873 1157/1157/873
f 1157/1157/874 1160/1162/874 1161/1163/874 1158/1159/874
f 1159/1161/875 1162/1164/875 1163/1165/875 1160/1162/875
f 1160/1162/876 1163/1165/876 1164/1166/876 1161/1163/876
f 1162/1164/877 1165/1167/877 1166/1168/877 1163/1165/877
f 1163/1165/878 1166/1168/878 1167/1169/878 1164/1166/878
f 1165/1167/879 1168/1170/879 1169/1171/879 1166/1168/879
f 1166/1168/880 1169/1171/880 1170/1172/880 1167/1169/880
f 1168/1170/881 1171/1173/881 1172/1174/881 1169/1171/881
f 1169/1171/882 1172/1174/882 1173/1175/882 1170/1172/882
o Petiole_022
v 0.211564 1.209517 -0.017795
v 0.227963 1.200675 -0.033545
v 0.219328 1.204052 -0.056110
v 0.197591 1.214981 -0.054306
v 0.192793 1.218359 -0.030626
v 0.367011 1.520738 -0.033038
v 0.381148 1.512429 -0.047177
v 0.373323 1.515602 -0.067113
v 0.354349 1.525873 -0.065297
v 0.350448 1.529047 -0.044237
v 0.522138 1.790418 -0.052013
v 0.533667 1.782272 -0.064590
v 0.526614 1.785383 -0.081854
v 0.510725 1.795453 -0.079947
v 0.507959 1.798565 -0.061504
v 0.676709 2.018558 -0.074696
v 0.685671 2.010669 -0.085589
v 0.679530 2.013682 -0.100233
v 0.666773 2.023434 -0.098390
v 0.665030 2.026447 -0.082607
v 0.830581 2.205157 -0.101059
v 0.837595 2.198196 -0.110136
v 0.832485 2.200855 -0.122254
v 0.822312 2.209459 -0.120667
v 0.821135 2.212118 -0.107568
vn 0.5967 -0.2604 0.7591
vn 0.8224 -0.4204 -0.3833
vn -0.0849 0.0072 -0.9964
vn -0.8715 0.4316 -0.2327
vn -0.4503 0.2663 0.8522
vn 0.5953 -0.2889 0.7498
vn 0.7889 -0.4706 -0.3951
vn -0.1033 0.0051 -0.9946
vn -0.8487 0.4811 -0.2198
vn -0.4172 0.2995 0.8581
vn 0.5906 -0.3259 0.7383
vn 0.7423 -0.5309 -0.4088
vn -0.1262 0.0054 -0.9920
vn -0.8151 0.5421 -0.2044
vn -0.3725 0.3375 0.8645
vn 0.5728 -0.3685 0.7322
vn 0.6801 -0.6049 -0.4141
vn -0.1456 0.0030 -0.9893
vn -0.7634 0.6149 -0.1979
vn -0.3197 0.3856 0.8655
vn -0.4464 -0.8940 0.0370
vn 0.6336 0.7673 -0.0988
vt 1.692512 4.838068
vt 1.823708 4.802701
vt 3.049187 6.049715
vt 2.936088 6.082951
vt 1.754621 4.816210
vt 2.986582 6.062410
vt 1.580728 4.859925
vt 2.834790 6.103492
vt 1.542342 4.873435
vt 2.803583 6.116188
vt 4.269339 7.129087
vt 4.177103 7.161673
vt 4.212913 7.141534
vt 4.085804 7.181811
vt 4.063673 7.194258
vt 5.485367 8.042674
vt 5.413673 8.074231
vt 5.436242 8.054728
vt 5.334188 8.093735
vt 5.320240 8.105788
vt 6.700763 8.792783
vt 6.644647 8.820627
vt 6.659880 8.803418
vt 6.578496 8.837836
vt 6.569082 8.848472
s 0
usemtl PetioleMat
f 1174/1176/883 1175/1177/883 1180/1178/883 1179/1179/883
f 1175/1177/884 1176/1180/884 1181/1181/884 1180/1178/884
f 1176/1180/885 1177/1182/885 1182/1183/885 1181/1181/885
f 1177/1182/886 1178/1184/886 1183/1185/886 1182/1183/886
f 1178/1184/887 1174/1176/887 1179/1179/887 1183/1185/887
f 1179/1179/888 1180/1178/888 1185/1186/888 1184/1187/888
f 1180/1178/889 1181/1181/889 1186/1188/889 1185/1186/889
f 1181/1181/890 1182/1183/890 1187/1189/890 1186/1188/890
f 1182/1183/891 1183/1185/891 1188/1190/891 1187/1189/891
f 1183/1185/892 1179/1179/892 1184/1187/892 1188/1190/892
f 1184/1187/893 1185/1186/893 1190/1191/893 1189/1192/893
f 1185/1186/894 1186/1188/894 1191/1193/894 1190/1191/894
f 1186/1188/895 1187/1189/895 1192/1194/895 1191/1193/895
f 1187/1189/896 1188/1190/896 1193/1195/896 1192/1194/896
f 1188/1190/897 1184/1187/897 1189/1192/897 1193/1195/897
f 1189/1192/898 1190/1191/898 1195/1196/898 1194/1197/898
f 1190/1191/899 1191/1193/899 1196/1198/899 1195/1196/899
f 1191/1193/900 1192/1194/900 1197/1199/900 1196/1198/900
f 1192/1194/901 1193/1195/901 1198/1200/901 1197/1199/901
f 1193/1195/902 1189/1192/902 1194/1197/902 1198/1200/902
f 1178/1184/903 1177/1182/903 1176/1180/903 1175/1177/903 1174/1176/903
f 1194/1197/904 1195/1196/904 1196/1198/904 1197/1199/904 1198/1200/904
o Leaf_022
v 0.859606 2.202878 0.111795
v 0.828822 2.205157 -0.112337
v 0.798037 2.207435 -0.336469
v 1.012124 2.275139 0.091582
v 0.988929 2.233669 -0.134038
v 0.950555 2.279696 -0.356683
v 1.168463 2.325371 0.070619
v 1.150824 2.251875 -0.156089
v 1.106894 2.329927 -0.377645
v 1.332386 2.331887 0.048171
v 1.316780 2.246668 -0.178936
v 1.270817 2.336443 -0.400094
v 1.501947 2.305899 0.024618
v 1.484308 2.232403 -0.202090
v 1.440379 2.310455 -0.423647
v 1.673983 2.265646 0.000580
v 1.650788 2.224176 -0.225040
v 1.612415 2.270203 -0.447685
v 1.844386 2.234809 -0.023138
v 1.813602 2.237087 -0.247271
v 1.782818 2.239366 -0.471403
vn -0.3120 0.9490 -0.0453
vn -0.2856 0.9471 0.1466
vn -0.2334 0.9472 -0.2197
vn -0.1629 0.9420 0.2933
vn -0.0486 0.9439 -0.3266
vn 0.0438 0.9371 0.3463
vn 0.0661 0.9404 -0.3337
vn 0.1561 0.9337 0.3222
vn 0.1025 0.9618 -0.2537
vn 0.1698 0.9569 0.2358
vn 0.0409 0.9950 -0.0916
vn 0.0668 0.9930 0.0970
vt -0.000000 -0.000000
vt -0.000000 0.166667
vt 0.500000 0.166667
vt 0.500000 0.000000
vt 1.000000 0.166667
vt 1.000000 0.000000
vt -0.000000 0.333333
vt 0.500000 0.333333
vt 1.000000 0.333333
vt -0.000000 0.500000
vt 0.500000 0.500000
vt 1.000000 0.500000
vt -0.000000 0.666667
vt 0.500000 0.666667
vt 1.000000 0.666667
vt -0.000000 0.833333
vt 0.500000 0.833333
vt 1.000000 0.833333
vt -0.000000 1.000000
vt 0.500000 1.000000
vt 1.000000 1.000000
s 0
usemtl LeafMat
f 1199/1201/905 1202/1202/905 1203/1203/905 1200/1204/905
f 1200/1204/906 1203/1203/906 1204/1205/906 1201/1206/906
f 1202/1202/907 1205/1207/907 1206/1208/907 1203/1203/907
f 1203/1203/908 1206/1208/908 1207/1209/908 1204/1205/908
f 1205/1207/909 1208/1210/909 1209/1211/909 1206/1208/909
f 1206/1208/910 1209/1211/910 1210/1212/910 1207/1209/910
f 1208/1210/911 1211/1213/911 1212/1214/911 1209/1211/911
f 1209/1211/912 1212/1214/912 1213/1215/912 1210/1212/912
f 1211/1213/913 1214/1216/913 1215/1217/913 1212/1214/913
f 1212/1214/914 1215/1217/914 1216/1218/914 1213/1215/914
f 1214/1216/915 1217/1219/915 1218/1220/915 1215/1217/915
f 1215/1217/916 1218/1220/916 1219/1221/916 1216/1218/916
o Petiole_023
v -0.105797 1.218144 0.119420
v -0.130244 1.210344 0.135898
v -0.120906 1.204146 0.164260
v -0.090687 1.208115 0.165311
v -0.081349 1.216766 0.137598
v -0.195071 1.702483 0.263583
v -0.190940 1.695617 0.289435
v -0.164515 1.698239 0.294665
v -0.152314 1.706726 0.272045
v -0.171199 1.709349 0.252835
v -0.262982 2.109911 0.393884
v -0.259438 2.102702 0.416112
v -0.236503 2.105456 0.421115
v -0.225873 2.114367 0.401979
v -0.242237 2.117120 0.385149
v -0.332511 2.433789 0.523370
v -0.329370 2.426125 0.541798
v -0.309952 2.429052 0.546551
v -0.301093 2.438525 0.531060
v -0.315035 2.441453 0.516734
v -0.403712 2.674114 0.652126
v -0.400980 2.667027 0.667080
v -0.384961 2.669734 0.671251
v -0.377792 2.678495 0.658873
v -0.389381 2.681202 0.647054
vn -0.9007 -0.0060 -0.4344
vn -0.6732 -0.2711 0.6879
vn 0.4835 -0.1546 0.8616
vn 0.9711 0.1828 -0.1537
vn 0.1156 0.2747 -0.9546
vn -0.9759 -0.1946 0.0988
vn -0.1591 -0.3180 0.9346
vn 0.8765 0.0051 0.4814
vn 0.6993 0.3282 -0.6350
vn -0.4453 0.2049 -0.8716
vn -0.9687 -0.2373 0.0725
vn -0.1573 -0.3874 0.9084
vn 0.8701 0.0060 0.4929
vn 0.6925 0.3995 -0.6007
vn -0.4433 0.2494 -0.8610
vn -0.9530 -0.3011 0.0346
vn -0.1390 -0.4892 0.8610
vn 0.8644 0.0087 0.5028
vn 0.6697 0.5042 -0.5452
vn -0.4526 0.3133 -0.8348
vn 0.1346 -0.9579 -0.2537
vn -0.2618 0.8528 0.4520
vt -0.846372 4.872576
vt -1.041952 4.841377
vt -1.527524 6.782466
vt -1.560572 6.809931
vt -0.967247 4.816585
vt -1.316118 6.792957
vt -0.725497 4.832461
vt -1.218511 6.826905
vt -0.650792 4.867066
vt -1.369592 6.837395
vt -2.075503 8.410810
vt -2.103852 8.439645
vt -1.892027 8.421824
vt -1.806981 8.457466
vt -1.937896 8.468480
vt -2.634960 9.704498
vt -2.660089 9.735154
vt -2.479620 9.716208
vt -2.408743 9.754101
vt -2.520279 9.765810
vt -3.207840 10.668108
vt -3.229694 10.696458
vt -3.079686 10.678937
vt -3.022337 10.713979
vt -3.115047 10.724808
s 0
usemtl PetioleMat
f 1220/1222/917 1221/1223/917 1226/1224/917 1225/1225/917
f 1221/1223/918 1222/1226/918 1227/1227/918 1226/1224/918
f 1222/1226/919 1223/1228/919 1228/1229/919 1227/1227/919
f 1223/1228/920 1224/1230/920 1229/1231/920 1228/1229/920
f 1224/1230/921 1220/1222/921 1225/1225/921 1229/1231/921
f 1225/1225/922 1226/1224/922 1231/1232/922 1230/1233/922
f 1226/1224/923 1227/1227/923 1232/1234/923 1231/1232/923
f 1227/1227/924 1228/1229/924 1233/1235/924 1232/1234/924
f 1228/1229/925 1229/1231/925 1234/1236/925 1233/1235/925
f 1229/1231/926 1225/1225/926 1230/1233/926 1234/1236/926
f 1230/1233/927 1231/1232/927 1236/1237/927 1235/1238/927
f 1231/1232/928 1232/1234/928 1237/1239/928 1236/1237/928
f 1232/1234/929 1233/1235/929 1238/1240/929 1237/1239/929
f 1233/1235/930 1234/1236/930 1239/1241/930 1238/1240/930
f 1234/1236/931 1230/1233/931 1235/1238/931 1239/1241/931
f 1235/1238/932 1236/1237/932 1241/1242/932 1240/1243/932
f 1236/1237/933 1237/1239/933 1242/1244/933 1241/1242/933
f 1237/1239/934 1238/1240/934 1243/1245/934 1242/1244/934
f 1238/1240/935 1239/1241/935 1244/1246/935 1243/1245/935
f 1239/1241/936 1235/1238/936 1240/1243/936 1244/1246/936
f 1224/1230/937 1223/1228/937 1222/1226/937 1221/1223/937 1220/1222/937
f 1240/1243/938 1241/1242/938 1242/1244/938 1243/1245/938 1244/1246/938
o Leaf_023
v -0.721913 2.661045 0.467341
v -0.391365 2.674114 0.659277
v -0.060817 2.687184 0.851212
v -0.837240 2.825392 0.654764
v -0.517326 2.743713 0.871465
v -0.176144 2.851531 1.038635
v -0.957406 2.946625 0.853456
v -0.645276 2.795585 1.088286
v -0.296310 2.972764 1.237327
v -1.087026 2.983620 1.074165
v -0.777745 2.807193 1.315632
v -0.425929 3.009759 1.458037
v -1.224093 2.954261 1.312219
v -0.911963 2.803221 1.547050
v -0.562997 2.980400 1.696090
v -1.364929 2.891315 1.559052
v -1.045015 2.809636 1.775753
v -0.703833 2.917454 1.942923
v -1.504535 2.839334 1.803018
v -1.173987 2.852403 1.994954
v -0.843439 2.865473 2.186889
vn 0.3056 0.8906 -0.3369
vn 0.0887 0.8820 -0.4628
vn 0.4197 0.8992 -0.1240
vn -0.1528 0.8765 -0.4564
vn 0.3851 0.9142 0.1261
vn -0.3536 0.8850 -0.3029
vn 0.3021 0.9225 0.2401
vn -0.4120 0.8943 -0.1746
vn 0.1918 0.9555 0.2240
vn -0.3455 0.9343 -0.0879
vn 0.0679 0.9959 0.0592
vn -0.1437 0.9876 -0.0637
vt 0.000000 0.000000
vt 0.000000 0.166667
vt 0.500000 0.166667
vt 0.500000 0.000000
vt 1.000000 0.166667
vt 1.000000 -0.000000
vt 0.000000 0.333333
vt 0.500000 0.333333
vt 1.000000 0.333333
vt -0.000000 0.500000
vt 0.500000 0.500000
vt 1.000000 0.500000
vt 0.000000 0.666667
vt 0.500000 0.666667
vt 1.000000 0.666667
vt 0.000000 0.833333
vt 0.500000 0.833333
vt 1.000000 0.833333
vt -0.000000 1.000000
vt 0.500000 1.000000
vt 1.000000 1.000000
s 0
usemtl LeafMat
f 1245/1247/939 1248/1248/939 1249/1249/939 1246/1250/939
f 1246/1250/940 1249/1249/940 1250/1251/940 1247/1252/940
f 1248/1248/941 1251/1253/941 1252/1254/941 1249/1249/941
f 1249/1249/942 1252/1254/942 1253/1255/942 1250/1251/942
f 1251/1253/943 1254/1256/943 1255/1257/943 1252/1254/943
f 1252/1254/944 1255/1257/944 1256/1258/944 1253/1255/944
f 1254/1256/945 1257/1259/945 1258/1260/945 1255/1257/945
f 1255/1257/946 1258/1260/946 1259/1261/946 1256/1258/946
f 1257/1259/947 1260/1262/947 1261/1263/947 1258/1260/947
f 1258/1260/948 1261/1263/948 1262/1264/948 1259/1261/948
f 1260/1262/949 1263/1265/949 1264/1266/949 1261/1263/949
f 1261/1263/950 1264/1266/950 1265/1267/950 1262/1264/950
o Petiole_024
v -0.271998 1.228448 -0.126572
v -0.291334 1.220994 -0.115940
v -0.288487 1.223841 -0.093000
v -0.267392 1.233055 -0.089454
v -0.257201 1.235902 -0.110203
v -0.367512 1.454223 -0.140348
v -0.384762 1.446921 -0.131609
v -0.383248 1.449710 -0.111183
v -0.365062 1.458736 -0.107299
v -0.355336 1.461526 -0.125325
v -0.460462 1.632065 -0.161458
v -0.475301 1.624207 -0.154835
v -0.475733 1.627208 -0.137041
v -0.461162 1.636922 -0.132668
v -0.451724 1.639923 -0.147758
v -0.551583 1.761973 -0.190057
v -0.563355 1.753423 -0.184920
v -0.565461 1.756689 -0.169987
v -0.554990 1.767258 -0.165895
v -0.546413 1.770524 -0.178299
v -0.641315 1.843948 -0.226395
v -0.650432 1.836024 -0.222131
v -0.652921 1.839050 -0.209935
v -0.645341 1.848845 -0.206661
v -0.638168 1.851871 -0.216834
vn -0.3858 -0.2198 -0.8960
vn -0.9176 -0.3717 0.1406
vn -0.1855 -0.0007 0.9826
vn 0.7989 0.3806 0.4657
vn 0.6754 0.2452 -0.6955
vn -0.3076 -0.2727 -0.9116
vn -0.8900 -0.4463 0.0928
vn -0.2486 0.0077 0.9686
vn 0.7303 0.4617 0.5034
vn 0.6950 0.2889 -0.6585
vn -0.1948 -0.3428 -0.9190
vn -0.8282 -0.5588 0.0428
vn -0.3272 0.0095 0.9449
vn 0.6169 0.5766 0.5357
vn 0.7011 0.3604 -0.6153
vn -0.0471 -0.4493 -0.8921
vn -0.6972 -0.7153 0.0478
vn -0.3975 0.0205 0.9174
vn 0.4383 0.7389 0.5117
vn 0.6559 0.4516 -0.6048
vn 0.3901 -0.9184 0.0656
vn -0.7019 0.6445 -0.3032
vt -2.175988 4.913792
vt -2.330671 4.883976
vt -3.078093 5.787685
vt -2.940092 5.816894
vt -2.307894 4.895365
vt -3.065981 5.798842
vt -2.139134 4.932219
vt -2.920495 5.834945
vt -2.057611 4.943607
vt -2.842691 5.846102
vt -3.802408 6.496827
vt -3.683696 6.528260
vt -3.805868 6.508833
vt -3.689295 6.547687
vt -3.613788 6.559693
vt -4.506840 7.013690
vt -4.412661 7.047893
vt -4.523687 7.026754
vt -4.439920 7.069031
vt -4.371302 7.082095
vt -5.203456 7.344095
vt -5.130517 7.375790
vt -5.223365 7.356201
vt -5.162730 7.395379
vt -5.105347 7.407485
s 0
usemtl PetioleMat
f 1266/1268/951 1267/1269/951 1272/1270/951 1271/1271/951
f 1267/1269/952 1268/1272/952 1273/1273/952 1272/1270/952
f 1268/1272/953 1269/1274/953 1274/1275/953 1273/1273/953
f 1269/1274/954 1270/1276/954 1275/1277/954 1274/1275/954
f 1270/1276/955 1266/1268/955 1271/1271/955 1275/1277/955
f 1271/1271/956 1272/1270/956 1277/1278/956 1276/1279/956
f 1272/1270/957 1273/1273/957 1278/1280/957 1277/1278/957
f 1273/1273/958 1274/1275/958 1279/1281/958 1278/1280/958
f 1274/1275/959 1275/1277/959 1280/1282/959 1279/1281/959
f 1275/1277/960 1271/1271/960 1276/1279/960 1280/1282/960
f 1276/1279/961 1277/1278/961 1282/1283/961 1281/1284/961
f 1277/1278/962 1278/1280/962 1283/1285/962 1282/1283/962
f 1278/1280/963 1279/1281/963 1284/1286/963 1283/1285/963
f 1279/1281/964 1280/1282/964 1285/1287/964 1284/1286/964
f 1280/1282/965 1276/1279/965 1281/1284/965 1285/1287/965
f 1281/1284/966 1282/1283/966 1287/1288/966 1286/1289/966
f 1282/1283/967 1283/1285/967 1288/1290/967 1287/1288/967
f 1283/1285/968 1284/1286/968 1289/1291/968 1288/1290/968
f 1284/1286/969 1285/1287/969 1290/1292/969 1289/1291/969
f 1285/1287/970 1281/1284/970 1286/1289/970 1290/1292/970
f 1270/1276/971 1269/1274/971 1268/1272/971 1267/1269/971 1266/1268/971
f 1286/1289/972 1287/1288/972 1288/1290/972 1289/1291/972 1290/1292/972
o Leaf_024
v -0.549786 1.847029 -0.500660
v -0.645635 1.843948 -0.216391
v -0.741485 1.840866 0.067878
v -0.717305 1.960335 -0.555915
v -0.826220 1.877558 -0.276916
v -0.909003 1.954171 0.012623
v -0.890301 2.040227 -0.613380
v -1.008783 1.899109 -0.338238
v -1.082000 2.034063 -0.044842
v -1.073853 2.055742 -0.675102
v -1.195835 1.893270 -0.401372
v -1.265552 2.049578 -0.106563
v -1.266145 2.017950 -0.740348
v -1.384626 1.876832 -0.465206
v -1.457844 2.011786 -0.171810
v -1.463343 1.950236 -0.807573
v -1.572258 1.867459 -0.528573
v -1.655041 1.944072 -0.239034
v -1.659987 1.885898 -0.874574
v -1.755836 1.882817 -0.590305
v -1.851685 1.879735 -0.306036
vn 0.3044 0.9189 0.2507
vn 0.3881 0.9216 0.0027
vn 0.1193 0.9026 0.4136
vn 0.3395 0.9097 -0.2393
vn -0.1243 0.8903 0.4380
vn 0.1604 0.8995 -0.4064
vn -0.2552 0.8891 0.3800
vn 0.0211 0.8980 -0.4395
vn -0.2741 0.9255 0.2614
vn -0.0659 0.9322 -0.3560
vn -0.1579 0.9831 0.0924
vn -0.0762 0.9857 -0.1500
vt 0.000000 0.000000
vt 0.000000 0.166667
vt 0.500000 0.166667
vt 0.500000 0.000000
vt 1.000000 0.166667
vt 1.000000 -0.000000
vt -0.000000 0.333333
vt 0.500000 0.333333
vt 1.000000 0.333333
vt -0.000000 0.500000
vt 0.500000 0.500000
vt 1.000000 0.500000
vt -0.000000 0.666667
vt 0.500000 0.666667
vt 1.000000 0.666667
vt -0.000000 0.833333
vt 0.500000 0.833333
vt 1.000000 0.833333
vt 0.000000 1.000000
vt 0.500000 1.000000
vt 1.000000 1.000000
s 0
usemtl LeafMat
f 1291/1293/973 1294/1294/973 1295/1295/973 1292/1296/973
f 1292/1296/974 1295/1295/974 1296/1297/974 1293/1298/974
f 1294/1294/975 1297/1299/975 1298/1300/975 1295/1295/975
f 1295/1295/976 1298/1300/976 1299/1301/976 1296/1297/976
f 1297/1299/977 1300/1302/977 1301/1303/977 1298/1300/977
f 1298/1300/978 1301/1303/978 1302/1304/978 1299/1301/978
f 1300/1302/979 1303/1305/979 1304/1306/979 1301/1303/979
f 1301/1303/980 1304/1306/980 1305/1307/980 1302/1304/980
f 1303/1305/981 1306/1308/981 1307/1309/981 1304/1306/981
f 1304/1306/982 1307/1309/982 1308/1310/982 1305/1307/982
f 1306/1308/983 1309/1311/983 1310/1312/983 1307/1309/983
f 1307/1309/984 1310/1312/984 1311/1313/984 1308/1310/984
o Petiole_025
v 0.044394 1.227960 0.157856
v 0.068706 1.221306 0.165116
v 0.084382 1.223848 0.144239
v 0.069758 1.232072 0.124075
v 0.045044 1.234614 0.132491
v 0.135073 1.685664 0.278608
v 0.156540 1.679443 0.285123
v 0.170613 1.681819 0.266731
v 0.157843 1.689508 0.248848
v 0.135879 1.691884 0.256188
v 0.223963 2.094216 0.400505
v 0.242498 2.088175 0.406272
v 0.255061 2.090482 0.390457
v 0.244291 2.097950 0.374916
v 0.225072 2.100257 0.381126
v 0.311150 2.453617 0.523669
v 0.326771 2.447812 0.528597
v 0.337758 2.450029 0.515316
v 0.328927 2.457205 0.502181
v 0.312482 2.459422 0.507344
v 0.396683 2.763867 0.648179
v 0.409548 2.758755 0.652241
v 0.418771 2.760708 0.641320
v 0.411606 2.767026 0.630508
v 0.397955 2.768978 0.634748
vn -0.3294 -0.1795 0.9270
vn 0.7791 -0.2945 0.5533
vn 0.8121 0.0030 -0.5835
vn -0.2762 0.3019 -0.9125
vn -0.9817 0.1891 0.0211
vn -0.3430 -0.1996 0.9179
vn 0.7671 -0.3255 0.5528
vn 0.8185 0.0044 -0.5745
vn -0.2600 0.3343 -0.9059
vn -0.9779 0.2083 0.0163
vn -0.3609 -0.2231 0.9055
vn 0.7509 -0.3638 0.5512
vn 0.8267 0.0049 -0.5626
vn -0.2385 0.3734 -0.8965
vn -0.9725 0.2326 0.0107
vn -0.3780 -0.2533 0.8905
vn 0.7334 -0.4108 0.5417
vn 0.8333 0.0068 -0.5528
vn -0.2165 0.4222 -0.8803
vn -0.9651 0.2616 0.0115
vn -0.1841 -0.9496 -0.2538
vn 0.2419 0.8990 0.3650
vt 0.355149 4.911840
vt 0.549647 4.885224
vt 1.252322 6.717774
vt 1.080588 6.742655
vt 0.675055 4.895391
vt 1.364903 6.727278
vt 0.558062 4.928289
vt 1.262747 6.758032
vt 0.360350 4.938456
vt 1.087031 6.767536
vt 1.939981 8.352700
vt 1.791705 8.376864
vt 2.040487 8.361930
vt 1.954328 8.391799
vt 1.800572 8.401029
vt 2.614169 9.791247
vt 2.489199 9.814468
vt 2.702065 9.800117
vt 2.631418 9.828819
vt 2.499859 9.837689
vt 3.276386 11.035022
vt 3.173463 11.055468
vt 3.350170 11.042831
vt 3.292847 11.068104
vt 3.183636 11.075913
s 0
usemtl PetioleMat
f 1312/1314/985 1313/1315/985 1318/1316/985 1317/1317/985
f 1313/1315/986 1314/1318/986 1319/1319/986 1318/1316/986
f 1314/1318/987 1315/1320/987 1320/1321/987 1319/1319/987
f 1315/1320/988 1316/1322/988 1321/1323/988 1320/1321/988
f 1316/1322/989 1312/1314/989 1317/1317/989 1321/1323/989
f 1317/1317/990 1318/1316/990 1323/1324/990 1322/1325/990
f 1318/1316/991 1319/1319/991 1324/1326/991 1323/1324/991
f 1319/1319/992 1320/1321/992 1325/1327/992 1324/1326/992
f 1320/1321/993 1321/1323/993 1326/1328/993 1325/1327/993
f 1321/1323/994 1317/1317/994 1322/1325/994 1326/1328/994
f 1322/1325/995 1323/1324/995 1328/1329/995 1327/1330/995
f 1323/1324/996 1324/1326/996 1329/1331/996 1328/1329/996
f 1324/1326/997 1325/1327/997 1330/1332/997 1329/1331/997
f 1325/1327/998 1326/1328/998 1331/1333/998 1330/1332/998
f 1326/1328/999 1322/1325/999 1327/1330/999 1331/1333/999
f 1327/1330/1000 1328/1329/1000 1333/1334/1000 1332/1335/1000
f 1328/1329/1001 1329/1331/1001 1334/1336/1001 1333/1334/1001
f 1329/1331/1002 1330/1332/1002 1335/1337/1002 1334/1336/1002
f 1330/1332/1003 1331/1333/1003 1336/1338/1003 1335/1337/1003
f 1331/1333/1004 1327/1330/1004 1332/1335/1004 1336/1338/1004
f 1316/1322/1005 1315/1320/1005 1314/1318/1005 1313/1315/1005 1312/1314/1005
f 1332/1335/1006 1333/1334/1006 1334/1336/1006 1335/1337/1006 1336/1338/1006
o Leaf_025
v 0.101445 2.744727 0.841585
v 0.406913 2.763867 0.641399
v 0.712380 2.783007 0.441213
v 0.214126 2.899042 1.028280
v 0.536693 2.832197 0.845967
v 0.825060 2.937322 0.627909
v 0.334297 3.015693 1.222805
v 0.669382 2.885903 1.053574
v 0.945231 3.053973 0.822433
v 0.469010 3.059220 1.432528
v 0.808678 2.906391 1.268087
v 1.079945 3.097500 1.032156
v 0.615444 3.043815 1.654501
v 0.950529 2.914025 1.485271
v 1.226378 3.082095 1.254129
v 0.768109 2.997072 1.882987
v 1.090677 2.930228 1.700673
v 1.379044 3.035352 1.482615
v 0.919392 2.957282 2.110028
v 1.224860 2.976422 1.909842
v 1.530327 2.995562 1.709656
vn -0.1765 0.8985 -0.4019
vn -0.3763 0.8860 -0.2710
vn 0.0493 0.9082 -0.4157
vn -0.4790 0.8750 -0.0695
vn 0.2412 0.9245 -0.2953
vn -0.4462 0.8814 0.1552
vn 0.3021 0.9358 -0.1817
vn -0.3674 0.8938 0.2570
vn 0.2399 0.9664 -0.0918
vn -0.2632 0.9349 0.2380
vn 0.0478 0.9978 -0.0459
vn -0.1481 0.9855 0.0825
vt 0.000000 -0.000000
vt 0.000000 0.166667
vt 0.500000 0.166667
vt 0.500000 0.000000
vt 1.000000 0.166667
vt 1.000000 0.000000
vt 0.000000 0.333333
vt 0.500000 0.333333
vt 1.000000 0.333333
vt 0.000000 0.500000
vt 0.500000 0.500000
vt 1.000000 0.500000
vt 0.000000 0.666667
vt 0.500000 0.666667
vt 1.000000 0.666667
vt 0.000000 0.833333
vt 0.500000 0.833333
vt 1.000000 0.833333
vt 0.000000 1.000000
vt 0.500000 1.000000
vt 1.000000 1.000000
s 0
usemtl LeafMat
f 1337/1339/1007 1340/1340/1007 1341/1341/1007 1338/1342/1007
f 1338/1342/1008 1341/1341/1008 1342/1343/1008 1339/1344/1008
f 1340/1340/1009 1343/1345/1009 1344/1346/1009 1341/1341/1009
f 1341/1341/1010 1344/1346/1010 1345/1347/1010 1342/1343/1010
f 1343/1345/1011 1346/1348/1011 1347/1349/1011 1344/1346/1011
f 1344/1346/1012 1347/1349/1012 1348/1350/1012 1345/1347/1012
f 1346/1348/1013 1349/1351/1013 1350/1352/1013 1347/1349/1013
f 1347/1349/1014 1350/1352/1014 1351/1353/1014 1348/1350/1014
f 1349/1351/1015 1352/1354/1015 1353/1355/1015 1350/1352/1015
f 1350/1352/1016 1353/1355/1016 1354/1356/1016 1351/1353/1016
f 1352/1354/1017 1355/1357/1017 1356/1358/1017 1353/1355/1017
f 1353/1355/1018 1356/1358/1018 1357/1359/1018 1354/1356/1018
o Petiole_026
v 0.013585 1.221344 0.105082
v 0.032272 1.204255 0.111395
v 0.053912 1.210783 0.098348
v 0.048599 1.231906 0.083972
v 0.023676 1.238433 0.088134
v 0.074529 1.344007 0.262781
v 0.090823 1.328272 0.267616
v 0.110146 1.334282 0.256347
v 0.105794 1.353732 0.244548
v 0.083782 1.359742 0.248524
v 0.135264 1.440870 0.420548
v 0.148924 1.426202 0.423256
v 0.166025 1.431805 0.414023
v 0.162934 1.449936 0.405610
v 0.143923 1.455539 0.409643
v 0.195794 1.511934 0.578398
v 0.206894 1.498700 0.579160
v 0.221742 1.503754 0.571886
v 0.219819 1.520113 0.566628
v 0.203782 1.525168 0.570653
v 0.256122 1.557197 0.736338
v 0.265077 1.545980 0.736265
v 0.277507 1.550265 0.730505
v 0.276234 1.564130 0.727018
v 0.263017 1.568415 0.730623
vn -0.6362 -0.4702 0.6117
vn 0.4858 -0.7641 0.4244
vn 0.9407 0.0053 -0.3391
vn 0.0990 0.7754 -0.6236
vn -0.8756 0.4816 -0.0362
vn -0.6546 -0.5054 0.5623
vn 0.4560 -0.8201 0.3457
vn 0.9415 0.0052 -0.3370
vn 0.1293 0.8304 -0.5419
vn -0.8567 0.5156 0.0132
vn -0.6770 -0.5383 0.5020
vn 0.4200 -0.8726 0.2495
vn 0.9423 0.0043 -0.3347
vn 0.1662 0.8811 -0.4428
vn -0.8340 0.5468 0.0736
vn -0.7037 -0.5651 0.4307
vn 0.3783 -0.9157 0.1355
vn 0.9431 0.0035 -0.3326
vn 0.2091 0.9218 -0.3266
vn -0.8078 0.5714 0.1447
vn -0.2806 -0.5873 -0.7592
vn 0.3313 0.2586 0.9074
vt 0.108681 4.885377
vt 0.258177 4.817021
vt 0.726585 5.313087
vt 0.596235 5.376028
vt 0.431293 4.843131
vt 0.881166 5.337128
vt 0.388789 4.927624
vt 0.846351 5.414928
vt 0.189404 4.953734
vt 0.670255 5.438969
vt 1.191389 5.704807
vt 1.082113 5.763481
vt 1.328199 5.727219
vt 1.303475 5.799744
vt 1.151385 5.822155
vt 1.655155 5.994798
vt 1.566353 6.047734
vt 1.773939 6.015018
vt 1.758550 6.080451
vt 1.630255 6.100670
vt 2.120619 6.183920
vt 2.048977 6.228790
vt 2.220056 6.201059
vt 2.209870 6.256521
vt 2.104137 6.273659
s 0
usemtl PetioleMat
f 1358/1360/1019 1359/1361/1019 1364/1362/1019 1363/1363/1019
f 1359/1361/1020 1360/1364/1020 1365/1365/1020 1364/1362/1020
f 1360/1364/1021 1361/1366/1021 1366/1367/1021 1365/1365/1021
f 1361/1366/1022 1362/1368/1022 1367/1369/1022 1366/1367/1022
f 1362/1368/1023 1358/1360/1023 1363/1363/1023 1367/1369/1023
f 1363/1363/1024 1364/1362/1024 1369/1370/1024 1368/1371/1024
f 1364/1362/1025 1365/1365/1025 1370/1372/1025 1369/1370/1025
f 1365/1365/1026 1366/1367/1026 1371/1373/1026 1370/1372/1026
f 1366/1367/1027 1367/1369/1027 1372/1374/1027 1371/1373/1027
f 1367/1369/1028 1363/1363/1028 1368/1371/1028 1372/1374/1028
f 1368/1371/1029 1369/1370/1029 1374/1375/1029 1373/1376/1029
f 1369/1370/1030 1370/1372/1030 1375/1377/1030 1374/1375/1030
f 1370/1372/1031 1371/1373/1031 1376/1378/1031 1375/1377/1031
f 1371/1373/1032 1372/1374/1032 1377/1379/1032 1376/1378/1032
f 1372/1374/1033 1368/1371/1033 1373/1376/1033 1377/1379/1033
f 1373/1376/1034 1374/1375/1034 1379/1380/1034 1378/1381/1034
f 1374/1375/1035 1375/1377/1035 1380/1382/1035 1379/1380/1035
f 1375/1377/1036 1376/1378/1036 1381/1383/1036 1380/1382/1036
f 1376/1378/1037 1377/1379/1037 1382/1384/1037 1381/1383/1037
f 1377/1379/1038 1373/1376/1038 1378/1381/1038 1382/1384/1038
f 1362/1368/1039 1361/1366/1039 1360/1364/1039 1359/1361/1039 1358/1360/1039
f 1378/1381/1040 1379/1380/1040 1380/1382/1040 1381/1383/1040 1382/1384/1040
o Leaf_026
v 0.021963 1.553891 0.822230
v 0.267592 1.557197 0.732150
v 0.513220 1.560504 0.642070
v 0.073807 1.636988 0.966647
v 0.322330 1.571063 0.881918
v 0.565064 1.643601 0.786486
v 0.126963 1.688682 1.113491
v 0.377606 1.572077 1.032680
v 0.618221 1.695295 0.933330
v 0.182684 1.679052 1.265076
v 0.434102 1.543895 1.185699
v 0.673942 1.685664 1.084915
v 0.240429 1.621024 1.420402
v 0.491071 1.504418 1.339591
v 0.731686 1.627636 1.240241
v 0.299201 1.538396 1.577629
v 0.547725 1.472471 1.492900
v 0.790459 1.545009 1.397468
v 0.357648 1.463577 1.734253
v 0.603276 1.466883 1.644173
v 0.848905 1.470189 1.554092
vn 0.0085 0.9488 -0.3158
vn -0.2331 0.9455 -0.2272
vn 0.2552 0.9318 -0.2580
vn -0.3835 0.9232 -0.0238
vn 0.4353 0.8990 -0.0488
vn -0.3848 0.8880 0.2520
vn 0.4716 0.8760 0.1013
vn -0.3150 0.8654 0.3897
vn 0.3915 0.9010 0.1869
vn -0.1991 0.8931 0.4035
vn 0.1870 0.9652 0.1828
vn -0.0473 0.9620 0.2688
vt -0.000000 0.000000
vt -0.000000 0.166667
vt 0.500000 0.166667
vt 0.500000 0.000000
vt 1.000000 0.166667
vt 1.000000 -0.000000
vt -0.000000 0.333333
vt 0.500000 0.333333
vt 1.000000 0.333333
vt -0.000000 0.500000
vt 0.500000 0.500000
vt 1.000000 0.500000
vt -0.000000 0.666667
vt 0.500000 0.666667
vt 1.000000 0.666667
vt -0.000000 0.833334
vt 0.500000 0.833333
vt 1.000000 0.833333
vt -0.000000 1.000000
vt 0.500000 1.000000
vt 1.000000 1.000000
s 0
usemtl LeafMat
f 1383/1385/1041 1386/1386/1041 1387/1387/1041 1384/1388/1041
f 1384/1388/1042 1387/1387/1042 1388/1389/1042 1385/1390/1042
f 1386/1386/1043 1389/1391/1043 1390/1392/1043 1387/1387/1043
f 1387/1387/1044 1390/1392/1044 1391/1393/1044 1388/1389/1044
f 1389/1391/1045 1392/1394/1045 1393/1395/1045 1390/1392/1045
f 1390/1392/1046 1393/1395/1046 1394/1396/1046 1391/1393/1046
f 1392/1394/1047 1395/1397/1047 1396/1398/1047 1393/1395/1047
f 1393/1395/1048 1396/1398/1048 1397/1399/1048 1394/1396/1048
f 1395/1397/1049 1398/1400/1049 1399/1401/1049 1396/1398/1049
f 1396/1398/1050 1399/1401/1050 1400/1402/1050 1397/1399/1050
f 1398/1400/1051 1401/1403/1051 1402/1404/1051 1399/1401/1051
f 1399/1401/1052 1402/1404/1052 1403/1405/1052 1400/1402/1052
o Petiole_027
v 0.075610 1.220144 -0.065129
v 0.077736 1.211057 -0.089175
v 0.055097 1.214528 -0.101038
v 0.038979 1.225761 -0.084324
v 0.051657 1.229232 -0.062131
v 0.229363 1.684042 -0.228134
v 0.231487 1.675544 -0.249284
v 0.211650 1.678789 -0.260238
v 0.197265 1.689294 -0.245858
v 0.208212 1.692539 -0.226017
v 0.388316 2.091481 -0.385287
v 0.390479 2.083227 -0.403365
v 0.373631 2.086380 -0.413651
v 0.361055 2.096582 -0.401930
v 0.370131 2.099734 -0.384400
v 0.552729 2.442461 -0.536846
v 0.554699 2.434545 -0.551861
v 0.540773 2.437569 -0.561292
v 0.530196 2.447354 -0.552105
v 0.537585 2.450377 -0.536996
v 0.722781 2.736984 -0.682948
v 0.724406 2.730028 -0.695205
v 0.713057 2.732685 -0.703291
v 0.704418 2.741283 -0.696033
v 0.710428 2.743940 -0.683460
vn 0.9502 -0.2498 0.1865
vn 0.3799 -0.4117 -0.8284
vn -0.7138 0.0001 -0.7003
vn -0.8193 0.4166 0.3939
vn 0.2091 0.2622 0.9421
vn 0.9341 -0.2798 0.2216
vn 0.3856 -0.4546 -0.8029
vn -0.6940 0.0040 -0.7200
vn -0.8122 0.4622 0.3560
vn 0.1939 0.2870 0.9381
vn 0.9117 -0.3127 0.2666
vn 0.3902 -0.5078 -0.7681
vn -0.6681 0.0044 -0.7440
vn -0.8001 0.5160 0.3060
vn 0.1760 0.3203 0.9308
vn 0.8817 -0.3556 0.3101
vn 0.3772 -0.5708 -0.7293
vn -0.6453 0.0088 -0.7639
vn -0.7723 0.5820 0.2544
vn 0.1710 0.3571 0.9183
vn -0.3023 -0.9002 0.3135
vn 0.4640 0.7954 -0.3899
vt 0.604882 4.880577
vt 0.621888 4.844226
vt 1.851898 6.702174
vt 1.834900 6.736166
vt 0.440775 4.858111
vt 1.693199 6.715158
vt 0.311835 4.903042
vt 1.578121 6.757174
vt 0.413259 4.916927
vt 1.665697 6.770158
vt 3.123832 8.332910
vt 3.106527 8.365923
vt 2.989046 8.345519
vt 2.888438 8.386327
vt 2.961046 8.398936
vt 4.437592 9.738181
vt 4.421832 9.769845
vt 4.326183 9.750276
vt 4.241570 9.789414
vt 4.300683 9.801509
vt 5.795252 10.920111
vt 5.782250 10.947935
vt 5.704459 10.930738
vt 5.635345 10.965132
vt 5.683423 10.975760
s 0
usemtl PetioleMat
f 1404/1406/1053 1405/1407/1053 1410/1408/1053 1409/1409/1053
f 1405/1407/1054 1406/1410/1054 1411/1411/1054 1410/1408/1054
f 1406/1410/1055 1407/1412/1055 1412/1413/1055 1411/1411/1055
f 1407/1412/1056 1408/1414/1056 1413/1415/1056 1412/1413/1056
f 1408/1414/1057 1404/1406/1057 1409/1409/1057 1413/1415/1057
f 1409/1409/1058 1410/1408/1058 1415/1416/1058 1414/1417/1058
f 1410/1408/1059 1411/1411/1059 1416/1418/1059 1415/1416/1059
f 1411/1411/1060 1412/1413/1060 1417/1419/1060 1416/1418/1060
f 1412/1413/1061 1413/1415/1061 1418/1420/1061 1417/1419/1061
f 1413/1415/1062 1409/1409/1062 1414/1417/1062 1418/1420/1062
f 1414/1417/1063 1415/1416/1063 1420/1421/1063 1419/1422/1063
f 1415/1416/1064 1416/1418/1064 1421/1423/1064 1420/1421/1064
f 1416/1418/1065 1417/1419/1065 1422/1424/1065 1421/1423/1065
f 1417/1419/1066 1418/1420/1066 1423/1425/1066 1422/1424/1066
f 1418/1420/1067 1414/1417/1067 1419/1422/1067 1423/1425/1067
f 1419/1422/1068 1420/1421/1068 1425/1426/1068 1424/1427/1068
f 1420/1421/1069 1421/1423/1069 1426/1428/1069 1425/1426/1069
f 1421/1423/1070 1422/1424/1070 1427/1429/1070 1426/1428/1070
f 1422/1424/1071 1423/1425/1071 1428/1430/1071 1427/1429/1071
f 1423/1425/1072 1419/1422/1072 1424/1427/1072 1428/1430/1072
f 1408/1414/1073 1407/1412/1073 1406/1410/1073 1405/1407/1073 1404/1406/1073
f 1424/1427/1074 1425/1426/1074 1426/1428/1074 1427/1429/1074 1428/1430/1074
o Leaf_027
v 0.913985 2.755166 -0.479285
v 0.715018 2.736984 -0.692187
v 0.516052 2.718801 -0.905090
v 1.040101 2.873808 -0.607278
v 0.856845 2.792660 -0.829485
v 0.642168 2.837443 -1.033083
v 1.173476 2.963361 -0.739570
v 1.001720 2.836119 -0.968589
v 0.775542 2.926997 -1.165375
v 1.321065 2.995943 -0.880281
v 1.153519 2.851829 -1.111793
v 0.923132 2.959578 -1.306086
v 1.479752 2.984044 -1.027566
v 1.307997 2.856802 -1.256584
v 1.081819 2.947679 -1.453370
v 1.643945 2.950080 -1.178110
v 1.460689 2.868932 -1.400317
v 1.246012 2.913716 -1.603915
v 1.806096 2.924299 -1.327446
v 1.607130 2.906116 -1.540348
v 1.408163 2.887934 -1.753251
vn -0.4188 0.8932 0.1640
vn -0.2686 0.9069 0.3247
vn -0.4646 0.8845 -0.0429
vn -0.0655 0.9209 0.3842
vn -0.3782 0.8922 -0.2470
vn 0.1429 0.9398 0.3105
vn -0.2823 0.9029 -0.3241
vn 0.2253 0.9493 0.2191
vn -0.1955 0.9398 -0.2802
vn 0.1848 0.9746 0.1267
vn -0.1356 0.9851 -0.1058
vn 0.0119 0.9986 0.0520
vt -0.000000 0.000000
vt 0.000000 0.166667
vt 0.500000 0.166667
vt 0.500000 0.000000
vt 1.000000 0.166667
vt 1.000000 0.000000
vt -0.000000 0.333333
vt 0.500000 0.333333
vt 1.000000 0.333333
vt 0.000000 0.500000
vt 0.500000 0.500000
vt 1.000000 0.500000
vt -0.000000 0.666667
vt 0.500000 0.666667
vt 1.000000 0.666667
vt 0.000000 0.833333
vt 0.500000 0.833333
vt 1.000000 0.833333
vt 0.000000 1.000000
vt 0.500000 1.000000
vt 1.000000 1.000000
s 0
usemtl LeafMat
f 1429/1431/1075 1432/1432/1075 1433/1433/1075 1430/1434/1075
f 1430/1434/1076 1433/1433/1076 1434/1435/1076 1431/1436/1076
f 1432/1432/1077 1435/1437/1077 1436/1438/1077 1433/1433/1077
f 1433/1433/1078 1436/1438/1078 1437/1439/1078 1434/1435/1078
f 1435/1437/1079 1438/1440/1079 1439/1441/1079 1436/1438/1079
f 1436/1438/1080 1439/1441/1080 1440/1442/1080 1437/1439/1080
f 1438/1440/1081 1441/1443/1081 1442/1444/1081 1439/1441/1081
f 1439/1441/1082 1442/1444/1082 1443/1445/1082 1440/1442/1082
f 1441/1443/1083 1444/1446/1083 1445/1447/1083 1442/1444/1083
f 1442/1444/1084 1445/1447/1084 1446/1448/1084 1443/1445/1084
f 1444/1446/1085 1447/1449/1085 1448/1450/1085 1445/1447/1085
f 1445/1447/1086 1448/1450/1086 1449/1451/1086 1446/1448/1086
