# Blender 5.1.1
# www.blender.org
mtllib haworthia.mtl
o Pot
v 0.420000 0.000000 0.000000
v 0.296985 0.000000 -0.296985
v 0.000000 0.000000 -0.420000
v -0.296985 0.000000 -0.296985
v -0.420000 0.000000 -0.000000
v -0.296985 0.000000 0.296985
v -0.000000 0.000000 0.420000
v 0.296985 0.000000 0.296985
v 0.500000 0.060000 0.000000
v 0.353553 0.060000 -0.353553
v 0.000000 0.060000 -0.500000
v -0.353553 0.060000 -0.353553
v -0.500000 0.060000 -0.000000
v -0.353553 0.060000 0.353553
v -0.000000 0.060000 0.500000
v 0.353553 0.060000 0.353553
v 0.580000 0.200000 0.000000
v 0.410122 0.200000 -0.410122
v 0.000000 0.200000 -0.580000
v -0.410122 0.200000 -0.410122
v -0.580000 0.200000 -0.000000
v -0.410122 0.200000 0.410122
v -0.000000 0.200000 0.580000
v 0.410122 0.200000 0.410122
v 0.620000 0.400000 0.000000
v 0.438406 0.400000 -0.438406
v 0.000000 0.400000 -0.620000
v -0.438406 0.400000 -0.438406
v -0.620000 0.400000 -0.000000
v -0.438406 0.400000 0.438406
v -0.000000 0.400000 0.620000
v 0.438406 0.400000 0.438406
v 0.650000 0.550000 0.000000
v 0.459619 0.550000 -0.459619
v 0.000000 0.550000 -0.650000
v -0.459619 0.550000 -0.459619
v -0.650000 0.550000 -0.000000
v -0.459619 0.550000 0.459619
v -0.000000 0.550000 0.650000
v 0.459619 0.550000 0.459619
v 0.660000 0.700000 0.000000
v 0.466690 0.700000 -0.466690
v 0.000000 0.700000 -0.660000
v -0.466690 0.700000 -0.466690
v -0.660000 0.700000 -0.000000
v -0.466690 0.700000 0.466690
v -0.000000 0.700000 0.660000
v 0.466690 0.700000 0.466690
v 0.600000 0.700000 0.000000
v 0.424264 0.700000 -0.424264
v 0.000000 0.700000 -0.600000
v -0.424264 0.700000 -0.424264
v -0.600000 0.700000 -0.000000
v -0.424264 0.700000 0.424264
v -0.000000 0.700000 0.600000
v 0.424264 0.700000 0.424264
v 0.560000 0.660000 0.000000
v 0.395980 0.660000 -0.395980
v 0.000000 0.660000 -0.560000
v -0.395980 0.660000 -0.395980
v -0.560000 0.660000 -0.000000
v -0.395980 0.660000 0.395980
v -0.000000 0.660000 0.560000
v 0.395980 0.660000 0.395980
v 0.500000 0.500000 0.000000
v 0.353553 0.500000 -0.353553
v 0.000000 0.500000 -0.500000
v -0.353553 0.500000 -0.353553
v -0.500000 0.500000 -0.000000
v -0.353553 0.500000 0.353553
v -0.000000 0.500000 0.500000
v 0.353553 0.500000 0.353553
v 0.420000 0.300000 0.000000
v 0.296985 0.300000 -0.296985
v 0.000000 0.300000 -0.420000
v -0.296985 0.300000 -0.296985
v -0.420000 0.300000 -0.000000
v -0.296985 0.300000 0.296985
v -0.000000 0.300000 0.420000
v 0.296985 0.300000 0.296985
v 0.360000 0.150000 0.000000
v 0.254558 0.150000 -0.254558
v 0.000000 0.150000 -0.360000
v -0.254558 0.150000 -0.254558
v -0.360000 0.150000 -0.000000
v -0.254558 0.150000 0.254558
v -0.000000 0.150000 0.360000
v 0.254558 0.150000 0.254558
v 0.360000 0.080000 0.000000
v 0.254558 0.080000 -0.254558
v 0.000000 0.080000 -0.360000
v -0.254558 0.080000 -0.254558
v -0.360000 0.080000 -0.000000
v -0.254558 0.080000 0.254558
v -0.000000 0.080000 0.360000
v 0.254558 0.080000 0.254558
vn 0.5823 -0.7764 -0.2412
vn 0.2412 -0.7764 -0.5823
vn -0.2412 -0.7764 -0.5823
vn -0.5823 -0.7764 -0.2412
vn -0.5823 -0.7764 0.2412
vn -0.2412 -0.7764 0.5823
vn 0.2412 -0.7764 0.5823
vn 0.5823 -0.7764 0.2412
vn 0.8170 -0.4669 -0.3384
vn 0.3384 -0.4669 -0.8170
vn -0.3384 -0.4669 -0.8170
vn -0.8170 -0.4669 -0.3384
vn -0.8170 -0.4669 0.3384
vn -0.3384 -0.4669 0.8170
vn 0.3384 -0.4669 0.8170
vn 0.8170 -0.4669 0.3384
vn 0.9085 -0.1817 -0.3763
vn 0.3763 -0.1817 -0.9085
vn -0.3763 -0.1817 -0.9085
vn -0.9085 -0.1817 -0.3763
vn -0.9085 -0.1817 0.3763
vn -0.3763 -0.1817 0.9085
vn 0.3763 -0.1817 0.9085
vn 0.9085 -0.1817 0.3763
vn 0.9221 -0.0615 -0.3820
vn 0.3820 -0.0615 -0.9221
vn -0.3820 -0.0615 -0.9221
vn -0.9221 -0.0615 -0.3820
vn -0.9221 -0.0615 0.3820
vn -0.3820 -0.0615 0.9221
vn 0.3820 -0.0615 0.9221
vn 0.9221 -0.0615 0.3820
vn -0.0000 -1.0000 -0.0000
vn -0.0000 1.0000 -0.0000
vn -0.6786 0.6786 0.2811
vn -0.2811 0.6786 0.6786
vn 0.2811 0.6786 0.6786
vn 0.6786 0.6786 0.2811
vn 0.6786 0.6786 -0.2811
vn 0.2811 0.6786 -0.6786
vn -0.2811 0.6786 -0.6786
vn -0.6786 0.6786 -0.2811
vn -0.8730 0.3274 0.3616
vn -0.3616 0.3274 0.8730
vn 0.3616 0.3274 0.8730
vn 0.8730 0.3274 0.3616
vn 0.8730 0.3274 -0.3616
vn 0.3616 0.3274 -0.8730
vn -0.3616 0.3274 -0.8730
vn -0.8730 0.3274 -0.3616
vn -0.8666 0.3466 0.3590
vn -0.3590 0.3466 0.8666
vn 0.3590 0.3466 0.8666
vn 0.8666 0.3466 0.3590
vn 0.8666 0.3466 -0.3590
vn 0.3590 0.3466 -0.8666
vn -0.3590 0.3466 -0.8666
vn -0.8666 0.3466 -0.3590
vn -0.9239 -0.0000 0.3827
vn -0.3827 -0.0000 0.9239
vn 0.3827 -0.0000 0.9239
vn 0.9239 -0.0000 0.3827
vn 0.9239 -0.0000 -0.3827
vn 0.3827 -0.0000 -0.9239
vn -0.3827 -0.0000 -0.9239
vn -0.9239 -0.0000 -0.3827
vt 1.050000 0.000000
vt 0.742462 0.742462
vt 0.883883 0.883883
vt 1.250000 0.000000
vt 0.000000 1.050000
vt 0.000000 1.250000
vt -0.742462 0.742462
vt -0.883883 0.883883
vt -1.050000 0.000000
vt -1.250000 0.000000
vt -0.742462 -0.742462
vt -0.883883 -0.883883
vt -0.000000 -1.050000
vt -0.000000 -1.250000
vt 0.742462 -0.742462
vt 0.883883 -0.883883
vt 0.000000 0.150000
vt 0.883883 0.150000
vt 1.025305 0.500000
vt 0.000000 0.500000
vt 0.000000 0.150000
vt 0.000000 0.500000
vt -0.883883 0.150000
vt -1.025305 0.500000
vt 0.000000 0.150000
vt 0.000000 0.500000
vt -0.000000 0.150000
vt -0.000000 0.500000
vt 1.096015 1.000000
vt 0.000000 1.000000
vt 0.000000 1.000000
vt -1.096015 1.000000
vt 0.000000 1.000000
vt -0.000000 1.000000
vt 1.149049 1.375000
vt 0.000000 1.375000
vt 0.000000 1.375000
vt -1.149049 1.375000
vt 0.000000 1.375000
vt -0.000000 1.375000
vt 1.166726 1.750000
vt 0.000000 1.750000
vt 0.000000 1.750000
vt -1.166726 1.750000
vt 0.000000 1.750000
vt -0.000000 1.750000
vt 1.650000 0.000000
vt 1.166726 1.166726
vt 1.060660 1.060660
vt 1.500000 0.000000
vt 0.000000 1.650000
vt 0.000000 1.500000
vt -1.166726 1.166726
vt -1.060660 1.060660
vt -1.650000 0.000000
vt -1.500000 0.000000
vt -1.166726 -1.166726
vt -1.060660 -1.060660
vt -0.000000 -1.650000
vt -0.000000 -1.500000
vt 1.166726 -1.166726
vt 1.060660 -1.060660
vt 0.989949 0.989949
vt 1.400000 0.000000
vt 0.000000 1.400000
vt -0.989949 0.989949
vt -1.400000 0.000000
vt -0.989949 -0.989949
vt -0.000000 -1.400000
vt 0.989949 -0.989949
vt 0.989949 1.650000
vt 0.883883 1.250000
vt 0.000000 1.250000
vt 0.000000 1.650000
vt 0.000000 1.650000
vt -0.989949 1.650000
vt -0.883883 1.250000
vt 0.000000 1.650000
vt 0.000000 1.250000
vt -0.000000 1.650000
vt -0.000000 1.250000
vt 0.742462 0.750000
vt 0.000000 0.750000
vt 0.000000 0.750000
vt -0.742462 0.750000
vt 0.000000 0.750000
vt -0.000000 0.750000
vt 0.636396 0.375000
vt 0.000000 0.375000
vt 0.000000 0.375000
vt -0.636396 0.375000
vt 0.000000 0.375000
vt -0.000000 0.375000
vt 0.636396 0.200000
vt 0.000000 0.200000
vt 0.000000 0.200000
vt -0.636396 0.200000
vt 0.000000 0.200000
vt -0.000000 0.200000
vt 0.900000 0.000000
vt 0.636396 0.636396
vt 0.000000 0.900000
vt -0.636396 0.636396
vt -0.900000 0.000000
vt -0.636396 -0.636396
vt -0.000000 -0.900000
vt 0.636396 -0.636396
s 0
usemtl PotMat
f 1/1/1 2/2/1 10/3/1 9/4/1
f 2/2/2 3/5/2 11/6/2 10/3/2
f 3/5/3 4/7/3 12/8/3 11/6/3
f 4/7/4 5/9/4 13/10/4 12/8/4
f 5/9/5 6/11/5 14/12/5 13/10/5
f 6/11/6 7/13/6 15/14/6 14/12/6
f 7/13/7 8/15/7 16/16/7 15/14/7
f 8/15/8 1/1/8 9/4/8 16/16/8
f 9/17/9 10/18/9 18/19/9 17/20/9
f 10/18/10 11/21/10 19/22/10 18/19/10
f 11/21/11 12/23/11 20/24/11 19/22/11
f 12/18/12 13/25/12 21/26/12 20/19/12
f 13/25/13 14/23/13 22/24/13 21/26/13
f 14/23/14 15/27/14 23/28/14 22/24/14
f 15/27/15 16/18/15 24/19/15 23/28/15
f 16/23/16 9/17/16 17/20/16 24/24/16
f 17/20/17 18/19/17 26/29/17 25/30/17
f 18/19/18 19/22/18 27/31/18 26/29/18
f 19/22/19 20/24/19 28/32/19 27/31/19
f 20/19/20 21/26/20 29/33/20 28/29/20
f 21/26/21 22/24/21 30/32/21 29/33/21
f 22/24/22 23/28/22 31/34/22 30/32/22
f 23/28/23 24/19/23 32/29/23 31/34/23
f 24/24/24 17/20/24 25/30/24 32/32/24
f 25/30/17 26/29/17 34/35/17 33/36/17
f 26/29/18 27/31/18 35/37/18 34/35/18
f 27/31/19 28/32/19 36/38/19 35/37/19
f 28/29/20 29/33/20 37/39/20 36/35/20
f 29/33/21 30/32/21 38/38/21 37/39/21
f 30/32/22 31/34/22 39/40/22 38/38/22
f 31/34/23 32/29/23 40/35/23 39/40/23
f 32/32/24 25/30/24 33/36/24 40/38/24
f 33/36/25 34/35/25 42/41/25 41/42/25
f 34/35/26 35/37/26 43/43/26 42/41/26
f 35/37/27 36/38/27 44/44/27 43/43/27
f 36/35/28 37/39/28 45/45/28 44/41/28
f 37/39/29 38/38/29 46/44/29 45/45/29
f 38/38/30 39/40/30 47/46/30 46/44/30
f 39/40/31 40/35/31 48/41/31 47/46/31
f 40/38/32 33/36/32 41/42/32 48/44/32
f 8/15/33 7/13/33 6/11/33 5/9/33 4/7/33 3/5/33 2/2/33 1/1/33
f 41/47/34 42/48/34 50/49/34 49/50/34
f 42/48/34 43/51/34 51/52/34 50/49/34
f 43/51/34 44/53/34 52/54/34 51/52/34
f 44/53/34 45/55/34 53/56/34 52/54/34
f 45/55/34 46/57/34 54/58/34 53/56/34
f 46/57/34 47/59/34 55/60/34 54/58/34
f 47/59/34 48/61/34 56/62/34 55/60/34
f 48/61/34 41/47/34 49/50/34 56/62/34
f 50/49/35 58/63/35 57/64/35 49/50/35
f 51/52/36 59/65/36 58/63/36 50/49/36
f 52/54/37 60/66/37 59/65/37 51/52/37
f 53/56/38 61/67/38 60/66/38 52/54/38
f 54/58/39 62/68/39 61/67/39 53/56/39
f 55/60/40 63/69/40 62/68/40 54/58/40
f 56/62/41 64/70/41 63/69/41 55/60/41
f 49/50/42 57/64/42 64/70/42 56/62/42
f 58/71/43 66/72/43 65/73/43 57/74/43
f 59/75/44 67/6/44 66/72/44 58/71/44
f 60/76/45 68/77/45 67/6/45 59/75/45
f 61/78/46 69/79/46 68/72/46 60/71/46
f 62/76/47 70/77/47 69/79/47 61/78/47
f 63/80/48 71/81/48 70/77/48 62/76/48
f 64/71/49 72/72/49 71/81/49 63/80/49
f 57/74/50 65/73/50 72/77/50 64/76/50
f 66/72/51 74/82/51 73/83/51 65/73/51
f 67/6/52 75/84/52 74/82/52 66/72/52
f 68/77/53 76/85/53 75/84/53 67/6/53
f 69/79/54 77/86/54 76/82/54 68/72/54
f 70/77/55 78/85/55 77/86/55 69/79/55
f 71/81/56 79/87/56 78/85/56 70/77/56
f 72/72/57 80/82/57 79/87/57 71/81/57
f 65/73/58 73/83/58 80/85/58 72/77/58
f 74/82/51 82/88/51 81/89/51 73/83/51
f 75/84/52 83/90/52 82/88/52 74/82/52
f 76/85/53 84/91/53 83/90/53 75/84/53
f 77/86/54 85/92/54 84/88/54 76/82/54
f 78/85/55 86/91/55 85/92/55 77/86/55
f 79/87/56 87/93/56 86/91/56 78/85/56
f 80/82/57 88/88/57 87/93/57 79/87/57
f 73/83/58 81/89/58 88/91/58 80/85/58
f 82/88/59 90/94/59 89/95/59 81/89/59
f 83/90/60 91/96/60 90/94/60 82/88/60
f 84/91/61 92/97/61 91/96/61 83/90/61
f 85/92/62 93/98/62 92/94/62 84/88/62
f 86/91/63 94/97/63 93/98/63 85/92/63
f 87/93/64 95/99/64 94/97/64 86/91/64
f 88/88/65 96/94/65 95/99/65 87/93/65
f 81/89/66 89/95/66 96/97/66 88/91/66
f 89/100/34 90/101/34 91/102/34 92/103/34 93/104/34 94/105/34 95/106/34 96/107/34
o Soil
v 0.000000 0.660000 0.000000
v 0.300000 0.655000 0.000000
v 0.212132 0.645000 -0.212132
v 0.000000 0.655000 -0.300000
v -0.212132 0.645000 -0.212132
v -0.300000 0.655000 -0.000000
v -0.212132 0.645000 0.212132
v -0.000000 0.655000 0.300000
v 0.212132 0.645000 0.212132
v 0.508134 0.640000 -0.210476
v 0.210476 0.640000 -0.508134
v -0.210476 0.640000 -0.508134
v -0.508134 0.640000 -0.210476
v -0.508134 0.640000 0.210476
v -0.210476 0.640000 0.508134
v 0.210476 0.640000 0.508134
v 0.508134 0.640000 0.210476
vn 0.0166 0.9984 -0.0540
vn 0.0540 0.9984 -0.0166
vn -0.0540 0.9984 -0.0166
vn -0.0166 0.9984 -0.0540
vn -0.0166 0.9984 0.0540
vn -0.0540 0.9984 0.0166
vn 0.0540 0.9984 0.0166
vn 0.0166 0.9984 0.0540
vn 0.0171 0.9993 -0.0325
vn 0.0226 0.9985 -0.0491
vn -0.0325 0.9993 -0.0171
vn -0.0491 0.9985 -0.0226
vn -0.0171 0.9993 0.0325
vn -0.0226 0.9985 0.0491
vn 0.0325 0.9993 0.0171
vn 0.0491 0.9985 0.0226
vt 0.000000 0.000000
vt 1.200000 0.000000
vt 0.848528 0.848528
vt 0.000000 1.200000
vt -0.848528 0.848528
vt -1.200000 0.000000
vt -0.848528 -0.848528
vt -0.000000 -1.200000
vt 0.848528 -0.848528
vt 2.032535 0.841904
vt 0.841904 2.032535
vt -0.841904 2.032535
vt -2.032535 0.841904
vt -2.032535 -0.841904
vt -0.841904 -2.032535
vt 0.841904 -2.032535
vt 2.032535 -0.841904
s 0
usemtl SoilMat
f 97/108/67 98/109/67 99/110/67
f 97/108/68 99/110/68 100/111/68
f 97/108/69 100/111/69 101/112/69
f 97/108/70 101/112/70 102/113/70
f 97/108/71 102/113/71 103/114/71
f 97/108/72 103/114/72 104/115/72
f 97/108/73 104/115/73 105/116/73
f 97/108/74 105/116/74 98/109/74
f 98/109/75 106/117/75 107/118/75 99/110/75
f 99/110/76 107/118/76 108/119/76 100/111/76
f 100/111/77 108/119/77 109/120/77 101/112/77
f 101/112/78 109/120/78 110/121/78 102/113/78
f 102/113/79 110/121/79 111/122/79 103/114/79
f 103/114/80 111/122/80 112/123/80 104/115/80
f 104/115/81 112/123/81 113/124/81 105/116/81
f 105/116/82 113/124/82 106/117/82 98/109/82
o Saucer
v 0.720000 -0.060000 0.000000
v 0.509117 -0.060000 -0.509117
v 0.000000 -0.060000 -0.720000
v -0.509117 -0.060000 -0.509117
v -0.720000 -0.060000 -0.000000
v -0.509117 -0.060000 0.509117
v -0.000000 -0.060000 0.720000
v 0.509117 -0.060000 0.509117
v 0.740000 -0.020000 0.000000
v 0.523259 -0.020000 -0.523259
v 0.000000 -0.020000 -0.740000
v -0.523259 -0.020000 -0.523259
v -0.740000 -0.020000 -0.000000
v -0.523259 -0.020000 0.523259
v -0.000000 -0.020000 0.740000
v 0.523259 -0.020000 0.523259
v 0.720000 0.040000 0.000000
v 0.509117 0.040000 -0.509117
v 0.000000 0.040000 -0.720000
v -0.509117 0.040000 -0.509117
v -0.720000 0.040000 -0.000000
v -0.509117 0.040000 0.509117
v -0.000000 0.040000 0.720000
v 0.509117 0.040000 0.509117
vn 0.8387 -0.4194 -0.3474
vn 0.3474 -0.4194 -0.8387
vn -0.3474 -0.4194 -0.8387
vn -0.8387 -0.4194 -0.3474
vn -0.8387 -0.4194 0.3474
vn -0.3474 -0.4194 0.8387
vn 0.3474 -0.4194 0.8387
vn 0.8387 -0.4194 0.3474
vn 0.8830 0.2943 -0.3657
vn 0.3657 0.2943 -0.8830
vn -0.3657 0.2943 -0.8830
vn -0.8830 0.2943 -0.3657
vn -0.8830 0.2943 0.3657
vn -0.3657 0.2943 0.8830
vn 0.3657 0.2943 0.8830
vn 0.8830 0.2943 0.3657
vn -0.0000 -1.0000 -0.0000
vn -0.0000 1.0000 -0.0000
vt 0.000000 -0.240000
vt 2.036468 -0.240000
vt 2.093036 -0.080000
vt 0.000000 -0.080000
vt 0.000000 -0.240000
vt 0.000000 -0.080000
vt -2.036468 -0.240000
vt -2.093036 -0.080000
vt 0.000000 -0.240000
vt 0.000000 -0.080000
vt -0.000000 -0.240000
vt -0.000000 -0.080000
vt 2.036468 0.160000
vt 0.000000 0.160000
vt 0.000000 0.160000
vt -2.036468 0.160000
vt 0.000000 0.160000
vt -0.000000 0.160000
vt 2.036468 -2.036468
vt -0.000000 -2.880000
vt -2.036468 -2.036468
vt -2.880000 0.000000
vt -2.036468 2.036468
vt 0.000000 2.880000
vt 2.036468 2.036468
vt 2.880000 0.000000
s 0
usemtl SaucerMat
f 114/125/83 115/126/83 123/127/83 122/128/83
f 115/126/84 116/129/84 124/130/84 123/127/84
f 116/129/85 117/131/85 125/132/85 124/130/85
f 117/126/86 118/133/86 126/134/86 125/127/86
f 118/133/87 119/131/87 127/132/87 126/134/87
f 119/131/88 120/135/88 128/136/88 127/132/88
f 120/135/89 121/126/89 129/127/89 128/136/89
f 121/131/90 114/125/90 122/128/90 129/132/90
f 122/128/91 123/127/91 131/137/91 130/138/91
f 123/127/92 124/130/92 132/139/92 131/137/92
f 124/130/93 125/132/93 133/140/93 132/139/93
f 125/127/94 126/134/94 134/141/94 133/137/94
f 126/134/95 127/132/95 135/140/95 134/141/95
f 127/132/96 128/136/96 136/142/96 135/140/96
f 128/136/97 129/127/97 137/137/97 136/142/97
f 129/132/98 122/128/98 130/138/98 137/140/98
f 121/143/99 120/144/99 119/145/99 118/146/99 117/147/99 116/148/99 115/149/99 114/150/99
f 130/150/100 131/149/100 132/148/100 133/147/100 134/146/100 135/145/100 136/144/100 137/143/100
o Leaf_000
v 0.038846 0.655572 0.148471
v 0.040440 0.670000 0.001951
v 0.042034 0.684428 -0.144570
v 0.123752 0.728950 0.139525
v 0.138422 0.707174 0.006677
v 0.126571 0.754472 -0.119658
v 0.211216 0.795666 0.129950
v 0.235989 0.745430 0.011505
v 0.213667 0.817854 -0.095374
v 0.299289 0.860797 0.120226
v 0.329849 0.793341 0.017244
v 0.301371 0.879650 -0.071240
v 0.389202 0.921134 0.110050
v 0.420659 0.849193 0.023731
v 0.390916 0.936654 -0.047557
v 0.482418 0.972868 0.099063
v 0.510115 0.908575 0.030552
v 0.483764 0.985053 -0.024686
v 0.579691 1.014034 0.087079
v 0.599909 0.967075 0.037289
v 0.580669 1.022885 -0.002812
v 0.681271 1.043985 0.074038
v 0.691736 1.020280 0.043526
v 0.681880 1.049502 0.018005
v 0.787170 1.062686 0.059936
v 0.787290 1.063778 0.048849
v 0.787411 1.064870 0.037762
vn -0.5175 0.8541 -0.0526
vn -0.5203 0.8285 0.2070
vn -0.4751 0.8233 -0.3105
vn -0.4834 0.7480 0.4548
vn -0.4639 0.7289 -0.5034
vn -0.4762 0.6178 0.6258
vn -0.4323 0.6527 -0.6222
vn -0.4470 0.5197 0.7281
vn -0.3886 0.6130 -0.6879
vn -0.4046 0.4679 0.7857
vn -0.3450 0.6100 -0.7134
vn -0.3616 0.4599 0.8110
vn -0.3055 0.6539 -0.6921
vn -0.3217 0.5070 0.7996
vn -0.2737 0.8141 -0.5122
vn -0.2864 0.6992 0.6551
vt -0.000000 -0.000000
vt 0.057771 0.125000
vt 0.500000 0.125000
vt 0.500000 0.000000
vt 0.942229 0.125000
vt 1.000000 0.000000
vt 0.115541 0.250000
vt 0.500000 0.250000
vt 0.884459 0.250000
vt 0.173312 0.375000
vt 0.500000 0.375000
vt 0.826688 0.375000
vt 0.231082 0.500000
vt 0.500000 0.500000
vt 0.768918 0.500000
vt 0.288853 0.625000
vt 0.500000 0.625000
vt 0.711147 0.625000
vt 0.346623 0.750000
vt 0.500000 0.750000
vt 0.653377 0.750000
vt 0.404394 0.875000
vt 0.500000 0.875000
vt 0.595606 0.875000
vt 0.462165 1.000000
vt 0.500000 1.000000
vt 0.537835 1.000000
s 0
usemtl LeafMat
f 138/151/101 141/152/101 142/153/101 139/154/101
f 139/154/102 142/153/102 143/155/102 140/156/102
f 141/152/103 144/157/103 145/158/103 142/153/103
f 142/153/104 145/158/104 146/159/104 143/155/104
f 144/157/105 147/160/105 148/161/105 145/158/105
f 145/158/106 148/161/106 149/162/106 146/159/106
f 147/160/107 150/163/107 151/164/107 148/161/107
f 148/161/108 151/164/108 152/165/108 149/162/108
f 150/163/109 153/166/109 154/167/109 151/164/109
f 151/164/110 154/167/110 155/168/110 152/165/110
f 153/166/111 156/169/111 157/170/111 154/167/111
f 154/167/112 157/170/112 158/171/112 155/168/112
f 156/169/113 159/172/113 160/173/113 157/170/113
f 157/170/114 160/173/114 161/174/114 158/171/114
f 159/172/115 162/175/115 163/176/115 160/173/115
f 160/173/116 163/176/116 164/177/116 161/174/116
o Leaf_001
v 0.062885 0.684125 0.116064
v 0.022854 0.670000 -0.008374
v -0.017177 0.655875 -0.132811
v 0.131618 0.737889 0.071898
v 0.105135 0.702407 -0.038522
v 0.060750 0.712883 -0.148399
v 0.202072 0.787239 0.027680
v 0.187129 0.735552 -0.068661
v 0.140396 0.765477 -0.164039
v 0.272873 0.835694 -0.016548
v 0.266558 0.775281 -0.098723
v 0.220391 0.817176 -0.179690
v 0.344866 0.881092 -0.060813
v 0.343878 0.820426 -0.128720
v 0.301577 0.865818 -0.195376
v 0.419065 0.920825 -0.105144
v 0.420260 0.867979 -0.158690
v 0.384970 0.908795 -0.211130
v 0.496010 0.953511 -0.149558
v 0.496876 0.914929 -0.188666
v 0.471108 0.944725 -0.226967
v 0.575895 0.978648 -0.194062
v 0.574899 0.958269 -0.218685
v 0.560186 0.973105 -0.242892
v 0.658758 0.996139 -0.238656
v 0.655500 0.994989 -0.248782
v 0.652243 0.993840 -0.258908
vn -0.5091 0.8599 -0.0374
vn -0.4494 0.8810 0.1482
vn -0.5474 0.8047 -0.2296
vn -0.3663 0.8687 0.3336
vn -0.5999 0.7078 -0.3730
vn -0.3200 0.8065 0.4971
vn -0.6169 0.6270 -0.4758
vn -0.2693 0.7496 0.6046
vn -0.6053 0.5810 -0.5441
vn -0.2175 0.7179 0.6613
vn -0.5785 0.5742 -0.5794
vn -0.1748 0.7166 0.6752
vn -0.5383 0.6192 -0.5717
vn -0.1495 0.7563 0.6369
vn -0.4547 0.7810 -0.4282
vn -0.1747 0.8798 0.4421
vt 0.000000 0.000000
vt 0.057414 0.125000
vt 0.500000 0.125000
vt 0.500000 0.000000
vt 0.942586 0.125000
vt 1.000000 -0.000000
vt 0.114828 0.250000
vt 0.500000 0.250000
vt 0.885172 0.250000
vt 0.172242 0.375000
vt 0.500000 0.375000
vt 0.827758 0.375000
vt 0.229656 0.500000
vt 0.500000 0.500000
vt 0.770344 0.500000
vt 0.287070 0.625000
vt 0.500000 0.625000
vt 0.712930 0.625000
vt 0.344484 0.750000
vt 0.500000 0.750000
vt 0.655516 0.750000
vt 0.401898 0.875000
vt 0.500000 0.875000
vt 0.598102 0.875000
vt 0.459312 1.000000
vt 0.500000 1.000000
vt 0.540688 1.000000
s 0
usemtl LeafMat
f 165/178/117 168/179/117 169/180/117 166/181/117
f 166/181/118 169/180/118 170/182/118 167/183/118
f 168/179/119 171/184/119 172/185/119 169/180/119
f 169/180/120 172/185/120 173/186/120 170/182/120
f 171/184/121 174/187/121 175/188/121 172/185/121
f 172/185/122 175/188/122 176/189/122 173/186/122
f 174/187/123 177/190/123 178/191/123 175/188/123
f 175/188/124 178/191/124 179/192/124 176/189/124
f 177/190/125 180/193/125 181/194/125 178/191/125
f 178/191/126 181/194/126 182/195/126 179/192/126
f 180/193/127 183/196/127 184/197/127 181/194/127
f 181/194/128 184/197/128 185/198/128 182/195/128
f 183/196/129 186/199/129 187/200/129 184/197/129
f 184/197/130 187/200/130 188/201/130 185/198/130
f 186/199/131 189/202/131 190/203/131 187/200/131
f 187/200/132 190/203/132 191/204/132 188/201/132
o Leaf_002
v 0.123460 0.662830 0.086610
v 0.032246 0.670000 -0.025293
v -0.058967 0.677170 -0.137196
v 0.187753 0.731351 0.016737
v 0.114598 0.709516 -0.089887
v 0.026682 0.744012 -0.180869
v 0.253406 0.794682 -0.054577
v 0.196655 0.750157 -0.154168
v 0.113691 0.805664 -0.225983
v 0.318831 0.858885 -0.125649
v 0.276081 0.800838 -0.215662
v 0.200471 0.868189 -0.270856
v 0.384813 0.920961 -0.197311
v 0.353343 0.859776 -0.274863
v 0.287808 0.928587 -0.316318
v 0.452426 0.976813 -0.270702
v 0.429643 0.922386 -0.333044
v 0.376777 0.982760 -0.363509
v 0.522349 1.023848 -0.346541
v 0.506184 0.984077 -0.391481
v 0.468056 1.028116 -0.413149
v 0.594981 1.060550 -0.425249
v 0.584167 1.040263 -0.451446
v 0.562044 1.063139 -0.465657
v 0.670587 1.085900 -0.507109
v 0.664796 1.086355 -0.514214
v 0.659005 1.086810 -0.521318
vn -0.4134 0.8750 0.2522
vn -0.2758 0.8641 0.4210
vn -0.5338 0.8431 0.0650
vn -0.1194 0.8105 0.5734
vn -0.6552 0.7528 -0.0635
vn -0.0243 0.7032 0.7105
vn -0.7191 0.6757 -0.1623
vn 0.0545 0.6149 0.7867
vn -0.7373 0.6326 -0.2369
vn 0.1209 0.5652 0.8161
vn -0.7261 0.6255 -0.2856
vn 0.1703 0.5550 0.8142
vn -0.6855 0.6634 -0.3001
vn 0.1952 0.5942 0.7803
vn -0.5562 0.8060 -0.2027
vn 0.1352 0.7516 0.6456
vt -0.000000 -0.000000
vt 0.058532 0.125000
vt 0.500000 0.125000
vt 0.500000 0.000000
vt 0.941468 0.125000
vt 1.000000 -0.000000
vt 0.117064 0.250000
vt 0.500000 0.250000
vt 0.882936 0.250000
vt 0.175596 0.375000
vt 0.500000 0.375000
vt 0.824403 0.375000
vt 0.234129 0.500000
vt 0.500000 0.500000
vt 0.765871 0.500000
vt 0.292661 0.625000
vt 0.500000 0.625000
vt 0.707339 0.625000
vt 0.351193 0.750000
vt 0.500000 0.750000
vt 0.648807 0.750000
vt 0.409725 0.875000
vt 0.500000 0.875000
vt 0.590275 0.875000
vt 0.468257 1.000000
vt 0.500000 1.000000
vt 0.531743 1.000000
s 0
usemtl LeafMat
f 192/205/133 195/206/133 196/207/133 193/208/133
f 193/208/134 196/207/134 197/209/134 194/210/134
f 195/206/135 198/211/135 199/212/135 196/207/135
f 196/207/136 199/212/136 200/213/136 197/209/136
f 198/211/137 201/214/137 202/215/137 199/212/137
f 199/212/138 202/215/138 203/216/138 200/213/138
f 201/214/139 204/217/139 205/218/139 202/215/139
f 202/215/140 205/218/140 206/219/140 203/216/140
f 204/217/141 207/220/141 208/221/141 205/218/141
f 205/218/142 208/221/142 209/222/142 206/219/142
f 207/220/143 210/223/143 211/224/143 208/221/143
f 208/221/144 211/224/144 212/225/144 209/222/144
f 210/223/145 213/226/145 214/227/145 211/224/145
f 211/224/146 214/227/146 215/228/146 212/225/146
f 213/226/147 216/229/147 217/230/147 214/227/147
f 214/227/148 217/230/148 218/231/148 215/228/148
o Leaf_003
v 0.126556 0.674110 0.054237
v 0.011747 0.670000 -0.018802
v -0.103062 0.665890 -0.091841
v 0.149576 0.716892 -0.012566
v 0.051455 0.690206 -0.082356
v -0.054513 0.709586 -0.142402
v 0.173365 0.755160 -0.080323
v 0.091052 0.711062 -0.145772
v -0.005195 0.748768 -0.193919
v 0.197441 0.791740 -0.148438
v 0.129660 0.737726 -0.207960
v 0.044411 0.786262 -0.245792
v 0.222150 0.824603 -0.217339
v 0.167454 0.769167 -0.269137
v 0.094649 0.820039 -0.298452
v 0.247877 0.851498 -0.287502
v 0.204887 0.802731 -0.329866
v 0.145905 0.847848 -0.352374
v 0.274793 0.871402 -0.359143
v 0.242410 0.835765 -0.390706
v 0.198351 0.868666 -0.407774
v 0.302925 0.884173 -0.432293
v 0.280475 0.865613 -0.452221
v 0.252012 0.882351 -0.464683
v 0.332227 0.890077 -0.506895
v 0.319535 0.889623 -0.514970
v 0.306843 0.889168 -0.523044
vn -0.3204 0.9041 0.2827
vn -0.1665 0.9096 0.3806
vn -0.4658 0.8691 0.1666
vn 0.0018 0.8858 0.4641
vn -0.5999 0.7942 0.0969
vn 0.1253 0.8202 0.5582
vn -0.6825 0.7301 0.0330
vn 0.2213 0.7625 0.6080
vn -0.7179 0.6957 -0.0251
vn 0.2906 0.7318 0.6165
vn -0.7136 0.6972 -0.0685
vn 0.3279 0.7345 0.5941
vn -0.6580 0.7480 -0.0867
vn 0.3183 0.7830 0.5344
vn -0.4553 0.8897 -0.0328
vn 0.1767 0.9124 0.3692
vt -0.000000 0.000000
vt 0.055591 0.125000
vt 0.500000 0.125000
vt 0.500000 0.000000
vt 0.944409 0.125000
vt 1.000000 -0.000000
vt 0.111181 0.250000
vt 0.500000 0.250000
vt 0.888819 0.250000
vt 0.166772 0.375000
vt 0.500000 0.375000
vt 0.833228 0.375000
vt 0.222363 0.500000
vt 0.500000 0.500000
vt 0.777638 0.500000
vt 0.277953 0.625000
vt 0.500000 0.625000
vt 0.722047 0.625000
vt 0.333544 0.750000
vt 0.500000 0.750000
vt 0.666456 0.750000
vt 0.389134 0.875000
vt 0.500000 0.875000
vt 0.610866 0.875000
vt 0.444725 1.000000
vt 0.500000 1.000000
vt 0.555275 1.000000
s 0
usemtl LeafMat
f 219/232/149 222/233/149 223/234/149 220/235/149
f 220/235/150 223/234/150 224/236/150 221/237/150
f 222/233/151 225/238/151 226/239/151 223/234/151
f 223/234/152 226/239/152 227/240/152 224/236/152
f 225/238/153 228/241/153 229/242/153 226/239/153
f 226/239/154 229/242/154 230/243/154 227/240/154
f 228/241/155 231/244/155 232/245/155 229/242/155
f 229/242/156 232/245/156 233/246/156 230/243/156
f 231/244/157 234/247/157 235/248/157 232/245/157
f 232/245/158 235/248/158 236/249/158 233/246/158
f 234/247/159 237/250/159 238/251/159 235/248/159
f 235/248/160 238/251/160 239/252/160 236/249/160
f 237/250/161 240/253/161 241/254/161 238/251/161
f 238/251/162 241/254/162 242/255/162 239/252/162
f 240/253/163 243/256/163 244/257/163 241/254/163
f 241/254/164 244/257/164 245/258/164 242/255/164
o Leaf_004
v 0.116147 0.664744 0.037128
v 0.002407 0.670000 -0.006080
v -0.111333 0.675256 -0.049288
v 0.128976 0.709226 -0.031679
v 0.030098 0.694320 -0.076014
v -0.071699 0.718499 -0.107913
v 0.142088 0.749929 -0.101689
v 0.057744 0.719243 -0.145756
v -0.031782 0.757963 -0.167740
v 0.155272 0.789649 -0.172011
v 0.084988 0.749543 -0.213788
v 0.008207 0.796445 -0.227879
v 0.168665 0.826587 -0.243219
v 0.111902 0.784268 -0.280411
v 0.048404 0.832144 -0.288904
v 0.182423 0.858626 -0.315985
v 0.138669 0.820958 -0.346409
v 0.088967 0.862944 -0.351488
v 0.196627 0.884692 -0.390652
v 0.165473 0.857157 -0.412564
v 0.129977 0.887772 -0.415972
v 0.211302 0.904460 -0.467323
v 0.192497 0.890406 -0.479657
v 0.171456 0.906301 -0.482460
v 0.226445 0.917948 -0.545993
v 0.219925 0.918249 -0.548470
v 0.213404 0.918550 -0.550947
vn -0.2004 0.8998 0.3876
vn -0.0351 0.8921 0.4504
vn -0.3663 0.8788 0.3059
vn 0.1408 0.8554 0.4985
vn -0.5179 0.8147 0.2610
vn 0.2783 0.7779 0.5634
vn -0.6209 0.7550 0.2109
vn 0.3833 0.7086 0.5925
vn -0.6777 0.7182 0.1578
vn 0.4579 0.6657 0.5892
vn -0.6956 0.7098 0.1113
vn 0.5013 0.6545 0.5660
vn -0.6690 0.7391 0.0785
vn 0.5057 0.6848 0.5248
vn -0.5154 0.8522 0.0900
vn 0.3928 0.8102 0.4350
vt -0.000000 0.000000
vt 0.058917 0.125000
vt 0.500000 0.125000
vt 0.500000 0.000000
vt 0.941083 0.125000
vt 1.000000 -0.000000
vt 0.117834 0.250000
vt 0.500000 0.250000
vt 0.882166 0.250000
vt 0.176751 0.375000
vt 0.500000 0.375000
vt 0.823249 0.375000
vt 0.235668 0.500000
vt 0.500000 0.500000
vt 0.764332 0.500000
vt 0.294585 0.625000
vt 0.500000 0.625000
vt 0.705415 0.625000
vt 0.353502 0.750000
vt 0.500000 0.750000
vt 0.646498 0.750000
vt 0.412419 0.875000
vt 0.500000 0.875000
vt 0.587581 0.875000
vt 0.471336 1.000000
vt 0.500000 1.000000
vt 0.528664 1.000000
s 0
usemtl LeafMat
f 246/259/165 249/260/165 250/261/165 247/262/165
f 247/262/166 250/261/166 251/263/166 248/264/166
f 249/260/167 252/265/167 253/266/167 250/261/167
f 250/261/168 253/266/168 254/267/168 251/263/168
f 252/265/169 255/268/169 256/269/169 253/266/169
f 253/266/170 256/269/170 257/270/170 254/267/170
f 255/268/171 258/271/171 259/272/171 256/269/171
f 256/269/172 259/272/172 260/273/172 257/270/172
f 258/271/173 261/274/173 262/275/173 259/272/173
f 259/272/174 262/275/174 263/276/174 260/273/174
f 261/274/175 264/277/175 265/278/175 262/275/175
f 262/275/176 265/278/176 266/279/176 263/276/176
f 264/277/177 267/280/177 268/281/177 265/278/177
f 265/278/178 268/281/178 269/282/178 266/279/178
f 267/280/179 270/283/179 271/284/179 268/281/179
f 268/281/180 271/284/180 272/285/180 269/282/180
o Leaf_005
v 0.158436 0.654830 -0.043853
v 0.002568 0.670000 -0.047614
v -0.153299 0.685170 -0.051375
v 0.148694 0.708455 -0.132889
v 0.007729 0.699308 -0.143294
v -0.129163 0.735498 -0.139593
v 0.138551 0.757608 -0.223315
v 0.012945 0.729227 -0.238784
v -0.105429 0.781354 -0.229202
v 0.128234 0.804833 -0.314342
v 0.018651 0.764595 -0.332578
v -0.081868 0.825281 -0.319411
v 0.117570 0.848182 -0.406575
v 0.024759 0.804446 -0.424978
v -0.058655 0.865333 -0.410827
v 0.106369 0.885559 -0.500665
v 0.031045 0.846289 -0.516757
v -0.035979 0.899414 -0.504100
v 0.094552 0.916082 -0.596889
v 0.037288 0.887634 -0.608692
v -0.013918 0.926639 -0.599507
v 0.082118 0.939730 -0.695252
v 0.043261 0.925991 -0.701556
v 0.007525 0.946990 -0.697052
v 0.069101 0.956887 -0.795635
v 0.048743 0.958868 -0.796126
v 0.028385 0.960850 -0.796617
vn -0.0010 0.9123 0.4096
vn 0.1573 0.8969 0.4134
vn -0.1654 0.9060 0.3897
vn 0.3181 0.8589 0.4014
vn -0.3090 0.8654 0.3944
vn 0.4508 0.7915 0.4128
vn -0.4123 0.8268 0.3827
vn 0.5451 0.7336 0.4058
vn -0.4714 0.8067 0.3563
vn 0.6004 0.7024 0.3822
vn -0.4835 0.8129 0.3248
vn 0.6150 0.7059 0.3513
vn -0.4300 0.8545 0.2916
vn 0.5721 0.7569 0.3158
vn -0.2161 0.9437 0.2505
vn 0.3817 0.8855 0.2650
vt -0.000000 -0.000000
vt 0.054337 0.125000
vt 0.500000 0.125000
vt 0.500000 0.000000
vt 0.945663 0.125000
vt 1.000000 0.000000
vt 0.108674 0.250000
vt 0.500000 0.250000
vt 0.891326 0.250000
vt 0.163011 0.375000
vt 0.500000 0.375000
vt 0.836989 0.375000
vt 0.217348 0.500000
vt 0.500000 0.500000
vt 0.782652 0.500000
vt 0.271684 0.625000
vt 0.500000 0.625000
vt 0.728315 0.625000
vt 0.326021 0.750000
vt 0.500000 0.750000
vt 0.673979 0.750000
vt 0.380358 0.875000
vt 0.500000 0.875000
vt 0.619642 0.875000
vt 0.434695 1.000000
vt 0.500000 1.000000
vt 0.565305 1.000000
s 0
usemtl LeafMat
f 273/286/181 276/287/181 277/288/181 274/289/181
f 274/289/182 277/288/182 278/290/182 275/291/182
f 276/287/183 279/292/183 280/293/183 277/288/183
f 277/288/184 280/293/184 281/294/184 278/290/184
f 279/292/185 282/295/185 283/296/185 280/293/185
f 280/293/186 283/296/186 284/297/186 281/294/186
f 282/295/187 285/298/187 286/299/187 283/296/187
f 283/296/188 286/299/188 287/300/188 284/297/188
f 285/298/189 288/301/189 289/302/189 286/299/189
f 286/299/190 289/302/190 290/303/190 287/300/190
f 288/301/191 291/304/191 292/305/191 289/302/191
f 289/302/192 292/305/192 293/306/192 290/303/192
f 291/304/193 294/307/193 295/308/193 292/305/193
f 292/305/194 295/308/194 296/309/194 293/306/194
f 294/307/195 297/310/195 298/311/195 295/308/195
f 295/308/196 298/311/196 299/312/196 296/309/196
o Leaf_006
v 0.139329 0.654303 -0.071867
v -0.007707 0.670000 -0.031009
v -0.154743 0.685697 0.009848
v 0.108198 0.714662 -0.140149
v -0.027944 0.692385 -0.112438
v -0.151699 0.742407 -0.067930
v 0.075837 0.767846 -0.210098
v -0.048021 0.715701 -0.193650
v -0.149886 0.791943 -0.147375
v 0.042884 0.817572 -0.280850
v -0.066676 0.747324 -0.272932
v -0.148664 0.838021 -0.227624
v 0.008818 0.860803 -0.353111
v -0.084160 0.785781 -0.350627
v -0.148555 0.877603 -0.309381
v -0.026903 0.894370 -0.427617
v -0.101123 0.827275 -0.427616
v -0.150102 0.907522 -0.393383
v -0.064491 0.917041 -0.504655
v -0.118217 0.868009 -0.504781
v -0.153515 0.926545 -0.479917
v -0.103921 0.928959 -0.584191
v -0.136091 0.904188 -0.583005
v -0.158770 0.934815 -0.568949
v -0.145058 0.930911 -0.666042
v -0.155396 0.932014 -0.663170
v -0.165733 0.933118 -0.660297
vn 0.0903 0.8844 0.4578
vn 0.3316 0.8587 0.3908
vn -0.1620 0.8567 0.4898
vn 0.5537 0.7803 0.2909
vn -0.3473 0.7691 0.5365
vn 0.7155 0.6557 0.2412
vn -0.4715 0.6962 0.5413
vn 0.8076 0.5596 0.1859
vn -0.5501 0.6562 0.5165
vn 0.8529 0.5064 0.1266
vn -0.5909 0.6506 0.4770
vn 0.8659 0.4950 0.0722
vn -0.5873 0.6896 0.4236
vn 0.8432 0.5369 0.0261
vn -0.4379 0.8409 0.3179
vn 0.6938 0.7201 0.0034
vt 0.000000 0.000000
vt 0.058106 0.125000
vt 0.500000 0.125000
vt 0.500000 0.000000
vt 0.941894 0.125000
vt 1.000000 0.000000
vt 0.116212 0.250000
vt 0.500000 0.250000
vt 0.883788 0.250000
vt 0.174318 0.375000
vt 0.500000 0.375000
vt 0.825682 0.375000
vt 0.232424 0.500000
vt 0.500000 0.500000
vt 0.767576 0.500000
vt 0.290529 0.625000
vt 0.500000 0.625000
vt 0.709471 0.625000
vt 0.348635 0.750000
vt 0.500000 0.750000
vt 0.651365 0.750000
vt 0.406741 0.875000
vt 0.500000 0.875000
vt 0.593259 0.875000
vt 0.464847 1.000000
vt 0.500000 1.000000
vt 0.535153 1.000000
s 0
usemtl LeafMat
f 300/313/197 303/314/197 304/315/197 301/316/197
f 301/316/198 304/315/198 305/317/198 302/318/198
f 303/314/199 306/319/199 307/320/199 304/315/199
f 304/315/200 307/320/200 308/321/200 305/317/200
f 306/319/201 309/322/201 310/323/201 307/320/201
f 307/320/202 310/323/202 311/324/202 308/321/202
f 309/322/203 312/325/203 313/326/203 310/323/203
f 310/323/204 313/326/204 314/327/204 311/324/204
f 312/325/205 315/328/205 316/329/205 313/326/205
f 313/326/206 316/329/206 317/330/206 314/327/206
f 315/328/207 318/331/207 319/332/207 316/329/207
f 316/329/208 319/332/208 320/333/208 317/330/208
f 318/331/209 321/334/209 322/335/209 319/332/209
f 319/332/210 322/335/210 323/336/210 320/333/210
f 321/334/211 324/337/211 325/338/211 322/335/211
f 322/335/212 325/338/212 326/339/212 323/336/212
o Leaf_007
v 0.121930 0.664759 -0.103300
v -0.010164 0.670000 -0.015741
v -0.142259 0.675241 0.071817
v 0.075760 0.722748 -0.143085
v -0.048277 0.695501 -0.074765
v -0.157755 0.732014 0.011701
v 0.028128 0.774333 -0.184693
v -0.086219 0.721745 -0.133578
v -0.174714 0.782381 -0.050239
v -0.020359 0.822170 -0.227367
v -0.122648 0.754618 -0.190504
v -0.192528 0.829002 -0.113245
v -0.070286 0.863707 -0.271834
v -0.157832 0.792944 -0.245878
v -0.211781 0.869321 -0.178044
v -0.122216 0.896466 -0.318800
v -0.192462 0.833694 -0.300562
v -0.233039 0.900863 -0.245341
v -0.176326 0.919679 -0.368483
v -0.227231 0.873837 -0.355419
v -0.256476 0.922859 -0.315356
v -0.232514 0.933792 -0.420755
v -0.262830 0.910346 -0.411310
v -0.281990 0.935755 -0.387960
v -0.290549 0.939816 -0.475330
v -0.299951 0.940189 -0.469098
v -0.309352 0.940562 -0.462866
vn 0.2346 0.8319 0.5029
vn 0.4175 0.8247 0.3816
vn 0.0300 0.8023 0.5962
vn 0.5811 0.7804 0.2310
vn -0.1204 0.7186 0.6849
vn 0.7164 0.6854 0.1303
vn -0.2356 0.6510 0.7216
vn 0.7911 0.6103 0.0410
vn -0.3205 0.6167 0.7190
vn 0.8198 0.5715 -0.0369
vn -0.3743 0.6170 0.6922
vn 0.8161 0.5698 -0.0968
vn -0.3884 0.6631 0.6399
vn 0.7759 0.6169 -0.1318
vn -0.2797 0.8204 0.4988
vn 0.6126 0.7850 -0.0927
vt -0.000000 -0.000000
vt 0.058052 0.125000
vt 0.500000 0.125000
vt 0.500000 0.000000
vt 0.941948 0.125000
vt 1.000000 0.000000
vt 0.116103 0.250000
vt 0.500000 0.250000
vt 0.883896 0.250000
vt 0.174155 0.375000
vt 0.500000 0.375000
vt 0.825845 0.375000
vt 0.232207 0.500000
vt 0.500000 0.500000
vt 0.767793 0.500000
vt 0.290259 0.625000
vt 0.500000 0.625000
vt 0.709741 0.625000
vt 0.348311 0.750000
vt 0.500000 0.750000
vt 0.651689 0.750000
vt 0.406362 0.875000
vt 0.500000 0.875000
vt 0.593638 0.875000
vt 0.464414 1.000000
vt 0.500000 1.000000
vt 0.535586 1.000000
s 0
usemtl LeafMat
f 327/340/213 330/341/213 331/342/213 328/343/213
f 328/343/214 331/342/214 332/344/214 329/345/214
f 330/341/215 333/346/215 334/347/215 331/342/215
f 331/342/216 334/347/216 335/348/216 332/344/216
f 333/346/217 336/349/217 337/350/217 334/347/217
f 334/347/218 337/350/218 338/351/218 335/348/218
f 336/349/219 339/352/219 340/353/219 337/350/219
f 337/350/220 340/353/220 341/354/220 338/351/220
f 339/352/221 342/355/221 343/356/221 340/353/221
f 340/353/222 343/356/222 344/357/222 341/354/222
f 342/355/223 345/358/223 346/359/223 343/356/223
f 343/356/224 346/359/224 347/360/224 344/357/224
f 345/358/225 348/361/225 349/362/225 346/359/225
f 346/359/226 349/362/226 350/363/226 347/360/226
f 348/361/227 351/364/227 352/365/227 349/362/227
f 349/362/228 352/365/228 353/366/228 350/363/228
o Leaf_008
v 0.053838 0.662354 -0.139522
v -0.024270 0.670000 -0.015953
v -0.102377 0.677646 0.107615
v -0.013977 0.716099 -0.165477
v -0.091083 0.697252 -0.059872
v -0.151963 0.729606 0.052821
v -0.083421 0.764703 -0.192143
v -0.157706 0.725103 -0.103707
v -0.203178 0.776426 -0.002685
v -0.153811 0.810325 -0.219223
v -0.222633 0.758304 -0.146802
v -0.255337 0.820263 -0.058604
v -0.225796 0.850908 -0.247000
v -0.286167 0.795906 -0.189288
v -0.309094 0.859062 -0.115220
v -0.300013 0.884453 -0.275751
v -0.349080 0.835463 -0.231503
v -0.365081 0.890822 -0.172810
v -0.376659 0.910329 -0.305563
v -0.412148 0.874532 -0.273786
v -0.423498 0.914914 -0.231463
v -0.455625 0.928882 -0.336390
v -0.476146 0.910666 -0.316474
v -0.484235 0.931683 -0.291128
v -0.536659 0.940914 -0.368119
v -0.541849 0.941422 -0.359908
v -0.547039 0.941930 -0.351697
vn 0.3746 0.8785 0.2966
vn 0.4775 0.8684 0.1339
vn 0.2477 0.8572 0.4515
vn 0.5612 0.8265 -0.0444
vn 0.1557 0.7924 0.5898
vn 0.6425 0.7447 -0.1804
vn 0.0729 0.7336 0.6757
vn 0.6810 0.6741 -0.2863
vn 0.0024 0.6988 0.7153
vn 0.6843 0.6321 -0.3636
vn -0.0487 0.6933 0.7190
vn 0.6653 0.6234 -0.4107
vn -0.0723 0.7277 0.6820
vn 0.6238 0.6596 -0.4193
vn -0.0180 0.8534 0.5209
vn 0.5091 0.8018 -0.3129
vt 0.000000 0.000000
vt 0.058347 0.125000
vt 0.500000 0.125000
vt 0.500000 0.000000
vt 0.941653 0.125000
vt 1.000000 -0.000000
vt 0.116694 0.250000
vt 0.500000 0.250000
vt 0.883306 0.250000
vt 0.175041 0.375000
vt 0.500000 0.375000
vt 0.824959 0.375000
vt 0.233388 0.500000
vt 0.500000 0.500000
vt 0.766612 0.500000
vt 0.291735 0.625000
vt 0.500000 0.625000
vt 0.708265 0.625000
vt 0.350082 0.750000
vt 0.500000 0.750000
vt 0.649918 0.750000
vt 0.408429 0.875000
vt 0.500000 0.875000
vt 0.591571 0.875000
vt 0.466776 1.000000
vt 0.500000 1.000000
vt 0.533224 1.000000
s 0
usemtl LeafMat
f 354/367/229 357/368/229 358/369/229 355/370/229
f 355/370/230 358/369/230 359/371/230 356/372/230
f 357/368/231 360/373/231 361/374/231 358/369/231
f 358/369/232 361/374/232 362/375/232 359/371/232
f 360/373/233 363/376/233 364/377/233 361/374/233
f 361/374/234 364/377/234 365/378/234 362/375/234
f 363/376/235 366/379/235 367/380/235 364/377/235
f 364/377/236 367/380/236 368/381/236 365/378/236
f 366/379/237 369/382/237 370/383/237 367/380/237
f 367/380/238 370/383/238 371/384/238 368/381/238
f 369/382/239 372/385/239 373/386/239 370/383/239
f 370/383/240 373/386/240 374/387/240 371/384/240
f 372/385/241 375/388/241 376/389/241 373/386/241
f 373/386/242 376/389/242 377/390/242 374/387/242
f 375/388/243 378/391/243 379/392/243 376/389/243
f 376/389/244 379/392/244 380/393/244 377/390/244
o Leaf_009
v 0.049240 0.672482 -0.133443
v -0.005196 0.670000 -0.002124
v -0.059631 0.667518 0.129195
v -0.014057 0.720002 -0.140579
v -0.069207 0.689217 -0.028295
v -0.110053 0.715625 0.090998
v -0.078797 0.761753 -0.148422
v -0.133057 0.709077 -0.054388
v -0.161917 0.757962 0.052095
v -0.144430 0.799929 -0.156703
v -0.195474 0.734670 -0.079778
v -0.214675 0.796726 0.012753
v -0.211522 0.832277 -0.165698
v -0.256711 0.764978 -0.104590
v -0.268891 0.829661 -0.027303
v -0.280602 0.856674 -0.175668
v -0.317424 0.797381 -0.129144
v -0.325095 0.854645 -0.068334
v -0.351819 0.872528 -0.186685
v -0.378268 0.829261 -0.153764
v -0.383436 0.871086 -0.110412
v -0.425048 0.880336 -0.198688
v -0.439899 0.857997 -0.178768
v -0.443790 0.879481 -0.153476
v -0.500037 0.881103 -0.211555
v -0.502971 0.880970 -0.204479
v -0.505904 0.880836 -0.197403
vn 0.3830 0.8764 0.2920
vn 0.4655 0.8801 0.0930
vn 0.2722 0.8332 0.4814
vn 0.5217 0.8446 -0.1206
vn 0.2025 0.7433 0.6375
vn 0.5841 0.7607 -0.2830
vn 0.1326 0.6671 0.7331
vn 0.6033 0.6886 -0.4024
vn 0.0645 0.6218 0.7805
vn 0.5893 0.6457 -0.4855
vn 0.0066 0.6098 0.7925
vn 0.5570 0.6349 -0.5354
vn -0.0368 0.6408 0.7668
vn 0.5078 0.6656 -0.5469
vn -0.0400 0.7807 0.6236
vn 0.4023 0.8009 -0.4435
vt 0.000000 -0.000000
vt 0.059132 0.125000
vt 0.500000 0.125000
vt 0.500000 0.000000
vt 0.940868 0.125000
vt 1.000000 0.000000
vt 0.118265 0.250000
vt 0.500000 0.250000
vt 0.881735 0.250000
vt 0.177397 0.375000
vt 0.500000 0.375000
vt 0.822603 0.375000
vt 0.236529 0.500000
vt 0.500000 0.500000
vt 0.763471 0.500000
vt 0.295662 0.625000
vt 0.500000 0.625000
vt 0.704338 0.625000
vt 0.354794 0.750000
vt 0.500000 0.750000
vt 0.645206 0.750000
vt 0.413926 0.875000
vt 0.500000 0.875000
vt 0.586074 0.875000
vt 0.473059 1.000000
vt 0.500000 1.000000
vt 0.526941 1.000000
s 0
usemtl LeafMat
f 381/394/245 384/395/245 385/396/245 382/397/245
f 382/397/246 385/396/246 386/398/246 383/399/246
f 384/395/247 387/400/247 388/401/247 385/396/247
f 385/396/248 388/401/248 389/402/248 386/398/248
f 387/400/249 390/403/249 391/404/249 388/401/249
f 388/401/250 391/404/250 392/405/250 389/402/250
f 390/403/251 393/406/251 394/407/251 391/404/251
f 391/404/252 394/407/252 395/408/252 392/405/252
f 393/406/253 396/409/253 397/410/253 394/407/253
f 394/407/254 397/410/254 398/411/254 395/408/254
f 396/409/255 399/412/255 400/413/255 397/410/255
f 397/410/256 400/413/256 401/414/256 398/411/256
f 399/412/257 402/415/257 403/416/257 400/413/257
f 400/413/258 403/416/258 404/417/258 401/414/258
f 402/415/259 405/418/259 406/419/259 403/416/259
f 403/416/260 406/419/260 407/420/260 404/417/260
o Leaf_010
v -0.019308 0.665480 -0.159710
v -0.017153 0.670000 0.000107
v -0.014997 0.674520 0.159925
v -0.079438 0.707949 -0.141641
v -0.083887 0.687053 0.000525
v -0.075624 0.715945 0.141112
v -0.140864 0.745340 -0.123410
v -0.150493 0.704610 0.000927
v -0.137547 0.752293 0.122460
v -0.203211 0.779125 -0.105066
v -0.215951 0.726663 0.001187
v -0.200391 0.785035 0.103923
v -0.266956 0.807430 -0.086547
v -0.280464 0.752415 0.001329
v -0.264635 0.812297 0.085559
v -0.332516 0.828633 -0.067803
v -0.344557 0.779812 0.001419
v -0.330691 0.832457 0.067421
v -0.399962 0.842444 -0.048825
v -0.408756 0.806797 0.001521
v -0.398636 0.845225 0.049518
v -0.469128 0.849522 -0.029633
v -0.473584 0.831316 0.001702
v -0.468299 0.851260 0.031827
v -0.539732 0.850967 -0.010262
v -0.539567 0.851315 0.002027
v -0.539401 0.851662 0.014316
vn 0.4304 0.9011 0.0521
vn 0.4281 0.8964 -0.1146
vn 0.4118 0.8828 0.2259
vn 0.4049 0.8684 -0.2864
vn 0.4164 0.8282 0.3751
vn 0.4055 0.8053 -0.4324
vn 0.3986 0.7784 0.4849
vn 0.3848 0.7495 -0.5387
vn 0.3615 0.7497 0.5543
vn 0.3459 0.7169 -0.6053
vn 0.3164 0.7479 0.5835
vn 0.2999 0.7135 -0.6332
vn 0.2660 0.7844 0.5603
vn 0.2502 0.7513 -0.6107
vn 0.1973 0.9003 0.3880
vn 0.1861 0.8768 -0.4434
vt -0.000000 -0.000000
vt 0.057694 0.125000
vt 0.500000 0.125000
vt 0.500000 0.000000
vt 0.942306 0.125000
vt 1.000000 0.000000
vt 0.115388 0.250000
vt 0.500000 0.250000
vt 0.884612 0.250000
vt 0.173082 0.375000
vt 0.500000 0.375000
vt 0.826918 0.375000
vt 0.230776 0.500000
vt 0.500000 0.500000
vt 0.769224 0.500000
vt 0.288470 0.625000
vt 0.500000 0.625000
vt 0.711529 0.625000
vt 0.346165 0.750000
vt 0.500000 0.750000
vt 0.653835 0.750000
vt 0.403859 0.875000
vt 0.500000 0.875000
vt 0.596141 0.875000
vt 0.461553 1.000000
vt 0.500000 1.000000
vt 0.538447 1.000000
s 0
usemtl LeafMat
f 408/421/261 411/422/261 412/423/261 409/424/261
f 409/424/262 412/423/262 413/425/262 410/426/262
f 411/422/263 414/427/263 415/428/263 412/423/263
f 412/423/264 415/428/264 416/429/264 413/425/264
f 414/427/265 417/430/265 418/431/265 415/428/265
f 415/428/266 418/431/266 419/432/266 416/429/266
f 417/430/267 420/433/267 421/434/267 418/431/267
f 418/431/268 421/434/268 422/435/268 419/432/268
f 420/433/269 423/436/269 424/437/269 421/434/269
f 421/434/270 424/437/270 425/438/270 422/435/270
f 423/436/271 426/439/271 427/440/271 424/437/271
f 424/437/272 427/440/272 428/441/272 425/438/272
f 426/439/273 429/442/273 430/443/273 427/440/273
f 427/440/274 430/443/274 431/444/274 428/441/274
f 429/442/275 432/445/275 433/446/275 430/443/275
f 430/443/276 433/446/276 434/447/276 431/444/276
o Leaf_011
v -0.048196 0.649699 -0.142656
v -0.003744 0.670000 0.000984
v 0.040707 0.690301 0.144624
v -0.115563 0.698977 -0.110736
v -0.081859 0.695821 0.021508
v -0.036665 0.735008 0.144213
v -0.184049 0.744130 -0.077887
v -0.159804 0.722265 0.041892
v -0.115156 0.775592 0.144730
v -0.252895 0.787953 -0.044738
v -0.236241 0.754270 0.061024
v -0.194009 0.814847 0.145548
v -0.322619 0.828545 -0.010861
v -0.311436 0.790849 0.079124
v -0.273738 0.850868 0.147094
v -0.393810 0.863731 0.024234
v -0.386080 0.829460 0.096767
v -0.354934 0.881485 0.149857
v -0.466749 0.892471 0.060781
v -0.460862 0.867564 0.114524
v -0.437879 0.905656 0.154073
v -0.541501 0.914533 0.098833
v -0.536471 0.902618 0.132968
v -0.522636 0.923148 0.159793
v -0.618027 0.930058 0.138357
v -0.613597 0.932081 0.152672
v -0.609167 0.934105 0.166987
vn 0.4029 0.8993 -0.1700
vn 0.3576 0.8786 -0.3166
vn 0.4360 0.8999 -0.0109
vn 0.2967 0.8362 -0.4612
vn 0.4935 0.8611 0.1226
vn 0.2733 0.7605 -0.5891
vn 0.5198 0.8237 0.2264
vn 0.2404 0.6961 -0.6765
vn 0.5144 0.8047 0.2965
vn 0.1986 0.6604 -0.7242
vn 0.4868 0.8100 0.3271
vn 0.1583 0.6600 -0.7344
vn 0.4354 0.8483 0.3013
vn 0.1270 0.7074 -0.6953
vn 0.3239 0.9374 0.1281
vn 0.1237 0.8460 -0.5187
vt -0.000000 0.000000
vt 0.056271 0.125000
vt 0.500000 0.125000
vt 0.500000 0.000000
vt 0.943729 0.125000
vt 1.000000 -0.000000
vt 0.112543 0.250000
vt 0.500000 0.250000
vt 0.887457 0.250000
vt 0.168815 0.375000
vt 0.500000 0.375000
vt 0.831186 0.375000
vt 0.225086 0.500000
vt 0.500000 0.500000
vt 0.774914 0.500000
vt 0.281358 0.625000
vt 0.500000 0.625000
vt 0.718642 0.625000
vt 0.337629 0.750000
vt 0.500000 0.750000
vt 0.662371 0.750000
vt 0.393901 0.875000
vt 0.500000 0.875000
vt 0.606099 0.875000
vt 0.450172 1.000000
vt 0.500000 1.000000
vt 0.549828 1.000000
s 0
usemtl LeafMat
f 435/448/277 438/449/277 439/450/277 436/451/277
f 436/451/278 439/450/278 440/452/278 437/453/278
f 438/449/279 441/454/279 442/455/279 439/450/279
f 439/450/280 442/455/280 443/456/280 440/452/280
f 441/454/281 444/457/281 445/458/281 442/455/281
f 442/455/282 445/458/282 446/459/282 443/456/282
f 444/457/283 447/460/283 448/461/283 445/458/283
f 445/458/284 448/461/284 449/462/284 446/459/284
f 447/460/285 450/463/285 451/464/285 448/461/285
f 448/461/286 451/464/286 452/465/286 449/462/286
f 450/463/287 453/466/287 454/467/287 451/464/287
f 451/464/288 454/467/288 455/468/288 452/465/288
f 453/466/289 456/469/289 457/470/289 454/467/289
f 454/467/290 457/470/290 458/471/290 455/468/290
f 456/469/291 459/472/291 460/473/291 457/470/291
f 457/470/292 460/473/292 461/474/292 458/471/292
o Leaf_012
v -0.092759 0.661506 -0.087827
v -0.021506 0.670000 0.014314
v 0.049747 0.678494 0.116456
v -0.158806 0.710222 -0.029425
v -0.099229 0.699918 0.066045
v -0.031601 0.725385 0.152924
v -0.225566 0.755765 0.029739
v -0.176763 0.730675 0.117574
v -0.113662 0.769104 0.190154
v -0.291956 0.802957 0.088507
v -0.252616 0.768901 0.167310
v -0.195353 0.814472 0.226988
v -0.358446 0.849700 0.147383
v -0.327085 0.813272 0.215569
v -0.277144 0.859391 0.263930
v -0.425736 0.892890 0.207111
v -0.400940 0.860375 0.263172
v -0.359735 0.900758 0.301725
v -0.494309 0.930383 0.268209
v -0.474948 0.906795 0.310940
v -0.443609 0.936426 0.340889
v -0.564494 0.960712 0.331027
v -0.549879 0.949118 0.359691
v -0.529094 0.964932 0.381773
v -0.636550 0.982732 0.395840
v -0.626500 0.983930 0.410247
v -0.616451 0.985128 0.424653
vn 0.3369 0.9167 -0.2147
vn 0.2467 0.9060 -0.3440
vn 0.4210 0.9040 -0.0744
vn 0.1459 0.8712 -0.4687
vn 0.5273 0.8494 0.0226
vn 0.0966 0.7981 -0.5948
vn 0.5921 0.7998 0.0988
vn 0.0519 0.7354 -0.6756
vn 0.6126 0.7754 0.1533
vn 0.0099 0.7035 -0.7106
vn 0.5965 0.7827 0.1779
vn -0.0192 0.7093 -0.7046
vn 0.5349 0.8306 0.1548
vn -0.0228 0.7642 -0.6446
vn 0.3668 0.9302 0.0145
vn 0.0420 0.8915 -0.4511
vt 0.000000 -0.000000
vt 0.053685 0.125000
vt 0.500000 0.125000
vt 0.500000 0.000000
vt 0.946315 0.125000
vt 1.000000 0.000000
vt 0.107370 0.250000
vt 0.500000 0.250000
vt 0.892630 0.250000
vt 0.161055 0.375000
vt 0.500000 0.375000
vt 0.838945 0.375000
vt 0.214740 0.500000
vt 0.500000 0.500000
vt 0.785260 0.500000
vt 0.268425 0.625000
vt 0.500000 0.625000
vt 0.731575 0.625000
vt 0.322110 0.750000
vt 0.500000 0.750000
vt 0.677890 0.750000
vt 0.375795 0.875000
vt 0.500000 0.875000
vt 0.624205 0.875000
vt 0.429480 1.000000
vt 0.500000 1.000000
vt 0.570520 1.000000
s 0
usemtl LeafMat
f 462/475/293 465/476/293 466/477/293 463/478/293
f 463/478/294 466/477/294 467/479/294 464/480/294
f 465/476/295 468/481/295 469/482/295 466/477/295
f 466/477/296 469/482/296 470/483/296 467/479/296
f 468/481/297 471/484/297 472/485/297 469/482/297
f 469/482/298 472/485/298 473/486/298 470/483/298
f 471/484/299 474/487/299 475/488/299 472/485/299
f 472/485/300 475/488/300 476/489/300 473/486/300
f 474/487/301 477/490/301 478/491/301 475/488/301
f 475/488/302 478/491/302 479/492/302 476/489/302
f 477/490/303 480/493/303 481/494/303 478/491/303
f 478/491/304 481/494/304 482/495/304 479/492/304
f 480/493/305 483/496/305 484/497/305 481/494/305
f 481/494/306 484/497/306 485/498/306 482/495/306
f 483/496/307 486/499/307 487/500/307 484/497/307
f 484/497/308 487/500/308 488/501/308 485/498/308
o Leaf_013
v -0.104408 0.677380 -0.065226
v -0.007734 0.670000 0.010344
v 0.088940 0.662620 0.085915
v -0.146361 0.736676 0.017368
v -0.067451 0.705622 0.090216
v 0.024616 0.723624 0.151023
v -0.189578 0.791263 0.101119
v -0.126956 0.742035 0.169894
v -0.040970 0.779918 0.217287
v -0.233043 0.844921 0.185097
v -0.184569 0.785501 0.247840
v -0.106805 0.835284 0.283779
v -0.277379 0.895337 0.269872
v -0.240626 0.834770 0.324363
v -0.173510 0.887408 0.351067
v -0.323334 0.939715 0.356128
v -0.295991 0.886618 0.400252
v -0.241835 0.933494 0.419836
v -0.371306 0.976570 0.444231
v -0.351529 0.937820 0.476299
v -0.312177 0.972056 0.490453
v -0.421444 1.005352 0.534316
v -0.408105 0.985155 0.553296
v -0.384684 1.002546 0.563051
v -0.473778 1.025947 0.626410
v -0.466583 1.025398 0.632034
v -0.459388 1.024848 0.637658
vn 0.4084 0.8761 -0.2563
vn 0.2338 0.8894 -0.3928
vn 0.5652 0.8188 -0.1007
vn 0.0407 0.8588 -0.5106
vn 0.6965 0.7175 0.0044
vn -0.1015 0.7785 -0.6194
vn 0.7695 0.6326 0.0880
vn -0.2077 0.7072 -0.6759
vn 0.7981 0.5827 0.1529
vn -0.2819 0.6652 -0.6914
vn 0.7969 0.5714 0.1960
vn -0.3244 0.6570 -0.6805
vn 0.7637 0.6106 0.2096
vn -0.3260 0.6938 -0.6422
vn 0.6234 0.7710 0.1298
vn -0.2004 0.8339 -0.5142
vt 0.000000 -0.000000
vt 0.057848 0.125000
vt 0.500000 0.125000
vt 0.500000 0.000000
vt 0.942152 0.125000
vt 1.000000 0.000000
vt 0.115697 0.250000
vt 0.500000 0.250000
vt 0.884303 0.250000
vt 0.173545 0.375000
vt 0.500000 0.375000
vt 0.826455 0.375000
vt 0.231394 0.500000
vt 0.500000 0.500000
vt 0.768606 0.500000
vt 0.289242 0.625000
vt 0.500000 0.625000
vt 0.710758 0.625000
vt 0.347090 0.750000
vt 0.500000 0.750000
vt 0.652910 0.750000
vt 0.404939 0.875000
vt 0.500000 0.875000
vt 0.595062 0.875000
vt 0.462787 1.000000
vt 0.500000 1.000000
vt 0.537213 1.000000
s 0
usemtl LeafMat
f 489/502/309 492/503/309 493/504/309 490/505/309
f 490/505/310 493/504/310 494/506/310 491/507/310
f 492/503/311 495/508/311 496/509/311 493/504/311
f 493/504/312 496/509/312 497/510/312 494/506/312
f 495/508/313 498/511/313 499/512/313 496/509/313
f 496/509/314 499/512/314 500/513/314 497/510/314
f 498/511/315 501/514/315 502/515/315 499/512/315
f 499/512/316 502/515/316 503/516/316 500/513/316
f 501/514/317 504/517/317 505/518/317 502/515/317
f 502/515/318 505/518/318 506/519/318 503/516/318
f 504/517/319 507/520/319 508/521/319 505/518/319
f 505/518/320 508/521/320 509/522/320 506/519/320
f 507/520/321 510/523/321 511/524/321 508/521/321
f 508/521/322 511/524/322 512/525/322 509/522/322
f 510/523/323 513/526/323 514/527/323 511/524/323
f 511/524/324 514/527/324 515/528/324 512/525/324
o Leaf_014
v -0.125701 0.688444 -0.026826
v -0.002488 0.670000 0.009884
v 0.120725 0.651556 0.046594
v -0.124124 0.725887 0.037814
v -0.018958 0.690185 0.075305
v 0.094887 0.693103 0.103065
v -0.123356 0.759723 0.103362
v -0.035266 0.711093 0.140543
v 0.068239 0.731043 0.160446
v -0.122552 0.793725 0.168869
v -0.050123 0.738451 0.204157
v 0.041628 0.769149 0.217784
v -0.122155 0.825913 0.234832
v -0.063788 0.771115 0.266434
v 0.014609 0.805441 0.275580
v -0.122753 0.853675 0.301911
v -0.076924 0.806137 0.328116
v -0.013404 0.837307 0.334490
v -0.124701 0.875432 0.370503
v -0.090191 0.840570 0.389947
v -0.042767 0.863168 0.394914
v -0.128187 0.890342 0.440820
v -0.104254 0.871466 0.452670
v -0.073670 0.882181 0.457063
v -0.133325 0.897904 0.512988
v -0.119774 0.895876 0.517026
v -0.106223 0.893847 0.521063
vn 0.3227 0.8785 -0.3523
vn 0.1674 0.9017 -0.3986
vn 0.4749 0.8305 -0.2912
vn -0.0000 0.9016 -0.4327
vn 0.6083 0.7405 -0.2857
vn -0.1339 0.8516 -0.5068
vn 0.6966 0.6667 -0.2651
vn -0.2355 0.8062 -0.5428
vn 0.7436 0.6288 -0.2273
vn -0.3035 0.7855 -0.5393
vn 0.7528 0.6319 -0.1844
vn -0.3331 0.7944 -0.5079
vn 0.7104 0.6890 -0.1435
vn -0.3056 0.8411 -0.4462
vn 0.5216 0.8449 -0.1189
vn -0.1258 0.9418 -0.3118
vt 0.000000 -0.000000
vt 0.055626 0.125000
vt 0.500000 0.125000
vt 0.500000 0.000000
vt 0.944374 0.125000
vt 1.000000 0.000000
vt 0.111252 0.250000
vt 0.500000 0.250000
vt 0.888748 0.250000
vt 0.166879 0.375000
vt 0.500000 0.375000
vt 0.833121 0.375000
vt 0.222505 0.500000
vt 0.500000 0.500000
vt 0.777495 0.500000
vt 0.278131 0.625000
vt 0.500000 0.625000
vt 0.721869 0.625000
vt 0.333757 0.750000
vt 0.500000 0.750000
vt 0.666243 0.750000
vt 0.389383 0.875000
vt 0.500000 0.875000
vt 0.610617 0.875000
vt 0.445009 1.000000
vt 0.500000 1.000000
vt 0.554990 1.000000
s 0
usemtl LeafMat
f 516/529/325 519/530/325 520/531/325 517/532/325
f 517/532/326 520/531/326 521/533/326 518/534/326
f 519/530/327 522/535/327 523/536/327 520/531/327
f 520/531/328 523/536/328 524/537/328 521/533/328
f 522/535/329 525/538/329 526/539/329 523/536/329
f 523/536/330 526/539/330 527/540/330 524/537/330
f 525/538/331 528/541/331 529/542/331 526/539/331
f 526/539/332 529/542/332 530/543/332 527/540/332
f 528/541/333 531/544/333 532/545/333 529/542/333
f 529/542/334 532/545/334 533/546/334 530/543/334
f 531/544/335 534/547/335 535/548/335 532/545/335
f 532/545/336 535/548/336 536/549/336 533/546/336
f 534/547/337 537/550/337 538/551/337 535/548/337
f 535/548/338 538/551/338 539/552/338 536/549/338
f 537/550/339 540/553/339 541/554/339 538/551/339
f 538/551/340 541/554/340 542/555/340 539/552/340
o Leaf_015
v -0.136130 0.684445 0.037724
v 0.000839 0.670000 0.038683
v 0.137807 0.655555 0.039643
v -0.116119 0.730694 0.117775
v 0.002717 0.693561 0.125299
v 0.126777 0.705077 0.119476
v -0.096625 0.772132 0.199145
v 0.004664 0.717765 0.211737
v 0.115231 0.749789 0.200629
v -0.077365 0.811391 0.281113
v 0.007228 0.747708 0.296602
v 0.103450 0.792322 0.282379
v -0.058561 0.846403 0.364246
v 0.010298 0.782371 0.380171
v 0.091213 0.830607 0.365295
v -0.040450 0.874966 0.449149
v 0.013594 0.819132 0.463165
v 0.078284 0.862444 0.449980
v -0.023127 0.896184 0.536066
v 0.016833 0.855369 0.546302
v 0.064566 0.886935 0.536681
v -0.006590 0.910085 0.624991
v 0.019734 0.888459 0.630303
v 0.050062 0.904110 0.625388
v 0.009210 0.917129 0.715797
v 0.022016 0.915779 0.715887
v 0.034822 0.914428 0.715977
vn 0.1939 0.8955 -0.4006
vn 0.0028 0.9157 -0.4019
vn 0.3846 0.8419 -0.3785
vn -0.1952 0.9031 -0.3825
vn 0.5358 0.7528 -0.3823
vn -0.3617 0.8474 -0.3886
vn 0.6384 0.6768 -0.3666
vn -0.4780 0.7945 -0.3745
vn 0.6984 0.6324 -0.3351
vn -0.5464 0.7637 -0.3438
vn 0.7205 0.6259 -0.2986
vn -0.5699 0.7620 -0.3076
vn 0.6937 0.6715 -0.2605
vn -0.5347 0.8011 -0.2691
vn 0.5164 0.8291 -0.2145
vn -0.3291 0.9182 -0.2204
vt -0.000000 -0.000000
vt 0.056656 0.125000
vt 0.500000 0.125000
vt 0.500000 0.000000
vt 0.943344 0.125000
vt 1.000000 0.000000
vt 0.113313 0.250000
vt 0.500000 0.250000
vt 0.886687 0.250000
vt 0.169969 0.375000
vt 0.500000 0.375000
vt 0.830031 0.375000
vt 0.226626 0.500000
vt 0.500000 0.500000
vt 0.773374 0.500000
vt 0.283282 0.625000
vt 0.500000 0.625000
vt 0.716718 0.625000
vt 0.339939 0.750000
vt 0.500000 0.750000
vt 0.660061 0.750000
vt 0.396595 0.875000
vt 0.500000 0.875000
vt 0.603405 0.875000
vt 0.453252 1.000000
vt 0.500000 1.000000
vt 0.546748 1.000000
s 0
usemtl LeafMat
f 543/556/341 546/557/341 547/558/341 544/559/341
f 544/559/342 547/558/342 548/560/342 545/561/342
f 546/557/343 549/562/343 550/563/343 547/558/343
f 547/558/344 550/563/344 551/564/344 548/560/344
f 549/562/345 552/565/345 553/566/345 550/563/345
f 550/563/346 553/566/346 554/567/346 551/564/346
f 552/565/347 555/568/347 556/569/347 553/566/347
f 553/566/348 556/569/348 557/570/348 554/567/348
f 555/568/349 558/571/349 559/572/349 556/569/349
f 556/569/350 559/572/350 560/573/350 557/570/350
f 558/571/351 561/574/351 562/575/351 559/572/351
f 559/572/352 562/575/352 563/576/352 560/573/352
f 561/574/353 564/577/353 565/578/353 562/575/353
f 562/575/354 565/578/354 566/579/354 563/576/354
f 564/577/355 567/580/355 568/581/355 565/578/355
f 565/578/356 568/581/356 569/582/356 566/579/356
o Leaf_016
v -0.108771 0.683027 0.064750
v 0.009298 0.670000 0.042165
v 0.127368 0.656973 0.019580
v -0.071751 0.728772 0.155295
v 0.031142 0.696248 0.141223
v 0.136444 0.705801 0.115470
v -0.034954 0.770624 0.246920
v 0.053034 0.723320 0.240051
v 0.145298 0.750736 0.212441
v 0.001872 0.812985 0.338404
v 0.075346 0.757748 0.336838
v 0.154181 0.796180 0.309270
v 0.038600 0.853640 0.430362
v 0.098005 0.798228 0.431945
v 0.162967 0.839918 0.406572
v 0.075059 0.889593 0.523625
v 0.120817 0.841397 0.526305
v 0.171483 0.878954 0.505180
v 0.111143 0.918973 0.618712
v 0.143591 0.883894 0.620852
v 0.179623 0.911418 0.605613
v 0.146788 0.940713 0.715921
v 0.166135 0.922356 0.716518
v 0.187326 0.936240 0.708166
v 0.181957 0.954117 0.815443
v 0.188255 0.953422 0.814238
v 0.194552 0.952727 0.813034
vn 0.1245 0.9142 -0.3858
vn -0.0613 0.9347 -0.3502
vn 0.3140 0.8577 -0.4072
vn -0.2529 0.9202 -0.2987
vn 0.4602 0.7621 -0.4554
vn -0.4232 0.8596 -0.2864
vn 0.5639 0.6771 -0.4727
vn -0.5414 0.7991 -0.2613
vn 0.6319 0.6223 -0.4620
vn -0.6107 0.7594 -0.2244
vn 0.6685 0.6026 -0.4359
vn -0.6386 0.7468 -0.1859
vn 0.6689 0.6280 -0.3978
vn -0.6197 0.7701 -0.1513
vn 0.5572 0.7606 -0.3333
vn -0.4669 0.8736 -0.1374
vt 0.000000 0.000000
vt 0.059166 0.125000
vt 0.500000 0.125000
vt 0.500000 0.000000
vt 0.940834 0.125000
vt 1.000000 0.000000
vt 0.118333 0.250000
vt 0.500000 0.250000
vt 0.881667 0.250000
vt 0.177499 0.375000
vt 0.500000 0.375000
vt 0.822501 0.375000
vt 0.236666 0.500000
vt 0.500000 0.500000
vt 0.763334 0.500000
vt 0.295832 0.625000
vt 0.500000 0.625000
vt 0.704168 0.625000
vt 0.354998 0.750000
vt 0.500000 0.750000
vt 0.645002 0.750000
vt 0.414165 0.875000
vt 0.500000 0.875000
vt 0.585835 0.875000
vt 0.473331 1.000000
vt 0.500000 1.000000
vt 0.526669 1.000000
s 0
usemtl LeafMat
f 570/583/357 573/584/357 574/585/357 571/586/357
f 571/586/358 574/585/358 575/587/358 572/588/358
f 573/584/359 576/589/359 577/590/359 574/585/359
f 574/585/360 577/590/360 578/591/360 575/587/360
f 576/589/361 579/592/361 580/593/361 577/590/361
f 577/590/362 580/593/362 581/594/362 578/591/362
f 579/592/363 582/595/363 583/596/363 580/593/363
f 580/593/364 583/596/364 584/597/364 581/594/364
f 582/595/365 585/598/365 586/599/365 583/596/365
f 583/596/366 586/599/366 587/600/366 584/597/366
f 585/598/367 588/601/367 589/602/367 586/599/367
f 586/599/368 589/602/368 590/603/368 587/600/368
f 588/601/369 591/604/369 592/605/369 589/602/369
f 589/602/370 592/605/370 593/606/370 590/603/370
f 591/604/371 594/607/371 595/608/371 592/605/371
f 592/605/372 595/608/372 596/609/372 593/606/372
o Leaf_017
v -0.120206 0.656160 0.106207
v 0.009945 0.670000 0.015065
v 0.140097 0.683840 -0.076078
v -0.054524 0.712994 0.175941
v 0.066224 0.702163 0.100314
v 0.175289 0.737432 0.015007
v 0.012231 0.765599 0.246562
v 0.122264 0.735265 0.185367
v 0.211554 0.786795 0.106980
v 0.078763 0.819082 0.316999
v 0.176181 0.776747 0.268659
v 0.247595 0.837036 0.198769
v 0.145701 0.870960 0.387773
v 0.228352 0.825122 0.350504
v 0.284044 0.885671 0.290895
v 0.213916 0.917803 0.459605
v 0.279746 0.876562 0.431706
v 0.321768 0.929272 0.384077
v 0.283962 0.957416 0.532954
v 0.331334 0.927235 0.513068
v 0.361325 0.965643 0.478779
v 0.356175 0.988482 0.608099
v 0.384086 0.973313 0.595396
v 0.403047 0.993467 0.575275
v 0.430783 1.010093 0.685229
v 0.438974 1.010965 0.679493
v 0.447165 1.011836 0.673756
vn -0.2355 0.9112 -0.3379
vn -0.3661 0.8974 -0.2465
vn -0.0909 0.9009 -0.4243
vn -0.4932 0.8582 -0.1426
vn 0.0144 0.8456 -0.5337
vn -0.6223 0.7779 -0.0878
vn 0.1026 0.7928 -0.6008
vn -0.7067 0.7067 -0.0341
vn 0.1728 0.7618 -0.6243
vn -0.7475 0.6640 0.0201
vn 0.2189 0.7580 -0.6144
vn -0.7530 0.6546 0.0662
vn 0.2294 0.7897 -0.5690
vn -0.7186 0.6889 0.0949
vn 0.1317 0.8915 -0.4335
vn -0.5742 0.8164 0.0609
vt -0.000000 0.000000
vt 0.058566 0.125000
vt 0.500000 0.125000
vt 0.500000 0.000000
vt 0.941433 0.125000
vt 1.000000 -0.000000
vt 0.117133 0.250000
vt 0.500000 0.250000
vt 0.882867 0.250000
vt 0.175700 0.375000
vt 0.500000 0.375000
vt 0.824300 0.375000
vt 0.234266 0.500000
vt 0.500000 0.500000
vt 0.765734 0.500000
vt 0.292832 0.625000
vt 0.500000 0.625000
vt 0.707167 0.625000
vt 0.351399 0.750000
vt 0.500000 0.750000
vt 0.648601 0.750000
vt 0.409966 0.875000
vt 0.500000 0.875000
vt 0.590034 0.875000
vt 0.468532 1.000000
vt 0.500000 1.000000
vt 0.531467 1.000000
s 0
usemtl LeafMat
f 597/610/373 600/611/373 601/612/373 598/613/373
f 598/613/374 601/612/374 602/614/374 599/615/374
f 600/611/375 603/616/375 604/617/375 601/612/375
f 601/612/376 604/617/376 605/618/376 602/614/376
f 603/616/377 606/619/377 607/620/377 604/617/377
f 604/617/378 607/620/378 608/621/378 605/618/378
f 606/619/379 609/622/379 610/623/379 607/620/379
f 607/620/380 610/623/380 611/624/380 608/621/380
f 609/622/381 612/625/381 613/626/381 610/623/381
f 610/623/382 613/626/382 614/627/382 611/624/382
f 612/625/383 615/628/383 616/629/383 613/626/383
f 613/626/384 616/629/384 617/630/384 614/627/384
f 615/628/385 618/631/385 619/632/385 616/629/385
f 616/629/386 619/632/386 620/633/386 617/630/386
f 618/631/387 621/634/387 622/635/387 619/632/387
f 619/632/388 622/635/388 623/636/388 620/633/388
o Leaf_018
v -0.065482 0.681344 0.096025
v 0.012352 0.670000 0.010382
v 0.090186 0.658656 -0.075260
v 0.005216 0.730024 0.136793
v 0.078297 0.703996 0.065811
v 0.144088 0.709783 -0.016010
v 0.076590 0.775751 0.178568
v 0.144101 0.738607 0.121031
v 0.198666 0.757958 0.044246
v 0.147895 0.821782 0.220239
v 0.208648 0.778700 0.174384
v 0.253174 0.806438 0.104399
v 0.219510 0.866458 0.262372
v 0.272163 0.823301 0.226199
v 0.307993 0.853562 0.165013
v 0.291947 0.907549 0.305726
v 0.335219 0.869907 0.277332
v 0.363633 0.897101 0.226849
v 0.365521 0.943678 0.350770
v 0.398389 0.916012 0.328636
v 0.420410 0.935678 0.290375
v 0.440408 0.974075 0.397768
v 0.462248 0.959111 0.380964
v 0.478501 0.968523 0.355854
v 0.516722 0.998250 0.446886
v 0.527370 0.996698 0.435170
v 0.538018 0.995146 0.423454
vn -0.2277 0.8746 -0.4281
vn -0.3316 0.8897 -0.3139
vn -0.1124 0.8375 -0.5347
vn -0.4295 0.8837 -0.1858
vn -0.0374 0.7665 -0.6412
vn -0.5360 0.8391 -0.0926
vn 0.0253 0.7062 -0.7075
vn -0.6027 0.7978 -0.0165
vn 0.0748 0.6752 -0.7339
vn -0.6276 0.7775 0.0390
vn 0.1021 0.6804 -0.7257
vn -0.6160 0.7851 0.0645
vn 0.0930 0.7339 -0.6729
vn -0.5579 0.8288 0.0433
vn -0.0064 0.8622 -0.5066
vn -0.3875 0.9177 -0.0872
vt 0.000000 0.000000
vt 0.053950 0.125000
vt 0.500000 0.125000
vt 0.500000 0.000000
vt 0.946050 0.125000
vt 1.000000 -0.000000
vt 0.107899 0.250000
vt 0.500000 0.250000
vt 0.892101 0.250000
vt 0.161849 0.375000
vt 0.500000 0.375000
vt 0.838151 0.375000
vt 0.215799 0.500000
vt 0.500000 0.500000
vt 0.784201 0.500000
vt 0.269748 0.625000
vt 0.500000 0.625000
vt 0.730252 0.625000
vt 0.323698 0.750000
vt 0.500000 0.750000
vt 0.676302 0.750000
vt 0.377648 0.875000
vt 0.500000 0.875000
vt 0.622352 0.875000
vt 0.431597 1.000000
vt 0.500000 1.000000
vt 0.568403 1.000000
s 0
usemtl LeafMat
f 624/637/389 627/638/389 628/639/389 625/640/389
f 625/640/390 628/639/390 629/641/390 626/642/390
f 627/638/391 630/643/391 631/644/391 628/639/391
f 628/639/392 631/644/392 632/645/392 629/641/392
f 630/643/393 633/646/393 634/647/393 631/644/393
f 631/644/394 634/647/394 635/648/394 632/645/394
f 633/646/395 636/649/395 637/650/395 634/647/395
f 634/647/396 637/650/396 638/651/396 635/648/396
f 636/649/397 639/652/397 640/653/397 637/650/397
f 637/650/398 640/653/398 641/654/398 638/651/398
f 639/652/399 642/655/399 643/656/399 640/653/399
f 640/653/400 643/656/400 644/657/400 641/654/400
f 642/655/401 645/658/401 646/659/401 643/656/401
f 643/656/402 646/659/402 647/660/402 644/657/402
f 645/658/403 648/661/403 649/662/403 646/659/403
f 646/659/404 649/662/404 650/663/404 647/660/404
o Leaf_019
v -0.006596 0.651292 0.151585
v 0.023260 0.670000 0.005690
v 0.053117 0.688708 -0.140205
v 0.066693 0.702002 0.156037
v 0.101207 0.694296 0.024757
v 0.119813 0.735286 -0.103535
v 0.141491 0.748092 0.160205
v 0.178880 0.719432 0.043875
v 0.188017 0.777245 -0.067148
v 0.216431 0.793747 0.164346
v 0.254106 0.752056 0.063453
v 0.256364 0.818768 -0.030788
v 0.292292 0.836584 0.168315
v 0.327319 0.790841 0.083409
v 0.325632 0.857475 0.005400
v 0.370053 0.873606 0.171926
v 0.399638 0.832365 0.103533
v 0.396799 0.890365 0.041230
v 0.450269 0.903115 0.175077
v 0.472180 0.873204 0.123615
v 0.470421 0.915743 0.076600
v 0.533189 0.924343 0.177719
v 0.546064 0.909935 0.143445
v 0.546749 0.932840 0.111461
v 0.618925 0.936955 0.179833
v 0.622409 0.939137 0.162813
v 0.625892 0.941320 0.145793
vn -0.4352 0.8980 -0.0654
vn -0.4706 0.8758 0.1075
vn -0.3802 0.8928 -0.2415
vn -0.4878 0.8254 0.2842
vn -0.3732 0.8371 -0.4001
vn -0.5399 0.7326 0.4145
vn -0.3498 0.7875 -0.5074
vn -0.5574 0.6574 0.5071
vn -0.3108 0.7645 -0.5648
vn -0.5425 0.6193 0.5676
vn -0.2687 0.7732 -0.5745
vn -0.5079 0.6233 0.5946
vn -0.2300 0.8233 -0.5189
vn -0.4533 0.6834 0.5723
vn -0.2033 0.9358 -0.2879
vn -0.3449 0.8471 0.4043
vt -0.000000 -0.000000
vt 0.055209 0.125000
vt 0.500000 0.125000
vt 0.500000 0.000000
vt 0.944791 0.125000
vt 1.000000 0.000000
vt 0.110418 0.250000
vt 0.500000 0.250000
vt 0.889582 0.250000
vt 0.165626 0.375000
vt 0.500000 0.375000
vt 0.834374 0.375000
vt 0.220835 0.500000
vt 0.500000 0.500000
vt 0.779165 0.500000
vt 0.276044 0.625000
vt 0.500000 0.625000
vt 0.723956 0.625000
vt 0.331253 0.750000
vt 0.500000 0.750000
vt 0.668747 0.750000
vt 0.386462 0.875000
vt 0.500000 0.875000
vt 0.613538 0.875000
vt 0.441671 1.000000
vt 0.500000 1.000000
vt 0.558329 1.000000
s 0
usemtl LeafMat
f 651/664/405 654/665/405 655/666/405 652/667/405
f 652/667/406 655/666/406 656/668/406 653/669/406
f 654/665/407 657/670/407 658/671/407 655/666/407
f 655/666/408 658/671/408 659/672/408 656/668/408
f 657/670/409 660/673/409 661/674/409 658/671/409
f 658/671/410 661/674/410 662/675/410 659/672/410
f 660/673/411 663/676/411 664/677/411 661/674/411
f 661/674/412 664/677/412 665/678/412 662/675/412
f 663/676/413 666/679/413 667/680/413 664/677/413
f 664/677/414 667/680/414 668/681/414 665/678/414
f 666/679/415 669/682/415 670/683/415 667/680/415
f 667/680/416 670/683/416 671/684/416 668/681/416
f 669/682/417 672/685/417 673/686/417 670/683/417
f 670/683/418 673/686/418 674/687/418 671/684/418
f 672/685/419 675/688/419 676/689/419 673/686/419
f 673/686/420 676/689/420 677/690/420 674/687/420
o Leaf_020
v 0.015359 0.660876 0.114123
v 0.002599 0.670000 -0.000164
v -0.010161 0.679124 -0.114450
v 0.081242 0.733205 0.100169
v 0.083183 0.719138 -0.005238
v 0.058434 0.749514 -0.104117
v 0.149557 0.801485 0.085620
v 0.163206 0.769211 -0.010175
v 0.129461 0.815855 -0.094378
v 0.217213 0.870863 0.071233
v 0.238226 0.827613 -0.013888
v 0.199828 0.883294 -0.084478
v 0.285673 0.938901 0.056649
v 0.309131 0.892868 -0.016595
v 0.271000 0.949393 -0.074776
v 0.356993 1.002178 0.041366
v 0.378208 0.961169 -0.018855
v 0.345031 1.010731 -0.065772
v 0.432512 1.058461 0.025056
v 0.447741 1.028708 -0.021226
v 0.423262 1.065076 -0.057796
v 0.513062 1.106367 0.007515
v 0.520018 1.091679 -0.024268
v 0.506524 1.111043 -0.051050
v 0.599238 1.144906 -0.011402
v 0.597325 1.146274 -0.028541
v 0.595411 1.147642 -0.045680
vn -0.6372 0.7706 0.0140
vn -0.6112 0.7520 0.2469
vn -0.6258 0.7481 -0.2208
vn -0.5491 0.6931 0.4670
vn -0.6397 0.6580 -0.3972
vn -0.5255 0.5763 0.6259
vn -0.6272 0.5898 -0.5087
vn -0.4901 0.4917 0.7197
vn -0.5994 0.5638 -0.5683
vn -0.4503 0.4572 0.7670
vn -0.5704 0.5806 -0.5810
vn -0.4190 0.4723 0.7755
vn -0.5446 0.6529 -0.5265
vn -0.4045 0.5527 0.7287
vn -0.5051 0.8182 -0.2748
vn -0.4182 0.7560 0.5036
vt -0.000000 -0.000000
vt 0.053127 0.125000
vt 0.500000 0.125000
vt 0.500000 0.000000
vt 0.946873 0.125000
vt 1.000000 0.000000
vt 0.106255 0.250000
vt 0.500000 0.250000
vt 0.893745 0.250000
vt 0.159382 0.375000
vt 0.500000 0.375000
vt 0.840618 0.375000
vt 0.212509 0.500000
vt 0.500000 0.500000
vt 0.787491 0.500000
vt 0.265637 0.625000
vt 0.500000 0.625000
vt 0.734363 0.625000
vt 0.318764 0.750000
vt 0.500000 0.750000
vt 0.681236 0.750000
vt 0.371891 0.875000
vt 0.500000 0.875000
vt 0.628109 0.875000
vt 0.425019 1.000000
vt 0.500000 1.000000
vt 0.574981 1.000000
s 0
usemtl LeafMat
f 678/691/421 681/692/421 682/693/421 679/694/421
f 679/694/422 682/693/422 683/695/422 680/696/422
f 681/692/423 684/697/423 685/698/423 682/693/423
f 682/693/424 685/698/424 686/699/424 683/695/424
f 684/697/425 687/700/425 688/701/425 685/698/425
f 685/698/426 688/701/426 689/702/426 686/699/426
f 687/700/427 690/703/427 691/704/427 688/701/427
f 688/701/428 691/704/428 692/705/428 689/702/428
f 690/703/429 693/706/429 694/707/429 691/704/429
f 691/704/430 694/707/430 695/708/430 692/705/430
f 693/706/431 696/709/431 697/710/431 694/707/431
f 694/707/432 697/710/432 698/711/432 695/708/432
f 696/709/433 699/712/433 700/713/433 697/710/433
f 697/710/434 700/713/434 701/714/434 698/711/434
f 699/712/435 702/715/435 703/716/435 700/713/435
f 700/713/436 703/716/436 704/717/436 701/714/436
o Leaf_021
v 0.088247 0.676718 0.116891
v 0.018245 0.670000 -0.010830
v -0.051756 0.663282 -0.138551
v 0.134082 0.755912 0.068067
v 0.086470 0.729028 -0.051328
v 0.010513 0.744053 -0.157391
v 0.182513 0.831267 0.018022
v 0.154113 0.788917 -0.091552
v 0.075378 0.820986 -0.177451
v 0.230363 0.907481 -0.031750
v 0.216563 0.856483 -0.129333
v 0.139662 0.898776 -0.197239
v 0.279168 0.982284 -0.081971
v 0.274741 0.930364 -0.165106
v 0.204901 0.975156 -0.217476
v 0.331054 1.052532 -0.133641
v 0.331021 1.007053 -0.199985
v 0.273220 1.046981 -0.239161
v 0.387389 1.116202 -0.187403
v 0.387775 1.083040 -0.235088
v 0.345989 1.112229 -0.262939
v 0.449001 1.172070 -0.243647
v 0.447377 1.154816 -0.271530
v 0.424035 1.169674 -0.289199
v 0.516467 1.219283 -0.302645
v 0.512201 1.218873 -0.310428
v 0.507935 1.218464 -0.318212
vn -0.6748 0.7027 0.2256
vn -0.5846 0.7113 0.3902
vn -0.7431 0.6677 0.0448
vn -0.4677 0.6941 0.5472
vn -0.8161 0.5707 -0.0909
vn -0.3886 0.6117 0.6890
vn -0.8462 0.4952 -0.1966
vn -0.3126 0.5464 0.7770
vn -0.8445 0.4599 -0.2745
vn -0.2446 0.5175 0.8200
vn -0.8255 0.4634 -0.3222
vn -0.1944 0.5240 0.8292
vn -0.7925 0.5133 -0.3295
vn -0.1727 0.5728 0.8013
vn -0.7160 0.6654 -0.2113
vn -0.2376 0.7113 0.6615
vt -0.000000 0.000000
vt 0.058691 0.125000
vt 0.500000 0.125000
vt 0.500000 0.000000
vt 0.941309 0.125000
vt 1.000000 -0.000000
vt 0.117382 0.250000
vt 0.500000 0.250000
vt 0.882618 0.250000
vt 0.176073 0.375000
vt 0.500000 0.375000
vt 0.823927 0.375000
vt 0.234765 0.500000
vt 0.500000 0.500000
vt 0.765235 0.500000
vt 0.293456 0.625000
vt 0.500000 0.625000
vt 0.706544 0.625000
vt 0.352147 0.750000
vt 0.500000 0.750000
vt 0.647853 0.750000
vt 0.410838 0.875000
vt 0.500000 0.875000
vt 0.589162 0.875000
vt 0.469529 1.000000
vt 0.500000 1.000000
vt 0.530471 1.000000
s 0
usemtl LeafMat
f 705/718/437 708/719/437 709/720/437 706/721/437
f 706/721/438 709/720/438 710/722/438 707/723/438
f 708/719/439 711/724/439 712/725/439 709/720/439
f 709/720/440 712/725/440 713/726/440 710/722/440
f 711/724/441 714/727/441 715/728/441 712/725/441
f 712/725/442 715/728/442 716/729/442 713/726/442
f 714/727/443 717/730/443 718/731/443 715/728/443
f 715/728/444 718/731/444 719/732/444 716/729/444
f 717/730/445 720/733/445 721/734/445 718/731/445
f 718/731/446 721/734/446 722/735/446 719/732/446
f 720/733/447 723/736/447 724/737/447 721/734/447
f 721/734/448 724/737/448 725/738/448 722/735/448
f 723/736/449 726/739/449 727/740/449 724/737/449
f 724/737/450 727/740/450 728/741/450 725/738/450
f 726/739/451 729/742/451 730/743/451 727/740/451
f 727/740/452 730/743/452 731/744/452 728/741/452
o Leaf_022
v 0.139417 0.678799 0.067962
v 0.033525 0.670000 -0.036835
v -0.072367 0.661201 -0.141632
v 0.155457 0.745399 0.021002
v 0.075080 0.713698 -0.082493
v -0.031255 0.729885 -0.163780
v 0.174227 0.806964 -0.028293
v 0.116454 0.757729 -0.127996
v 0.012586 0.793533 -0.188262
v 0.195607 0.863711 -0.079823
v 0.156215 0.804735 -0.172119
v 0.059039 0.852363 -0.214979
v 0.220447 0.914077 -0.134312
v 0.194650 0.854188 -0.215108
v 0.108951 0.904812 -0.244655
v 0.249257 0.957117 -0.192197
v 0.232495 0.904729 -0.257592
v 0.162833 0.949936 -0.277728
v 0.281855 0.993171 -0.253323
v 0.270488 0.954998 -0.300203
v 0.220502 0.988074 -0.314041
v 0.317561 1.023490 -0.317108
v 0.309365 1.003635 -0.343570
v 0.281280 1.020475 -0.353014
v 0.355468 1.049747 -0.382777
v 0.349864 1.049282 -0.388324
v 0.344259 1.048816 -0.393870
vn -0.6129 0.6708 0.4177
vn -0.4681 0.6828 0.5610
vn -0.7319 0.6361 0.2442
vn -0.2916 0.6727 0.6800
vn -0.8176 0.5681 0.0936
vn -0.1352 0.6248 0.7690
vn -0.8573 0.5140 -0.0301
vn -0.0071 0.5846 0.8113
vn -0.8654 0.4862 -0.1214
vn 0.0863 0.5652 0.8204
vn -0.8556 0.4861 -0.1777
vn 0.1423 0.5690 0.8099
vn -0.8303 0.5231 -0.1924
vn 0.1537 0.6049 0.7813
vn -0.7443 0.6605 -0.0984
vn 0.0479 0.7263 0.6857
vt -0.000000 -0.000000
vt 0.059192 0.125000
vt 0.500000 0.125000
vt 0.500000 0.000000
vt 0.940808 0.125000
vt 1.000000 0.000000
vt 0.118384 0.250000
vt 0.500000 0.250000
vt 0.881616 0.250000
vt 0.177576 0.375000
vt 0.500000 0.375000
vt 0.822424 0.375000
vt 0.236768 0.500000
vt 0.500000 0.500000
vt 0.763232 0.500000
vt 0.295960 0.625000
vt 0.500000 0.625000
vt 0.704040 0.625000
vt 0.355153 0.750000
vt 0.500000 0.750000
vt 0.644847 0.750000
vt 0.414345 0.875000
vt 0.500000 0.875000
vt 0.585655 0.875000
vt 0.473537 1.000000
vt 0.500000 1.000000
vt 0.526463 1.000000
s 0
usemtl LeafMat
f 732/745/453 735/746/453 736/747/453 733/748/453
f 733/748/454 736/747/454 737/749/454 734/750/454
f 735/746/455 738/751/455 739/752/455 736/747/455
f 736/747/456 739/752/456 740/753/456 737/749/456
f 738/751/457 741/754/457 742/755/457 739/752/457
f 739/752/458 742/755/458 743/756/458 740/753/458
f 741/754/459 744/757/459 745/758/459 742/755/459
f 742/755/460 745/758/460 746/759/460 743/756/460
f 744/757/461 747/760/461 748/761/461 745/758/461
f 745/758/462 748/761/462 749/762/462 746/759/462
f 747/760/463 750/763/463 751/764/463 748/761/463
f 748/761/464 751/764/464 752/765/464 749/762/464
f 750/763/465 753/766/465 754/767/465 751/764/465
f 751/764/466 754/767/466 755/768/466 752/765/466
f 753/766/467 756/769/467 757/770/467 754/767/467
f 754/767/468 757/770/468 758/771/468 755/768/468
o Leaf_023
v 0.151952 0.660764 0.024716
v 0.005207 0.670000 -0.015760
v -0.141537 0.679236 -0.056235
v 0.149876 0.737661 -0.011310
v 0.023319 0.717561 -0.070571
v -0.112406 0.754169 -0.083653
v 0.148750 0.808683 -0.052121
v 0.041353 0.765604 -0.124989
v -0.082324 0.823227 -0.115856
v 0.148419 0.874779 -0.096943
v 0.058691 0.817949 -0.175905
v -0.051446 0.887359 -0.152070
v 0.149207 0.933959 -0.147396
v 0.075457 0.873833 -0.223938
v -0.019450 0.944574 -0.193915
v 0.151351 0.984750 -0.204681
v 0.091968 0.931290 -0.270691
v 0.013902 0.993401 -0.242592
v 0.154845 1.027196 -0.268761
v 0.108544 0.988353 -0.317764
v 0.048603 1.033883 -0.298064
v 0.159505 1.062423 -0.338719
v 0.125500 1.043058 -0.366759
v 0.084471 1.067145 -0.359415
v 0.165069 1.092058 -0.413231
v 0.143156 1.093437 -0.419275
v 0.121244 1.094816 -0.425319
vn -0.2979 0.5875 0.7524
vn -0.0620 0.5727 0.8174
vn -0.5138 0.5792 0.6329
vn 0.1819 0.5354 0.8248
vn -0.6705 0.5222 0.5269
vn 0.3629 0.4572 0.8120
vn -0.7593 0.4861 0.4326
vn 0.4825 0.4080 0.7751
vn -0.7979 0.4835 0.3600
vn 0.5522 0.3985 0.7323
vn -0.7959 0.5154 0.3177
vn 0.5757 0.4291 0.6960
vn -0.7370 0.5968 0.3173
vn 0.5353 0.5167 0.6682
vn -0.4917 0.7745 0.3980
vn 0.3058 0.7243 0.6179
vt 0.000000 0.000000
vt 0.053167 0.125000
vt 0.500000 0.125000
vt 0.500000 0.000000
vt 0.946833 0.125000
vt 1.000000 -0.000000
vt 0.106334 0.250000
vt 0.500000 0.250000
vt 0.893665 0.250000
vt 0.159502 0.375000
vt 0.500000 0.375000
vt 0.840498 0.375000
vt 0.212669 0.500000
vt 0.500000 0.500000
vt 0.787331 0.500000
vt 0.265836 0.625000
vt 0.500000 0.625000
vt 0.734164 0.625000
vt 0.319003 0.750000
vt 0.500000 0.750000
vt 0.680997 0.750000
vt 0.372171 0.875000
vt 0.500000 0.875000
vt 0.627829 0.875000
vt 0.425338 1.000000
vt 0.500000 1.000000
vt 0.574662 1.000000
s 0
usemtl LeafMat
f 759/772/469 762/773/469 763/774/469 760/775/469
f 760/775/470 763/774/470 764/776/470 761/777/470
f 762/773/471 765/778/471 766/779/471 763/774/471
f 763/774/472 766/779/472 767/780/472 764/776/472
f 765/778/473 768/781/473 769/782/473 766/779/473
f 766/779/474 769/782/474 770/783/474 767/780/474
f 768/781/475 771/784/475 772/785/475 769/782/475
f 769/782/476 772/785/476 773/786/476 770/783/476
f 771/784/477 774/787/477 775/788/477 772/785/477
f 772/785/478 775/788/478 776/789/478 773/786/478
f 774/787/479 777/790/479 778/791/479 775/788/479
f 775/788/480 778/791/480 779/792/480 776/789/480
f 777/790/481 780/793/481 781/794/481 778/791/481
f 778/791/482 781/794/482 782/795/482 779/792/482
f 780/793/483 783/796/483 784/797/483 781/794/483
f 781/794/484 784/797/484 785/798/484 782/795/484
o Leaf_024
v 0.152608 0.670928 -0.036371
v -0.002007 0.670000 -0.024119
v -0.156622 0.669072 -0.011867
v 0.130421 0.743594 -0.086911
v -0.007794 0.716017 -0.093658
v -0.143540 0.741949 -0.065201
v 0.107978 0.810734 -0.141086
v -0.013559 0.762507 -0.162886
v -0.130713 0.809301 -0.122171
v 0.085329 0.873389 -0.198212
v -0.019129 0.813219 -0.229336
v -0.118093 0.872167 -0.182092
v 0.062385 0.929651 -0.259544
v -0.024539 0.867404 -0.293502
v -0.105767 0.928642 -0.246219
v 0.039079 0.978058 -0.326044
v -0.029878 0.923133 -0.356651
v -0.093804 0.977260 -0.315513
v 0.015409 1.018575 -0.397734
v -0.035235 0.978476 -0.420055
v -0.082205 1.017989 -0.389998
v -0.008580 1.052191 -0.473964
v -0.040698 1.031503 -0.484981
v -0.070924 1.051817 -0.469024
v -0.032820 1.080367 -0.553774
v -0.046357 1.080285 -0.552701
v -0.059895 1.080204 -0.551628
vn -0.0552 0.7037 0.7084
vn 0.1577 0.7050 0.6915
vn -0.2725 0.6760 0.6847
vn 0.3689 0.6798 0.6339
vn -0.4453 0.6069 0.6584
vn 0.5361 0.6127 0.5806
vn -0.5628 0.5533 0.6141
vn 0.6458 0.5606 0.5183
vn -0.6323 0.5298 0.5652
vn 0.7071 0.5378 0.4591
vn -0.6598 0.5386 0.5240
vn 0.7276 0.5469 0.4140
vn -0.6349 0.5923 0.4960
vn 0.6980 0.6003 0.3904
vn -0.4475 0.7525 0.4832
vn 0.5091 0.7582 0.4074
vt 0.000000 -0.000000
vt 0.057028 0.125000
vt 0.500000 0.125000
vt 0.500000 0.000000
vt 0.942972 0.125000
vt 1.000000 0.000000
vt 0.114055 0.250000
vt 0.500000 0.250000
vt 0.885945 0.250000
vt 0.171083 0.375000
vt 0.500000 0.375000
vt 0.828917 0.375000
vt 0.228111 0.500000
vt 0.500000 0.500000
vt 0.771889 0.500000
vt 0.285138 0.625000
vt 0.500000 0.625000
vt 0.714862 0.625000
vt 0.342166 0.750000
vt 0.500000 0.750000
vt 0.657834 0.750000
vt 0.399194 0.875000
vt 0.500000 0.875000
vt 0.600806 0.875000
vt 0.456221 1.000000
vt 0.500000 1.000000
vt 0.543779 1.000000
s 0
usemtl LeafMat
f 786/799/485 789/800/485 790/801/485 787/802/485
f 787/802/486 790/801/486 791/803/486 788/804/486
f 789/800/487 792/805/487 793/806/487 790/801/487
f 790/801/488 793/806/488 794/807/488 791/803/488
f 792/805/489 795/808/489 796/809/489 793/806/489
f 793/806/490 796/809/490 797/810/490 794/807/490
f 795/808/491 798/811/491 799/812/491 796/809/491
f 796/809/492 799/812/492 800/813/492 797/810/492
f 798/811/493 801/814/493 802/815/493 799/812/493
f 799/812/494 802/815/494 803/816/494 800/813/494
f 801/814/495 804/817/495 805/818/495 802/815/495
f 802/815/496 805/818/496 806/819/496 803/816/496
f 804/817/497 807/820/497 808/821/497 805/818/497
f 805/818/498 808/821/498 809/822/498 806/819/498
f 807/820/499 810/823/499 811/824/499 808/821/499
f 808/821/500 811/824/500 812/825/500 809/822/500
o Leaf_025
v 0.128736 0.677044 -0.078675
v -0.004734 0.670000 -0.008278
v -0.138204 0.662956 0.062120
v 0.093540 0.735595 -0.103439
v -0.031187 0.709004 -0.054527
v -0.143666 0.723077 0.021673
v 0.057069 0.789913 -0.131044
v -0.057541 0.748335 -0.100559
v -0.150403 0.778965 -0.021615
v 0.019481 0.840523 -0.161138
v -0.083019 0.790573 -0.144638
v -0.158256 0.831143 -0.067392
v -0.019644 0.886028 -0.194657
v -0.107777 0.835204 -0.187112
v -0.167647 0.878218 -0.116594
v -0.060600 0.925454 -0.232256
v -0.132214 0.880898 -0.228873
v -0.178869 0.919213 -0.169876
v -0.103354 0.958912 -0.273860
v -0.156732 0.926326 -0.270812
v -0.191889 0.954239 -0.227163
v -0.147638 0.987290 -0.318873
v -0.181730 0.970159 -0.313821
v -0.206438 0.984187 -0.287859
v -0.193075 1.011836 -0.366458
v -0.207609 1.011069 -0.358792
v -0.222142 1.010302 -0.351127
vn 0.2398 0.6658 0.7065
vn 0.3924 0.6739 0.6260
vn 0.0689 0.6448 0.7613
vn 0.5351 0.6694 0.5154
vn -0.0752 0.5907 0.8034
vn 0.6551 0.6293 0.4182
vn -0.1889 0.5513 0.8127
vn 0.7298 0.5997 0.3281
vn -0.2673 0.5392 0.7986
vn 0.7633 0.5936 0.2550
vn -0.3046 0.5579 0.7720
vn 0.7608 0.6141 0.2101
vn -0.2843 0.6194 0.7318
vn 0.7112 0.6719 0.2068
vn -0.1168 0.7662 0.6319
vn 0.5227 0.8000 0.2946
vt -0.000000 0.000000
vt 0.055695 0.125000
vt 0.500000 0.125000
vt 0.500000 0.000000
vt 0.944305 0.125000
vt 1.000000 -0.000000
vt 0.111389 0.250000
vt 0.500000 0.250000
vt 0.888611 0.250000
vt 0.167084 0.375000
vt 0.500000 0.375000
vt 0.832916 0.375000
vt 0.222778 0.500000
vt 0.500000 0.500000
vt 0.777222 0.500000
vt 0.278473 0.625000
vt 0.500000 0.625000
vt 0.721527 0.625000
vt 0.334167 0.750000
vt 0.500000 0.750000
vt 0.665833 0.750000
vt 0.389862 0.875000
vt 0.500000 0.875000
vt 0.610138 0.875000
vt 0.445556 1.000000
vt 0.500000 1.000000
vt 0.554444 1.000000
s 0
usemtl LeafMat
f 813/826/501 816/827/501 817/828/501 814/829/501
f 814/829/502 817/828/502 818/830/502 815/831/502
f 816/827/503 819/832/503 820/833/503 817/828/503
f 817/828/504 820/833/504 821/834/504 818/830/504
f 819/832/505 822/835/505 823/836/505 820/833/505
f 820/833/506 823/836/506 824/837/506 821/834/506
f 822/835/507 825/838/507 826/839/507 823/836/507
f 823/836/508 826/839/508 827/840/508 824/837/508
f 825/838/509 828/841/509 829/842/509 826/839/509
f 826/839/510 829/842/510 830/843/510 827/840/510
f 828/841/511 831/844/511 832/845/511 829/842/511
f 829/842/512 832/845/512 833/846/512 830/843/512
f 831/844/513 834/847/513 835/848/513 832/845/513
f 832/845/514 835/848/514 836/849/514 833/846/514
f 834/847/515 837/850/515 838/851/515 835/848/515
f 835/848/516 838/851/516 839/852/516 836/849/516
o Leaf_026
v 0.057631 0.672651 -0.146573
v -0.035315 0.670000 -0.026678
v -0.128261 0.667349 0.093217
v 0.003146 0.743478 -0.166003
v -0.091207 0.720007 -0.068902
v -0.162179 0.738762 0.047258
v -0.053544 0.810323 -0.187229
v -0.146683 0.770766 -0.110787
v -0.198303 0.806194 -0.000499
v -0.110321 0.877010 -0.208527
v -0.198442 0.828239 -0.149641
v -0.234514 0.873468 -0.048326
v -0.168352 0.941434 -0.230846
v -0.247143 0.891234 -0.186002
v -0.271978 0.938479 -0.097175
v -0.229130 1.000896 -0.255406
v -0.294485 0.956683 -0.221256
v -0.312190 0.998527 -0.148264
v -0.293527 1.053823 -0.282915
v -0.342167 1.021519 -0.256787
v -0.356020 1.052040 -0.202302
v -0.361966 1.099449 -0.313719
v -0.391887 1.082673 -0.293979
v -0.403893 1.098253 -0.259636
v -0.434665 1.137382 -0.347995
v -0.445345 1.137077 -0.334219
v -0.456025 1.136773 -0.320442
vn 0.4905 0.7076 0.5086
vn 0.5996 0.7107 0.3679
vn 0.3588 0.6834 0.6358
vn 0.6904 0.6928 0.2080
vn 0.2695 0.6004 0.7529
vn 0.7833 0.6150 0.0902
vn 0.1911 0.5381 0.8209
vn 0.8309 0.5564 -0.0044
vn 0.1268 0.5155 0.8475
vn 0.8410 0.5359 -0.0739
vn 0.0870 0.5333 0.8415
vn 0.8250 0.5543 -0.1104
vn 0.0873 0.6020 0.7937
vn 0.7773 0.6217 -0.0964
vn 0.1912 0.7613 0.6196
vn 0.6313 0.7738 0.0520
vt 0.000000 0.000000
vt 0.055319 0.125000
vt 0.500000 0.125000
vt 0.500000 0.000000
vt 0.944681 0.125000
vt 1.000000 -0.000000
vt 0.110637 0.250000
vt 0.500000 0.250000
vt 0.889363 0.250000
vt 0.165956 0.375000
vt 0.500000 0.375000
vt 0.834044 0.375000
vt 0.221274 0.500000
vt 0.500000 0.500000
vt 0.778726 0.500000
vt 0.276593 0.625000
vt 0.500000 0.625000
vt 0.723408 0.625000
vt 0.331911 0.750000
vt 0.500000 0.750000
vt 0.668089 0.750000
vt 0.387230 0.875000
vt 0.500000 0.875000
vt 0.612771 0.875000
vt 0.442548 1.000000
vt 0.500000 1.000000
vt 0.557452 1.000000
s 0
usemtl LeafMat
f 840/853/517 843/854/517 844/855/517 841/856/517
f 841/856/518 844/855/518 845/857/518 842/858/518
f 843/854/519 846/859/519 847/860/519 844/855/519
f 844/855/520 847/860/520 848/861/520 845/857/520
f 846/859/521 849/862/521 850/863/521 847/860/521
f 847/860/522 850/863/522 851/864/522 848/861/522
f 849/862/523 852/865/523 853/866/523 850/863/523
f 850/863/524 853/866/524 854/867/524 851/864/524
f 852/865/525 855/868/525 856/869/525 853/866/525
f 853/866/526 856/869/526 857/870/526 854/867/526
f 855/868/527 858/871/527 859/872/527 856/869/527
f 856/869/528 859/872/528 860/873/528 857/870/528
f 858/871/529 861/874/529 862/875/529 859/872/529
f 859/872/530 862/875/530 863/876/530 860/873/530
f 861/874/531 864/877/531 865/878/531 862/875/531
f 862/875/532 865/878/532 866/879/532 863/876/532
o Leaf_027
v 0.002794 0.669979 -0.126583
v -0.043977 0.670000 -0.019152
v -0.090749 0.670021 0.088279
v -0.067795 0.745955 -0.142239
v -0.122427 0.721919 -0.053316
v -0.150292 0.745991 0.047252
v -0.141076 0.817093 -0.159066
v -0.200568 0.774395 -0.087345
v -0.212528 0.817124 0.005054
v -0.215955 0.885359 -0.176589
v -0.275951 0.831827 -0.120175
v -0.276361 0.885386 -0.037840
v -0.293499 0.948835 -0.195271
v -0.349065 0.893337 -0.152018
v -0.342860 0.948856 -0.081893
v -0.374737 1.005672 -0.215560
v -0.421170 0.956659 -0.183421
v -0.413052 1.005689 -0.127553
v -0.459980 1.055310 -0.237591
v -0.493527 1.019529 -0.214935
v -0.487250 1.055322 -0.174955
v -0.549030 1.098107 -0.261278
v -0.567397 1.079679 -0.247107
v -0.565254 1.098114 -0.224013
v -0.641452 1.134845 -0.286432
v -0.644041 1.134846 -0.280485
v -0.646630 1.134847 -0.274538
vn 0.5317 0.7629 0.3679
vn 0.6316 0.7628 0.1383
vn 0.3919 0.7171 0.5763
vn 0.6889 0.7170 -0.1060
vn 0.2785 0.6251 0.7292
vn 0.7236 0.6249 -0.2931
vn 0.1833 0.5503 0.8146
vn 0.7213 0.5501 -0.4210
vn 0.1104 0.5083 0.8541
vn 0.7005 0.5081 -0.5012
vn 0.0628 0.4992 0.8642
vn 0.6754 0.4990 -0.5430
vn 0.0456 0.5312 0.8461
vn 0.6504 0.5309 -0.5433
vn 0.1119 0.6720 0.7320
vn 0.6122 0.6718 -0.4171
vt 0.000000 -0.000000
vt 0.059040 0.125000
vt 0.500000 0.125000
vt 0.500000 0.000000
vt 0.940960 0.125000
vt 1.000000 0.000000
vt 0.118080 0.250000
vt 0.500000 0.250000
vt 0.881920 0.250000
vt 0.177120 0.375000
vt 0.500000 0.375000
vt 0.822880 0.375000
vt 0.236161 0.500000
vt 0.500000 0.500000
vt 0.763840 0.500000
vt 0.295200 0.625000
vt 0.500000 0.625000
vt 0.704800 0.625000
vt 0.354241 0.750000
vt 0.500000 0.750000
vt 0.645759 0.750000
vt 0.413281 0.875000
vt 0.500000 0.875000
vt 0.586719 0.875000
vt 0.472321 1.000000
vt 0.500000 1.000000
vt 0.527679 1.000000
s 0
usemtl LeafMat
f 867/880/533 870/881/533 871/882/533 868/883/533
f 868/883/534 871/882/534 872/884/534 869/885/534
f 870/881/535 873/886/535 874/887/535 871/882/535
f 871/882/536 874/887/536 875/888/536 872/884/536
f 873/886/537 876/889/537 877/890/537 874/887/537
f 874/887/538 877/890/538 878/891/538 875/888/538
f 876/889/539 879/892/539 880/893/539 877/890/539
f 877/890/540 880/893/540 881/894/540 878/891/540
f 879/892/541 882/895/541 883/896/541 880/893/541
f 880/893/542 883/896/542 884/897/542 881/894/542
f 882/895/543 885/898/543 886/899/543 883/896/543
f 883/896/544 886/899/544 887/900/544 884/897/544
f 885/898/545 888/901/545 889/902/545 886/899/545
f 886/899/546 889/902/546 890/903/546 887/900/546
f 888/901/547 891/904/547 892/905/547 889/902/547
f 889/902/548 892/905/548 893/906/548 890/903/548
o Leaf_028
v -0.043198 0.671780 -0.140989
v -0.046288 0.670000 -0.000632
v -0.049379 0.668220 0.139724
v -0.100791 0.738547 -0.124749
v -0.116963 0.716547 -0.001598
v -0.106239 0.735409 0.122663
v -0.160972 0.801383 -0.108616
v -0.187210 0.763744 -0.002546
v -0.165686 0.798667 0.105496
v -0.221711 0.863370 -0.092506
v -0.253639 0.816742 -0.003337
v -0.225692 0.861077 0.088305
v -0.284268 0.922596 -0.076470
v -0.316927 0.874511 -0.003997
v -0.287516 0.920725 0.071039
v -0.350154 0.976764 -0.060573
v -0.378819 0.934402 -0.004600
v -0.352668 0.975315 0.053636
v -0.420160 1.024673 -0.044845
v -0.441060 0.993762 -0.005218
v -0.421942 1.023646 0.036062
v -0.494566 1.065898 -0.029299
v -0.505395 1.049941 -0.005922
v -0.495614 1.065294 0.018307
v -0.573411 1.100378 -0.013936
v -0.573568 1.100287 -0.006784
v -0.573726 1.100197 0.000368
vn 0.6653 0.7376 0.1152
vn 0.6693 0.7399 -0.0671
vn 0.6349 0.7109 0.3024
vn 0.6472 0.7180 -0.2561
vn 0.6257 0.6309 0.4587
vn 0.6450 0.6420 -0.4146
vn 0.5958 0.5660 0.5697
vn 0.6200 0.5800 -0.5284
vn 0.5530 0.5337 0.6398
vn 0.5803 0.5494 -0.6011
vn 0.5103 0.5342 0.6740
vn 0.5392 0.5508 -0.6371
vn 0.4748 0.5747 0.6666
vn 0.5033 0.5911 -0.6303
vn 0.4607 0.7066 0.5372
vn 0.4835 0.7197 -0.4983
vt 0.000000 0.000000
vt 0.059315 0.125000
vt 0.500000 0.125000
vt 0.500000 0.000000
vt 0.940685 0.125000
vt 1.000000 -0.000000
vt 0.118630 0.250000
vt 0.500000 0.250000
vt 0.881370 0.250000
vt 0.177945 0.375000
vt 0.500000 0.375000
vt 0.822055 0.375000
vt 0.237260 0.500000
vt 0.500000 0.500000
vt 0.762740 0.500000
vt 0.296575 0.625000
vt 0.500000 0.625000
vt 0.703425 0.625000
vt 0.355890 0.750000
vt 0.500000 0.750000
vt 0.644110 0.750000
vt 0.415205 0.875000
vt 0.500000 0.875000
vt 0.584795 0.875000
vt 0.474520 1.000000
vt 0.500000 1.000000
vt 0.525479 1.000000
s 0
usemtl LeafMat
f 894/907/549 897/908/549 898/909/549 895/910/549
f 895/910/550 898/909/550 899/911/550 896/912/550
f 897/908/551 900/913/551 901/914/551 898/909/551
f 898/909/552 901/914/552 902/915/552 899/911/552
f 900/913/553 903/916/553 904/917/553 901/914/553
f 901/914/554 904/917/554 905/918/554 902/915/554
f 903/916/555 906/919/555 907/920/555 904/917/555
f 904/917/556 907/920/556 908/921/556 905/918/556
f 906/919/557 909/922/557 910/923/557 907/920/557
f 907/920/558 910/923/558 911/924/558 908/921/558
f 909/922/559 912/925/559 913/926/559 910/923/559
f 910/923/560 913/926/560 914/927/560 911/924/560
f 912/925/561 915/928/561 916/929/561 913/926/561
f 913/926/562 916/929/562 917/930/562 914/927/562
f 915/928/563 918/931/563 919/932/563 916/929/563
f 916/929/564 919/932/564 920/933/564 917/930/564
o Leaf_029
v -0.087817 0.663282 -0.081838
v -0.034067 0.670000 0.016810
v 0.019682 0.676718 0.115457
v -0.124884 0.726214 -0.052148
v -0.088782 0.711324 0.043808
v -0.028922 0.738209 0.123973
v -0.164322 0.784978 -0.020883
v -0.143205 0.753163 0.070611
v -0.079897 0.795531 0.134064
v -0.205014 0.841536 0.011217
v -0.195016 0.799593 0.095678
v -0.132127 0.850647 0.144989
v -0.247938 0.894170 0.044799
v -0.244678 0.849802 0.119318
v -0.186588 0.901839 0.157397
v -0.294081 0.941145 0.080521
v -0.293386 0.901690 0.142323
v -0.244269 0.947371 0.171944
v -0.343795 0.981842 0.118616
v -0.342332 0.953157 0.165487
v -0.305519 0.986627 0.188864
v -0.396977 1.016441 0.159016
v -0.392710 1.002107 0.189602
v -0.370238 1.019783 0.208089
v -0.453315 1.045489 0.201514
v -0.445715 1.046439 0.215463
v -0.438114 1.047389 0.229413
vn 0.6460 0.7146 -0.2683
vn 0.5352 0.7008 -0.4717
vn 0.7171 0.6954 -0.0456
vn 0.3885 0.6543 -0.6487
vn 0.7716 0.6237 0.1250
vn 0.2794 0.5622 -0.7784
vn 0.7843 0.5703 0.2442
vn 0.1896 0.4959 -0.8474
vn 0.7714 0.5518 0.3169
vn 0.1227 0.4707 -0.8737
vn 0.7461 0.5707 0.3430
vn 0.0860 0.4882 -0.8685
vn 0.7056 0.6403 0.3034
vn 0.0931 0.5638 -0.8207
vn 0.5908 0.8024 0.0837
vn 0.2055 0.7543 -0.6236
vt 0.000000 0.000000
vt 0.053662 0.125000
vt 0.500000 0.125000
vt 0.500000 0.000000
vt 0.946338 0.125000
vt 1.000000 -0.000000
vt 0.107324 0.250000
vt 0.500000 0.250000
vt 0.892676 0.250000
vt 0.160986 0.375000
vt 0.500000 0.375000
vt 0.839014 0.375000
vt 0.214648 0.500000
vt 0.500000 0.500000
vt 0.785352 0.500000
vt 0.268310 0.625000
vt 0.500000 0.625000
vt 0.731690 0.625000
vt 0.321973 0.750000
vt 0.500000 0.750000
vt 0.678028 0.750000
vt 0.375635 0.875000
vt 0.500000 0.875000
vt 0.624365 0.875000
vt 0.429297 1.000000
vt 0.500000 1.000000
vt 0.570703 1.000000
s 0
usemtl LeafMat
f 921/934/565 924/935/565 925/936/565 922/937/565
f 922/937/566 925/936/566 926/938/566 923/939/566
f 924/935/567 927/940/567 928/941/567 925/936/567
f 925/936/568 928/941/568 929/942/568 926/938/568
f 927/940/569 930/943/569 931/944/569 928/941/569
f 928/941/570 931/944/570 932/945/570 929/942/570
f 930/943/571 933/946/571 934/947/571 931/944/571
f 931/944/572 934/947/572 935/948/572 932/945/572
f 933/946/573 936/949/573 937/950/573 934/947/573
f 934/947/574 937/950/574 938/951/574 935/948/574
f 936/949/575 939/952/575 940/953/575 937/950/575
f 937/950/576 940/953/576 941/954/576 938/951/576
f 939/952/577 942/955/577 943/956/577 940/953/577
f 940/953/578 943/956/578 944/957/578 941/954/578
f 942/955/579 945/958/579 946/959/579 943/956/579
f 943/956/580 946/959/580 947/960/580 944/957/580
o Leaf_030
v -0.124693 0.664146 -0.085125
v -0.003093 0.670000 0.003953
v 0.118506 0.675854 0.093031
v -0.147825 0.757858 -0.031672
v -0.052205 0.735174 0.066712
v 0.068685 0.768281 0.126933
v -0.173420 0.846133 0.025499
v -0.100946 0.801167 0.128911
v 0.016402 0.855272 0.164554
v -0.199819 0.932633 0.083885
v -0.146379 0.874462 0.186114
v -0.036686 0.940487 0.203389
v -0.228156 1.014855 0.145198
v -0.189092 0.953765 0.239208
v -0.091711 1.021424 0.245151
v -0.259723 1.089946 0.211388
v -0.230594 1.035738 0.290476
v -0.149966 1.095230 0.291790
v -0.295135 1.156547 0.283385
v -0.272399 1.117043 0.342200
v -0.212067 1.160546 0.344236
v -0.334527 1.214361 0.361393
v -0.316019 1.194344 0.396664
v -0.278148 1.217076 0.402694
v -0.377809 1.263587 0.445276
v -0.362964 1.264302 0.456151
v -0.348118 1.265016 0.467026
vn 0.5275 0.6446 -0.5534
vn 0.3285 0.6350 -0.6992
vn 0.6927 0.6195 -0.3693
vn 0.1053 0.5913 -0.7996
vn 0.8139 0.5330 -0.2310
vn -0.0572 0.4911 -0.8692
vn 0.8727 0.4721 -0.1245
vn -0.1725 0.4217 -0.8902
vn 0.8907 0.4518 -0.0500
vn -0.2475 0.3970 -0.8838
vn 0.8823 0.4706 -0.0120
vn -0.2823 0.4146 -0.8651
vn 0.8403 0.5415 -0.0258
vn -0.2611 0.4885 -0.8326
vn 0.6676 0.7224 -0.1804
vn -0.0735 0.6867 -0.7232
vt 0.000000 -0.000000
vt 0.054870 0.125000
vt 0.500000 0.125000
vt 0.500000 0.000000
vt 0.945130 0.125000
vt 1.000000 0.000000
vt 0.109740 0.250000
vt 0.500000 0.250000
vt 0.890261 0.250000
vt 0.164609 0.375000
vt 0.500000 0.375000
vt 0.835391 0.375000
vt 0.219479 0.500000
vt 0.500000 0.500000
vt 0.780521 0.500000
vt 0.274349 0.625000
vt 0.500000 0.625000
vt 0.725651 0.625000
vt 0.329219 0.750000
vt 0.500000 0.750000
vt 0.670781 0.750000
vt 0.384088 0.875000
vt 0.500000 0.875000
vt 0.615912 0.875000
vt 0.438958 1.000000
vt 0.500000 1.000000
vt 0.561042 1.000000
s 0
usemtl LeafMat
f 948/961/581 951/962/581 952/963/581 949/964/581
f 949/964/582 952/963/582 953/965/582 950/966/582
f 951/962/583 954/967/583 955/968/583 952/963/583
f 952/963/584 955/968/584 956/969/584 953/965/584
f 954/967/585 957/970/585 958/971/585 955/968/585
f 955/968/586 958/971/586 959/972/586 956/969/586
f 957/970/587 960/973/587 961/974/587 958/971/587
f 958/971/588 961/974/588 962/975/588 959/972/588
f 960/973/589 963/976/589 964/977/589 961/974/589
f 961/974/590 964/977/590 965/978/590 962/975/590
f 963/976/591 966/979/591 967/980/591 964/977/591
f 964/977/592 967/980/592 968/981/592 965/978/592
f 966/979/593 969/982/593 970/983/593 967/980/593
f 967/980/594 970/983/594 971/984/594 968/981/594
f 969/982/595 972/985/595 973/986/595 970/983/595
f 970/983/596 973/986/596 974/987/596 971/984/596
o Leaf_031
v -0.148821 0.665966 -0.016495
v -0.009489 0.670000 0.027970
v 0.129843 0.674034 0.072434
v -0.147672 0.731019 0.027313
v -0.028303 0.708562 0.083425
v 0.100135 0.738193 0.106395
v -0.147481 0.790570 0.074620
v -0.047058 0.747463 0.138665
v 0.069470 0.796851 0.143856
v -0.148239 0.844672 0.125396
v -0.065286 0.789389 0.191980
v 0.037856 0.850060 0.184784
v -0.150236 0.891660 0.180698
v -0.083080 0.833805 0.243711
v 0.005003 0.896154 0.230239
v -0.153633 0.930603 0.241118
v -0.100683 0.879327 0.294738
v -0.029250 0.934204 0.280812
v -0.158350 0.961967 0.306362
v -0.118333 0.924572 0.345941
v -0.064823 0.964675 0.336209
v -0.164133 0.987207 0.375502
v -0.136272 0.968158 0.398199
v -0.101462 0.989021 0.395502
v -0.170648 1.008242 0.447317
v -0.154741 1.008702 0.452394
v -0.138833 1.009163 0.457470
vn 0.3058 0.6853 -0.6609
vn 0.0978 0.6793 -0.7273
vn 0.5004 0.6680 -0.5508
vn -0.1235 0.6500 -0.7499
vn 0.6491 0.6144 -0.4484
vn -0.3009 0.5869 -0.7516
vn 0.7383 0.5742 -0.3539
vn -0.4261 0.5405 -0.7254
vn 0.7798 0.5609 -0.2782
vn -0.5030 0.5237 -0.6875
vn 0.7825 0.5785 -0.2302
vn -0.5339 0.5403 -0.6504
vn 0.7351 0.6413 -0.2199
vn -0.5045 0.6054 -0.6155
vn 0.5234 0.8019 -0.2881
vn -0.3013 0.7780 -0.5513
vt 0.000000 0.000000
vt 0.055364 0.125000
vt 0.500000 0.125000
vt 0.500000 0.000000
vt 0.944636 0.125000
vt 1.000000 -0.000000
vt 0.110729 0.250000
vt 0.500000 0.250000
vt 0.889271 0.250000
vt 0.166093 0.375000
vt 0.500000 0.375000
vt 0.833907 0.375000
vt 0.221458 0.500000
vt 0.500000 0.500000
vt 0.778543 0.500000
vt 0.276822 0.625000
vt 0.500000 0.625000
vt 0.723178 0.625000
vt 0.332186 0.750000
vt 0.500000 0.750000
vt 0.667814 0.750000
vt 0.387551 0.875000
vt 0.500000 0.875000
vt 0.612449 0.875000
vt 0.442915 1.000000
vt 0.500000 1.000000
vt 0.557085 1.000000
s 0
usemtl LeafMat
f 975/988/597 978/989/597 979/990/597 976/991/597
f 976/991/598 979/990/598 980/992/598 977/993/598
f 978/989/599 981/994/599 982/995/599 979/990/599
f 979/990/600 982/995/600 983/996/600 980/992/600
f 981/994/601 984/997/601 985/998/601 982/995/601
f 982/995/602 985/998/602 986/999/602 983/996/602
f 984/997/603 987/1000/603 988/1001/603 985/998/603
f 985/998/604 988/1001/604 989/1002/604 986/999/604
f 987/1000/605 990/1003/605 991/1004/605 988/1001/605
f 988/1001/606 991/1004/606 992/1005/606 989/1002/606
f 990/1003/607 993/1006/607 994/1007/607 991/1004/607
f 991/1004/608 994/1007/608 995/1008/608 992/1005/608
f 993/1006/609 996/1009/609 997/1010/609 994/1007/609
f 994/1007/610 997/1010/610 998/1011/610 995/1008/610
f 996/1009/611 999/1012/611 1000/1013/611 997/1010/611
f 997/1010/612 1000/1013/612 1001/1014/612 998/1011/612
o Leaf_032
v -0.128547 0.672627 0.025946
v 0.000481 0.670000 0.025573
v 0.129509 0.667373 0.025201
v -0.112219 0.758466 0.086312
v 0.001972 0.732010 0.104856
v 0.117037 0.753799 0.085650
v -0.095977 0.839608 0.150354
v 0.003476 0.794732 0.183583
v 0.104480 0.835527 0.149775
v -0.079762 0.919248 0.215572
v 0.005096 0.863802 0.257342
v 0.091896 0.915753 0.215076
v -0.063613 0.995215 0.283663
v 0.006809 0.938094 0.327015
v 0.079246 0.992307 0.283250
v -0.047575 1.065029 0.356569
v 0.008565 1.014707 0.394871
v 0.066484 1.062707 0.356239
v -0.031671 1.127497 0.435222
v 0.010310 1.090740 0.463182
v 0.053589 1.125762 0.434976
v -0.015904 1.182349 0.519835
v 0.011992 1.163291 0.534217
v 0.040556 1.181200 0.519672
v -0.000272 1.229742 0.610286
v 0.013558 1.229460 0.610246
v 0.027389 1.229178 0.610206
vn 0.1347 0.6718 -0.7284
vn -0.1115 0.6768 -0.7277
vn 0.3751 0.6293 -0.6807
vn -0.3531 0.6441 -0.6786
vn 0.5514 0.5334 -0.6415
vn -0.5329 0.5555 -0.6384
vn 0.6601 0.4635 -0.5911
vn -0.6441 0.4901 -0.5874
vn 0.7189 0.4344 -0.5427
vn -0.7037 0.4633 -0.5386
vn 0.7377 0.4448 -0.5078
vn -0.7219 0.4746 -0.5036
vn 0.7053 0.5077 -0.4947
vn -0.6869 0.5361 -0.4907
vn 0.4998 0.6906 -0.5227
vn -0.4743 0.7105 -0.5199
vt 0.000000 -0.000000
vt 0.055801 0.125000
vt 0.500000 0.125000
vt 0.500000 0.000000
vt 0.944199 0.125000
vt 1.000000 0.000000
vt 0.111601 0.250000
vt 0.500000 0.250000
vt 0.888399 0.250000
vt 0.167402 0.375000
vt 0.500000 0.375000
vt 0.832598 0.375000
vt 0.223203 0.500000
vt 0.500000 0.500000
vt 0.776797 0.500000
vt 0.279003 0.625000
vt 0.500000 0.625000
vt 0.720997 0.625000
vt 0.334804 0.750000
vt 0.500000 0.750000
vt 0.665196 0.750000
vt 0.390604 0.875000
vt 0.500000 0.875000
vt 0.609396 0.875000
vt 0.446405 1.000000
vt 0.500000 1.000000
vt 0.553595 1.000000
s 0
usemtl LeafMat
f 1002/1015/613 1005/1016/613 1006/1017/613 1003/1018/613
f 1003/1018/614 1006/1017/614 1007/1019/614 1004/1020/614
f 1005/1016/615 1008/1021/615 1009/1022/615 1006/1017/615
f 1006/1017/616 1009/1022/616 1010/1023/616 1007/1019/616
f 1008/1021/617 1011/1024/617 1012/1025/617 1009/1022/617
f 1009/1022/618 1012/1025/618 1013/1026/618 1010/1023/618
f 1011/1024/619 1014/1027/619 1015/1028/619 1012/1025/619
f 1012/1025/620 1015/1028/620 1016/1029/620 1013/1026/620
f 1014/1027/621 1017/1030/621 1018/1031/621 1015/1028/621
f 1015/1028/622 1018/1031/622 1019/1032/622 1016/1029/622
f 1017/1030/623 1020/1033/623 1021/1034/623 1018/1031/623
f 1018/1031/624 1021/1034/624 1022/1035/624 1019/1032/624
f 1020/1033/625 1023/1036/625 1024/1037/625 1021/1034/625
f 1021/1034/626 1024/1037/626 1025/1038/626 1022/1035/626
f 1023/1036/627 1026/1039/627 1027/1040/627 1024/1037/627
f 1024/1037/628 1027/1040/628 1028/1041/628 1025/1038/628
o Leaf_033
v -0.085785 0.673886 0.103221
v 0.024143 0.670000 0.039917
v 0.134072 0.666114 -0.023388
v -0.037149 0.756075 0.154593
v 0.068119 0.729607 0.112622
v 0.158479 0.749160 0.041938
v 0.012830 0.834119 0.208552
v 0.111766 0.790229 0.184694
v 0.184229 0.828060 0.109849
v 0.062303 0.913724 0.261536
v 0.152481 0.859901 0.251119
v 0.209472 0.908522 0.176786
v 0.112112 0.992290 0.315169
v 0.190784 0.937017 0.312900
v 0.235053 0.987944 0.244371
v 0.163469 1.066080 0.371781
v 0.228016 1.017442 0.372616
v 0.262180 1.062591 0.314937
v 0.217184 1.132591 0.432935
v 0.265515 1.097040 0.432849
v 0.291666 1.129958 0.390044
v 0.273785 1.190194 0.499647
v 0.304622 1.171675 0.496178
v 0.324037 1.188418 0.470708
v 0.333666 1.237670 0.572677
v 0.346677 1.237210 0.565184
v 0.359689 1.236750 0.557691
vn -0.2204 0.7199 -0.6582
vn -0.4202 0.7269 -0.5431
vn -0.0055 0.6746 -0.7381
vn -0.5993 0.6956 -0.3962
vn 0.1439 0.5637 -0.8134
vn -0.7449 0.5951 -0.3015
vn 0.2484 0.4822 -0.8401
vn -0.8247 0.5201 -0.2221
vn 0.3169 0.4484 -0.8358
vn -0.8570 0.4899 -0.1597
vn 0.3488 0.4604 -0.8163
vn -0.8555 0.5030 -0.1228
vn 0.3277 0.5312 -0.7813
vn -0.8110 0.5714 -0.1256
vn 0.1432 0.7218 -0.6771
vn -0.6184 0.7488 -0.2385
vt 0.000000 0.000000
vt 0.055102 0.125000
vt 0.500000 0.125000
vt 0.500000 0.000000
vt 0.944898 0.125000
vt 1.000000 -0.000000
vt 0.110205 0.250000
vt 0.500000 0.250000
vt 0.889795 0.250000
vt 0.165307 0.375000
vt 0.500000 0.375000
vt 0.834693 0.375000
vt 0.220409 0.500000
vt 0.500000 0.500000
vt 0.779591 0.500000
vt 0.275511 0.625000
vt 0.500000 0.625000
vt 0.724489 0.625000
vt 0.330614 0.750000
vt 0.500000 0.750000
vt 0.669387 0.750000
vt 0.385716 0.875000
vt 0.500000 0.875000
vt 0.614284 0.875000
vt 0.440818 1.000000
vt 0.500000 1.000000
vt 0.559182 1.000000
s 0
usemtl LeafMat
f 1029/1042/629 1032/1043/629 1033/1044/629 1030/1045/629
f 1030/1045/630 1033/1044/630 1034/1046/630 1031/1047/630
f 1032/1043/631 1035/1048/631 1036/1049/631 1033/1044/631
f 1033/1044/632 1036/1049/632 1037/1050/632 1034/1046/632
f 1035/1048/633 1038/1051/633 1039/1052/633 1036/1049/633
f 1036/1049/634 1039/1052/634 1040/1053/634 1037/1050/634
f 1038/1051/635 1041/1054/635 1042/1055/635 1039/1052/635
f 1039/1052/636 1042/1055/636 1043/1056/636 1040/1053/636
f 1041/1054/637 1044/1057/637 1045/1058/637 1042/1055/637
f 1042/1055/638 1045/1058/638 1046/1059/638 1043/1056/638
f 1044/1057/639 1047/1060/639 1048/1061/639 1045/1058/639
f 1045/1058/640 1048/1061/640 1049/1062/640 1046/1059/640
f 1047/1060/641 1050/1063/641 1051/1064/641 1048/1061/641
f 1048/1061/642 1051/1064/642 1052/1065/642 1049/1062/642
f 1050/1063/643 1053/1066/643 1054/1067/643 1051/1064/643
f 1051/1064/644 1054/1067/644 1055/1068/644 1052/1065/644
o Leaf_034
v -0.103426 0.673299 0.109547
v 0.002798 0.670000 0.002697
v 0.109022 0.666701 -0.104153
v -0.057480 0.748931 0.128837
v 0.050755 0.717254 0.048914
v 0.130929 0.743079 -0.060682
v -0.008793 0.818947 0.151025
v 0.098307 0.765339 0.094702
v 0.155576 0.813841 -0.014313
v 0.040843 0.887015 0.174218
v 0.142243 0.820833 0.136667
v 0.181173 0.882656 0.033060
v 0.092679 0.950578 0.199735
v 0.183204 0.882423 0.175486
v 0.208970 0.946966 0.082759
v 0.148122 1.006749 0.229068
v 0.222842 0.946722 0.212907
v 0.240373 1.003884 0.136273
v 0.207830 1.054180 0.262911
v 0.262812 1.010344 0.250678
v 0.276042 1.052061 0.194296
v 0.271927 1.092619 0.301394
v 0.304764 1.069903 0.290545
v 0.316100 1.091246 0.256960
v 0.340286 1.122323 0.344384
v 0.350353 1.122010 0.334258
v 0.360420 1.121698 0.324131
vn -0.4305 0.6582 -0.6176
vn -0.5997 0.6635 -0.4474
vn -0.2297 0.6193 -0.7508
vn -0.7327 0.6350 -0.2448
vn -0.0875 0.5157 -0.8523
vn -0.8365 0.5389 -0.0988
vn 0.0223 0.4440 -0.8958
vn -0.8815 0.4720 0.0133
vn 0.1037 0.4182 -0.9024
vn -0.8884 0.4490 0.0955
vn 0.1536 0.4344 -0.8875
vn -0.8727 0.4663 0.1448
vn 0.1599 0.5051 -0.8481
vn -0.8311 0.5359 0.1487
vn 0.0324 0.7053 -0.7081
vn -0.6858 0.7276 0.0143
vt -0.000000 0.000000
vt 0.056577 0.125000
vt 0.500000 0.125000
vt 0.500000 0.000000
vt 0.943423 0.125000
vt 1.000000 -0.000000
vt 0.113154 0.250000
vt 0.500000 0.250000
vt 0.886846 0.250000
vt 0.169730 0.375000
vt 0.500000 0.375000
vt 0.830270 0.375000
vt 0.226307 0.500000
vt 0.500000 0.500000
vt 0.773693 0.500000
vt 0.282884 0.625000
vt 0.500000 0.625000
vt 0.717116 0.625000
vt 0.339461 0.750000
vt 0.500000 0.750000
vt 0.660539 0.750000
vt 0.396037 0.875000
vt 0.500000 0.875000
vt 0.603963 0.875000
vt 0.452614 1.000000
vt 0.500000 1.000000
vt 0.547386 1.000000
s 0
usemtl LeafMat
f 1056/1069/645 1059/1070/645 1060/1071/645 1057/1072/645
f 1057/1072/646 1060/1071/646 1061/1073/646 1058/1074/646
f 1059/1070/647 1062/1075/647 1063/1076/647 1060/1071/647
f 1060/1071/648 1063/1076/648 1064/1077/648 1061/1073/648
f 1062/1075/649 1065/1078/649 1066/1079/649 1063/1076/649
f 1063/1076/650 1066/1079/650 1067/1080/650 1064/1077/650
f 1065/1078/651 1068/1081/651 1069/1082/651 1066/1079/651
f 1066/1079/652 1069/1082/652 1070/1083/652 1067/1080/652
f 1068/1081/653 1071/1084/653 1072/1085/653 1069/1082/653
f 1069/1082/654 1072/1085/654 1073/1086/654 1070/1083/654
f 1071/1084/655 1074/1087/655 1075/1088/655 1072/1085/655
f 1072/1085/656 1075/1088/656 1076/1089/656 1073/1086/656
f 1074/1087/657 1077/1090/657 1078/1091/657 1075/1088/657
f 1075/1088/658 1078/1091/658 1079/1092/658 1076/1089/658
f 1077/1090/659 1080/1093/659 1081/1094/659 1078/1091/659
f 1078/1091/660 1081/1094/660 1082/1095/660 1079/1092/660
o Leaf_035
v -0.013094 0.656638 0.124968
v 0.025799 0.670000 0.011410
v 0.064691 0.683362 -0.102147
v 0.028383 0.715240 0.131297
v 0.074876 0.711621 0.033116
v 0.097222 0.738891 -0.069700
v 0.072246 0.770790 0.138084
v 0.123632 0.753653 0.054760
v 0.132139 0.791368 -0.036794
v 0.117176 0.824973 0.145076
v 0.169527 0.799345 0.075855
v 0.168125 0.842478 -0.003683
v 0.164205 0.876473 0.152471
v 0.213068 0.848047 0.096499
v 0.206208 0.890904 0.029830
v 0.214429 0.923885 0.160479
v 0.255563 0.898089 0.116941
v 0.247487 0.935243 0.063957
v 0.268301 0.966631 0.169188
v 0.298319 0.947795 0.137434
v 0.292413 0.974916 0.098784
v 0.325811 1.004723 0.178594
v 0.342645 0.995494 0.158227
v 0.340978 1.009934 0.134309
v 0.386737 1.038444 0.188657
v 0.389848 1.039513 0.179574
v 0.392959 1.040582 0.170490
vn -0.6845 0.6868 -0.2444
vn -0.7395 0.6679 -0.0839
vn -0.6021 0.6890 -0.4035
vn -0.7706 0.6311 0.0887
vn -0.5378 0.6425 -0.5458
vn -0.8026 0.5516 0.2273
vn -0.4708 0.6052 -0.6419
vn -0.8050 0.4904 0.3339
vn -0.4099 0.5925 -0.6935
vn -0.7871 0.4629 0.4078
vn -0.3667 0.6061 -0.7058
vn -0.7612 0.4706 0.4462
vn -0.3526 0.6541 -0.6692
vn -0.7313 0.5240 0.4366
vn -0.4101 0.7687 -0.4908
vn -0.6770 0.6770 0.2885
vt 0.000000 0.000000
vt 0.057501 0.125000
vt 0.500000 0.125000
vt 0.500000 0.000000
vt 0.942499 0.125000
vt 1.000000 -0.000000
vt 0.115001 0.250000
vt 0.500000 0.250000
vt 0.884999 0.250000
vt 0.172502 0.375000
vt 0.500000 0.375000
vt 0.827498 0.375000
vt 0.230003 0.500000
vt 0.500000 0.500000
vt 0.769997 0.500000
vt 0.287503 0.625000
vt 0.500000 0.625000
vt 0.712497 0.625000
vt 0.345004 0.750000
vt 0.500000 0.750000
vt 0.654996 0.750000
vt 0.402505 0.875000
vt 0.500000 0.875000
vt 0.597496 0.875000
vt 0.460005 1.000000
vt 0.500000 1.000000
vt 0.539995 1.000000
s 0
usemtl LeafMat
f 1083/1096/661 1086/1097/661 1087/1098/661 1084/1099/661
f 1084/1099/662 1087/1098/662 1088/1100/662 1085/1101/662
f 1086/1097/663 1089/1102/663 1090/1103/663 1087/1098/663
f 1087/1098/664 1090/1103/664 1091/1104/664 1088/1100/664
f 1089/1102/665 1092/1105/665 1093/1106/665 1090/1103/665
f 1090/1103/666 1093/1106/666 1094/1107/666 1091/1104/666
f 1092/1105/667 1095/1108/667 1096/1109/667 1093/1106/667
f 1093/1106/668 1096/1109/668 1097/1110/668 1094/1107/668
f 1095/1108/669 1098/1111/669 1099/1112/669 1096/1109/669
f 1096/1109/670 1099/1112/670 1100/1113/670 1097/1110/670
f 1098/1111/671 1101/1114/671 1102/1115/671 1099/1112/671
f 1099/1112/672 1102/1115/672 1103/1116/672 1100/1113/672
f 1101/1114/673 1104/1117/673 1105/1118/673 1102/1115/673
f 1102/1115/674 1105/1118/674 1106/1119/674 1103/1116/674
f 1104/1117/675 1107/1120/675 1108/1121/675 1105/1118/675
f 1105/1118/676 1108/1121/676 1109/1122/676 1106/1119/676
o Leaf_036
v 0.017119 0.665310 0.120310
v 0.000781 0.670000 -0.000067
v -0.015557 0.674690 -0.120444
v 0.034219 0.731217 0.106989
v 0.039526 0.719701 -0.003389
v 0.005154 0.739560 -0.107160
v 0.055192 0.794061 0.093023
v 0.077696 0.769857 -0.006616
v 0.029738 0.801368 -0.094521
v 0.077482 0.855864 0.078838
v 0.110725 0.824078 -0.008986
v 0.055638 0.862135 -0.082101
v 0.102859 0.915226 0.064139
v 0.139527 0.881641 -0.010652
v 0.084626 0.920460 -0.070195
v 0.133327 0.970563 0.048592
v 0.166449 0.940691 -0.012006
v 0.118705 0.974760 -0.059137
v 0.169828 1.021129 0.032040
v 0.193841 0.999369 -0.013437
v 0.158818 1.024289 -0.049084
v 0.212550 1.066777 0.014453
v 0.224052 1.055818 -0.015338
v 0.205150 1.068901 -0.040066
v 0.261325 1.107638 -0.004143
v 0.259430 1.108181 -0.018100
v 0.257536 1.108725 -0.032057
vn -0.8983 0.4383 0.0300
vn -0.8693 0.4299 0.2438
vn -0.8814 0.4324 -0.1903
vn -0.7944 0.4074 0.4504
vn -0.8602 0.3584 -0.3628
vn -0.7288 0.3207 0.6050
vn -0.8203 0.3131 -0.4786
vn -0.6601 0.2671 0.7021
vn -0.7782 0.3097 -0.5463
vn -0.6015 0.2590 0.7557
vn -0.7470 0.3432 -0.5694
vn -0.5649 0.2909 0.7722
vn -0.7344 0.4233 -0.5305
vn -0.5623 0.3739 0.7376
vn -0.7406 0.5986 -0.3052
vn -0.6264 0.5659 0.5361
vt 0.000000 -0.000000
vt 0.055253 0.125000
vt 0.500000 0.125000
vt 0.500000 0.000000
vt 0.944746 0.125000
vt 1.000000 0.000000
vt 0.110507 0.250000
vt 0.500000 0.250000
vt 0.889493 0.250000
vt 0.165760 0.375000
vt 0.500000 0.375000
vt 0.834240 0.375000
vt 0.221014 0.500000
vt 0.500000 0.500000
vt 0.778986 0.500000
vt 0.276267 0.625000
vt 0.500000 0.625000
vt 0.723733 0.625000
vt 0.331521 0.750000
vt 0.500000 0.750000
vt 0.668479 0.750000
vt 0.386774 0.875000
vt 0.500000 0.875000
vt 0.613226 0.875000
vt 0.442028 1.000000
vt 0.500000 1.000000
vt 0.557972 1.000000
s 0
usemtl LeafMat
f 1110/1123/677 1113/1124/677 1114/1125/677 1111/1126/677
f 1111/1126/678 1114/1125/678 1115/1127/678 1112/1128/678
f 1113/1124/679 1116/1129/679 1117/1130/679 1114/1125/679
f 1114/1125/680 1117/1130/680 1118/1131/680 1115/1127/680
f 1116/1129/681 1119/1132/681 1120/1133/681 1117/1130/681
f 1117/1130/682 1120/1133/682 1121/1134/682 1118/1131/682
f 1119/1132/683 1122/1135/683 1123/1136/683 1120/1133/683
f 1120/1133/684 1123/1136/684 1124/1137/684 1121/1134/684
f 1122/1135/685 1125/1138/685 1126/1139/685 1123/1136/685
f 1123/1136/686 1126/1139/686 1127/1140/686 1124/1137/686
f 1125/1138/687 1128/1141/687 1129/1142/687 1126/1139/687
f 1126/1139/688 1129/1142/688 1130/1143/688 1127/1140/688
f 1128/1141/689 1131/1144/689 1132/1145/689 1129/1142/689
f 1129/1142/690 1132/1145/690 1133/1146/690 1130/1143/690
f 1131/1144/691 1134/1147/691 1135/1148/691 1132/1145/691
f 1132/1145/692 1135/1148/692 1136/1149/692 1133/1146/692
o Leaf_037
v 0.106588 0.669552 0.061421
v 0.025527 0.670000 -0.023986
v -0.055535 0.670448 -0.109392
v 0.128628 0.755748 0.022728
v 0.067074 0.745244 -0.063025
v -0.015294 0.756543 -0.128909
v 0.152465 0.840061 -0.017680
v 0.108086 0.821050 -0.101553
v 0.026744 0.840755 -0.150140
v 0.174906 0.925836 -0.056756
v 0.144314 0.901865 -0.135514
v 0.067386 0.926430 -0.170040
v 0.197250 1.011713 -0.095739
v 0.176608 0.986803 -0.165720
v 0.107930 1.012207 -0.189847
v 0.221502 1.095592 -0.136542
v 0.207152 1.073572 -0.194256
v 0.150382 1.095985 -0.211474
v 0.249109 1.175956 -0.180550
v 0.238134 1.159883 -0.223209
v 0.196191 1.176248 -0.236305
v 0.281124 1.251703 -0.228765
v 0.271739 1.243446 -0.254667
v 0.246406 1.251895 -0.265344
v 0.318412 1.321926 -0.282014
v 0.310154 1.321972 -0.290715
v 0.301895 1.322018 -0.299417
vn -0.6714 0.5191 0.5289
vn -0.5605 0.5185 0.6457
vn -0.7689 0.5048 0.3923
vn -0.4293 0.5030 0.7502
vn -0.8589 0.4267 0.2832
vn -0.3254 0.4237 0.8453
vn -0.9095 0.3687 0.1921
vn -0.2374 0.3650 0.9002
vn -0.9285 0.3494 0.1260
vn -0.1725 0.3452 0.9226
vn -0.9256 0.3667 0.0944
vn -0.1406 0.3623 0.9214
vn -0.8970 0.4269 0.1149
vn -0.1593 0.4228 0.8921
vn -0.7845 0.5596 0.2672
vn -0.3048 0.5570 0.7726
vt -0.000000 0.000000
vt 0.056132 0.125000
vt 0.500000 0.125000
vt 0.500000 0.000000
vt 0.943868 0.125000
vt 1.000000 -0.000000
vt 0.112265 0.250000
vt 0.500000 0.250000
vt 0.887735 0.250000
vt 0.168397 0.375000
vt 0.500000 0.375000
vt 0.831603 0.375000
vt 0.224529 0.500000
vt 0.500000 0.500000
vt 0.775470 0.500000
vt 0.280662 0.625000
vt 0.500000 0.625000
vt 0.719338 0.625000
vt 0.336794 0.750000
vt 0.500000 0.750000
vt 0.663206 0.750000
vt 0.392927 0.875000
vt 0.500000 0.875000
vt 0.607073 0.875000
vt 0.449059 1.000000
vt 0.500000 1.000000
vt 0.550941 1.000000
s 0
usemtl LeafMat
f 1137/1150/693 1140/1151/693 1141/1152/693 1138/1153/693
f 1138/1153/694 1141/1152/694 1142/1154/694 1139/1155/694
f 1140/1151/695 1143/1156/695 1144/1157/695 1141/1152/695
f 1141/1152/696 1144/1157/696 1145/1158/696 1142/1154/696
f 1143/1156/697 1146/1159/697 1147/1160/697 1144/1157/697
f 1144/1157/698 1147/1160/698 1148/1161/698 1145/1158/698
f 1146/1159/699 1149/1162/699 1150/1163/699 1147/1160/699
f 1147/1160/700 1150/1163/700 1151/1164/700 1148/1161/700
f 1149/1162/701 1152/1165/701 1153/1166/701 1150/1163/701
f 1150/1163/702 1153/1166/702 1154/1167/702 1151/1164/702
f 1152/1165/703 1155/1168/703 1156/1169/703 1153/1166/703
f 1153/1166/704 1156/1169/704 1157/1170/704 1154/1167/704
f 1155/1168/705 1158/1171/705 1159/1172/705 1156/1169/705
f 1156/1169/706 1159/1172/706 1160/1173/706 1157/1170/706
f 1158/1171/707 1161/1174/707 1162/1175/707 1159/1172/707
f 1159/1172/708 1162/1175/708 1163/1176/708 1160/1173/708
o Leaf_038
v 0.136738 0.667889 0.015848
v 0.015965 0.670000 -0.035684
v -0.104807 0.672112 -0.087216
v 0.140324 0.750529 -0.027736
v 0.040552 0.735113 -0.090639
v -0.073387 0.754266 -0.118923
v 0.145323 0.829725 -0.074770
v 0.064963 0.800657 -0.145164
v -0.040555 0.832975 -0.154081
v 0.151054 0.907133 -0.123594
v 0.087800 0.870038 -0.195845
v -0.006991 0.909896 -0.191029
v 0.158103 0.981325 -0.175638
v 0.109344 0.942577 -0.243364
v 0.027892 0.983602 -0.231198
v 0.167066 1.050848 -0.232359
v 0.130313 1.016518 -0.289478
v 0.064688 1.052638 -0.276042
v 0.178159 1.115173 -0.294286
v 0.151426 1.090109 -0.335943
v 0.103614 1.116476 -0.326093
v 0.191329 1.174430 -0.361287
v 0.173401 1.161595 -0.384516
v 0.144617 1.175247 -0.381218
v 0.206397 1.229057 -0.432926
v 0.196957 1.229222 -0.436953
v 0.187518 1.229387 -0.440981
vn -0.4082 0.5591 0.7217
vn -0.2221 0.5559 0.8011
vn -0.5820 0.5430 0.6053
vn -0.0183 0.5331 0.8458
vn -0.7195 0.4801 0.5017
vn 0.1497 0.4649 0.8726
vn -0.8035 0.4335 0.4081
vn 0.2739 0.4146 0.8678
vn -0.8451 0.4165 0.3351
vn 0.3549 0.3955 0.8471
vn -0.8550 0.4289 0.2917
vn 0.3934 0.4070 0.8243
vn -0.8283 0.4792 0.2902
vn 0.3775 0.4581 0.8047
vn -0.6801 0.6169 0.3961
vn 0.2027 0.6015 0.7728
vt 0.000000 -0.000000
vt 0.057615 0.125000
vt 0.500000 0.125000
vt 0.500000 0.000000
vt 0.942385 0.125000
vt 1.000000 -0.000000
vt 0.115230 0.250000
vt 0.500000 0.250000
vt 0.884770 0.250000
vt 0.172846 0.375000
vt 0.500000 0.375000
vt 0.827154 0.375000
vt 0.230461 0.500000
vt 0.500000 0.500000
vt 0.769539 0.500000
vt 0.288076 0.625000
vt 0.500000 0.625000
vt 0.711924 0.625000
vt 0.345691 0.750000
vt 0.500000 0.750000
vt 0.654309 0.750000
vt 0.403306 0.875000
vt 0.500000 0.875000
vt 0.596694 0.875000
vt 0.460922 1.000000
vt 0.500000 1.000000
vt 0.539078 1.000000
s 0
usemtl LeafMat
f 1164/1177/709 1167/1178/709 1168/1179/709 1165/1180/709
f 1165/1180/710 1168/1179/710 1169/1181/710 1166/1182/710
f 1167/1178/711 1170/1183/711 1171/1184/711 1168/1179/711
f 1168/1179/712 1171/1184/712 1172/1185/712 1169/1181/712
f 1170/1183/713 1173/1186/713 1174/1187/713 1171/1184/713
f 1171/1184/714 1174/1187/714 1175/1188/714 1172/1185/714
f 1173/1186/715 1176/1189/715 1177/1190/715 1174/1187/715
f 1174/1187/716 1177/1190/716 1178/1191/716 1175/1188/716
f 1176/1189/717 1179/1192/717 1180/1193/717 1177/1190/717
f 1177/1190/718 1180/1193/718 1181/1194/718 1178/1191/718
f 1179/1192/719 1182/1195/719 1183/1196/719 1180/1193/719
f 1180/1193/720 1183/1196/720 1184/1197/720 1181/1194/720
f 1182/1195/721 1185/1198/721 1186/1199/721 1183/1196/721
f 1183/1196/722 1186/1199/722 1187/1200/722 1184/1197/722
f 1185/1198/723 1188/1201/723 1189/1202/723 1186/1199/723
f 1186/1199/724 1189/1202/724 1190/1203/724 1187/1200/724
o Leaf_039
v 0.141011 0.660789 -0.052427
v -0.002345 0.670000 -0.027600
v -0.145701 0.679211 -0.002772
v 0.124698 0.733588 -0.073701
v -0.005947 0.728206 -0.069991
v -0.128543 0.749860 -0.029843
v 0.107609 0.803782 -0.098486
v -0.009421 0.786838 -0.111809
v -0.112161 0.817904 -0.060425
v 0.090342 0.873379 -0.124077
v -0.011765 0.849272 -0.148503
v -0.095956 0.885350 -0.091813
v 0.072523 0.941118 -0.152171
v -0.013177 0.914833 -0.180982
v -0.080305 0.950938 -0.125704
v 0.053703 1.005499 -0.184793
v -0.014175 0.981784 -0.211587
v -0.065653 1.013168 -0.164122
v 0.033652 1.065740 -0.222992
v -0.015277 1.048387 -0.242661
v -0.052233 1.071259 -0.208118
v 0.012290 1.121580 -0.267124
v -0.017000 1.112906 -0.276545
v -0.040124 1.124948 -0.258046
v -0.010389 1.172994 -0.317221
v -0.019860 1.173602 -0.315580
v -0.029332 1.174211 -0.313940
vn 0.0988 0.4471 0.8890
vn 0.2610 0.4367 0.8609
vn -0.0750 0.4485 0.8906
vn 0.4241 0.4164 0.8042
vn -0.2266 0.3878 0.8935
vn 0.5591 0.3374 0.7574
vn -0.3409 0.3477 0.8734
vn 0.6541 0.2838 0.7011
vn -0.4164 0.3426 0.8421
vn 0.7136 0.2700 0.6464
vn -0.4525 0.3681 0.8122
vn 0.7404 0.2915 0.6056
vn -0.4368 0.4288 0.7908
vn 0.7261 0.3541 0.5894
vn -0.2735 0.5597 0.7823
vn 0.5870 0.5044 0.6333
vt -0.000000 0.000000
vt 0.058371 0.125000
vt 0.500000 0.125000
vt 0.500000 0.000000
vt 0.941629 0.125000
vt 1.000000 -0.000000
vt 0.116741 0.250000
vt 0.500000 0.250000
vt 0.883259 0.250000
vt 0.175112 0.375000
vt 0.500000 0.375000
vt 0.824888 0.375000
vt 0.233483 0.500000
vt 0.500000 0.500000
vt 0.766517 0.500000
vt 0.291854 0.625000
vt 0.500000 0.625000
vt 0.708146 0.625000
vt 0.350224 0.750000
vt 0.500000 0.750000
vt 0.649776 0.750000
vt 0.408595 0.875000
vt 0.500000 0.875000
vt 0.591405 0.875000
vt 0.466966 1.000000
vt 0.500000 1.000000
vt 0.533034 1.000000
s 0
usemtl LeafMat
f 1191/1204/725 1194/1205/725 1195/1206/725 1192/1207/725
f 1192/1207/726 1195/1206/726 1196/1208/726 1193/1209/726
f 1194/1205/727 1197/1210/727 1198/1211/727 1195/1206/727
f 1195/1206/728 1198/1211/728 1199/1212/728 1196/1208/728
f 1197/1210/729 1200/1213/729 1201/1214/729 1198/1211/729
f 1198/1211/730 1201/1214/730 1202/1215/730 1199/1212/730
f 1200/1213/731 1203/1216/731 1204/1217/731 1201/1214/731
f 1201/1214/732 1204/1217/732 1205/1218/732 1202/1215/732
f 1203/1216/733 1206/1219/733 1207/1220/733 1204/1217/733
f 1204/1217/734 1207/1220/734 1208/1221/734 1205/1218/734
f 1206/1219/735 1209/1222/735 1210/1223/735 1207/1220/735
f 1207/1220/736 1210/1223/736 1211/1224/736 1208/1221/736
f 1209/1222/737 1212/1225/737 1213/1226/737 1210/1223/737
f 1210/1223/738 1213/1226/738 1214/1227/738 1211/1224/738
f 1212/1225/739 1215/1228/739 1216/1229/739 1213/1226/739
f 1213/1226/740 1216/1229/740 1217/1230/740 1214/1227/740
o Leaf_040
v 0.060887 0.679593 -0.110179
v -0.033334 0.670000 -0.034900
v -0.127555 0.660407 0.040380
v 0.016649 0.761892 -0.133045
v -0.076187 0.738819 -0.079765
v -0.150456 0.744878 0.000466
v -0.029430 0.841302 -0.158583
v -0.118799 0.808016 -0.124281
v -0.175197 0.826461 -0.042120
v -0.076383 0.919342 -0.185389
v -0.159263 0.880583 -0.165680
v -0.200812 0.906673 -0.085974
v -0.124992 0.994782 -0.214600
v -0.197961 0.955921 -0.204514
v -0.228084 0.984286 -0.132233
v -0.176077 1.066338 -0.247405
v -0.235874 1.032491 -0.242208
v -0.257831 1.058014 -0.182086
v -0.229962 1.133500 -0.284275
v -0.273982 1.108754 -0.280188
v -0.290379 1.127349 -0.236004
v -0.286616 1.196318 -0.325163
v -0.313269 1.183168 -0.319877
v -0.325696 1.192339 -0.293940
v -0.345844 1.255098 -0.369788
v -0.354715 1.254194 -0.362700
v -0.363586 1.253291 -0.355613
vn 0.4020 0.5573 0.7265
vn 0.5497 0.5723 0.6085
vn 0.2316 0.5245 0.8193
vn 0.6800 0.5701 0.4611
vn 0.0886 0.4531 0.8870
vn 0.7849 0.5240 0.3307
vn -0.0239 0.3997 0.9163
vn 0.8438 0.4880 0.2231
vn -0.1008 0.3775 0.9205
vn 0.8670 0.4761 0.1473
vn -0.1373 0.3877 0.9115
vn 0.8648 0.4897 0.1109
vn -0.1180 0.4402 0.8901
vn 0.8335 0.5370 0.1299
vn 0.0507 0.5847 0.8096
vn 0.7017 0.6510 0.2895
vt 0.000000 -0.000000
vt 0.056616 0.125000
vt 0.500000 0.125000
vt 0.500000 0.000000
vt 0.943384 0.125000
vt 1.000000 0.000000
vt 0.113231 0.250000
vt 0.500000 0.250000
vt 0.886769 0.250000
vt 0.169847 0.375000
vt 0.500000 0.375000
vt 0.830153 0.375000
vt 0.226462 0.500000
vt 0.500000 0.500000
vt 0.773538 0.500000
vt 0.283078 0.625000
vt 0.500000 0.625000
vt 0.716922 0.625000
vt 0.339693 0.750000
vt 0.500000 0.750000
vt 0.660307 0.750000
vt 0.396309 0.875000
vt 0.500000 0.875000
vt 0.603692 0.875000
vt 0.452924 1.000000
vt 0.500000 1.000000
vt 0.547076 1.000000
s 0
usemtl LeafMat
f 1218/1231/741 1221/1232/741 1222/1233/741 1219/1234/741
f 1219/1234/742 1222/1233/742 1223/1235/742 1220/1236/742
f 1221/1232/743 1224/1237/743 1225/1238/743 1222/1233/743
f 1222/1233/744 1225/1238/744 1226/1239/744 1223/1235/744
f 1224/1237/745 1227/1240/745 1228/1241/745 1225/1238/745
f 1225/1238/746 1228/1241/746 1229/1242/746 1226/1239/746
f 1227/1240/747 1230/1243/747 1231/1244/747 1228/1241/747
f 1228/1241/748 1231/1244/748 1232/1245/748 1229/1242/748
f 1230/1243/749 1233/1246/749 1234/1247/749 1231/1244/749
f 1231/1244/750 1234/1247/750 1235/1248/750 1232/1245/750
f 1233/1246/751 1236/1249/751 1237/1250/751 1234/1247/751
f 1234/1247/752 1237/1250/752 1238/1251/752 1235/1248/752
f 1236/1249/753 1239/1252/753 1240/1253/753 1237/1250/753
f 1237/1250/754 1240/1253/754 1241/1254/754 1238/1251/754
f 1239/1252/755 1242/1255/755 1243/1256/755 1240/1253/755
f 1240/1253/756 1243/1256/756 1244/1257/756 1241/1254/756
o Leaf_041
v 0.047608 0.683670 -0.137013
v -0.031530 0.670000 -0.015692
v -0.110668 0.656330 0.105630
v 0.010367 0.757973 -0.133006
v -0.075356 0.730140 -0.037503
v -0.129833 0.733754 0.081925
v -0.030003 0.829126 -0.131395
v -0.118808 0.790656 -0.059028
v -0.152127 0.808030 0.055825
v -0.072123 0.898518 -0.131124
v -0.158925 0.854529 -0.077999
v -0.176171 0.880544 0.028386
v -0.117260 0.964874 -0.133163
v -0.196299 0.921163 -0.094870
v -0.203231 0.950023 -0.001364
v -0.166665 1.026933 -0.138470
v -0.232453 0.989024 -0.110806
v -0.234561 1.015204 -0.034383
v -0.220758 1.084275 -0.147366
v -0.268912 1.056579 -0.126976
v -0.270577 1.075669 -0.070990
v -0.279357 1.137082 -0.159713
v -0.307200 1.122292 -0.144547
v -0.311101 1.131598 -0.111049
v -0.342007 1.185811 -0.175162
v -0.348841 1.184631 -0.164685
v -0.355675 1.183450 -0.154209
vn 0.6553 0.4731 0.5888
vn 0.7533 0.4901 0.4386
vn 0.5272 0.4451 0.7239
vn 0.8264 0.4968 0.2652
vn 0.4168 0.3735 0.8287
vn 0.8837 0.4542 0.1129
vn 0.3192 0.3246 0.8904
vn 0.9048 0.4258 -0.0074
vn 0.2434 0.3106 0.9189
vn 0.9011 0.4242 -0.0894
vn 0.1993 0.3297 0.9228
vn 0.8848 0.4481 -0.1280
vn 0.2014 0.3913 0.8980
vn 0.8568 0.5045 -0.1068
vn 0.3195 0.5478 0.7732
vn 0.7759 0.6266 0.0736
vt -0.000000 -0.000000
vt 0.057103 0.125000
vt 0.500000 0.125000
vt 0.500000 0.000000
vt 0.942897 0.125000
vt 1.000000 0.000000
vt 0.114206 0.250000
vt 0.500000 0.250000
vt 0.885794 0.250000
vt 0.171308 0.375000
vt 0.500000 0.375000
vt 0.828692 0.375000
vt 0.228411 0.500000
vt 0.500000 0.500000
vt 0.771589 0.500000
vt 0.285514 0.625000
vt 0.500000 0.625000
vt 0.714486 0.625000
vt 0.342617 0.750000
vt 0.500000 0.750000
vt 0.657383 0.750000
vt 0.399720 0.875000
vt 0.500000 0.875000
vt 0.600280 0.875000
vt 0.456823 1.000000
vt 0.500000 1.000000
vt 0.543177 1.000000
s 0
usemtl LeafMat
f 1245/1258/757 1248/1259/757 1249/1260/757 1246/1261/757
f 1246/1261/758 1249/1260/758 1250/1262/758 1247/1263/758
f 1248/1259/759 1251/1264/759 1252/1265/759 1249/1260/759
f 1249/1260/760 1252/1265/760 1253/1266/760 1250/1262/760
f 1251/1264/761 1254/1267/761 1255/1268/761 1252/1265/761
f 1252/1265/762 1255/1268/762 1256/1269/762 1253/1266/762
f 1254/1267/763 1257/1270/763 1258/1271/763 1255/1268/763
f 1255/1268/764 1258/1271/764 1259/1272/764 1256/1269/764
f 1257/1270/765 1260/1273/765 1261/1274/765 1258/1271/765
f 1258/1271/766 1261/1274/766 1262/1275/766 1259/1272/766
f 1260/1273/767 1263/1276/767 1264/1277/767 1261/1274/767
f 1261/1274/768 1264/1277/768 1265/1278/768 1262/1275/768
f 1263/1276/769 1266/1279/769 1267/1280/769 1264/1277/769
f 1264/1277/770 1267/1280/770 1268/1281/770 1265/1278/770
f 1266/1279/771 1269/1282/771 1270/1283/771 1267/1280/771
f 1267/1280/772 1270/1283/772 1271/1284/772 1268/1281/772
o Leaf_042
v -0.042445 0.681152 -0.146517
v -0.044246 0.670000 0.002950
v -0.046047 0.658848 0.152416
v -0.061517 0.751506 -0.124439
v -0.089001 0.717216 0.005933
v -0.064711 0.731733 0.140571
v -0.085988 0.816771 -0.102805
v -0.133349 0.764816 0.008950
v -0.088773 0.799529 0.128280
v -0.115251 0.877517 -0.081567
v -0.174066 0.815839 0.012266
v -0.117628 0.862807 0.115595
v -0.151073 0.932082 -0.060869
v -0.211796 0.869678 0.015829
v -0.153040 0.919903 0.102370
v -0.194662 0.979325 -0.040810
v -0.248198 0.924768 0.019500
v -0.196220 0.969676 0.088504
v -0.245842 1.019411 -0.021378
v -0.284932 0.979546 0.023145
v -0.246992 1.012294 0.074013
v -0.303452 1.053437 -0.002474
v -0.323657 1.032446 0.026625
v -0.304192 1.048851 0.058993
v -0.365868 1.082932 0.016033
v -0.366034 1.081904 0.029805
v -0.366200 1.080877 0.043576
vn 0.8812 0.4434 0.1642
vn 0.8841 0.4613 -0.0754
vn 0.8188 0.4119 0.3998
vn 0.8274 0.4652 -0.3145
vn 0.7452 0.3407 0.5732
vn 0.7582 0.4206 -0.4983
vn 0.6657 0.2986 0.6839
vn 0.6813 0.3956 -0.6159
vn 0.5964 0.2929 0.7474
vn 0.6136 0.3994 -0.6811
vn 0.5482 0.3201 0.7727
vn 0.5660 0.4302 -0.7033
vn 0.5295 0.3933 0.7516
vn 0.5467 0.4995 -0.6720
vn 0.5654 0.5930 0.5733
vn 0.5779 0.6705 -0.4652
vt -0.000000 0.000000
vt 0.056741 0.125000
vt 0.500000 0.125000
vt 0.500000 0.000000
vt 0.943259 0.125000
vt 1.000000 -0.000000
vt 0.113483 0.250000
vt 0.500000 0.250000
vt 0.886517 0.250000
vt 0.170224 0.375000
vt 0.500000 0.375000
vt 0.829776 0.375000
vt 0.226965 0.500000
vt 0.500000 0.500000
vt 0.773035 0.500000
vt 0.283706 0.625000
vt 0.500000 0.625000
vt 0.716294 0.625000
vt 0.340448 0.750000
vt 0.500000 0.750000
vt 0.659552 0.750000
vt 0.397189 0.875000
vt 0.500000 0.875000
vt 0.602811 0.875000
vt 0.453930 1.000000
vt 0.500000 1.000000
vt 0.546070 1.000000
s 0
usemtl LeafMat
f 1272/1285/773 1275/1286/773 1276/1287/773 1273/1288/773
f 1273/1288/774 1276/1287/774 1277/1289/774 1274/1290/774
f 1275/1286/775 1278/1291/775 1279/1292/775 1276/1287/775
f 1276/1287/776 1279/1292/776 1280/1293/776 1277/1289/776
f 1278/1291/777 1281/1294/777 1282/1295/777 1279/1292/777
f 1279/1292/778 1282/1295/778 1283/1296/778 1280/1293/778
f 1281/1294/779 1284/1297/779 1285/1298/779 1282/1295/779
f 1282/1295/780 1285/1298/780 1286/1299/780 1283/1296/780
f 1284/1297/781 1287/1300/781 1288/1301/781 1285/1298/781
f 1285/1298/782 1288/1301/782 1289/1302/782 1286/1299/782
f 1287/1300/783 1290/1303/783 1291/1304/783 1288/1301/783
f 1288/1301/784 1291/1304/784 1292/1305/784 1289/1302/784
f 1290/1303/785 1293/1306/785 1294/1307/785 1291/1304/785
f 1291/1304/786 1294/1307/786 1295/1308/786 1292/1305/786
f 1293/1306/787 1296/1309/787 1297/1310/787 1294/1307/787
f 1294/1307/788 1297/1310/788 1298/1311/788 1295/1308/788
o Leaf_043
v -0.071246 0.664346 -0.093334
v -0.000050 0.670000 0.000034
v 0.071145 0.675654 0.093402
v -0.083210 0.737921 -0.071762
v -0.037436 0.724429 0.025245
v 0.042917 0.747938 0.093645
v -0.098819 0.807597 -0.047175
v -0.074590 0.779106 0.050264
v 0.011044 0.816323 0.096903
v -0.117982 0.873469 -0.019647
v -0.109671 0.836000 0.073569
v -0.024384 0.880903 0.103101
v -0.141816 0.934343 0.011745
v -0.143048 0.894718 0.095464
v -0.064482 0.940485 0.113164
v -0.170967 0.989528 0.047536
v -0.175667 0.954248 0.116732
v -0.109897 0.994378 0.127625
v -0.205156 1.039321 0.087494
v -0.208476 1.013574 0.138156
v -0.160349 1.042880 0.146255
v -0.243444 1.084727 0.130845
v -0.242421 1.071684 0.160521
v -0.214902 1.086994 0.168277
v -0.284588 1.127078 0.176558
v -0.278449 1.127565 0.184609
v -0.272310 1.128053 0.192661
vn 0.7650 0.4598 -0.4511
vn 0.6109 0.4475 -0.6530
vn 0.8657 0.4526 -0.2139
vn 0.4100 0.4164 -0.8115
vn 0.9124 0.4090 -0.0142
vn 0.2329 0.3551 -0.9054
vn 0.9157 0.3805 0.1292
vn 0.0975 0.3155 -0.9439
vn 0.9004 0.3759 0.2191
vn 0.0072 0.3049 -0.9523
vn 0.8812 0.3948 0.2600
vn -0.0384 0.3218 -0.9460
vn 0.8610 0.4479 0.2409
vn -0.0285 0.3773 -0.9257
vn 0.8013 0.5965 0.0464
vn 0.1340 0.5435 -0.8286
vt -0.000000 -0.000000
vt 0.057110 0.125000
vt 0.500000 0.125000
vt 0.500000 0.000000
vt 0.942890 0.125000
vt 1.000000 0.000000
vt 0.114221 0.250000
vt 0.500000 0.250000
vt 0.885779 0.250000
vt 0.171332 0.375000
vt 0.500000 0.375000
vt 0.828668 0.375000
vt 0.228442 0.500000
vt 0.500000 0.500000
vt 0.771558 0.500000
vt 0.285553 0.625000
vt 0.500000 0.625000
vt 0.714447 0.625000
vt 0.342664 0.750000
vt 0.500000 0.750000
vt 0.657336 0.750000
vt 0.399774 0.875000
vt 0.500000 0.875000
vt 0.600226 0.875000
vt 0.456885 1.000000
vt 0.500000 1.000000
vt 0.543115 1.000000
s 0
usemtl LeafMat
f 1299/1312/789 1302/1313/789 1303/1314/789 1300/1315/789
f 1300/1315/790 1303/1314/790 1304/1316/790 1301/1317/790
f 1302/1313/791 1305/1318/791 1306/1319/791 1303/1314/791
f 1303/1314/792 1306/1319/792 1307/1320/792 1304/1316/792
f 1305/1318/793 1308/1321/793 1309/1322/793 1306/1319/793
f 1306/1319/794 1309/1322/794 1310/1323/794 1307/1320/794
f 1308/1321/795 1311/1324/795 1312/1325/795 1309/1322/795
f 1309/1322/796 1312/1325/796 1313/1326/796 1310/1323/796
f 1311/1324/797 1314/1327/797 1315/1328/797 1312/1325/797
f 1312/1325/798 1315/1328/798 1316/1329/798 1313/1326/798
f 1314/1327/799 1317/1330/799 1318/1331/799 1315/1328/799
f 1315/1328/800 1318/1331/800 1319/1332/800 1316/1329/800
f 1317/1330/801 1320/1333/801 1321/1334/801 1318/1331/801
f 1318/1331/802 1321/1334/802 1322/1335/802 1319/1332/802
f 1320/1333/803 1323/1336/803 1324/1337/803 1321/1334/803
f 1321/1334/804 1324/1337/804 1325/1338/804 1322/1335/804
o Leaf_044
v -0.141498 0.667174 -0.026059
v -0.016783 0.670000 0.033352
v 0.107931 0.672826 0.092762
v -0.146743 0.753547 0.015794
v -0.044587 0.735493 0.088603
v 0.075557 0.758584 0.121692
v -0.153675 0.836059 0.061375
v -0.072062 0.801738 0.143127
v 0.041495 0.840481 0.154348
v -0.160601 0.918587 0.106940
v -0.096603 0.874695 0.191174
v 0.007440 0.922394 0.186989
v -0.168429 0.999050 0.154498
v -0.118730 0.953171 0.233891
v -0.027518 1.002243 0.221624
v -0.178345 1.074739 0.206665
v -0.139785 1.034102 0.274239
v -0.064563 1.077317 0.260866
v -0.191051 1.144046 0.264993
v -0.161107 1.114419 0.315179
v -0.104399 1.146009 0.306271
v -0.206908 1.206145 0.330278
v -0.184039 1.191056 0.359673
v -0.147386 1.207494 0.358633
v -0.226116 1.260578 0.402965
v -0.209921 1.260945 0.410680
v -0.193725 1.261312 0.418395
vn 0.4481 0.5488 -0.7057
vn 0.2455 0.5442 -0.8023
vn 0.6295 0.5287 -0.5693
vn 0.0262 0.5151 -0.8568
vn 0.7681 0.4371 -0.4679
vn -0.1365 0.4166 -0.8988
vn 0.8449 0.3756 -0.3810
vn -0.2499 0.3508 -0.9025
vn 0.8780 0.3599 -0.3154
vn -0.3211 0.3328 -0.8867
vn 0.8787 0.3861 -0.2808
vn -0.3494 0.3583 -0.8658
vn 0.8353 0.4653 -0.2929
vn -0.3156 0.4392 -0.8411
vn 0.6393 0.6463 -0.4166
vn -0.1029 0.6295 -0.7701
vt -0.000000 -0.000000
vt 0.054383 0.125000
vt 0.500000 0.125000
vt 0.500000 0.000000
vt 0.945617 0.125000
vt 1.000000 0.000000
vt 0.108767 0.250000
vt 0.500000 0.250000
vt 0.891233 0.250000
vt 0.163151 0.375000
vt 0.500000 0.375000
vt 0.836850 0.375000
vt 0.217534 0.500000
vt 0.500000 0.500000
vt 0.782466 0.500000
vt 0.271918 0.625000
vt 0.500000 0.625000
vt 0.728082 0.625000
vt 0.326301 0.750000
vt 0.500000 0.750000
vt 0.673699 0.750000
vt 0.380685 0.875000
vt 0.500000 0.875000
vt 0.619315 0.875000
vt 0.435068 1.000000
vt 0.500000 1.000000
vt 0.564932 1.000000
s 0
usemtl LeafMat
f 1326/1339/805 1329/1340/805 1330/1341/805 1327/1342/805
f 1327/1342/806 1330/1341/806 1331/1343/806 1328/1344/806
f 1329/1340/807 1332/1345/807 1333/1346/807 1330/1341/807
f 1330/1341/808 1333/1346/808 1334/1347/808 1331/1343/808
f 1332/1345/809 1335/1348/809 1336/1349/809 1333/1346/809
f 1333/1346/810 1336/1349/810 1337/1350/810 1334/1347/810
f 1335/1348/811 1338/1351/811 1339/1352/811 1336/1349/811
f 1336/1349/812 1339/1352/812 1340/1353/812 1337/1350/812
f 1338/1351/813 1341/1354/813 1342/1355/813 1339/1352/813
f 1339/1352/814 1342/1355/814 1343/1356/814 1340/1353/814
f 1341/1354/815 1344/1357/815 1345/1358/815 1342/1355/815
f 1342/1355/816 1345/1358/816 1346/1359/816 1343/1356/816
f 1344/1357/817 1347/1360/817 1348/1361/817 1345/1358/817
f 1345/1358/818 1348/1361/818 1349/1362/818 1346/1359/818
f 1347/1360/819 1350/1363/819 1351/1364/819 1348/1361/819
f 1348/1361/820 1351/1364/820 1352/1365/820 1349/1362/820
o Leaf_045
v -0.143323 0.661601 0.066372
v 0.004659 0.670000 0.038211
v 0.152640 0.678399 0.010049
v -0.125187 0.746821 0.091314
v 0.011076 0.733421 0.090847
v 0.135707 0.761628 0.041666
v -0.105866 0.827803 0.121217
v 0.017374 0.797270 0.142982
v 0.119957 0.840620 0.078242
v -0.085718 0.905829 0.154581
v 0.022605 0.864933 0.190651
v 0.105035 0.916656 0.118280
v -0.064304 0.979324 0.193251
v 0.026959 0.935734 0.234646
v 0.091379 0.988159 0.163624
v -0.041236 1.046903 0.238846
v 0.030923 1.007930 0.277008
v 0.079376 1.053749 0.215893
v -0.016439 1.108301 0.291679
v 0.034984 1.079777 0.319778
v 0.069103 1.113156 0.275400
v 0.009939 1.164040 0.351137
v 0.039631 1.149532 0.364997
v 0.060410 1.166905 0.341532
v 0.037649 1.215015 0.416173
v 0.045350 1.215452 0.414708
v 0.053050 1.215889 0.413242
vn -0.0802 0.4716 -0.8782
vn -0.2990 0.4592 -0.8365
vn 0.1506 0.4669 -0.8714
vn -0.5092 0.4295 -0.7458
vn 0.3383 0.4117 -0.8462
vn -0.6675 0.3546 -0.6548
vn 0.4690 0.3745 -0.7999
vn -0.7672 0.3043 -0.5646
vn 0.5502 0.3659 -0.7506
vn -0.8233 0.2879 -0.4892
vn 0.5901 0.3824 -0.7110
vn -0.8474 0.3008 -0.4375
vn 0.5842 0.4299 -0.6885
vn -0.8389 0.3491 -0.4177
vn 0.4429 0.5604 -0.6999
vn -0.7267 0.4940 -0.4773
vt 0.000000 -0.000000
vt 0.059248 0.125000
vt 0.500000 0.125000
vt 0.500000 0.000000
vt 0.940752 0.125000
vt 1.000000 0.000000
vt 0.118495 0.250000
vt 0.500000 0.250000
vt 0.881505 0.250000
vt 0.177743 0.375000
vt 0.500000 0.375000
vt 0.822257 0.375000
vt 0.236990 0.500000
vt 0.500000 0.500000
vt 0.763010 0.500000
vt 0.296238 0.625000
vt 0.500000 0.625000
vt 0.703762 0.625000
vt 0.355485 0.750000
vt 0.500000 0.750000
vt 0.644515 0.750000
vt 0.414733 0.875000
vt 0.500000 0.875000
vt 0.585267 0.875000
vt 0.473981 1.000000
vt 0.500000 1.000000
vt 0.526019 1.000000
s 0
usemtl LeafMat
f 1353/1366/821 1356/1367/821 1357/1368/821 1354/1369/821
f 1354/1369/822 1357/1368/822 1358/1370/822 1355/1371/822
f 1356/1367/823 1359/1372/823 1360/1373/823 1357/1368/823
f 1357/1368/824 1360/1373/824 1361/1374/824 1358/1370/824
f 1359/1372/825 1362/1375/825 1363/1376/825 1360/1373/825
f 1360/1373/826 1363/1376/826 1364/1377/826 1361/1374/826
f 1362/1375/827 1365/1378/827 1366/1379/827 1363/1376/827
f 1363/1376/828 1366/1379/828 1367/1380/828 1364/1377/828
f 1365/1378/829 1368/1381/829 1369/1382/829 1366/1379/829
f 1366/1379/830 1369/1382/830 1370/1383/830 1367/1380/830
f 1368/1381/831 1371/1384/831 1372/1385/831 1369/1382/831
f 1369/1382/832 1372/1385/832 1373/1386/832 1370/1383/832
f 1371/1384/833 1374/1387/833 1375/1388/833 1372/1385/833
f 1372/1385/834 1375/1388/834 1376/1389/834 1373/1386/834
f 1374/1387/835 1377/1390/835 1378/1391/835 1375/1388/835
f 1375/1388/836 1378/1391/836 1379/1392/836 1376/1389/836
o Leaf_046
v -0.102102 0.668435 0.094363
v 0.009745 0.670000 0.013941
v 0.121592 0.671566 -0.066481
v -0.074623 0.740810 0.107715
v 0.036658 0.725071 0.052442
v 0.124168 0.743593 -0.035223
v -0.044851 0.809880 0.124193
v 0.063199 0.780676 0.090437
v 0.129038 0.812314 -0.000840
v -0.014519 0.878143 0.141433
v 0.086432 0.841050 0.123923
v 0.134468 0.880228 0.034306
v 0.017474 0.944013 0.160936
v 0.106943 0.905348 0.153701
v 0.141558 0.945749 0.071715
v 0.052432 1.005607 0.184481
v 0.126245 0.971389 0.181830
v 0.151614 1.006996 0.113165
v 0.091026 1.061962 0.212979
v 0.145849 1.036994 0.210371
v 0.165305 1.063002 0.159570
v 0.133472 1.112765 0.246727
v 0.167267 1.099984 0.241385
v 0.182849 1.113456 0.211223
v 0.179775 1.158008 0.285731
v 0.192012 1.158179 0.276932
v 0.204250 1.158350 0.268133
vn -0.4295 0.4915 -0.7576
vn -0.5905 0.4893 -0.6418
vn -0.2442 0.4788 -0.8433
vn -0.7304 0.4720 -0.4937
vn -0.0968 0.3997 -0.9115
vn -0.8405 0.3893 -0.3767
vn 0.0167 0.3481 -0.9373
vn -0.9001 0.3353 -0.2781
vn 0.0945 0.3388 -0.9361
vn -0.9236 0.3245 -0.2040
vn 0.1316 0.3678 -0.9206
vn -0.9212 0.3530 -0.1636
vn 0.1096 0.4445 -0.8891
vn -0.8858 0.4306 -0.1734
vn -0.0725 0.6155 -0.7848
vn -0.7322 0.6062 -0.3105
vt -0.000000 -0.000000
vt 0.055662 0.125000
vt 0.500000 0.125000
vt 0.500000 0.000000
vt 0.944338 0.125000
vt 1.000000 0.000000
vt 0.111323 0.250000
vt 0.500000 0.250000
vt 0.888676 0.250000
vt 0.166985 0.375000
vt 0.500000 0.375000
vt 0.833015 0.375000
vt 0.222647 0.500000
vt 0.500000 0.500000
vt 0.777353 0.500000
vt 0.278309 0.625000
vt 0.500000 0.625000
vt 0.721691 0.625000
vt 0.333971 0.750000
vt 0.500000 0.750000
vt 0.666029 0.750000
vt 0.389632 0.875000
vt 0.500000 0.875000
vt 0.610367 0.875000
vt 0.445294 1.000000
vt 0.500000 1.000000
vt 0.554706 1.000000
s 0
usemtl LeafMat
f 1380/1393/837 1383/1394/837 1384/1395/837 1381/1396/837
f 1381/1396/838 1384/1395/838 1385/1397/838 1382/1398/838
f 1383/1394/839 1386/1399/839 1387/1400/839 1384/1395/839
f 1384/1395/840 1387/1400/840 1388/1401/840 1385/1397/840
f 1386/1399/841 1389/1402/841 1390/1403/841 1387/1400/841
f 1387/1400/842 1390/1403/842 1391/1404/842 1388/1401/842
f 1389/1402/843 1392/1405/843 1393/1406/843 1390/1403/843
f 1390/1403/844 1393/1406/844 1394/1407/844 1391/1404/844
f 1392/1405/845 1395/1408/845 1396/1409/845 1393/1406/845
f 1393/1406/846 1396/1409/846 1397/1410/846 1394/1407/846
f 1395/1408/847 1398/1411/847 1399/1412/847 1396/1409/847
f 1396/1409/848 1399/1412/848 1400/1413/848 1397/1410/848
f 1398/1411/849 1401/1414/849 1402/1415/849 1399/1412/849
f 1399/1412/850 1402/1415/850 1403/1416/850 1400/1413/850
f 1401/1414/851 1404/1417/851 1405/1418/851 1402/1415/851
f 1402/1415/852 1405/1418/852 1406/1419/852 1403/1416/852
o Leaf_047
v -0.026807 0.668338 0.150750
v 0.035291 0.670000 0.016951
v 0.097388 0.671662 -0.116848
v 0.004520 0.752754 0.148836
v 0.083201 0.732539 0.039964
v 0.115350 0.755721 -0.089965
v 0.040452 0.832875 0.149005
v 0.130500 0.795648 0.062700
v 0.137917 0.835484 -0.060998
v 0.078500 0.911023 0.150133
v 0.172343 0.863845 0.082967
v 0.162600 0.913274 -0.031074
v 0.120639 0.985355 0.153111
v 0.209698 0.936228 0.101203
v 0.191374 0.987249 0.000702
v 0.168957 1.053925 0.158886
v 0.245058 1.010472 0.118537
v 0.226326 1.055461 0.035274
v 0.224298 1.115945 0.167839
v 0.280917 1.084250 0.136096
v 0.268303 1.117123 0.073024
v 0.286620 1.171455 0.179950
v 0.319767 1.155238 0.155009
v 0.317260 1.172275 0.113933
v 0.355467 1.220879 0.195015
v 0.364104 1.221110 0.176405
v 0.372741 1.221341 0.157795
vn -0.7473 0.4703 -0.4695
vn -0.8454 0.4677 -0.2580
vn -0.6029 0.4552 -0.6552
vn -0.8939 0.4474 -0.0283
vn -0.4839 0.3795 -0.7886
vn -0.9182 0.3678 0.1471
vn -0.3850 0.3331 -0.8607
vn -0.9090 0.3190 0.2683
vn -0.3138 0.3280 -0.8910
vn -0.8861 0.3127 0.3421
vn -0.2789 0.3611 -0.8899
vn -0.8630 0.3454 0.3686
vn -0.2965 0.4445 -0.8453
vn -0.8411 0.4299 0.3281
vn -0.4326 0.6290 -0.6459
vn -0.7785 0.6197 0.0993
vt -0.000000 0.000000
vt 0.053807 0.125000
vt 0.500000 0.125000
vt 0.500000 0.000000
vt 0.946193 0.125000
vt 1.000000 -0.000000
vt 0.107614 0.250000
vt 0.500000 0.250000
vt 0.892386 0.250000
vt 0.161421 0.375000
vt 0.500000 0.375000
vt 0.838579 0.375000
vt 0.215227 0.500000
vt 0.500000 0.500000
vt 0.784773 0.500000
vt 0.269034 0.625000
vt 0.500000 0.625000
vt 0.730966 0.625000
vt 0.322841 0.750000
vt 0.500000 0.750000
vt 0.677159 0.750000
vt 0.376648 0.875000
vt 0.500000 0.875000
vt 0.623352 0.875000
vt 0.430455 1.000000
vt 0.500000 1.000000
vt 0.569545 1.000000
s 0
usemtl LeafMat
f 1407/1420/853 1410/1421/853 1411/1422/853 1408/1423/853
f 1408/1423/854 1411/1422/854 1412/1424/854 1409/1425/854
f 1410/1421/855 1413/1426/855 1414/1427/855 1411/1422/855
f 1411/1422/856 1414/1427/856 1415/1428/856 1412/1424/856
f 1413/1426/857 1416/1429/857 1417/1430/857 1414/1427/857
f 1414/1427/858 1417/1430/858 1418/1431/858 1415/1428/858
f 1416/1429/859 1419/1432/859 1420/1433/859 1417/1430/859
f 1417/1430/860 1420/1433/860 1421/1434/860 1418/1431/860
f 1419/1432/861 1422/1435/861 1423/1436/861 1420/1433/861
f 1420/1433/862 1423/1436/862 1424/1437/862 1421/1434/862
f 1422/1435/863 1425/1438/863 1426/1439/863 1423/1436/863
f 1423/1436/864 1426/1439/864 1427/1440/864 1424/1437/864
f 1425/1438/865 1428/1441/865 1429/1442/865 1426/1439/865
f 1426/1439/866 1429/1442/866 1430/1443/866 1427/1440/866
f 1428/1441/867 1431/1444/867 1432/1445/867 1429/1442/867
f 1429/1442/868 1432/1445/868 1433/1446/868 1430/1443/868
o Leaf_048
v 0.058386 0.677035 0.103921
v 0.035160 0.670000 -0.011548
v 0.011933 0.662965 -0.127017
v 0.069778 0.768283 0.082608
v 0.073354 0.749797 -0.024092
v 0.028512 0.755783 -0.122545
v 0.085929 0.857124 0.060484
v 0.110880 0.829931 -0.036523
v 0.049850 0.846196 -0.118883
v 0.103990 0.945001 0.038034
v 0.142436 0.913083 -0.047937
v 0.073097 0.935643 -0.115547
v 0.126066 1.030848 0.014901
v 0.169081 0.998718 -0.058514
v 0.100360 1.023062 -0.112895
v 0.154464 1.113500 -0.009309
v 0.193543 1.085455 -0.068719
v 0.133945 1.107284 -0.111320
v 0.190198 1.192444 -0.034769
v 0.218551 1.171917 -0.079018
v 0.174866 1.187800 -0.110994
v 0.233355 1.267636 -0.061494
v 0.246832 1.256724 -0.089874
v 0.223210 1.264563 -0.111933
v 0.283596 1.339248 -0.089425
v 0.281117 1.338497 -0.101752
v 0.278637 1.337746 -0.114079
vn -0.9564 0.2875 0.0516
vn -0.9089 0.3019 0.2877
vn -0.9461 0.2615 -0.1911
vn -0.8053 0.3041 0.5089
vn -0.9074 0.1889 -0.3754
vn -0.6969 0.2527 0.6712
vn -0.8560 0.1457 -0.4960
vn -0.6020 0.2226 0.7669
vn -0.8130 0.1388 -0.5654
vn -0.5355 0.2229 0.8146
vn -0.7905 0.1627 -0.5905
vn -0.5056 0.2490 0.8261
vn -0.7988 0.2256 -0.5577
vn -0.5273 0.3079 0.7919
vn -0.8578 0.3840 -0.3418
vn -0.6686 0.4413 0.5985
vt -0.000000 -0.000000
vt 0.055828 0.125000
vt 0.500000 0.125000
vt 0.500000 0.000000
vt 0.944172 0.125000
vt 1.000000 0.000000
vt 0.111656 0.250000
vt 0.500000 0.250000
vt 0.888344 0.250000
vt 0.167483 0.375000
vt 0.500000 0.375000
vt 0.832516 0.375000
vt 0.223311 0.500000
vt 0.500000 0.500000
vt 0.776689 0.500000
vt 0.279139 0.625000
vt 0.500000 0.625000
vt 0.720861 0.625000
vt 0.334967 0.750000
vt 0.500000 0.750000
vt 0.665033 0.750000
vt 0.390795 0.875000
vt 0.500000 0.875000
vt 0.609205 0.875000
vt 0.446623 1.000000
vt 0.500000 1.000000
vt 0.553377 1.000000
s 0
usemtl LeafMat
f 1434/1447/869 1437/1448/869 1438/1449/869 1435/1450/869
f 1435/1450/870 1438/1449/870 1439/1451/870 1436/1452/870
f 1437/1448/871 1440/1453/871 1441/1454/871 1438/1449/871
f 1438/1449/872 1441/1454/872 1442/1455/872 1439/1451/872
f 1440/1453/873 1443/1456/873 1444/1457/873 1441/1454/873
f 1441/1454/874 1444/1457/874 1445/1458/874 1442/1455/874
f 1443/1456/875 1446/1459/875 1447/1460/875 1444/1457/875
f 1444/1457/876 1447/1460/876 1448/1461/876 1445/1458/876
f 1446/1459/877 1449/1462/877 1450/1463/877 1447/1460/877
f 1447/1460/878 1450/1463/878 1451/1464/878 1448/1461/878
f 1449/1462/879 1452/1465/879 1453/1466/879 1450/1463/879
f 1450/1463/880 1453/1466/880 1454/1467/880 1451/1464/880
f 1452/1465/881 1455/1468/881 1456/1469/881 1453/1466/881
f 1453/1466/882 1456/1469/882 1457/1470/882 1454/1467/882
f 1455/1468/883 1458/1471/883 1459/1472/883 1456/1469/883
f 1456/1469/884 1459/1472/884 1460/1473/884 1457/1470/884
o Leaf_049
v 0.127750 0.670892 0.055695
v 0.010380 0.670000 -0.017262
v -0.106989 0.669108 -0.090219
v 0.119412 0.759570 0.039225
v 0.027984 0.748021 -0.046535
v -0.089504 0.757982 -0.090637
v 0.113761 0.846029 0.018460
v 0.045353 0.826235 -0.075434
v -0.069331 0.844638 -0.095350
v 0.110258 0.930716 -0.005739
v 0.060629 0.906177 -0.100987
v -0.047010 0.929521 -0.103497
v 0.109838 1.012859 -0.034866
v 0.074183 0.987540 -0.123788
v -0.021607 1.011860 -0.116572
v 0.113230 1.091854 -0.070088
v 0.086973 1.069534 -0.145365
v 0.007609 1.091051 -0.135742
v 0.120467 1.167675 -0.111457
v 0.099954 1.151370 -0.167248
v 0.040670 1.167069 -0.161059
v 0.131085 1.240705 -0.158231
v 0.114082 1.232260 -0.190967
v 0.077112 1.240295 -0.191781
v 0.144390 1.311519 -0.209300
v 0.130315 1.311412 -0.218048
v 0.116240 1.311305 -0.226797
vn -0.5961 0.2431 0.7652
vn -0.4250 0.2444 0.8716
vn -0.7456 0.2405 0.6214
vn -0.2299 0.2444 0.9420
vn -0.8511 0.2067 0.4827
vn -0.0584 0.2127 0.9754
vn -0.9095 0.1904 0.3696
vn 0.0690 0.1979 0.9778
vn -0.9348 0.1980 0.2950
vn 0.1470 0.2063 0.9674
vn -0.9365 0.2273 0.2672
vn 0.1723 0.2357 0.9564
vn -0.9084 0.2858 0.3051
vn 0.1253 0.2936 0.9477
vn -0.7691 0.4079 0.4921
vn -0.1053 0.4129 0.9046
vt -0.000000 -0.000000
vt 0.055005 0.125000
vt 0.500000 0.125000
vt 0.500000 0.000000
vt 0.944995 0.125000
vt 1.000000 0.000000
vt 0.110010 0.250000
vt 0.500000 0.250000
vt 0.889990 0.250000
vt 0.165015 0.375000
vt 0.500000 0.375000
vt 0.834985 0.375000
vt 0.220020 0.500000
vt 0.500000 0.500000
vt 0.779980 0.500000
vt 0.275025 0.625000
vt 0.500000 0.625000
vt 0.724975 0.625000
vt 0.330030 0.750000
vt 0.500000 0.750000
vt 0.669970 0.750000
vt 0.385035 0.875000
vt 0.500000 0.875000
vt 0.614965 0.875000
vt 0.440040 1.000000
vt 0.500000 1.000000
vt 0.559960 1.000000
s 0
usemtl LeafMat
f 1461/1474/885 1464/1475/885 1465/1476/885 1462/1477/885
f 1462/1477/886 1465/1476/886 1466/1478/886 1463/1479/886
f 1464/1475/887 1467/1480/887 1468/1481/887 1465/1476/887
f 1465/1476/888 1468/1481/888 1469/1482/888 1466/1478/888
f 1467/1480/889 1470/1483/889 1471/1484/889 1468/1481/889
f 1468/1481/890 1471/1484/890 1472/1485/890 1469/1482/890
f 1470/1483/891 1473/1486/891 1474/1487/891 1471/1484/891
f 1471/1484/892 1474/1487/892 1475/1488/892 1472/1485/892
f 1473/1486/893 1476/1489/893 1477/1490/893 1474/1487/893
f 1474/1487/894 1477/1490/894 1478/1491/894 1475/1488/894
f 1476/1489/895 1479/1492/895 1480/1493/895 1477/1490/895
f 1477/1490/896 1480/1493/896 1481/1494/896 1478/1491/896
f 1479/1492/897 1482/1495/897 1483/1496/897 1480/1493/897
f 1480/1493/898 1483/1496/898 1484/1497/898 1481/1494/898
f 1482/1495/899 1485/1498/899 1486/1499/899 1483/1496/899
f 1483/1496/900 1486/1499/900 1487/1500/900 1484/1497/900
o Leaf_050
v 0.133282 0.660763 -0.092222
v -0.009116 0.670000 -0.035036
v -0.151514 0.679237 0.022149
v 0.117653 0.738256 -0.095026
v -0.016976 0.735848 -0.065245
v -0.133629 0.754556 0.005887
v 0.100332 0.813761 -0.101722
v -0.024513 0.802076 -0.094710
v -0.117437 0.827888 -0.014268
v 0.082969 0.889216 -0.108517
v -0.029167 0.871690 -0.117544
v -0.101287 0.901169 -0.034521
v 0.064663 0.963564 -0.117480
v -0.031450 0.944089 -0.134924
v -0.086080 0.973342 -0.056943
v 0.044253 1.035440 -0.131283
v -0.032679 1.017726 -0.149879
v -0.072977 1.043045 -0.084204
v 0.021059 1.104046 -0.151490
v -0.034172 1.091054 -0.165440
v -0.062658 1.109477 -0.117870
v -0.005257 1.168986 -0.178877
v -0.037245 1.162525 -0.184638
v -0.055460 1.172243 -0.158716
v -0.034872 1.230050 -0.213854
v -0.043217 1.230591 -0.210503
v -0.051562 1.231133 -0.207152
vn 0.2950 0.2601 0.9194
vn 0.4513 0.2500 0.8567
vn 0.1212 0.2653 0.9565
vn 0.6019 0.2341 0.7635
vn -0.0324 0.1953 0.9802
vn 0.7204 0.1464 0.6779
vn -0.1515 0.1540 0.9764
vn 0.7985 0.0924 0.5949
vn -0.2333 0.1550 0.9600
vn 0.8458 0.0850 0.5266
vn -0.2761 0.1894 0.9423
vn 0.8681 0.1152 0.4828
vn -0.2676 0.2593 0.9280
vn 0.8600 0.1861 0.4752
vn -0.1128 0.3979 0.9105
vn 0.7525 0.3418 0.5630
vt 0.000000 0.000000
vt 0.058837 0.125000
vt 0.500000 0.125000
vt 0.500000 0.000000
vt 0.941163 0.125000
vt 1.000000 -0.000000
vt 0.117674 0.250000
vt 0.500000 0.250000
vt 0.882326 0.250000
vt 0.176512 0.375000
vt 0.500000 0.375000
vt 0.823488 0.375000
vt 0.235349 0.500000
vt 0.500000 0.500000
vt 0.764651 0.500000
vt 0.294186 0.625000
vt 0.500000 0.625000
vt 0.705814 0.625000
vt 0.353023 0.750000
vt 0.500000 0.750000
vt 0.646977 0.750000
vt 0.411861 0.875000
vt 0.500000 0.875000
vt 0.588139 0.875000
vt 0.470698 1.000000
vt 0.500000 1.000000
vt 0.529302 1.000000
s 0
usemtl LeafMat
f 1488/1501/901 1491/1502/901 1492/1503/901 1489/1504/901
f 1489/1504/902 1492/1503/902 1493/1505/902 1490/1506/902
f 1491/1502/903 1494/1507/903 1495/1508/903 1492/1503/903
f 1492/1503/904 1495/1508/904 1496/1509/904 1493/1505/904
f 1494/1507/905 1497/1510/905 1498/1511/905 1495/1508/905
f 1495/1508/906 1498/1511/906 1499/1512/906 1496/1509/906
f 1497/1510/907 1500/1513/907 1501/1514/907 1498/1511/907
f 1498/1511/908 1501/1514/908 1502/1515/908 1499/1512/908
f 1500/1513/909 1503/1516/909 1504/1517/909 1501/1514/909
f 1501/1514/910 1504/1517/910 1505/1518/910 1502/1515/910
f 1503/1516/911 1506/1519/911 1507/1520/911 1504/1517/911
f 1504/1517/912 1507/1520/912 1508/1521/912 1505/1518/912
f 1506/1519/913 1509/1522/913 1510/1523/913 1507/1520/913
f 1507/1520/914 1510/1523/914 1511/1524/914 1508/1521/914
f 1509/1522/915 1512/1525/915 1513/1526/915 1510/1523/915
f 1510/1523/916 1513/1526/916 1514/1527/916 1511/1524/916
o Leaf_051
v 0.033719 0.667444 -0.135665
v -0.025859 0.670000 -0.013866
v -0.085436 0.672556 0.107934
v 0.012628 0.762778 -0.131557
v -0.062697 0.752605 -0.033619
v -0.093565 0.767334 0.085543
v -0.013013 0.855563 -0.129622
v -0.099101 0.835454 -0.053164
v -0.106245 0.859563 0.060980
v -0.042017 0.946464 -0.129291
v -0.131634 0.920471 -0.070862
v -0.122287 0.949908 0.034812
v -0.076032 1.034559 -0.131354
v -0.160983 1.007271 -0.087040
v -0.143341 1.037447 0.006251
v -0.116442 1.119072 -0.136468
v -0.188916 1.094864 -0.102541
v -0.170789 1.121404 -0.025362
v -0.163439 1.199896 -0.144728
v -0.217203 1.182260 -0.118212
v -0.204824 1.201671 -0.060120
v -0.216369 1.277396 -0.155820
v -0.247613 1.268465 -0.134896
v -0.244793 1.278615 -0.097711
v -0.274185 1.352159 -0.169244
v -0.281916 1.352491 -0.153439
v -0.289647 1.352823 -0.137634
vn 0.8063 0.3069 0.5056
vn 0.8992 0.3030 0.3158
vn 0.6719 0.3050 0.6749
vn 0.9502 0.2931 0.1060
vn 0.5414 0.2681 0.7969
vn 0.9657 0.2499 -0.0705
vn 0.4342 0.2476 0.8661
vn 0.9542 0.2253 -0.1969
vn 0.3634 0.2518 0.8970
vn 0.9351 0.2272 -0.2718
vn 0.3379 0.2791 0.8989
vn 0.9214 0.2540 -0.2941
vn 0.3760 0.3378 0.8629
vn 0.9174 0.3146 -0.2439
vn 0.5528 0.4605 0.6945
vn 0.8951 0.4458 -0.0052
vt -0.000000 -0.000000
vt 0.054390 0.125000
vt 0.500000 0.125000
vt 0.500000 0.000000
vt 0.945610 0.125000
vt 1.000000 0.000000
vt 0.108779 0.250000
vt 0.500000 0.250000
vt 0.891221 0.250000
vt 0.163169 0.375000
vt 0.500000 0.375000
vt 0.836831 0.375000
vt 0.217559 0.500000
vt 0.500000 0.500000
vt 0.782441 0.500000
vt 0.271949 0.625000
vt 0.500000 0.625000
vt 0.728051 0.625000
vt 0.326339 0.750000
vt 0.500000 0.750000
vt 0.673661 0.750000
vt 0.380728 0.875000
vt 0.500000 0.875000
vt 0.619272 0.875000
vt 0.435118 1.000000
vt 0.500000 1.000000
vt 0.564882 1.000000
s 0
usemtl LeafMat
f 1515/1528/917 1518/1529/917 1519/1530/917 1516/1531/917
f 1516/1531/918 1519/1530/918 1520/1532/918 1517/1533/918
f 1518/1529/919 1521/1534/919 1522/1535/919 1519/1530/919
f 1519/1530/920 1522/1535/920 1523/1536/920 1520/1532/920
f 1521/1534/921 1524/1537/921 1525/1538/921 1522/1535/921
f 1522/1535/922 1525/1538/922 1526/1539/922 1523/1536/922
f 1524/1537/923 1527/1540/923 1528/1541/923 1525/1538/923
f 1525/1538/924 1528/1541/924 1529/1542/924 1526/1539/924
f 1527/1540/925 1530/1543/925 1531/1544/925 1528/1541/925
f 1528/1541/926 1531/1544/926 1532/1545/926 1529/1542/926
f 1530/1543/927 1533/1546/927 1534/1547/927 1531/1544/927
f 1531/1544/928 1534/1547/928 1535/1548/928 1532/1545/928
f 1533/1546/929 1536/1549/929 1537/1550/929 1534/1547/929
f 1534/1547/930 1537/1550/930 1538/1551/930 1535/1548/930
f 1536/1549/931 1539/1552/931 1540/1553/931 1537/1550/931
f 1537/1550/932 1540/1553/932 1541/1554/932 1538/1551/932
o Leaf_052
v -0.071200 0.662314 -0.141101
v -0.011423 0.670000 0.003610
v 0.048353 0.677686 0.148320
v -0.068739 0.745912 -0.126469
v -0.046320 0.733782 0.014637
v 0.036671 0.759466 0.128713
v -0.072560 0.825588 -0.109033
v -0.080707 0.797882 0.025437
v 0.018707 0.837324 0.111909
v -0.081691 0.901949 -0.089228
v -0.110549 0.864820 0.034208
v -0.004568 0.911866 0.097475
v -0.098251 0.973673 -0.066108
v -0.136652 0.934091 0.041311
v -0.035271 0.981772 0.086356
v -0.123788 1.039793 -0.038982
v -0.161092 1.004401 0.047673
v -0.074953 1.046072 0.079242
v -0.158235 1.100350 -0.007881
v -0.185948 1.074451 0.054219
v -0.123543 1.104811 0.076105
v -0.200366 1.156111 0.026650
v -0.213297 1.142945 0.061878
v -0.179817 1.158753 0.076396
v -0.248419 1.208174 0.063824
v -0.245217 1.208585 0.071577
v -0.242014 1.208997 0.079330
vn 0.9313 0.2509 -0.2639
vn 0.8369 0.2388 -0.4925
vn 0.9658 0.2591 -0.0126
vn 0.6841 0.2229 -0.6945
vn 0.9559 0.2215 0.1928
vn 0.5338 0.1673 -0.8289
vn 0.9190 0.2060 0.3362
vn 0.4073 0.1402 -0.9025
vn 0.8781 0.2170 0.4264
vn 0.3144 0.1445 -0.9382
vn 0.8460 0.2481 0.4720
vn 0.2584 0.1725 -0.9505
vn 0.8293 0.3046 0.4686
vn 0.2468 0.2297 -0.9414
vn 0.8379 0.4416 0.3207
vn 0.3519 0.3791 -0.8558
vt -0.000000 0.000000
vt 0.059151 0.125000
vt 0.500000 0.125000
vt 0.500000 0.000000
vt 0.940849 0.125000
vt 1.000000 -0.000000
vt 0.118303 0.250000
vt 0.500000 0.250000
vt 0.881697 0.250000
vt 0.177454 0.375000
vt 0.500000 0.375000
vt 0.822546 0.375000
vt 0.236605 0.500000
vt 0.500000 0.500000
vt 0.763395 0.500000
vt 0.295757 0.625000
vt 0.500000 0.625000
vt 0.704243 0.625000
vt 0.354908 0.750000
vt 0.500000 0.750000
vt 0.645092 0.750000
vt 0.414059 0.875000
vt 0.500000 0.875000
vt 0.585941 0.875000
vt 0.473211 1.000000
vt 0.500000 1.000000
vt 0.526789 1.000000
s 0
usemtl LeafMat
f 1542/1555/933 1545/1556/933 1546/1557/933 1543/1558/933
f 1543/1558/934 1546/1557/934 1547/1559/934 1544/1560/934
f 1545/1556/935 1548/1561/935 1549/1562/935 1546/1557/935
f 1546/1557/936 1549/1562/936 1550/1563/936 1547/1559/936
f 1548/1561/937 1551/1564/937 1552/1565/937 1549/1562/937
f 1549/1562/938 1552/1565/938 1553/1566/938 1550/1563/938
f 1551/1564/939 1554/1567/939 1555/1568/939 1552/1565/939
f 1552/1565/940 1555/1568/940 1556/1569/940 1553/1566/940
f 1554/1567/941 1557/1570/941 1558/1571/941 1555/1568/941
f 1555/1568/942 1558/1571/942 1559/1572/942 1556/1569/942
f 1557/1570/943 1560/1573/943 1561/1574/943 1558/1571/943
f 1558/1571/944 1561/1574/944 1562/1575/944 1559/1572/944
f 1560/1573/945 1563/1576/945 1564/1577/945 1561/1574/945
f 1561/1574/946 1564/1577/946 1565/1578/946 1562/1575/946
f 1563/1576/947 1566/1579/947 1567/1580/947 1564/1577/947
f 1564/1577/948 1567/1580/948 1568/1581/948 1565/1578/948
o Leaf_053
v -0.140058 0.679391 -0.070704
v -0.003929 0.670000 0.009312
v 0.132201 0.660609 0.089328
v -0.124829 0.758595 -0.052998
v -0.016157 0.739696 0.038295
v 0.117551 0.741873 0.089471
v -0.111995 0.835780 -0.031453
v -0.027974 0.809738 0.066621
v 0.100504 0.821120 0.093453
v -0.099577 0.912617 -0.009242
v -0.036133 0.882860 0.089083
v 0.083043 0.900018 0.098101
v -0.088765 0.988102 0.015541
v -0.041281 0.958515 0.106722
v 0.063976 0.977564 0.105321
v -0.081012 1.061011 0.045228
v -0.045092 1.035297 0.122217
v 0.041849 1.052535 0.117445
v -0.077104 1.130683 0.081076
v -0.049237 1.111797 0.138247
v 0.015878 1.124268 0.135730
v -0.077349 1.196859 0.123578
v -0.055389 1.186608 0.157494
v -0.014246 1.192506 0.160669
v -0.081831 1.259468 0.172872
v -0.065220 1.258322 0.182636
v -0.048608 1.257176 0.192400
vn 0.5754 0.2341 -0.7836
vn 0.4293 0.2442 -0.8695
vn 0.7093 0.2218 -0.6691
vn 0.2639 0.2525 -0.9309
vn 0.8106 0.1459 -0.5672
vn 0.1187 0.1937 -0.9739
vn 0.8721 0.1017 -0.4787
vn 0.0075 0.1613 -0.9869
vn 0.9041 0.1015 -0.4150
vn -0.0633 0.1682 -0.9837
vn 0.9115 0.1389 -0.3872
vn -0.0873 0.2078 -0.9743
vn 0.8837 0.2209 -0.4127
vn -0.0433 0.2848 -0.9576
vn 0.7394 0.3849 -0.5524
vn 0.1645 0.4246 -0.8903
vt -0.000000 -0.000000
vt 0.054873 0.125000
vt 0.500000 0.125000
vt 0.500000 0.000000
vt 0.945127 0.125000
vt 1.000000 0.000000
vt 0.109747 0.250000
vt 0.500000 0.250000
vt 0.890253 0.250000
vt 0.164620 0.375000
vt 0.500000 0.375000
vt 0.835380 0.375000
vt 0.219494 0.500000
vt 0.500000 0.500000
vt 0.780506 0.500000
vt 0.274367 0.625000
vt 0.500000 0.625000
vt 0.725633 0.625000
vt 0.329240 0.750000
vt 0.500000 0.750000
vt 0.670760 0.750000
vt 0.384114 0.875000
vt 0.500000 0.875000
vt 0.615886 0.875000
vt 0.438987 1.000000
vt 0.500000 1.000000
vt 0.561013 1.000000
s 0
usemtl LeafMat
f 1569/1582/949 1572/1583/949 1573/1584/949 1570/1585/949
f 1570/1585/950 1573/1584/950 1574/1586/950 1571/1587/950
f 1572/1583/951 1575/1588/951 1576/1589/951 1573/1584/951
f 1573/1584/952 1576/1589/952 1577/1590/952 1574/1586/952
f 1575/1588/953 1578/1591/953 1579/1592/953 1576/1589/953
f 1576/1589/954 1579/1592/954 1580/1593/954 1577/1590/954
f 1578/1591/955 1581/1594/955 1582/1595/955 1579/1592/955
f 1579/1592/956 1582/1595/956 1583/1596/956 1580/1593/956
f 1581/1594/957 1584/1597/957 1585/1598/957 1582/1595/957
f 1582/1595/958 1585/1598/958 1586/1599/958 1583/1596/958
f 1584/1597/959 1587/1600/959 1588/1601/959 1585/1598/959
f 1585/1598/960 1588/1601/960 1589/1602/960 1586/1599/960
f 1587/1600/961 1590/1603/961 1591/1604/961 1588/1601/961
f 1588/1601/962 1591/1604/962 1592/1605/962 1589/1602/962
f 1590/1603/963 1593/1606/963 1594/1607/963 1591/1604/963
f 1591/1604/964 1594/1607/964 1595/1608/964 1592/1605/964
o Leaf_054
v -0.150206 0.675631 0.050967
v 0.006026 0.670000 0.027619
v 0.162258 0.664369 0.004272
v -0.128366 0.765224 0.056493
v 0.014463 0.743754 0.066283
v 0.149351 0.755214 0.014991
v -0.105722 0.851477 0.068214
v 0.022814 0.817860 0.104293
v 0.137248 0.842719 0.031904
v -0.082544 0.935519 0.084037
v 0.030407 0.895114 0.136466
v 0.125679 0.928014 0.052920
v -0.058526 1.016078 0.106319
v 0.037375 0.974956 0.163837
v 0.114950 1.009825 0.080395
v -0.033391 1.092004 0.137197
v 0.044066 1.055948 0.189073
v 0.105338 1.087003 0.116465
v -0.007073 1.163024 0.177173
v 0.050826 1.136653 0.214843
v 0.096909 1.159276 0.161634
v 0.020342 1.229496 0.225586
v 0.058002 1.215632 0.243815
v 0.089577 1.227001 0.215240
v 0.048697 1.292069 0.281232
v 0.065941 1.291448 0.278655
v 0.083185 1.290826 0.276078
vn -0.0197 0.2645 -0.9642
vn -0.2441 0.2726 -0.9307
vn 0.2108 0.2521 -0.9444
vn -0.4591 0.2763 -0.8443
vn 0.3894 0.1937 -0.9005
vn -0.6207 0.2301 -0.7495
vn 0.5088 0.1634 -0.8453
vn -0.7206 0.2077 -0.6616
vn 0.5785 0.1681 -0.7982
vn -0.7730 0.2168 -0.5962
vn 0.6036 0.2026 -0.7711
vn -0.7866 0.2527 -0.5634
vn 0.5693 0.2765 -0.7742
vn -0.7496 0.3241 -0.5771
vn 0.3522 0.4457 -0.8230
vn -0.5448 0.4781 -0.6889
vt 0.000000 -0.000000
vt 0.055602 0.125000
vt 0.500000 0.125000
vt 0.500000 0.000000
vt 0.944398 0.125000
vt 1.000000 0.000000
vt 0.111203 0.250000
vt 0.500000 0.250000
vt 0.888797 0.250000
vt 0.166805 0.375000
vt 0.500000 0.375000
vt 0.833195 0.375000
vt 0.222406 0.500000
vt 0.500000 0.500000
vt 0.777594 0.500000
vt 0.278008 0.625000
vt 0.500000 0.625000
vt 0.721992 0.625000
vt 0.333609 0.750000
vt 0.500000 0.750000
vt 0.666391 0.750000
vt 0.389211 0.875000
vt 0.500000 0.875000
vt 0.610789 0.875000
vt 0.444812 1.000000
vt 0.500000 1.000000
vt 0.555187 1.000000
s 0
usemtl LeafMat
f 1596/1609/965 1599/1610/965 1600/1611/965 1597/1612/965
f 1597/1612/966 1600/1611/966 1601/1613/966 1598/1614/966
f 1599/1610/967 1602/1615/967 1603/1616/967 1600/1611/967
f 1600/1611/968 1603/1616/968 1604/1617/968 1601/1613/968
f 1602/1615/969 1605/1618/969 1606/1619/969 1603/1616/969
f 1603/1616/970 1606/1619/970 1607/1620/970 1604/1617/970
f 1605/1618/971 1608/1621/971 1609/1622/971 1606/1619/971
f 1606/1619/972 1609/1622/972 1610/1623/972 1607/1620/972
f 1608/1621/973 1611/1624/973 1612/1625/973 1609/1622/973
f 1609/1622/974 1612/1625/974 1613/1626/974 1610/1623/974
f 1611/1624/975 1614/1627/975 1615/1628/975 1612/1625/975
f 1612/1625/976 1615/1628/976 1616/1629/976 1613/1626/976
f 1614/1627/977 1617/1630/977 1618/1631/977 1615/1628/977
f 1615/1628/978 1618/1631/978 1619/1632/978 1616/1629/978
f 1617/1630/979 1620/1633/979 1621/1634/979 1618/1631/979
f 1618/1631/980 1621/1634/980 1622/1635/980 1619/1632/980
o Leaf_055
v -0.045700 0.677472 0.103086
v 0.020416 0.670000 0.011398
v 0.086532 0.662528 -0.080291
v -0.017544 0.761542 0.100902
v 0.057166 0.743426 0.031914
v 0.099917 0.748267 -0.061991
v 0.013807 0.843317 0.101208
v 0.093528 0.817130 0.052127
v 0.116496 0.831711 -0.041199
v 0.046899 0.923842 0.102871
v 0.126430 0.893320 0.069643
v 0.134816 0.913905 -0.019051
v 0.083036 1.002179 0.106908
v 0.156485 0.971555 0.084940
v 0.156181 0.993912 0.005471
v 0.123521 1.077392 0.114336
v 0.185274 1.050699 0.099250
v 0.181895 1.070794 0.033384
v 0.168805 1.149158 0.125505
v 0.214381 1.129616 0.113807
v 0.212407 1.144231 0.065038
v 0.218725 1.217594 0.140288
v 0.245384 1.207169 0.129843
v 0.247556 1.214336 0.100307
v 0.272838 1.283018 0.158340
v 0.279868 1.282223 0.148592
v 0.286897 1.281429 0.138844
vn -0.6748 0.3535 -0.6478
vn -0.7999 0.3676 -0.4744
vn -0.5126 0.3280 -0.7935
vn -0.8878 0.3704 -0.2732
vn -0.3671 0.2638 -0.8920
vn -0.9394 0.3284 -0.0984
vn -0.2510 0.2224 -0.9421
vn -0.9529 0.3018 0.0313
vn -0.1732 0.2131 -0.9616
vn -0.9472 0.3006 0.1118
vn -0.1397 0.2332 -0.9623
vn -0.9357 0.3232 0.1416
vn -0.1676 0.2917 -0.9417
vn -0.9206 0.3768 0.1025
vn -0.3504 0.4379 -0.8279
vn -0.8601 0.4955 -0.1211
vt -0.000000 -0.000000
vt 0.055855 0.125000
vt 0.500000 0.125000
vt 0.500000 0.000000
vt 0.944145 0.125000
vt 1.000000 0.000000
vt 0.111710 0.250000
vt 0.500000 0.250000
vt 0.888290 0.250000
vt 0.167565 0.375000
vt 0.500000 0.375000
vt 0.832435 0.375000
vt 0.223421 0.500000
vt 0.500000 0.500000
vt 0.776579 0.500000
vt 0.279276 0.625000
vt 0.500000 0.625000
vt 0.720724 0.625000
vt 0.335131 0.750000
vt 0.500000 0.750000
vt 0.664869 0.750000
vt 0.390986 0.875000
vt 0.500000 0.875000
vt 0.609014 0.875000
vt 0.446841 1.000000
vt 0.500000 1.000000
vt 0.553159 1.000000
s 0
usemtl LeafMat
f 1623/1636/981 1626/1637/981 1627/1638/981 1624/1639/981
f 1624/1639/982 1627/1638/982 1628/1640/982 1625/1641/982
f 1626/1637/983 1629/1642/983 1630/1643/983 1627/1638/983
f 1627/1638/984 1630/1643/984 1631/1644/984 1628/1640/984
f 1629/1642/985 1632/1645/985 1633/1646/985 1630/1643/985
f 1630/1643/986 1633/1646/986 1634/1647/986 1631/1644/986
f 1632/1645/987 1635/1648/987 1636/1649/987 1633/1646/987
f 1633/1646/988 1636/1649/988 1637/1650/988 1634/1647/988
f 1635/1648/989 1638/1651/989 1639/1652/989 1636/1649/989
f 1636/1649/990 1639/1652/990 1640/1653/990 1637/1650/990
f 1638/1651/991 1641/1654/991 1642/1655/991 1639/1652/991
f 1639/1652/992 1642/1655/992 1643/1656/992 1640/1653/992
f 1641/1654/993 1644/1657/993 1645/1658/993 1642/1655/993
f 1642/1655/994 1645/1658/994 1646/1659/994 1643/1656/994
f 1644/1657/995 1647/1660/995 1648/1661/995 1645/1658/995
f 1645/1658/996 1648/1661/996 1649/1662/996 1646/1659/996
o Leaf_056
v 0.110825 0.669638 0.101978
v 0.044076 0.670000 -0.023145
v -0.022673 0.670362 -0.148269
v 0.109058 0.751441 0.084554
v 0.069446 0.743136 -0.036468
v -0.008989 0.752081 -0.136728
v 0.111231 0.831493 0.065022
v 0.094404 0.816456 -0.049570
v 0.008636 0.832050 -0.127295
v 0.116042 0.910373 0.044080
v 0.115683 0.891410 -0.060704
v 0.028899 0.910846 -0.119273
v 0.124985 0.987418 0.020928
v 0.133935 0.967709 -0.070221
v 0.053293 0.987806 -0.113460
v 0.139402 1.062030 -0.005151
v 0.150843 1.044606 -0.079018
v 0.083162 1.062335 -0.110574
v 0.159600 1.134074 -0.034321
v 0.168086 1.121353 -0.087994
v 0.118811 1.134295 -0.110780
v 0.185142 1.203743 -0.066349
v 0.187347 1.197203 -0.098050
v 0.159805 1.203881 -0.113843
v 0.215250 1.271384 -0.100819
v 0.210308 1.271410 -0.110084
v 0.205365 1.271437 -0.119348
vn -0.8994 0.2128 0.3818
vn -0.8175 0.2123 0.5354
vn -0.9547 0.2131 0.2076
vn -0.7036 0.2117 0.6783
vn -0.9830 0.1770 0.0496
vn -0.5882 0.1749 0.7896
vn -0.9845 0.1587 -0.0745
vn -0.4860 0.1560 0.8599
vn -0.9736 0.1651 -0.1575
vn -0.4111 0.1620 0.8971
vn -0.9617 0.1919 -0.1956
vn -0.3727 0.1887 0.9086
vn -0.9541 0.2433 -0.1744
vn -0.3860 0.2402 0.8907
vn -0.9359 0.3523 0.0065
vn -0.5258 0.3500 0.7753
vt 0.000000 0.000000
vt 0.057872 0.125000
vt 0.500000 0.125000
vt 0.500000 0.000000
vt 0.942128 0.125000
vt 1.000000 -0.000000
vt 0.115744 0.250000
vt 0.500000 0.250000
vt 0.884256 0.250000
vt 0.173617 0.375000
vt 0.500000 0.375000
vt 0.826383 0.375000
vt 0.231489 0.500000
vt 0.500000 0.500000
vt 0.768511 0.500000
vt 0.289361 0.625000
vt 0.500000 0.625000
vt 0.710639 0.625000
vt 0.347233 0.750000
vt 0.500000 0.750000
vt 0.652767 0.750000
vt 0.405106 0.875000
vt 0.500000 0.875000
vt 0.594894 0.875000
vt 0.462978 1.000000
vt 0.500000 1.000000
vt 0.537022 1.000000
s 0
usemtl LeafMat
f 1650/1663/997 1653/1664/997 1654/1665/997 1651/1666/997
f 1651/1666/998 1654/1665/998 1655/1667/998 1652/1668/998
f 1653/1664/999 1656/1669/999 1657/1670/999 1654/1665/999
f 1654/1665/1000 1657/1670/1000 1658/1671/1000 1655/1667/1000
f 1656/1669/1001 1659/1672/1001 1660/1673/1001 1657/1670/1001
f 1657/1670/1002 1660/1673/1002 1661/1674/1002 1658/1671/1002
f 1659/1672/1003 1662/1675/1003 1663/1676/1003 1660/1673/1003
f 1660/1673/1004 1663/1676/1004 1664/1677/1004 1661/1674/1004
f 1662/1675/1005 1665/1678/1005 1666/1679/1005 1663/1676/1005
f 1663/1676/1006 1666/1679/1006 1667/1680/1006 1664/1677/1006
f 1665/1678/1007 1668/1681/1007 1669/1682/1007 1666/1679/1007
f 1666/1679/1008 1669/1682/1008 1670/1683/1008 1667/1680/1008
f 1668/1681/1009 1671/1684/1009 1672/1685/1009 1669/1682/1009
f 1669/1682/1010 1672/1685/1010 1673/1686/1010 1670/1683/1010
f 1671/1684/1011 1674/1687/1011 1675/1688/1011 1672/1685/1011
f 1672/1685/1012 1675/1688/1012 1676/1689/1012 1673/1686/1012
o Leaf_057
v 0.096772 0.668868 -0.073864
v -0.011212 0.670000 -0.037728
v -0.119196 0.671132 -0.001593
v 0.086013 0.749692 -0.066692
v -0.017323 0.743447 -0.058290
v -0.104766 0.751693 -0.002850
v 0.073686 0.829087 -0.064163
v -0.023220 0.817089 -0.078221
v -0.091905 0.830823 -0.008750
v 0.060675 0.907858 -0.063658
v -0.027215 0.892465 -0.092521
v -0.079728 0.909330 -0.016674
v 0.046300 0.985385 -0.067191
v -0.029645 0.969268 -0.102188
v -0.068915 0.986593 -0.028636
v 0.029828 1.061000 -0.076929
v -0.031379 1.046706 -0.109797
v -0.060198 1.061944 -0.046803
v 0.010954 1.134425 -0.093777
v -0.033287 1.123985 -0.117920
v -0.053883 1.135105 -0.072080
v -0.010325 1.205657 -0.117745
v -0.036239 1.200313 -0.129132
v -0.049974 1.206072 -0.104476
v -0.033873 1.274820 -0.148425
v -0.041103 1.274896 -0.146005
v -0.048333 1.274972 -0.143585
vn 0.2026 0.1066 0.9734
vn 0.4261 0.1043 0.8986
vn -0.0379 0.1084 0.9934
vn 0.6302 0.1014 0.7698
vn -0.2344 0.0610 0.9702
vn 0.7722 0.0504 0.6334
vn -0.3694 0.0392 0.9284
vn 0.8544 0.0264 0.5189
vn -0.4514 0.0473 0.8911
vn 0.8976 0.0331 0.4397
vn -0.4881 0.0768 0.8694
vn 0.9144 0.0621 0.4001
vn -0.4712 0.1306 0.8723
vn 0.9036 0.1162 0.4123
vn -0.2896 0.2485 0.9243
vn 0.7922 0.2372 0.5623
vt -0.000000 0.000000
vt 0.058315 0.125000
vt 0.500000 0.125000
vt 0.500000 0.000000
vt 0.941685 0.125000
vt 1.000000 -0.000000
vt 0.116630 0.250000
vt 0.500000 0.250000
vt 0.883370 0.250000
vt 0.174945 0.375000
vt 0.500000 0.375000
vt 0.825055 0.375000
vt 0.233260 0.500000
vt 0.500000 0.500000
vt 0.766740 0.500000
vt 0.291576 0.625000
vt 0.500000 0.625000
vt 0.708425 0.625000
vt 0.349891 0.750000
vt 0.500000 0.750000
vt 0.650109 0.750000
vt 0.408206 0.875000
vt 0.500000 0.875000
vt 0.591794 0.875000
vt 0.466521 1.000000
vt 0.500000 1.000000
vt 0.533479 1.000000
s 0
usemtl LeafMat
f 1677/1690/1013 1680/1691/1013 1681/1692/1013 1678/1693/1013
f 1678/1693/1014 1681/1692/1014 1682/1694/1014 1679/1695/1014
f 1680/1691/1015 1683/1696/1015 1684/1697/1015 1681/1692/1015
f 1681/1692/1016 1684/1697/1016 1685/1698/1016 1682/1694/1016
f 1683/1696/1017 1686/1699/1017 1687/1700/1017 1684/1697/1017
f 1684/1697/1018 1687/1700/1018 1688/1701/1018 1685/1698/1018
f 1686/1699/1019 1689/1702/1019 1690/1703/1019 1687/1700/1019
f 1687/1700/1020 1690/1703/1020 1691/1704/1020 1688/1701/1020
f 1689/1702/1021 1692/1705/1021 1693/1706/1021 1690/1703/1021
f 1690/1703/1022 1693/1706/1022 1694/1707/1022 1691/1704/1022
f 1692/1705/1023 1695/1708/1023 1696/1709/1023 1693/1706/1023
f 1693/1706/1024 1696/1709/1024 1697/1710/1024 1694/1707/1024
f 1695/1708/1025 1698/1711/1025 1699/1712/1025 1696/1709/1025
f 1696/1709/1026 1699/1712/1026 1700/1713/1026 1697/1710/1026
f 1698/1711/1027 1701/1714/1027 1702/1715/1027 1699/1712/1027
f 1699/1712/1028 1702/1715/1028 1703/1716/1028 1700/1713/1028
o Leaf_058
v -0.018458 0.667424 -0.147490
v -0.012282 0.670000 -0.000078
v -0.006106 0.672576 0.147333
v -0.020263 0.743604 -0.131638
v -0.036861 0.737899 -0.000235
v -0.009341 0.748159 0.129041
v -0.026433 0.818204 -0.115576
v -0.060859 0.806008 -0.000419
v -0.016942 0.822162 0.110959
v -0.034598 0.892083 -0.099418
v -0.079672 0.875993 -0.000854
v -0.026537 0.895444 0.092974
v -0.046630 0.964561 -0.083073
v -0.094220 0.947522 -0.001494
v -0.040000 0.967326 0.075175
v -0.064517 1.034921 -0.066446
v -0.106872 1.019737 -0.002226
v -0.059317 1.037090 0.057658
v -0.089063 1.102871 -0.049498
v -0.119998 1.091780 -0.002935
v -0.085294 1.104443 0.040463
v -0.120235 1.168424 -0.032230
v -0.135967 1.162794 -0.003506
v -0.117896 1.169399 0.023587
v -0.157604 1.231733 -0.014663
v -0.157150 1.231922 -0.003827
v -0.156696 1.232111 0.007010
vn 0.9836 0.1759 0.0387
vn 0.9767 0.1730 -0.1270
vn 0.9607 0.1795 0.2118
vn 0.9393 0.1706 -0.2976
vn 0.9229 0.1336 0.3610
vn 0.8893 0.1196 -0.4414
vn 0.8754 0.1103 0.4706
vn 0.8328 0.0925 -0.5457
vn 0.8332 0.1182 0.5402
vn 0.7850 0.0981 -0.6117
vn 0.8075 0.1512 0.5701
vn 0.7568 0.1300 -0.6406
vn 0.8088 0.2121 0.5485
vn 0.7598 0.1917 -0.6212
vn 0.8635 0.3324 0.3792
vn 0.8283 0.3177 -0.4615
vt 0.000000 0.000000
vt 0.057905 0.125000
vt 0.500000 0.125000
vt 0.500000 0.000000
vt 0.942095 0.125000
vt 1.000000 -0.000000
vt 0.115811 0.250000
vt 0.500000 0.250000
vt 0.884189 0.250000
vt 0.173716 0.375000
vt 0.500000 0.375000
vt 0.826284 0.375000
vt 0.231622 0.500000
vt 0.500000 0.500000
vt 0.768378 0.500000
vt 0.289527 0.625000
vt 0.500000 0.625000
vt 0.710473 0.625000
vt 0.347433 0.750000
vt 0.500000 0.750000
vt 0.652567 0.750000
vt 0.405338 0.875000
vt 0.500000 0.875000
vt 0.594662 0.875000
vt 0.463244 1.000000
vt 0.500000 1.000000
vt 0.536756 1.000000
s 0
usemtl LeafMat
f 1704/1717/1029 1707/1718/1029 1708/1719/1029 1705/1720/1029
f 1705/1720/1030 1708/1719/1030 1709/1721/1030 1706/1722/1030
f 1707/1718/1031 1710/1723/1031 1711/1724/1031 1708/1719/1031
f 1708/1719/1032 1711/1724/1032 1712/1725/1032 1709/1721/1032
f 1710/1723/1033 1713/1726/1033 1714/1727/1033 1711/1724/1033
f 1711/1724/1034 1714/1727/1034 1715/1728/1034 1712/1725/1034
f 1713/1726/1035 1716/1729/1035 1717/1730/1035 1714/1727/1035
f 1714/1727/1036 1717/1730/1036 1718/1731/1036 1715/1728/1036
f 1716/1729/1037 1719/1732/1037 1720/1733/1037 1717/1730/1037
f 1717/1730/1038 1720/1733/1038 1721/1734/1038 1718/1731/1038
f 1719/1732/1039 1722/1735/1039 1723/1736/1039 1720/1733/1039
f 1720/1733/1040 1723/1736/1040 1724/1737/1040 1721/1734/1040
f 1722/1735/1041 1725/1738/1041 1726/1739/1041 1723/1736/1041
f 1723/1736/1042 1726/1739/1042 1727/1740/1042 1724/1737/1042
f 1725/1738/1043 1728/1741/1043 1729/1742/1043 1726/1739/1043
f 1726/1739/1044 1729/1742/1044 1730/1743/1044 1727/1740/1044
o Leaf_059
v -0.142004 0.665752 0.012619
v -0.011538 0.670000 0.039124
v 0.118929 0.674248 0.065628
v -0.131399 0.750829 0.021769
v -0.019566 0.746714 0.066346
v 0.100304 0.758373 0.068840
v -0.121588 0.834346 0.035081
v -0.027487 0.823635 0.093013
v 0.080883 0.840938 0.076213
v -0.112138 0.917153 0.050284
v -0.034463 0.902415 0.114723
v 0.061102 0.922793 0.085478
v -0.103392 0.998581 0.069168
v -0.040659 0.982724 0.132355
v 0.040617 1.003270 0.098424
v -0.095710 1.077917 0.093633
v -0.046510 1.063711 0.148175
v 0.019067 1.081654 0.116950
v -0.089242 1.154872 0.124451
v -0.052447 1.144529 0.164447
v -0.003696 1.157657 0.141830
v -0.083982 1.229455 0.161595
v -0.058903 1.224328 0.183439
v -0.027667 1.231288 0.173036
v -0.079853 1.301818 0.204663
v -0.066311 1.302259 0.207414
v -0.052769 1.302700 0.210165
vn 0.2753 0.2067 -0.9389
vn 0.1001 0.2010 -0.9745
vn 0.4477 0.2112 -0.8689
vn -0.0859 0.1939 -0.9773
vn 0.5883 0.1715 -0.7902
vn -0.2432 0.1444 -0.9592
vn 0.6827 0.1507 -0.7150
vn -0.3580 0.1168 -0.9264
vn 0.7354 0.1572 -0.6591
vn -0.4286 0.1193 -0.8956
vn 0.7504 0.1867 -0.6341
vn -0.4539 0.1475 -0.8787
vn 0.7154 0.2437 -0.6549
vn -0.4172 0.2068 -0.8850
vn 0.5325 0.3545 -0.7686
vn -0.2118 0.3303 -0.9198
vt -0.000000 -0.000000
vt 0.056013 0.125000
vt 0.500000 0.125000
vt 0.500000 0.000000
vt 0.943987 0.125000
vt 1.000000 0.000000
vt 0.112025 0.250000
vt 0.500000 0.250000
vt 0.887975 0.250000
vt 0.168038 0.375000
vt 0.500000 0.375000
vt 0.831962 0.375000
vt 0.224051 0.500000
vt 0.500000 0.500000
vt 0.775949 0.500000
vt 0.280063 0.625000
vt 0.500000 0.625000
vt 0.719936 0.625000
vt 0.336076 0.750000
vt 0.500000 0.750000
vt 0.663924 0.750000
vt 0.392089 0.875000
vt 0.500000 0.875000
vt 0.607911 0.875000
vt 0.448102 1.000000
vt 0.500000 1.000000
vt 0.551898 1.000000
s 0
usemtl LeafMat
f 1731/1744/1045 1734/1745/1045 1735/1746/1045 1732/1747/1045
f 1732/1747/1046 1735/1746/1046 1736/1748/1046 1733/1749/1046
f 1734/1745/1047 1737/1750/1047 1738/1751/1047 1735/1746/1047
f 1735/1746/1048 1738/1751/1048 1739/1752/1048 1736/1748/1048
f 1737/1750/1049 1740/1753/1049 1741/1754/1049 1738/1751/1049
f 1738/1751/1050 1741/1754/1050 1742/1755/1050 1739/1752/1050
f 1740/1753/1051 1743/1756/1051 1744/1757/1051 1741/1754/1051
f 1741/1754/1052 1744/1757/1052 1745/1758/1052 1742/1755/1052
f 1743/1756/1053 1746/1759/1053 1747/1760/1053 1744/1757/1053
f 1744/1757/1054 1747/1760/1054 1748/1761/1054 1745/1758/1054
f 1746/1759/1055 1749/1762/1055 1750/1763/1055 1747/1760/1055
f 1747/1760/1056 1750/1763/1056 1751/1764/1056 1748/1761/1056
f 1749/1762/1057 1752/1765/1057 1753/1766/1057 1750/1763/1057
f 1750/1763/1058 1753/1766/1058 1754/1767/1058 1751/1764/1058
f 1752/1765/1059 1755/1768/1059 1756/1769/1059 1753/1766/1059
f 1753/1766/1060 1756/1769/1060 1757/1770/1060 1754/1767/1060
o Leaf_060
v -0.053234 0.666914 0.133529
v 0.024080 0.670000 0.018046
v 0.101394 0.673086 -0.097438
v -0.039380 0.755149 0.126214
v 0.049992 0.747505 0.037465
v 0.097738 0.760622 -0.078598
v -0.021320 0.841286 0.121659
v 0.075443 0.825240 0.056581
v 0.098288 0.846061 -0.056999
v -0.000605 0.926099 0.118846
v 0.096776 0.905030 0.072995
v 0.101493 0.930175 -0.033657
v 0.024396 1.008775 0.118845
v 0.114721 0.986508 0.087187
v 0.108984 1.012151 -0.007503
v 0.055204 1.088554 0.122655
v 0.131160 1.068738 0.100390
v 0.122282 1.091232 0.022461
v 0.092226 1.165235 0.130541
v 0.147975 1.150780 0.113840
v 0.141793 1.167213 0.056502
v 0.135073 1.239010 0.142251
v 0.167050 1.231696 0.128773
v 0.167131 1.240289 0.094366
v 0.182991 1.310256 0.157287
v 0.190264 1.310546 0.146422
v 0.197538 1.310837 0.135557
vn -0.7523 0.2257 -0.6190
vn -0.8645 0.2212 -0.4514
vn -0.6029 0.2280 -0.7646
vn -0.9421 0.2145 -0.2579
vn -0.4596 0.1891 -0.8677
vn -0.9818 0.1683 -0.0878
vn -0.3425 0.1695 -0.9241
vn -0.9888 0.1437 0.0413
vn -0.2630 0.1763 -0.9486
vn -0.9812 0.1476 0.1242
vn -0.2281 0.2053 -0.9517
vn -0.9716 0.1756 0.1587
vn -0.2550 0.2624 -0.9306
vn -0.9638 0.2341 0.1279
vn -0.4361 0.3839 -0.8139
vn -0.9279 0.3643 -0.0793
vt 0.000000 -0.000000
vt 0.056620 0.125000
vt 0.500000 0.125000
vt 0.500000 0.000000
vt 0.943380 0.125000
vt 1.000000 0.000000
vt 0.113240 0.250000
vt 0.500000 0.250000
vt 0.886760 0.250000
vt 0.169860 0.375000
vt 0.500000 0.375000
vt 0.830140 0.375000
vt 0.226480 0.500000
vt 0.500000 0.500000
vt 0.773520 0.500000
vt 0.283100 0.625000
vt 0.500000 0.625000
vt 0.716900 0.625000
vt 0.339720 0.750000
vt 0.500000 0.750000
vt 0.660280 0.750000
vt 0.396340 0.875000
vt 0.500000 0.875000
vt 0.603661 0.875000
vt 0.452959 1.000000
vt 0.500000 1.000000
vt 0.547041 1.000000
s 0
usemtl LeafMat
f 1758/1771/1061 1761/1772/1061 1762/1773/1061 1759/1774/1061
f 1759/1774/1062 1762/1773/1062 1763/1775/1062 1760/1776/1062
f 1761/1772/1063 1764/1777/1063 1765/1778/1063 1762/1773/1063
f 1762/1773/1064 1765/1778/1064 1766/1779/1064 1763/1775/1064
f 1764/1777/1065 1767/1780/1065 1768/1781/1065 1765/1778/1065
f 1765/1778/1066 1768/1781/1066 1769/1782/1066 1766/1779/1066
f 1767/1780/1067 1770/1783/1067 1771/1784/1067 1768/1781/1067
f 1768/1781/1068 1771/1784/1068 1772/1785/1068 1769/1782/1068
f 1770/1783/1069 1773/1786/1069 1774/1787/1069 1771/1784/1069
f 1771/1784/1070 1774/1787/1070 1775/1788/1070 1772/1785/1070
f 1773/1786/1071 1776/1789/1071 1777/1790/1071 1774/1787/1071
f 1774/1787/1072 1777/1790/1072 1778/1791/1072 1775/1788/1072
f 1776/1789/1073 1779/1792/1073 1780/1793/1073 1777/1790/1073
f 1777/1790/1074 1780/1793/1074 1781/1794/1074 1778/1791/1074
f 1779/1792/1075 1782/1795/1075 1783/1796/1075 1780/1793/1075
f 1780/1793/1076 1783/1796/1076 1784/1797/1076 1781/1794/1076
