# Blender 5.1.1
# www.blender.org
mtllib jade.mtl
o Pot
v 0.500000 0.000000 0.000000
v 0.353553 0.000000 -0.353553
v 0.000000 0.000000 -0.500000
v -0.353553 0.000000 -0.353553
v -0.500000 0.000000 -0.000000
v -0.353553 0.000000 0.353553
v -0.000000 0.000000 0.500000
v 0.353553 0.000000 0.353553
v 0.580000 0.100000 0.000000
v 0.410122 0.100000 -0.410122
v 0.000000 0.100000 -0.580000
v -0.410122 0.100000 -0.410122
v -0.580000 0.100000 -0.000000
v -0.410122 0.100000 0.410122
v -0.000000 0.100000 0.580000
v 0.410122 0.100000 0.410122
v 0.660000 0.400000 0.000000
v 0.466690 0.400000 -0.466690
v 0.000000 0.400000 -0.660000
v -0.466690 0.400000 -0.466690
v -0.660000 0.400000 -0.000000
v -0.466690 0.400000 0.466690
v -0.000000 0.400000 0.660000
v 0.466690 0.400000 0.466690
v 0.720000 0.750000 0.000000
v 0.509117 0.750000 -0.509117
v 0.000000 0.750000 -0.720000
v -0.509117 0.750000 -0.509117
v -0.720000 0.750000 -0.000000
v -0.509117 0.750000 0.509117
v -0.000000 0.750000 0.720000
v 0.509117 0.750000 0.509117
v 0.740000 1.000000 0.000000
v 0.523259 1.000000 -0.523259
v 0.000000 1.000000 -0.740000
v -0.523259 1.000000 -0.523259
v -0.740000 1.000000 -0.000000
v -0.523259 1.000000 0.523259
v -0.000000 1.000000 0.740000
v 0.523259 1.000000 0.523259
v 0.720000 1.100000 0.000000
v 0.509117 1.100000 -0.509117
v 0.000000 1.100000 -0.720000
v -0.509117 1.100000 -0.509117
v -0.720000 1.100000 -0.000000
v -0.509117 1.100000 0.509117
v -0.000000 1.100000 0.720000
v 0.509117 1.100000 0.509117
v 0.660000 1.100000 0.000000
v 0.466690 1.100000 -0.466690
v 0.000000 1.100000 -0.660000
v -0.466690 1.100000 -0.466690
v -0.660000 1.100000 -0.000000
v -0.466690 1.100000 0.466690
v -0.000000 1.100000 0.660000
v 0.466690 1.100000 0.466690
v 0.620000 1.050000 0.000000
v 0.438406 1.050000 -0.438406
v 0.000000 1.050000 -0.620000
v -0.438406 1.050000 -0.438406
v -0.620000 1.050000 -0.000000
v -0.438406 1.050000 0.438406
v -0.000000 1.050000 0.620000
v 0.438406 1.050000 0.438406
v 0.540000 0.700000 0.000000
v 0.381838 0.700000 -0.381838
v 0.000000 0.700000 -0.540000
v -0.381838 0.700000 -0.381838
v -0.540000 0.700000 -0.000000
v -0.381838 0.700000 0.381838
v -0.000000 0.700000 0.540000
v 0.381838 0.700000 0.381838
v 0.440000 0.300000 0.000000
v 0.311127 0.300000 -0.311127
v 0.000000 0.300000 -0.440000
v -0.311127 0.300000 -0.311127
v -0.440000 0.300000 -0.000000
v -0.311127 0.300000 0.311127
v -0.000000 0.300000 0.440000
v 0.311127 0.300000 0.311127
v 0.400000 0.150000 0.000000
v 0.282843 0.150000 -0.282843
v 0.000000 0.150000 -0.400000
v -0.282843 0.150000 -0.282843
v -0.400000 0.150000 -0.000000
v -0.282843 0.150000 0.282843
v -0.000000 0.150000 0.400000
v 0.282843 0.150000 0.282843
v 0.400000 0.080000 0.000000
v 0.282843 0.080000 -0.282843
v 0.000000 0.080000 -0.400000
v -0.282843 0.080000 -0.282843
v -0.400000 0.080000 -0.000000
v -0.282843 0.080000 0.282843
v -0.000000 0.080000 0.400000
v 0.282843 0.080000 0.282843
vn 0.7430 -0.5944 -0.3077
vn 0.3077 -0.5944 -0.7430
vn -0.3077 -0.5944 -0.7430
vn -0.7430 -0.5944 -0.3077
vn -0.7430 -0.5944 0.3077
vn -0.3077 -0.5944 0.7430
vn 0.3077 -0.5944 0.7430
vn 0.7430 -0.5944 0.3077
vn 0.8971 -0.2392 -0.3716
vn 0.3716 -0.2392 -0.8971
vn -0.3716 -0.2392 -0.8971
vn -0.8971 -0.2392 -0.3716
vn -0.8971 -0.2392 0.3716
vn -0.3716 -0.2392 0.8971
vn 0.3716 -0.2392 0.8971
vn 0.8971 -0.2392 0.3716
vn 0.9125 -0.1564 -0.3780
vn 0.3780 -0.1564 -0.9125
vn -0.3780 -0.1564 -0.9125
vn -0.9125 -0.1564 -0.3780
vn -0.9125 -0.1564 0.3780
vn -0.3780 -0.1564 0.9125
vn 0.3780 -0.1564 0.9125
vn 0.9125 -0.1564 0.3780
vn 0.9214 -0.0737 -0.3816
vn 0.3816 -0.0737 -0.9214
vn -0.3816 -0.0737 -0.9214
vn -0.9214 -0.0737 -0.3816
vn -0.9214 -0.0737 0.3816
vn -0.3816 -0.0737 0.9214
vn 0.3816 -0.0737 0.9214
vn 0.9214 -0.0737 0.3816
vn 0.9085 0.1817 -0.3763
vn 0.3763 0.1817 -0.9085
vn -0.3763 0.1817 -0.9085
vn -0.9085 0.1817 -0.3763
vn -0.9085 0.1817 0.3763
vn -0.3763 0.1817 0.9085
vn 0.3763 0.1817 0.9085
vn 0.9085 0.1817 0.3763
vn -0.0000 -1.0000 -0.0000
vn -0.0000 1.0000 -0.0000
vn -0.7430 0.5944 0.3077
vn -0.3077 0.5944 0.7430
vn 0.3077 0.5944 0.7430
vn 0.7430 0.5944 0.3077
vn 0.7430 0.5944 -0.3077
vn 0.3077 0.5944 -0.7430
vn -0.3077 0.5944 -0.7430
vn -0.7430 0.5944 -0.3077
vn -0.9039 0.2066 0.3744
vn -0.3744 0.2066 0.9039
vn 0.3744 0.2066 0.9039
vn 0.9039 0.2066 0.3744
vn 0.9039 0.2066 -0.3744
vn 0.3744 0.2066 -0.9039
vn -0.3744 0.2066 -0.9039
vn -0.9039 0.2066 -0.3744
vn -0.9002 0.2250 0.3729
vn -0.3729 0.2250 0.9002
vn 0.3729 0.2250 0.9002
vn 0.9002 0.2250 0.3729
vn 0.9002 0.2250 -0.3729
vn 0.3729 0.2250 -0.9002
vn -0.3729 0.2250 -0.9002
vn -0.9002 0.2250 -0.3729
vn -0.8971 0.2392 0.3716
vn -0.3716 0.2392 0.8971
vn 0.3716 0.2392 0.8971
vn 0.8971 0.2392 0.3716
vn 0.8971 0.2392 -0.3716
vn 0.3716 0.2392 -0.8971
vn -0.3716 0.2392 -0.8971
vn -0.8971 0.2392 -0.3716
vn -0.9239 -0.0000 0.3827
vn -0.3827 -0.0000 0.9239
vn 0.3827 -0.0000 0.9239
vn 0.9239 -0.0000 0.3827
vn 0.9239 -0.0000 -0.3827
vn 0.3827 -0.0000 -0.9239
vn -0.3827 -0.0000 -0.9239
vn -0.9239 -0.0000 -0.3827
vt 0.000000 0.000000
vt 0.883883 0.000000
vt 1.025305 0.250000
vt 0.000000 0.250000
vt 0.000000 0.000000
vt 0.000000 0.250000
vt -0.883883 0.000000
vt -1.025305 0.250000
vt 0.000000 0.000000
vt 0.000000 0.250000
vt -0.000000 0.000000
vt -0.000000 0.250000
vt 1.166726 1.000000
vt 0.000000 1.000000
vt 0.000000 1.000000
vt -1.166726 1.000000
vt 0.000000 1.000000
vt -0.000000 1.000000
vt 1.272792 1.875000
vt 0.000000 1.875000
vt 0.000000 1.875000
vt -1.272792 1.875000
vt 0.000000 1.875000
vt -0.000000 1.875000
vt 1.308148 2.500000
vt 0.000000 2.500000
vt 0.000000 2.500000
vt -1.308148 2.500000
vt 0.000000 2.500000
vt -0.000000 2.500000
vt 1.272792 2.750000
vt 0.000000 2.750000
vt 0.000000 2.750000
vt -1.272792 2.750000
vt 0.000000 2.750000
vt -0.000000 2.750000
vt 0.883883 -0.883883
vt -0.000000 -1.250000
vt -0.883883 -0.883883
vt -1.250000 0.000000
vt -0.883883 0.883883
vt 0.000000 1.250000
vt 0.883883 0.883883
vt 1.250000 0.000000
vt 1.800000 0.000000
vt 1.272792 1.272792
vt 1.166726 1.166726
vt 1.650000 0.000000
vt 0.000000 1.800000
vt 0.000000 1.650000
vt -1.272792 1.272792
vt -1.166726 1.166726
vt -1.800000 0.000000
vt -1.650000 0.000000
vt -1.272792 -1.272792
vt -1.166726 -1.166726
vt -0.000000 -1.800000
vt -0.000000 -1.650000
vt 1.272792 -1.272792
vt 1.166726 -1.166726
vt 1.166726 2.750000
vt 1.096015 2.625000
vt 0.000000 2.625000
vt 0.000000 2.750000
vt 0.000000 2.625000
vt -1.166726 2.750000
vt -1.096015 2.625000
vt 0.000000 2.750000
vt 0.000000 2.625000
vt -0.000000 2.750000
vt -0.000000 2.625000
vt 0.954594 1.750000
vt 0.000000 1.750000
vt 0.000000 1.750000
vt -0.954594 1.750000
vt 0.000000 1.750000
vt -0.000000 1.750000
vt 0.777817 0.750000
vt 0.000000 0.750000
vt 0.000000 0.750000
vt -0.777817 0.750000
vt 0.000000 0.750000
vt -0.000000 0.750000
vt 0.707107 0.375000
vt 0.000000 0.375000
vt 0.000000 0.375000
vt -0.707107 0.375000
vt 0.000000 0.375000
vt -0.000000 0.375000
vt 0.707107 0.200000
vt 0.000000 0.200000
vt 0.000000 0.200000
vt -0.707107 0.200000
vt 0.000000 0.200000
vt -0.000000 0.200000
vt 1.000000 0.000000
vt 0.707107 0.707107
vt 0.000000 1.000000
vt -0.707107 0.707107
vt -1.000000 0.000000
vt -0.707107 -0.707107
vt -0.000000 -1.000000
vt 0.707107 -0.707107
s 0
usemtl PotMat
f 1/1/1 2/2/1 10/3/1 9/4/1
f 2/2/2 3/5/2 11/6/2 10/3/2
f 3/5/3 4/7/3 12/8/3 11/6/3
f 4/2/4 5/9/4 13/10/4 12/3/4
f 5/9/5 6/7/5 14/8/5 13/10/5
f 6/7/6 7/11/6 15/12/6 14/8/6
f 7/11/7 8/2/7 16/3/7 15/12/7
f 8/7/8 1/1/8 9/4/8 16/8/8
f 9/4/9 10/3/9 18/13/9 17/14/9
f 10/3/10 11/6/10 19/15/10 18/13/10
f 11/6/11 12/8/11 20/16/11 19/15/11
f 12/3/12 13/10/12 21/17/12 20/13/12
f 13/10/13 14/8/13 22/16/13 21/17/13
f 14/8/14 15/12/14 23/18/14 22/16/14
f 15/12/15 16/3/15 24/13/15 23/18/15
f 16/8/16 9/4/16 17/14/16 24/16/16
f 17/14/17 18/13/17 26/19/17 25/20/17
f 18/13/18 19/15/18 27/21/18 26/19/18
f 19/15/19 20/16/19 28/22/19 27/21/19
f 20/13/20 21/17/20 29/23/20 28/19/20
f 21/17/21 22/16/21 30/22/21 29/23/21
f 22/16/22 23/18/22 31/24/22 30/22/22
f 23/18/23 24/13/23 32/19/23 31/24/23
f 24/16/24 17/14/24 25/20/24 32/22/24
f 25/20/25 26/19/25 34/25/25 33/26/25
f 26/19/26 27/21/26 35/27/26 34/25/26
f 27/21/27 28/22/27 36/28/27 35/27/27
f 28/19/28 29/23/28 37/29/28 36/25/28
f 29/23/29 30/22/29 38/28/29 37/29/29
f 30/22/30 31/24/30 39/30/30 38/28/30
f 31/24/31 32/19/31 40/25/31 39/30/31
f 32/22/32 25/20/32 33/26/32 40/28/32
f 33/26/33 34/25/33 42/31/33 41/32/33
f 34/25/34 35/27/34 43/33/34 42/31/34
f 35/27/35 36/28/35 44/34/35 43/33/35
f 36/25/36 37/29/36 45/35/36 44/31/36
f 37/29/37 38/28/37 46/34/37 45/35/37
f 38/28/38 39/30/38 47/36/38 46/34/38
f 39/30/39 40/25/39 48/31/39 47/36/39
f 40/28/40 33/26/40 41/32/40 48/34/40
f 8/37/41 7/38/41 6/39/41 5/40/41 4/41/41 3/42/41 2/43/41 1/44/41
f 41/45/42 42/46/42 50/47/42 49/48/42
f 42/46/42 43/49/42 51/50/42 50/47/42
f 43/49/42 44/51/42 52/52/42 51/50/42
f 44/51/42 45/53/42 53/54/42 52/52/42
f 45/53/42 46/55/42 54/56/42 53/54/42
f 46/55/42 47/57/42 55/58/42 54/56/42
f 47/57/42 48/59/42 56/60/42 55/58/42
f 48/59/42 41/45/42 49/48/42 56/60/42
f 50/61/43 58/62/43 57/63/43 49/32/43
f 51/64/44 59/65/44 58/62/44 50/61/44
f 52/66/45 60/67/45 59/65/45 51/64/45
f 53/68/46 61/69/46 60/62/46 52/61/46
f 54/66/47 62/67/47 61/69/47 53/68/47
f 55/70/48 63/71/48 62/67/48 54/66/48
f 56/61/49 64/62/49 63/71/49 55/70/49
f 49/32/50 57/63/50 64/67/50 56/66/50
f 58/62/51 66/72/51 65/73/51 57/63/51
f 59/65/52 67/74/52 66/72/52 58/62/52
f 60/67/53 68/75/53 67/74/53 59/65/53
f 61/69/54 69/76/54 68/72/54 60/62/54
f 62/67/55 70/75/55 69/76/55 61/69/55
f 63/71/56 71/77/56 70/75/56 62/67/56
f 64/62/57 72/72/57 71/77/57 63/71/57
f 57/63/58 65/73/58 72/75/58 64/67/58
f 66/72/59 74/78/59 73/79/59 65/73/59
f 67/74/60 75/80/60 74/78/60 66/72/60
f 68/75/61 76/81/61 75/80/61 67/74/61
f 69/76/62 77/82/62 76/78/62 68/72/62
f 70/75/63 78/81/63 77/82/63 69/76/63
f 71/77/64 79/83/64 78/81/64 70/75/64
f 72/72/65 80/78/65 79/83/65 71/77/65
f 65/73/66 73/79/66 80/81/66 72/75/66
f 74/78/67 82/84/67 81/85/67 73/79/67
f 75/80/68 83/86/68 82/84/68 74/78/68
f 76/81/69 84/87/69 83/86/69 75/80/69
f 77/82/70 85/88/70 84/84/70 76/78/70
f 78/81/71 86/87/71 85/88/71 77/82/71
f 79/83/72 87/89/72 86/87/72 78/81/72
f 80/78/73 88/84/73 87/89/73 79/83/73
f 73/79/74 81/85/74 88/87/74 80/81/74
f 82/84/75 90/90/75 89/91/75 81/85/75
f 83/86/76 91/92/76 90/90/76 82/84/76
f 84/87/77 92/93/77 91/92/77 83/86/77
f 85/88/78 93/94/78 92/90/78 84/84/78
f 86/87/79 94/93/79 93/94/79 85/88/79
f 87/89/80 95/95/80 94/93/80 86/87/80
f 88/84/81 96/90/81 95/95/81 87/89/81
f 81/85/82 89/91/82 96/93/82 88/87/82
f 89/96/42 90/97/42 91/98/42 92/99/42 93/100/42 94/101/42 95/102/42 96/103/42
o Soil
v 0.000000 1.060000 0.000000
v 0.320000 1.055000 0.000000
v 0.226274 1.045000 -0.226274
v 0.000000 1.055000 -0.320000
v -0.226274 1.045000 -0.226274
v -0.320000 1.055000 -0.000000
v -0.226274 1.045000 0.226274
v -0.000000 1.055000 0.320000
v 0.226274 1.045000 0.226274
v 0.572805 1.040000 -0.237264
v 0.237264 1.040000 -0.572805
v -0.237264 1.040000 -0.572805
v -0.572805 1.040000 -0.237264
v -0.572805 1.040000 0.237264
v -0.237264 1.040000 0.572805
v 0.237264 1.040000 0.572805
v 0.572805 1.040000 0.237264
vn 0.0156 0.9986 -0.0506
vn 0.0506 0.9986 -0.0156
vn -0.0506 0.9986 -0.0156
vn -0.0156 0.9986 -0.0506
vn -0.0156 0.9986 0.0506
vn -0.0506 0.9986 0.0156
vn 0.0506 0.9986 0.0156
vn 0.0156 0.9986 0.0506
vn 0.0135 0.9995 -0.0281
vn 0.0197 0.9990 -0.0408
vn -0.0281 0.9995 -0.0135
vn -0.0408 0.9990 -0.0197
vn -0.0135 0.9995 0.0281
vn -0.0197 0.9990 0.0408
vn 0.0281 0.9995 0.0135
vn 0.0408 0.9990 0.0197
vt 0.000000 0.000000
vt 1.280000 0.000000
vt 0.905097 0.905097
vt 0.000000 1.280000
vt -0.905097 0.905097
vt -1.280000 0.000000
vt -0.905097 -0.905097
vt -0.000000 -1.280000
vt 0.905097 -0.905097
vt 2.291221 0.949055
vt 0.949055 2.291221
vt -0.949055 2.291221
vt -2.291221 0.949055
vt -2.291221 -0.949055
vt -0.949055 -2.291221
vt 0.949055 -2.291221
vt 2.291221 -0.949055
s 0
usemtl SoilMat
f 97/104/83 98/105/83 99/106/83
f 97/104/84 99/106/84 100/107/84
f 97/104/85 100/107/85 101/108/85
f 97/104/86 101/108/86 102/109/86
f 97/104/87 102/109/87 103/110/87
f 97/104/88 103/110/88 104/111/88
f 97/104/89 104/111/89 105/112/89
f 97/104/90 105/112/90 98/105/90
f 98/105/91 106/113/91 107/114/91 99/106/91
f 99/106/92 107/114/92 108/115/92 100/107/92
f 100/107/93 108/115/93 109/116/93 101/108/93
f 101/108/94 109/116/94 110/117/94 102/109/94
f 102/109/95 110/117/95 111/118/95 103/110/95
f 103/110/96 111/118/96 112/119/96 104/111/96
f 104/111/97 112/119/97 113/120/97 105/112/97
f 105/112/98 113/120/98 106/113/98 98/105/98
o Saucer
v 0.780000 -0.060000 0.000000
v 0.551543 -0.060000 -0.551543
v 0.000000 -0.060000 -0.780000
v -0.551543 -0.060000 -0.551543
v -0.780000 -0.060000 -0.000000
v -0.551543 -0.060000 0.551543
v -0.000000 -0.060000 0.780000
v 0.551543 -0.060000 0.551543
v 0.820000 -0.020000 0.000000
v 0.579828 -0.020000 -0.579828
v 0.000000 -0.020000 -0.820000
v -0.579828 -0.020000 -0.579828
v -0.820000 -0.020000 -0.000000
v -0.579828 -0.020000 0.579828
v -0.000000 -0.020000 0.820000
v 0.579828 -0.020000 0.579828
v 0.780000 0.040000 0.000000
v 0.551543 0.040000 -0.551543
v 0.000000 0.040000 -0.780000
v -0.551543 0.040000 -0.551543
v -0.780000 0.040000 -0.000000
v -0.551543 0.040000 0.551543
v -0.000000 0.040000 0.780000
v 0.551543 0.040000 0.551543
vn 0.6786 -0.6786 -0.2811
vn 0.2811 -0.6786 -0.6786
vn -0.2811 -0.6786 -0.6786
vn -0.6786 -0.6786 -0.2811
vn -0.6786 -0.6786 0.2811
vn -0.2811 -0.6786 0.6786
vn 0.2811 -0.6786 0.6786
vn 0.6786 -0.6786 0.2811
vn 0.7866 0.5244 -0.3258
vn 0.3258 0.5244 -0.7866
vn -0.3258 0.5244 -0.7866
vn -0.7866 0.5244 -0.3258
vn -0.7866 0.5244 0.3258
vn -0.3258 0.5244 0.7866
vn 0.3258 0.5244 0.7866
vn 0.7866 0.5244 0.3258
vn -0.0000 -1.0000 -0.0000
vn -0.0000 1.0000 -0.0000
vt 0.000000 -0.240000
vt 2.206173 -0.240000
vt 2.319310 -0.080000
vt 0.000000 -0.080000
vt 0.000000 -0.240000
vt 0.000000 -0.080000
vt -2.206173 -0.240000
vt -2.319310 -0.080000
vt 0.000000 -0.240000
vt 0.000000 -0.080000
vt -0.000000 -0.240000
vt -0.000000 -0.080000
vt 2.206173 0.160000
vt 0.000000 0.160000
vt 0.000000 0.160000
vt -2.206173 0.160000
vt 0.000000 0.160000
vt -0.000000 0.160000
vt 2.206173 -2.206173
vt -0.000000 -3.120000
vt -2.206173 -2.206173
vt -3.120000 0.000000
vt -2.206173 2.206173
vt 0.000000 3.120000
vt 2.206173 2.206173
vt 3.120000 0.000000
s 0
usemtl SaucerMat
f 114/121/99 115/122/99 123/123/99 122/124/99
f 115/122/100 116/125/100 124/126/100 123/123/100
f 116/125/101 117/127/101 125/128/101 124/126/101
f 117/122/102 118/129/102 126/130/102 125/123/102
f 118/129/103 119/127/103 127/128/103 126/130/103
f 119/127/104 120/131/104 128/132/104 127/128/104
f 120/131/105 121/122/105 129/123/105 128/132/105
f 121/127/106 114/121/106 122/124/106 129/128/106
f 122/124/107 123/123/107 131/133/107 130/134/107
f 123/123/108 124/126/108 132/135/108 131/133/108
f 124/126/109 125/128/109 133/136/109 132/135/109
f 125/123/110 126/130/110 134/137/110 133/133/110
f 126/130/111 127/128/111 135/136/111 134/137/111
f 127/128/112 128/132/112 136/138/112 135/136/112
f 128/132/113 129/123/113 137/133/113 136/138/113
f 129/128/114 122/124/114 130/134/114 137/136/114
f 121/139/115 120/140/115 119/141/115 118/142/115 117/143/115 116/144/115 115/145/115 114/146/115
f 130/146/116 131/145/116 132/144/116 133/143/116 134/142/116 135/141/116 136/140/116 137/139/116
o Trunk_Main
v 0.000000 1.037377 -0.129386
v -0.112056 1.054518 -0.065749
v -0.112056 1.067141 0.063636
v -0.000000 1.062623 0.129386
v 0.112056 1.045482 0.065749
v 0.112056 1.032859 -0.063636
v 0.016000 1.205324 -0.136588
v -0.088434 1.217137 -0.076832
v -0.088434 1.225812 0.043756
v 0.016000 1.222675 0.104588
v 0.120434 1.210863 0.044832
v 0.120434 1.202187 -0.075756
v 0.024000 1.383404 -0.135770
v -0.072796 1.386949 -0.079937
v -0.072796 1.389546 0.031833
v 0.024000 1.388597 0.087770
v 0.120796 1.385051 0.031937
v 0.120796 1.382454 -0.079833
v 0.024000 1.568183 -0.126677
v -0.064921 1.565202 -0.075379
v -0.064921 1.563020 0.027298
v 0.024000 1.563818 0.078677
v 0.112921 1.566798 0.027379
v 0.112921 1.568981 -0.075298
v 0.016000 1.759796 -0.109420
v -0.064905 1.751898 -0.063020
v -0.064905 1.746101 0.030400
v 0.016000 1.748204 0.077420
v 0.096905 1.756102 0.031020
v 0.096905 1.761899 -0.062400
v 0.000000 1.956875 -0.084220
v -0.072938 1.947523 -0.042593
v -0.072938 1.940648 0.041627
v -0.000000 1.943125 0.084220
v 0.072938 1.952477 0.042593
v 0.072938 1.959352 -0.041627
vn -0.4940 0.0111 -0.8694
vn -0.9895 0.1443 -0.0123
vn -0.4917 0.1805 0.8518
vn 0.5018 0.0833 0.8609
vn 0.9988 -0.0496 0.0042
vn 0.5006 -0.0855 -0.8614
vn -0.4963 0.0280 -0.8677
vn -0.9956 0.0932 -0.0045
vn -0.4971 0.1107 0.8606
vn 0.5007 0.0631 0.8633
vn 1.0000 -0.0020 0.0001
vn 0.5015 -0.0196 -0.8649
vn -0.4991 0.0434 -0.8655
vn -0.9990 0.0447 -0.0001
vn -0.4998 0.0451 0.8650
vn 0.4993 0.0441 0.8653
vn 0.9991 0.0427 -0.0001
vn 0.4999 0.0424 -0.8650
vn -0.5006 0.0571 -0.8638
vn -1.0000 0.0001 -0.0000
vn -0.5011 -0.0152 0.8653
vn 0.4972 0.0264 0.8672
vn 0.9965 0.0834 0.0034
vn 0.4976 0.0987 -0.8618
vn -0.5013 0.0695 -0.8625
vn -0.9992 -0.0409 -0.0029
vn -0.5005 -0.0708 0.8628
vn 0.4958 0.0099 0.8684
vn 0.9927 0.1201 0.0086
vn 0.4943 0.1499 -0.8563
vn -0.0966 -0.9906 0.0966
vn -0.0811 0.9934 0.0811
vt 0.000000 4.149508
vt -0.448225 4.218071
vt -0.353736 4.868547
vt 0.064000 4.821297
vt -0.448225 4.268563
vt -0.353736 4.903249
vt -0.000000 4.250492
vt 0.064000 4.890702
vt 0.448225 4.181929
vt 0.481736 4.843452
vt 0.448225 4.131437
vt 0.481736 4.808750
vt -0.291182 5.547797
vt 0.096000 5.533614
vt -0.291182 5.558183
vt 0.096000 5.554386
vt 0.483182 5.540204
vt 0.483182 5.529818
vt -0.259683 6.260808
vt 0.096000 6.272731
vt -0.259683 6.252078
vt 0.096000 6.255270
vt 0.451683 6.267193
vt 0.451683 6.275924
vt -0.259620 7.007591
vt 0.064000 7.039186
vt -0.259620 6.984405
vt 0.064000 6.992815
vt 0.387620 7.024410
vt 0.387620 7.047596
vt -0.291752 7.790092
vt 0.000000 7.827500
vt -0.291752 7.762591
vt -0.000000 7.772500
vt 0.291752 7.809909
vt 0.291752 7.837409
s 0
usemtl TrunkMat
f 138/147/117 139/148/117 145/149/117 144/150/117
f 139/148/118 140/151/118 146/152/118 145/149/118
f 140/151/119 141/153/119 147/154/119 146/152/119
f 141/153/120 142/155/120 148/156/120 147/154/120
f 142/155/121 143/157/121 149/158/121 148/156/121
f 143/157/122 138/147/122 144/150/122 149/158/122
f 144/150/123 145/149/123 151/159/123 150/160/123
f 145/149/124 146/152/124 152/161/124 151/159/124
f 146/152/125 147/154/125 153/162/125 152/161/125
f 147/154/126 148/156/126 154/163/126 153/162/126
f 148/156/127 149/158/127 155/164/127 154/163/127
f 149/158/128 144/150/128 150/160/128 155/164/128
f 150/160/129 151/159/129 157/165/129 156/166/129
f 151/159/130 152/161/130 158/167/130 157/165/130
f 152/161/131 153/162/131 159/168/131 158/167/131
f 153/162/132 154/163/132 160/169/132 159/168/132
f 154/163/133 155/164/133 161/170/133 160/169/133
f 155/164/134 150/160/134 156/166/134 161/170/134
f 156/166/135 157/165/135 163/171/135 162/172/135
f 157/165/136 158/167/136 164/173/136 163/171/136
f 158/167/137 159/168/137 165/174/137 164/173/137
f 159/168/138 160/169/138 166/175/138 165/174/138
f 160/169/139 161/170/139 167/176/139 166/175/139
f 161/170/140 156/166/140 162/172/140 167/176/140
f 162/172/141 163/171/141 169/177/141 168/178/141
f 163/171/142 164/173/142 170/179/142 169/177/142
f 164/173/143 165/174/143 171/180/143 170/179/143
f 165/174/144 166/175/144 172/181/144 171/180/144
f 166/175/145 167/176/145 173/182/145 172/181/145
f 167/176/146 162/172/146 168/178/146 173/182/146
f 143/157/147 142/155/147 141/153/147 140/151/147 139/148/147 138/147/147
f 168/178/148 169/177/148 170/179/148 171/180/148 172/181/148 173/182/148
o Branch_00
v 0.041682 1.553750 0.086973
v 0.089528 1.486200 0.025401
v 0.068918 1.512002 -0.072338
v 0.008334 1.595497 -0.071172
v -0.008499 1.621299 0.027288
v 0.227583 1.688843 0.072422
v 0.267302 1.628237 0.018588
v 0.250088 1.651386 -0.066949
v 0.199730 1.726299 -0.065980
v 0.185821 1.749449 0.020156
v 0.404828 1.799148 0.058038
v 0.434640 1.744592 0.011976
v 0.421502 1.765430 -0.061372
v 0.383570 1.832866 -0.060642
v 0.373265 1.853704 0.013158
v 0.573416 1.884665 0.043821
v 0.593745 1.836942 0.005523
v 0.584521 1.855171 -0.055634
v 0.558492 1.914160 -0.055133
v 0.551628 1.932389 0.006334
v 0.733348 1.945395 0.029770
v 0.747557 1.906374 -0.000828
v 0.740962 1.921278 -0.049769
v 0.722678 1.969511 -0.049417
v 0.717972 1.984416 -0.000259
vn 0.3922 -0.4530 0.8006
vn 0.5838 -0.7463 -0.3198
vn 0.0123 0.0221 -0.9997
vn -0.5330 0.7917 -0.2987
vn -0.2981 0.4977 0.8145
vn 0.3622 -0.4763 0.8012
vn 0.5324 -0.7842 -0.3188
vn 0.0168 0.0224 -0.9996
vn -0.4721 0.8291 -0.2995
vn -0.2589 0.5212 0.8132
vn 0.3234 -0.5027 0.8017
vn 0.4661 -0.8258 -0.3174
vn 0.0226 0.0211 -0.9995
vn -0.3943 0.8683 -0.3008
vn -0.2087 0.5451 0.8120
vn 0.2720 -0.5298 0.8033
vn 0.3794 -0.8695 -0.3162
vn 0.0286 0.0198 -0.9994
vn -0.2952 0.9063 -0.3023
vn -0.1451 0.5682 0.8100
vn -0.8092 -0.5874 0.0156
vn 0.9349 0.3545 -0.0180
vt 0.166727 6.214998
vt 0.358113 5.944801
vt 1.069209 6.512949
vt 0.910331 6.755372
vt 0.275673 6.048007
vt 1.000353 6.605546
vt 0.033336 6.381989
vt 0.798921 6.905197
vt -0.033997 6.485195
vt 0.743284 6.997794
vt 1.738558 6.978367
vt 1.619310 7.196592
vt 1.686007 7.061721
vt 1.534281 7.331463
vt 1.493060 7.414818
vt 2.374980 7.347768
vt 2.293664 7.538662
vt 2.338085 7.420683
vt 2.233966 7.656641
vt 2.206513 7.729556
vt 2.990226 7.625494
vt 2.933392 7.781579
vt 2.963849 7.685113
vt 2.890713 7.878045
vt 2.871890 7.937664
s 0
usemtl TrunkMat
f 174/183/149 175/184/149 180/185/149 179/186/149
f 175/184/150 176/187/150 181/188/150 180/185/150
f 176/187/151 177/189/151 182/190/151 181/188/151
f 177/189/152 178/191/152 183/192/152 182/190/152
f 178/191/153 174/183/153 179/186/153 183/192/153
f 179/186/154 180/185/154 185/193/154 184/194/154
f 180/185/155 181/188/155 186/195/155 185/193/155
f 181/188/156 182/190/156 187/196/156 186/195/156
f 182/190/157 183/192/157 188/197/157 187/196/157
f 183/192/158 179/186/158 184/194/158 188/197/158
f 184/194/159 185/193/159 190/198/159 189/199/159
f 185/193/160 186/195/160 191/200/160 190/198/160
f 186/195/161 187/196/161 192/201/161 191/200/161
f 187/196/162 188/197/162 193/202/162 192/201/162
f 188/197/163 184/194/163 189/199/163 193/202/163
f 189/199/164 190/198/164 195/203/164 194/204/164
f 190/198/165 191/200/165 196/205/165 195/203/165
f 191/200/166 192/201/166 197/206/166 196/205/166
f 192/201/167 193/202/167 198/207/167 197/206/167
f 193/202/168 189/199/168 194/204/168 198/207/168
f 178/191/169 177/189/169 176/187/169 175/184/169 174/183/169
f 194/204/170 195/203/170 196/205/170 197/206/170 198/207/170
o Branch_01
v 0.094793 1.574648 -0.005523
v 0.055821 1.505882 -0.068780
v -0.039963 1.532148 -0.088389
v -0.060188 1.617148 -0.037252
v 0.023095 1.643414 0.013962
v 0.159374 1.705858 -0.198074
v 0.124438 1.644278 -0.251312
v 0.040946 1.667800 -0.269277
v 0.024281 1.743917 -0.227142
v 0.097473 1.767438 -0.183136
v 0.220485 1.811411 -0.381853
v 0.188906 1.756225 -0.423355
v 0.117966 1.777304 -0.440331
v 0.105701 1.845517 -0.409321
v 0.169061 1.866596 -0.373180
v 0.278127 1.891306 -0.556860
v 0.250096 1.843318 -0.587109
v 0.191634 1.861648 -0.602912
v 0.183533 1.920964 -0.582430
v 0.236989 1.939294 -0.553969
v 0.332299 1.945544 -0.723096
v 0.309102 1.906437 -0.745341
v 0.262628 1.921375 -0.758730
v 0.257102 1.969712 -0.744760
v 0.300162 1.984650 -0.722737
vn 0.8801 -0.4739 -0.0281
vn -0.0857 -0.7782 -0.6221
vn -0.9181 0.0190 -0.3960
vn -0.4661 0.8175 0.3385
vn 0.6458 0.5124 0.5660
vn 0.8679 -0.4966 0.0027
vn -0.1064 -0.8148 -0.5698
vn -0.9164 0.0189 -0.3998
vn -0.4419 0.8528 0.2783
vn 0.6606 0.5345 0.5272
vn 0.8522 -0.5215 0.0419
vn -0.1325 -0.8539 -0.5033
vn -0.9144 0.0173 -0.4045
vn -0.4117 0.8886 0.2024
vn 0.6796 0.5561 0.4784
vn 0.8327 -0.5459 0.0930
vn -0.1667 -0.8929 -0.4183
vn -0.9123 0.0155 -0.4092
vn -0.3738 0.9213 0.1075
vn 0.7030 0.5758 0.4174
vn -0.3088 -0.5432 0.7808
vn 0.3512 0.2968 -0.8880
vt 0.379172 6.298593
vt 0.223284 6.023529
vt 0.497752 6.577113
vt 0.637495 6.823432
vt -0.159851 6.128594
vt 0.163785 6.671199
vt -0.240753 6.468591
vt 0.097124 6.975666
vt 0.092381 6.573656
vt 0.389893 7.069752
vt 0.755625 7.024901
vt 0.881940 7.245643
vt 0.471863 7.109217
vt 0.422804 7.382069
vt 0.676245 7.466384
vt 1.000385 7.373273
vt 1.112507 7.565224
vt 0.766537 7.446592
vt 0.734133 7.683856
vt 0.947954 7.757174
vt 1.236408 7.625750
vt 1.329197 7.782174
vt 1.050511 7.685499
vt 1.028409 7.878850
vt 1.200646 7.938599
s 0
usemtl TrunkMat
f 199/208/171 200/209/171 205/210/171 204/211/171
f 200/209/172 201/212/172 206/213/172 205/210/172
f 201/212/173 202/214/173 207/215/173 206/213/173
f 202/214/174 203/216/174 208/217/174 207/215/174
f 203/216/175 199/208/175 204/211/175 208/217/175
f 204/211/176 205/210/176 210/218/176 209/219/176
f 205/210/177 206/213/177 211/220/177 210/218/177
f 206/213/178 207/215/178 212/221/178 211/220/178
f 207/215/179 208/217/179 213/222/179 212/221/179
f 208/217/180 204/211/180 209/219/180 213/222/180
f 209/219/181 210/218/181 215/223/181 214/224/181
f 210/218/182 211/220/182 216/225/182 215/223/182
f 211/220/183 212/221/183 217/226/183 216/225/183
f 212/221/184 213/222/184 218/227/184 217/226/184
f 213/222/185 209/219/185 214/224/185 218/227/185
f 214/224/186 215/223/186 220/228/186 219/229/186
f 215/223/187 216/225/187 221/230/187 220/228/187
f 216/225/188 217/226/188 222/231/188 221/230/188
f 217/226/189 218/227/189 223/232/189 222/231/189
f 218/227/190 214/224/190 219/229/190 223/232/190
f 203/216/191 202/214/191 201/212/191 200/209/191 199/208/191
f 219/229/192 220/228/192 221/230/192 222/231/192 223/232/192
o Branch_02
v 0.031128 1.554870 -0.093627
v -0.048661 1.486020 -0.081976
v -0.102084 1.512318 0.005755
v -0.055311 1.597422 0.048325
v 0.027018 1.623720 -0.013097
v -0.122415 1.701534 -0.218130
v -0.190626 1.639737 -0.206475
v -0.237983 1.663342 -0.130268
v -0.199041 1.739727 -0.094824
v -0.127616 1.763331 -0.149126
v -0.269169 1.821619 -0.336454
v -0.324466 1.765939 -0.323579
v -0.366269 1.787207 -0.259361
v -0.336808 1.856032 -0.232546
v -0.276797 1.877300 -0.280192
v -0.409135 1.915126 -0.448599
v -0.451825 1.866359 -0.434784
v -0.487956 1.884986 -0.382447
v -0.467596 1.945266 -0.363917
v -0.418882 1.963893 -0.404801
v -0.542312 1.982054 -0.554566
v -0.574918 1.942151 -0.542106
v -0.604413 1.957392 -0.500774
v -0.590037 2.006715 -0.487690
v -0.551657 2.021956 -0.520935
vn 0.2624 -0.4496 -0.8538
vn -0.6492 -0.7405 -0.1737
vn -0.6949 0.0216 0.7188
vn 0.1894 0.7848 0.5901
vn 0.7814 0.4932 -0.3823
vn 0.2844 -0.4731 -0.8339
vn -0.6117 -0.7787 -0.1396
vn -0.6980 0.0219 0.7158
vn 0.1454 0.8227 0.5496
vn 0.7526 0.5170 -0.4078
vn 0.3125 -0.4996 -0.8079
vn -0.5632 -0.8208 -0.0956
vn -0.7020 0.0209 0.7119
vn 0.0888 0.8627 0.4979
vn 0.7158 0.5415 -0.4409
vn 0.3507 -0.5271 -0.7741
vn -0.5000 -0.8652 -0.0375
vn -0.7062 0.0197 0.7077
vn 0.0166 0.9019 0.4316
vn 0.6688 0.5655 -0.4826
vn 0.5936 -0.5965 0.5403
vn -0.6880 0.3667 -0.6262
vt 0.124512 6.219480
vt -0.194644 5.944081
vt -0.762504 6.558949
vt -0.489660 6.806137
vt -0.408334 6.049274
vt -0.951934 6.653367
vt -0.221246 6.389686
vt -0.796164 6.958907
vt 0.108072 6.494879
vt -0.510463 7.053324
vt -1.297866 7.063756
vt -1.076677 7.286478
vt -1.465077 7.148829
vt -1.347231 7.424127
vt -1.107187 7.509199
vt -1.807300 7.465434
vt -1.636541 7.660503
vt -1.951824 7.539944
vt -1.870385 7.781063
vt -1.675530 7.855573
vt -2.299671 7.768603
vt -2.169250 7.928215
vt -2.417653 7.829569
vt -2.360149 8.026859
vt -2.206627 8.087826
s 0
usemtl TrunkMat
f 224/233/193 225/234/193 230/235/193 229/236/193
f 225/234/194 226/237/194 231/238/194 230/235/194
f 226/237/195 227/239/195 232/240/195 231/238/195
f 227/239/196 228/241/196 233/242/196 232/240/196
f 228/241/197 224/233/197 229/236/197 233/242/197
f 229/236/198 230/235/198 235/243/198 234/244/198
f 230/235/199 231/238/199 236/245/199 235/243/199
f 231/238/200 232/240/200 237/246/200 236/245/200
f 232/240/201 233/242/201 238/247/201 237/246/201
f 233/242/202 229/236/202 234/244/202 238/247/202
f 234/244/203 235/243/203 240/248/203 239/249/203
f 235/243/204 236/245/204 241/250/204 240/248/204
f 236/245/205 237/246/205 242/251/205 241/250/205
f 237/246/206 238/247/206 243/252/206 242/251/206
f 238/247/207 234/244/207 239/249/207 243/252/207
f 239/249/208 240/248/208 245/253/208 244/254/208
f 240/248/209 241/250/209 246/255/209 245/253/209
f 241/250/210 242/251/210 247/256/210 246/255/210
f 242/251/211 243/252/211 248/257/211 247/256/211
f 243/252/212 239/249/212 244/254/212 248/257/212
f 228/241/213 227/239/213 226/237/213 225/234/213 224/233/213
f 244/254/214 245/253/214 246/255/214 247/256/214 248/257/214
o Branch_03
v -0.081301 1.669136 -0.048580
v -0.085806 1.601474 0.026163
v -0.017473 1.627319 0.095787
v 0.029265 1.710953 0.064074
v -0.010183 1.736798 -0.025149
v -0.204909 1.774932 0.048259
v -0.207028 1.714297 0.112422
v -0.147933 1.737458 0.173815
v -0.109292 1.812406 0.147596
v -0.144505 1.835566 0.069999
v -0.322488 1.860539 0.141007
v -0.320725 1.806110 0.193575
v -0.271439 1.826900 0.247126
v -0.242742 1.894178 0.227654
v -0.274292 1.914968 0.162069
v -0.434038 1.925957 0.229664
v -0.428790 1.878523 0.270907
v -0.389162 1.896641 0.316512
v -0.369918 1.955273 0.303454
v -0.397653 1.973391 0.249779
v -0.539558 1.971187 0.314230
v -0.533651 1.932484 0.346064
v -0.502601 1.947267 0.382991
v -0.489318 1.995106 0.373978
v -0.512159 2.009889 0.331482
vn -0.7574 -0.4612 -0.4621
vn -0.2988 -0.7613 0.5754
vn 0.5291 0.0250 0.8482
vn 0.5821 0.8128 -0.0218
vn -0.2135 0.5118 -0.8321
vn -0.7319 -0.4841 -0.4795
vn -0.2548 -0.7984 0.5456
vn 0.5246 0.0250 0.8510
vn 0.5287 0.8487 0.0140
vn -0.2475 0.5343 -0.8083
vn -0.6990 -0.5099 -0.5014
vn -0.1985 -0.8387 0.5071
vn 0.5190 0.0232 0.8545
vn 0.4612 0.8853 0.0596
vn -0.2911 0.5563 -0.7783
vn -0.6561 -0.5358 -0.5314
vn -0.1247 -0.8803 0.4578
vn 0.5131 0.0211 0.8581
vn 0.3760 0.9192 0.1168
vn -0.3452 0.5768 -0.7404
vn 0.6858 -0.5597 -0.4653
vn -0.7845 0.3181 0.5323
vt -0.325204 6.676544
vt -0.343226 6.405896
vt -0.828111 6.857189
vt -0.819638 7.099727
vt -0.069892 6.509274
vt -0.591731 6.949830
vt 0.117059 6.843814
vt -0.437166 7.249623
vt -0.040733 6.947192
vt -0.578021 7.342264
vt -1.282902 7.224440
vt -1.289953 7.442155
vt -1.085758 7.307600
vt -0.970968 7.576710
vt -1.097168 7.659870
vt -1.715160 7.514092
vt -1.736152 7.703828
vt -1.556647 7.586565
vt -1.479672 7.821091
vt -1.590611 7.893563
vt -2.134602 7.729936
vt -2.158231 7.884746
vt -2.010403 7.789068
vt -1.957272 7.980424
vt -2.048635 8.039557
s 0
usemtl TrunkMat
f 249/258/215 250/259/215 255/260/215 254/261/215
f 250/259/216 251/262/216 256/263/216 255/260/216
f 251/262/217 252/264/217 257/265/217 256/263/217
f 252/264/218 253/266/218 258/267/218 257/265/218
f 253/266/219 249/258/219 254/261/219 258/267/219
f 254/261/220 255/260/220 260/268/220 259/269/220
f 255/260/221 256/263/221 261/270/221 260/268/221
f 256/263/222 257/265/222 262/271/222 261/270/222
f 257/265/223 258/267/223 263/272/223 262/271/223
f 258/267/224 254/261/224 259/269/224 263/272/224
f 259/269/225 260/268/225 265/273/225 264/274/225
f 260/268/226 261/270/226 266/275/226 265/273/226
f 261/270/227 262/271/227 267/276/227 266/275/227
f 262/271/228 263/272/228 268/277/228 267/276/228
f 263/272/229 259/269/229 264/274/229 268/277/229
f 264/274/230 265/273/230 270/278/230 269/279/230
f 265/273/231 266/275/231 271/280/231 270/278/231
f 266/275/232 267/276/232 272/281/232 271/280/232
f 267/276/233 268/277/233 273/282/233 272/281/233
f 268/277/234 264/274/234 269/279/234 273/282/234
f 253/266/235 252/264/235 251/262/235 250/259/235 249/258/235
f 269/279/236 270/278/236 271/280/236 272/281/236 273/282/236
o Branch_04
v -0.077382 1.687815 0.063622
v -0.002807 1.615797 0.093786
v 0.090784 1.643306 0.047506
v 0.074052 1.732325 -0.011260
v -0.029880 1.759833 -0.001300
v -0.020995 1.801472 0.219736
v 0.043619 1.736917 0.243885
v 0.125755 1.761575 0.204248
v 0.111904 1.841370 0.155602
v 0.021208 1.866028 0.165174
v 0.033282 1.893636 0.368443
v 0.087410 1.835651 0.384733
v 0.158292 1.857799 0.352442
v 0.147972 1.929473 0.316195
v 0.070711 1.951621 0.326084
v 0.085450 1.964306 0.509742
v 0.129229 1.913730 0.518652
v 0.188805 1.933048 0.493525
v 0.181846 1.995563 0.469086
v 0.117970 2.014882 0.479108
v 0.135509 2.013482 0.643634
v 0.169931 1.972196 0.648649
v 0.217821 1.987966 0.629355
v 0.212998 2.038998 0.612415
v 0.162127 2.054768 0.621240
vn -0.6752 -0.4582 0.5780
vn 0.4544 -0.7568 0.4699
vn 0.9713 0.0255 -0.2365
vn 0.1602 0.8092 -0.5653
vn -0.8581 0.5098 -0.0615
vn -0.6835 -0.4812 0.5488
vn 0.4400 -0.7940 0.4194
vn 0.9725 0.0255 -0.2313
vn 0.1772 0.8454 -0.5039
vn -0.8462 0.5324 -0.0221
vn -0.6939 -0.5072 0.5111
vn 0.4214 -0.8347 0.3546
vn 0.9741 0.0238 -0.2248
vn 0.1992 0.8825 -0.4260
vn -0.8315 0.5548 0.0284
vn -0.7089 -0.5335 0.4614
vn 0.3978 -0.8769 0.2697
vn 0.9757 0.0218 -0.2180
vn 0.2267 0.9172 -0.3275
vn -0.8124 0.5758 0.0915
vn -0.2258 -0.5659 -0.7930
vn 0.2589 0.3263 0.9091
vt -0.309527 6.751261
vt -0.011228 6.463189
vt 0.174474 6.947668
vt -0.083982 7.205890
vt 0.363138 6.573223
vt 0.503021 7.046299
vt 0.296209 6.929300
vt 0.447618 7.365480
vt -0.119520 7.039334
vt 0.084830 7.464112
vt 0.349640 7.342602
vt 0.133128 7.574544
vt 0.633169 7.431196
vt 0.591887 7.717892
vt 0.282845 7.806486
vt 0.516915 7.654921
vt 0.341801 7.857224
vt 0.755218 7.732193
vt 0.727384 7.982254
vt 0.471878 8.059526
vt 0.679722 7.888786
vt 0.542038 8.053928
vt 0.871284 7.951865
vt 0.851992 8.155992
vt 0.648506 8.219070
s 0
usemtl TrunkMat
f 274/283/237 275/284/237 280/285/237 279/286/237
f 275/284/238 276/287/238 281/288/238 280/285/238
f 276/287/239 277/289/239 282/290/239 281/288/239
f 277/289/240 278/291/240 283/292/240 282/290/240
f 278/291/241 274/283/241 279/286/241 283/292/241
f 279/286/242 280/285/242 285/293/242 284/294/242
f 280/285/243 281/288/243 286/295/243 285/293/243
f 281/288/244 282/290/244 287/296/244 286/295/244
f 282/290/245 283/292/245 288/297/245 287/296/245
f 283/292/246 279/286/246 284/294/246 288/297/246
f 284/294/247 285/293/247 290/298/247 289/299/247
f 285/293/248 286/295/248 291/300/248 290/298/248
f 286/295/249 287/296/249 292/301/249 291/300/249
f 287/296/250 288/297/250 293/302/250 292/301/250
f 288/297/251 284/294/251 289/299/251 293/302/251
f 289/299/252 290/298/252 295/303/252 294/304/252
f 290/298/253 291/300/253 296/305/253 295/303/253
f 291/300/254 292/301/254 297/306/254 296/305/254
f 292/301/255 293/302/255 298/307/255 297/306/255
f 293/302/256 289/299/256 294/304/256 298/307/256
f 278/291/257 277/289/257 276/287/257 275/284/257 274/283/257
f 294/304/258 295/303/258 296/305/258 297/306/258 298/307/258
o Leaf_000
v 0.848966 1.719703 -0.014915
v 1.003025 1.865263 -0.045762
v 0.882776 2.012491 0.048411
v 0.728717 1.866931 0.079258
vn -0.4016 0.2377 -0.8844
vt 0.000000 0.000000
vt 1.000000 0.000000
vt 1.000000 1.000000
vt 0.000000 1.000000
s 0
usemtl LeafMat
f 299/308/259 302/309/259 301/310/259 300/311/259
o Leaf_001
v 0.789686 2.009676 -0.012303
v 0.613965 2.039623 0.011458
v 0.659025 2.200814 0.141533
v 0.834746 2.170867 0.117772
vn 0.0017 0.6277 -0.7785
vt 0.000000 0.000000
vt 1.000000 0.000000
vt 1.000000 1.000000
vt 0.000000 1.000000
s 0
usemtl LeafMat
f 303/312/260 304/313/260 305/314/260 306/315/260
o Leaf_002
v 0.572229 2.020033 -0.078686
v 0.645363 2.039475 0.099883
v 0.652434 2.347029 0.063501
v 0.579300 2.327587 -0.115068
vn -0.9259 0.0653 0.3721
vt 0.000000 0.000000
vt 1.000000 0.000000
vt 1.000000 1.000000
vt 0.000000 1.000000
s 0
usemtl LeafMat
f 307/316/261 308/317/261 309/318/261 310/319/261
o Leaf_003
v 0.773710 1.854581 -0.060304
v 0.792286 2.066638 -0.100819
v 0.793232 2.125601 0.208231
v 0.774657 1.913544 0.248745
vn -0.9963 0.0848 -0.0131
vt 0.000000 0.000000
vt 0.000000 1.000000
vt 1.000000 1.000000
vt 1.000000 0.000000
s 0
usemtl LeafMat
f 311/320/262 314/321/262 313/322/262 312/323/262
o Leaf_004
v 0.671680 2.208517 0.154206
v 0.761154 2.246778 -0.029486
v 0.584642 2.505620 -0.061549
v 0.495167 2.467358 0.122143
vn 0.7075 0.5391 0.4569
vt 0.000000 0.000000
vt 0.000000 1.000000
vt 1.000000 1.000000
vt 1.000000 0.000000
s 0
usemtl LeafMat
f 315/324/263 316/325/263 317/326/263 318/327/263
o Leaf_005
v 0.586446 1.941045 0.031227
v 0.740616 2.030247 0.078054
v 0.624608 2.080888 0.363523
v 0.470438 1.991686 0.316696
vn -0.4015 0.8597 -0.3157
vt 0.000000 0.000000
vt 1.000000 0.000000
vt 1.000000 1.000000
vt 0.000000 1.000000
s 0
usemtl LeafMat
f 319/328/264 322/329/264 321/330/264 320/331/264
o Leaf_006
v 0.559086 2.131623 0.024931
v 0.723682 2.143718 0.150792
v 0.841954 2.362324 -0.024885
v 0.677358 2.350230 -0.150746
vn -0.4692 0.6934 0.5469
vt 0.000000 0.000000
vt 0.000000 1.000000
vt 1.000000 1.000000
vt 1.000000 0.000000
s 0
usemtl LeafMat
f 323/332/265 324/333/265 325/334/265 326/335/265
o Leaf_007
v 0.706703 1.936888 0.036584
v 0.573232 2.040005 0.003480
v 0.762610 2.279301 -0.014680
v 0.896081 2.176184 0.018423
vn -0.1151 0.1654 0.9795
vt 0.000000 0.000000
vt 0.000000 1.000000
vt 1.000000 1.000000
vt 1.000000 0.000000
s 0
usemtl LeafMat
f 327/336/266 330/337/266 329/338/266 328/339/266
o Leaf_008
v 0.750956 2.066865 -0.057709
v 0.731310 2.189602 0.013310
v 0.868366 2.129087 0.155806
v 0.888012 2.006351 0.084787
vn 0.7361 0.4234 -0.5281
vt 0.000000 0.000000
vt 1.000000 0.000000
vt 1.000000 1.000000
vt 0.000000 1.000000
s 0
usemtl LeafMat
f 331/340/267 332/341/267 333/342/267 334/343/267
o Leaf_009
v 0.574295 1.772711 -0.185967
v 0.620980 1.888613 -0.099230
v 0.912643 1.825071 -0.171305
v 0.865959 1.709169 -0.258042
vn -0.0609 0.6136 -0.7872
vt 0.000000 0.000000
vt 1.000000 0.000000
vt 1.000000 1.000000
vt 0.000000 1.000000
s 0
usemtl LeafMat
f 335/344/268 336/345/268 337/346/268 338/347/268
o Leaf_010
v 0.677371 1.927504 -0.038652
v 0.688046 2.020281 0.137467
v 0.910570 2.054323 0.106046
v 0.899895 1.961546 -0.070073
vn -0.1967 0.8723 -0.4476
vt 0.000000 0.000000
vt 0.000000 1.000000
vt 1.000000 1.000000
vt 1.000000 0.000000
s 0
usemtl LeafMat
f 339/348/269 340/349/269 341/350/269 342/351/269
o Leaf_011
v 0.678805 1.870441 0.074292
v 0.793702 2.011177 -0.041541
v 0.979257 2.025769 0.160244
v 0.864360 1.885034 0.276077
vn -0.5087 0.7553 0.4132
vt 0.000000 0.000000
vt 1.000000 0.000000
vt 1.000000 1.000000
vt 0.000000 1.000000
s 0
usemtl LeafMat
f 343/352/270 346/353/270 345/354/270 344/355/270
o Leaf_012
v 0.777828 1.995554 0.099546
v 0.950512 2.004260 0.109388
v 0.948525 2.194514 -0.024032
v 0.775840 2.185808 -0.033875
vn -0.0754 0.5720 0.8168
vt 0.000000 0.000000
vt 0.000000 1.000000
vt 1.000000 1.000000
vt 1.000000 0.000000
s 0
usemtl LeafMat
f 347/356/271 348/357/271 349/358/271 350/359/271
o Leaf_013
v 0.754383 1.829504 0.052254
v 0.730252 1.968053 0.084167
v 0.549515 1.963913 -0.034521
v 0.573646 1.825364 -0.066434
vn 0.5230 0.2768 -0.8061
vt 0.000000 0.000000
vt 0.000000 1.000000
vt 1.000000 1.000000
vt 1.000000 0.000000
s 0
usemtl LeafMat
f 351/360/272 354/361/272 353/362/272 352/363/272
o Leaf_014
v 0.840531 1.833774 -0.076581
v 0.852507 2.005534 -0.083159
v 0.989855 1.986339 -0.334351
v 0.977878 1.814578 -0.327773
vn -0.8752 0.0426 -0.4818
vt 0.000000 0.000000
vt 0.000000 1.000000
vt 1.000000 1.000000
vt 1.000000 0.000000
s 0
usemtl LeafMat
f 355/364/273 356/365/273 357/366/273 358/367/273
o Leaf_015
v 0.764217 1.911935 0.053162
v 0.817333 2.108758 0.077461
v 0.949477 2.043361 0.318315
v 0.896361 1.846538 0.294015
vn -0.8450 0.1653 0.5085
vt 0.000000 0.000000
vt 1.000000 0.000000
vt 1.000000 1.000000
vt 0.000000 1.000000
s 0
usemtl LeafMat
f 359/368/274 362/369/274 361/370/274 360/371/274
o Leaf_016
v 0.750185 1.955999 -0.083617
v 0.695772 2.002495 0.092876
v 0.947938 2.003438 0.170371
v 1.002351 1.956941 -0.006122
vn 0.0684 0.9697 -0.2344
vt 0.000000 0.000000
vt 1.000000 0.000000
vt 1.000000 1.000000
vt 0.000000 1.000000
s 0
usemtl LeafMat
f 363/372/275 364/373/275 365/374/275 366/375/275
o Leaf_017
v 0.781334 1.882867 -0.253174
v 0.912599 1.896849 -0.171443
v 0.917844 2.122592 -0.218486
v 0.786579 2.108610 -0.300217
vn -0.5336 0.1844 0.8254
vt 0.000000 0.000000
vt 1.000000 0.000000
vt 1.000000 1.000000
vt 0.000000 1.000000
s 0
usemtl LeafMat
f 367/376/276 368/377/276 369/378/276 370/379/276
o Leaf_018
v 0.656402 2.004621 0.022611
v 0.770740 2.083984 -0.045846
v 0.633420 2.140808 -0.209324
v 0.519082 2.061445 -0.140867
vn -0.2651 0.8198 0.5076
vt 0.000000 0.000000
vt 0.000000 1.000000
vt 1.000000 1.000000
vt 1.000000 0.000000
s 0
usemtl LeafMat
f 371/380/277 372/381/277 373/382/277 374/383/277
o Leaf_019
v 0.860875 2.044293 -0.178144
v 0.742194 2.087514 -0.085289
v 0.653934 2.250648 -0.274029
v 0.772615 2.207427 -0.366885
vn 0.5618 0.7375 0.3748
vt 0.000000 0.000000
vt 1.000000 0.000000
vt 1.000000 1.000000
vt 0.000000 1.000000
s 0
usemtl LeafMat
f 375/384/278 378/385/278 377/386/278 376/387/278
o Leaf_020
v 0.779509 1.751113 -0.309490
v 0.806902 1.783351 -0.167382
v 0.987937 2.022858 -0.256613
v 0.960543 1.990619 -0.398721
vn -0.7948 0.6066 0.0156
vt 0.000000 0.000000
vt 1.000000 0.000000
vt 1.000000 1.000000
vt 0.000000 1.000000
s 0
usemtl LeafMat
f 379/388/279 380/389/279 381/390/279 382/391/279
o Leaf_021
v 0.514561 2.134454 0.171572
v 0.668147 2.147739 0.111364
v 0.688739 2.431990 0.226613
v 0.535153 2.418705 0.286821
vn -0.3665 0.3723 -0.8527
vt 0.000000 0.000000
vt 0.000000 1.000000
vt 1.000000 1.000000
vt 1.000000 0.000000
s 0
usemtl LeafMat
f 383/392/280 386/393/280 385/394/280 384/395/280
o Leaf_022
v 0.747368 2.089088 -0.051085
v 0.669100 2.208926 -0.095509
v 0.645569 2.284944 0.151010
v 0.723837 2.165106 0.195435
vn 0.8479 0.5239 -0.0806
vt 0.000000 0.000000
vt 0.000000 1.000000
vt 1.000000 1.000000
vt 1.000000 0.000000
s 0
usemtl LeafMat
f 387/396/281 388/397/281 389/398/281 390/399/281
o Leaf_023
v 0.700590 1.886134 -0.076774
v 0.624016 2.041472 0.015488
v 0.770630 2.208673 -0.144337
v 0.847204 2.053336 -0.236599
vn -0.7491 0.0240 -0.6621
vt 0.000000 0.000000
vt 0.000000 1.000000
vt 1.000000 1.000000
vt 1.000000 0.000000
s 0
usemtl LeafMat
f 391/400/282 392/401/282 393/402/282 394/403/282
o Leaf_024
v 0.671948 1.953930 0.035376
v 0.727757 2.095784 -0.044379
v 0.761653 2.245027 0.244784
v 0.705844 2.103173 0.324540
vn -0.9402 0.3347 -0.0626
vt 0.000000 0.000000
vt 1.000000 0.000000
vt 1.000000 1.000000
vt 0.000000 1.000000
s 0
usemtl LeafMat
f 395/404/283 398/405/283 397/406/283 396/407/283
o Leaf_025
v 0.422651 1.906583 0.056478
v 0.596968 1.939836 0.089943
v 0.552644 2.185455 0.076758
v 0.378327 2.152201 0.043293
vn -0.1918 0.0181 0.9813
vt 0.000000 0.000000
vt 0.000000 1.000000
vt 1.000000 1.000000
vt 1.000000 0.000000
s 0
usemtl LeafMat
f 399/408/284 400/409/284 401/410/284 402/411/284
o Leaf_026
v 0.375329 2.219394 -0.458586
v 0.267625 2.299948 -0.342181
v 0.274679 2.539572 -0.501477
v 0.382383 2.459017 -0.617883
vn 0.7955 0.3191 0.5152
vt 0.000000 0.000000
vt 1.000000 0.000000
vt 1.000000 1.000000
vt 0.000000 1.000000
s 0
usemtl LeafMat
f 403/412/285 406/413/285 405/414/285 404/415/285
o Leaf_027
v 0.090773 1.928024 -0.542049
v 0.140433 2.072040 -0.413704
v 0.272759 2.176213 -0.581796
v 0.223098 2.032197 -0.710142
vn -0.7928 0.5344 -0.2929
vt 0.000000 0.000000
vt 0.000000 1.000000
vt 1.000000 1.000000
vt 1.000000 0.000000
s 0
usemtl LeafMat
f 407/416/286 408/417/286 409/418/286 410/419/286
o Leaf_028
v 0.152462 1.756239 -1.025795
v 0.204652 1.891688 -0.992618
v 0.463315 1.832593 -1.158257
v 0.411125 1.697143 -1.191433
vn -0.4396 0.3699 -0.8185
vt 0.000000 0.000000
vt 0.000000 1.000000
vt 1.000000 1.000000
vt 1.000000 0.000000
s 0
usemtl LeafMat
f 411/420/287 412/421/287 413/422/287 414/423/287
o Leaf_029
v 0.516705 1.793048 -0.703093
v 0.389105 1.810507 -0.581853
v 0.363456 2.022566 -0.639386
v 0.491056 2.005107 -0.760625
vn 0.6827 0.2671 0.6801
vt 0.000000 0.000000
vt 0.000000 1.000000
vt 1.000000 1.000000
vt 1.000000 0.000000
s 0
usemtl LeafMat
f 415/424/288 418/425/288 417/426/288 416/427/288
o Leaf_030
v 0.296132 2.130767 -0.609257
v 0.300903 2.285843 -0.492105
v 0.640360 2.279192 -0.497125
v 0.635589 2.124116 -0.614277
vn -0.0000 0.6028 -0.7979
vt 0.000000 0.000000
vt 0.000000 1.000000
vt 1.000000 1.000000
vt 1.000000 0.000000
s 0
usemtl LeafMat
f 419/428/289 420/429/289 421/430/289 422/431/289
o Leaf_031
v 0.195640 1.939896 -0.682337
v 0.363280 2.032650 -0.631968
v 0.308815 2.198623 -0.756335
v 0.141175 2.105868 -0.806703
vn -0.4684 0.4262 0.7739
vt 0.000000 0.000000
vt 0.000000 1.000000
vt 1.000000 1.000000
vt 1.000000 0.000000
s 0
usemtl LeafMat
f 423/432/290 424/433/290 425/434/290 426/435/290
o Leaf_032
v 0.248834 2.217367 -0.646079
v 0.132847 2.285587 -0.687235
v 0.314173 2.528347 -0.795852
v 0.430159 2.460126 -0.754695
vn -0.0570 0.4429 0.8948
vt 0.000000 0.000000
vt 1.000000 0.000000
vt 1.000000 1.000000
vt 0.000000 1.000000
s 0
usemtl LeafMat
f 427/436/291 430/437/291 429/438/291 428/439/291
o Leaf_033
v 0.290547 1.841135 -0.560231
v 0.358825 1.991650 -0.537507
v 0.323064 1.973815 -0.311930
v 0.254786 1.823301 -0.334654
vn -0.8990 0.4242 -0.1090
vt 0.000000 0.000000
vt 0.000000 1.000000
vt 1.000000 1.000000
vt 1.000000 0.000000
s 0
usemtl LeafMat
f 431/440/292 434/441/292 433/442/292 432/443/292
o Leaf_034
v 0.341609 1.784507 -0.927728
v 0.196499 1.873902 -0.917802
v 0.208270 1.918057 -1.143391
v 0.353379 1.828661 -1.153316
vn 0.5244 0.8301 0.1898
vt 0.000000 0.000000
vt 0.000000 1.000000
vt 1.000000 1.000000
vt 1.000000 0.000000
s 0
usemtl LeafMat
f 435/444/293 438/445/293 437/446/293 436/447/293
o Leaf_035
v 0.561404 1.736558 -0.618802
v 0.747475 1.744303 -0.592577
v 0.760220 1.957099 -0.745842
v 0.574148 1.949354 -0.772067
vn -0.1371 0.5843 0.7999
vt 0.000000 0.000000
vt 1.000000 0.000000
vt 1.000000 1.000000
vt 0.000000 1.000000
s 0
usemtl LeafMat
f 439/448/294 440/449/294 441/450/294 442/451/294
o Leaf_036
v 0.253169 1.974558 -0.970018
v 0.121533 2.032817 -0.861744
v 0.136359 2.240027 -0.955213
v 0.267995 2.181768 -1.063486
vn 0.6795 0.2607 0.6858
vt 0.000000 0.000000
vt 1.000000 0.000000
vt 1.000000 1.000000
vt 0.000000 1.000000
s 0
usemtl LeafMat
f 443/452/295 446/453/295 445/454/295 444/455/295
o Leaf_037
v 0.368084 1.868002 -0.878172
v 0.377093 1.900521 -0.724009
v 0.576459 2.060245 -0.769352
v 0.567450 2.027726 -0.923514
vn -0.6374 0.7606 -0.1232
vt 0.000000 0.000000
vt 0.000000 1.000000
vt 1.000000 1.000000
vt 1.000000 0.000000
s 0
usemtl LeafMat
f 447/456/296 448/457/296 449/458/296 450/459/296
o Leaf_038
v 0.303659 1.817168 -0.453806
v 0.228243 2.017721 -0.446770
v 0.319842 2.045788 -0.264959
v 0.395258 1.845234 -0.271995
vn 0.8232 0.3258 -0.4650
vt 0.000000 0.000000
vt 1.000000 0.000000
vt 1.000000 1.000000
vt 0.000000 1.000000
s 0
usemtl LeafMat
f 451/460/297 452/461/297 453/462/297 454/463/297
o Leaf_039
v 0.465546 1.742370 -0.701767
v 0.554450 1.875172 -0.718730
v 0.572761 1.897941 -0.444513
v 0.483857 1.765139 -0.427550
vn -0.8304 0.5571 0.0092
vt 0.000000 0.000000
vt 1.000000 0.000000
vt 1.000000 1.000000
vt 0.000000 1.000000
s 0
usemtl LeafMat
f 455/464/298 458/465/298 457/466/298 456/467/298
o Leaf_040
v 0.320453 2.036252 -0.676849
v 0.155059 2.048144 -0.702321
v 0.170975 2.293956 -0.690905
v 0.336370 2.282063 -0.665434
vn 0.1546 0.0358 -0.9873
vt 0.000000 0.000000
vt 0.000000 1.000000
vt 1.000000 1.000000
vt 1.000000 0.000000
s 0
usemtl LeafMat
f 459/468/299 460/469/299 461/470/299 462/471/299
o Leaf_041
v 0.134976 2.288106 -0.661880
v 0.080750 2.466869 -0.717432
v 0.289118 2.555074 -0.636990
v 0.343344 2.376312 -0.581437
vn -0.4120 0.1541 0.8981
vt 0.000000 0.000000
vt 0.000000 1.000000
vt 1.000000 1.000000
vt 1.000000 0.000000
s 0
usemtl LeafMat
f 463/472/300 466/473/300 465/474/300 464/475/300
o Leaf_042
v 0.326746 1.975048 -0.647587
v 0.234228 2.086602 -0.728327
v 0.413715 2.242051 -0.719223
v 0.506233 2.130497 -0.638483
vn -0.3441 0.3462 0.8727
vt 0.000000 0.000000
vt 0.000000 1.000000
vt 1.000000 1.000000
vt 1.000000 0.000000
s 0
usemtl LeafMat
f 467/476/301 470/477/301 469/478/301 468/479/301
o Leaf_043
v 0.378372 2.115107 -0.636168
v 0.239175 2.142822 -0.745222
v 0.218412 2.411474 -0.650444
v 0.357609 2.383759 -0.541391
vn 0.6244 0.3023 -0.7202
vt 0.000000 0.000000
vt 0.000000 1.000000
vt 1.000000 1.000000
vt 1.000000 0.000000
s 0
usemtl LeafMat
f 471/480/302 472/481/302 473/482/302 474/483/302
o Leaf_044
v 0.287670 2.208485 -0.762563
v 0.279567 2.280458 -0.640217
v 0.588557 2.315367 -0.640287
v 0.596660 2.243394 -0.762633
vn -0.0967 0.8551 -0.5094
vt 0.000000 0.000000
vt 0.000000 1.000000
vt 1.000000 1.000000
vt 1.000000 0.000000
s 0
usemtl LeafMat
f 475/484/303 476/485/303 477/486/303 478/487/303
o Leaf_045
v 0.253243 1.971272 -0.795927
v 0.163316 1.973941 -0.996599
v 0.187697 2.220312 -1.004249
v 0.277625 2.217643 -0.803576
vn -0.9072 0.1024 0.4079
vt 0.000000 0.000000
vt 1.000000 0.000000
vt 1.000000 1.000000
vt 0.000000 1.000000
s 0
usemtl LeafMat
f 479/488/304 482/489/304 481/490/304 480/491/304
o Leaf_046
v 0.232852 2.159644 -0.688421
v 0.280032 2.254345 -0.559672
v 0.165638 2.452559 -0.663548
v 0.118458 2.357858 -0.792298
vn 0.8442 0.2346 -0.4819
vt 0.000000 0.000000
vt 1.000000 0.000000
vt 1.000000 1.000000
vt 0.000000 1.000000
s 0
usemtl LeafMat
f 483/492/305 486/493/305 485/494/305 484/495/305
o Leaf_047
v -0.494660 1.842182 -0.489706
v -0.366439 1.956112 -0.598379
v -0.612286 2.165049 -0.669406
v -0.740507 2.051119 -0.560733
vn 0.2179 0.5340 0.8169
vt 0.000000 0.000000
vt 1.000000 0.000000
vt 1.000000 1.000000
vt 0.000000 1.000000
s 0
usemtl LeafMat
f 487/496/306 488/497/306 489/498/306 490/499/306
o Leaf_048
v -0.716240 2.102437 -0.886090
v -0.655759 2.226341 -0.918324
v -0.550223 2.229201 -0.709307
v -0.610704 2.105298 -0.677073
vn -0.7839 0.4839 0.3892
vt 0.000000 0.000000
vt 1.000000 0.000000
vt 1.000000 1.000000
vt 0.000000 1.000000
s 0
usemtl LeafMat
f 491/500/307 494/501/307 493/502/307 492/503/307
o Leaf_049
v -0.724843 1.956581 -0.042815
v -0.566509 1.992865 -0.085988
v -0.616300 2.222011 -0.076014
v -0.774634 2.185727 -0.032840
vn 0.2600 0.0145 0.9655
vt 0.000000 0.000000
vt 1.000000 0.000000
vt 1.000000 1.000000
vt 0.000000 1.000000
s 0
usemtl LeafMat
f 495/504/308 496/505/308 497/506/308 498/507/308
o Leaf_050
v -0.506911 1.927810 -0.483047
v -0.589957 2.107665 -0.546734
v -0.733771 2.104568 -0.367950
v -0.650725 1.924713 -0.304263
vn 0.6693 0.5028 0.5471
vt 0.000000 0.000000
vt 0.000000 1.000000
vt 1.000000 1.000000
vt 1.000000 0.000000
s 0
usemtl LeafMat
f 499/508/309 500/509/309 501/510/309 502/511/309
o Leaf_051
v -0.296805 2.205033 -0.420073
v -0.452581 2.226072 -0.420242
v -0.419470 2.470940 -0.456315
v -0.263693 2.449900 -0.456147
vn 0.0183 0.1433 0.9895
vt 0.000000 0.000000
vt 0.000000 1.000000
vt 1.000000 1.000000
vt 1.000000 0.000000
s 0
usemtl LeafMat
f 503/512/310 506/513/310 505/514/310 504/515/310
o Leaf_052
v -0.418845 2.003872 -0.558645
v -0.451765 2.144654 -0.568495
v -0.255376 2.193392 -0.528260
v -0.222456 2.052611 -0.518409
vn -0.2055 0.0204 0.9784
vt 0.000000 0.000000
vt 0.000000 1.000000
vt 1.000000 1.000000
vt 1.000000 0.000000
s 0
usemtl LeafMat
f 507/516/311 510/517/311 509/518/311 508/519/311
o Leaf_053
v -0.196060 2.064153 -0.503630
v -0.394425 2.111539 -0.484897
v -0.344752 2.336483 -0.527915
v -0.146387 2.289096 -0.546648
vn 0.1303 0.1584 0.9787
vt 0.000000 0.000000
vt 1.000000 0.000000
vt 1.000000 1.000000
vt 0.000000 1.000000
s 0
usemtl LeafMat
f 511/520/312 514/521/312 513/522/312 512/523/312
o Leaf_054
v -0.649182 1.910702 -0.422635
v -0.529055 1.967297 -0.313905
v -0.551520 2.160777 -0.389794
v -0.671647 2.104182 -0.498523
vn -0.7061 0.1860 0.6833
vt 0.000000 0.000000
vt 0.000000 1.000000
vt 1.000000 1.000000
vt 1.000000 0.000000
s 0
usemtl LeafMat
f 515/524/313 516/525/313 517/526/313 518/527/313
o Leaf_055
v -0.493961 2.339424 -0.406305
v -0.649118 2.360482 -0.466681
v -0.628695 2.673585 -0.409962
v -0.473538 2.652528 -0.349586
vn 0.3756 0.1414 -0.9159
vt 0.000000 0.000000
vt 0.000000 1.000000
vt 1.000000 1.000000
vt 1.000000 0.000000
s 0
usemtl LeafMat
f 519/528/314 520/529/314 521/530/314 522/531/314
o Leaf_056
v -0.272623 1.938282 -0.511058
v -0.106482 2.006653 -0.549270
v -0.233901 2.239147 -0.687286
v -0.400043 2.170777 -0.649074
vn -0.0101 0.5064 0.8623
vt 0.000000 0.000000
vt 0.000000 1.000000
vt 1.000000 1.000000
vt 1.000000 0.000000
s 0
usemtl LeafMat
f 523/532/315 524/533/315 525/534/315 526/535/315
o Leaf_057
v -0.638952 2.144323 -0.376949
v -0.562958 2.184116 -0.509620
v -0.544935 2.447689 -0.420242
v -0.620930 2.407896 -0.287571
vn -0.8743 0.2084 -0.4383
vt 0.000000 0.000000
vt 0.000000 1.000000
vt 1.000000 1.000000
vt 1.000000 0.000000
s 0
usemtl LeafMat
f 527/536/316 530/537/316 529/538/316 528/539/316
o Leaf_058
v -0.314955 1.816869 -0.633376
v -0.410275 1.848213 -0.459762
v -0.132175 1.791088 -0.296761
v -0.036854 1.759743 -0.470375
vn 0.2289 0.9722 -0.0498
vt 0.000000 0.000000
vt 1.000000 0.000000
vt 1.000000 1.000000
vt 0.000000 1.000000
s 0
usemtl LeafMat
f 531/540/317 532/541/317 533/542/317 534/543/317
o Leaf_059
v -0.531961 2.009473 -0.466379
v -0.376812 2.021629 -0.530228
v -0.450533 2.306848 -0.655058
v -0.605681 2.294691 -0.591209
vn 0.3102 0.4473 0.8389
vt 0.000000 0.000000
vt 1.000000 0.000000
vt 1.000000 1.000000
vt 0.000000 1.000000
s 0
usemtl LeafMat
f 535/544/318 536/545/318 537/546/318 538/547/318
o Leaf_060
v -0.845870 2.144350 -0.600534
v -0.770575 2.148062 -0.447979
v -0.802631 2.427714 -0.438962
v -0.877926 2.424002 -0.591517
vn 0.8895 0.1162 -0.4419
vt 0.000000 0.000000
vt 1.000000 0.000000
vt 1.000000 1.000000
vt 0.000000 1.000000
s 0
usemtl LeafMat
f 539/548/319 542/549/319 541/550/319 540/551/319
o Leaf_061
v -0.510771 1.936807 -0.583213
v -0.488285 2.027701 -0.699431
v -0.725179 2.101566 -0.687496
v -0.747665 2.010672 -0.571277
vn 0.2608 0.7353 0.6255
vt 0.000000 0.000000
vt 1.000000 0.000000
vt 1.000000 1.000000
vt 0.000000 1.000000
s 0
usemtl LeafMat
f 543/552/320 544/553/320 545/554/320 546/555/320
o Leaf_062
v -0.532886 1.989224 -0.416611
v -0.587337 2.023415 -0.623003
v -0.588242 2.234895 -0.587730
v -0.533790 2.200705 -0.381338
vn 0.9677 0.0455 -0.2478
vt 0.000000 0.000000
vt 0.000000 1.000000
vt 1.000000 1.000000
vt 1.000000 0.000000
s 0
usemtl LeafMat
f 547/556/321 548/557/321 549/558/321 550/559/321
o Leaf_063
v -0.530902 1.970869 -0.635617
v -0.636185 2.083095 -0.549717
v -0.781001 2.074101 -0.715459
v -0.675718 1.961875 -0.801360
vn 0.4592 0.7699 -0.4430
vt 0.000000 0.000000
vt 1.000000 0.000000
vt 1.000000 1.000000
vt 0.000000 1.000000
s 0
usemtl LeafMat
f 551/560/322 554/561/322 553/562/322 552/563/322
o Leaf_064
v -0.792414 1.874202 -0.866391
v -0.731303 2.013530 -0.964322
v -0.998064 2.196218 -0.870873
v -1.059175 2.056890 -0.772941
vn 0.5076 0.3352 0.7937
vt 0.000000 0.000000
vt 0.000000 1.000000
vt 1.000000 1.000000
vt 1.000000 0.000000
s 0
usemtl LeafMat
f 555/564/323 556/565/323 557/566/323 558/567/323
o Leaf_065
v -0.410122 1.956086 -0.677450
v -0.481894 2.021901 -0.542002
v -0.782199 2.017703 -0.699087
v -0.710427 1.951888 -0.834536
vn 0.1728 0.9188 -0.3549
vt 0.000000 0.000000
vt 1.000000 0.000000
vt 1.000000 1.000000
vt 0.000000 1.000000
s 0
usemtl LeafMat
f 559/568/324 562/569/324 561/570/324 560/571/324
o Leaf_066
v -0.442983 2.172891 -0.591463
v -0.478040 2.261258 -0.402782
v -0.674062 2.279394 -0.447698
v -0.639004 2.191027 -0.636378
vn 0.1733 0.9039 -0.3911
vt 0.000000 0.000000
vt 1.000000 0.000000
vt 1.000000 1.000000
vt 0.000000 1.000000
s 0
usemtl LeafMat
f 563/572/325 566/573/325 565/574/325 564/575/325
o Leaf_067
v -0.447532 1.824122 -0.260872
v -0.589297 1.827544 -0.256620
v -0.582139 1.765304 0.032125
v -0.440374 1.761882 0.027874
vn 0.0299 0.9773 0.2099
vt 0.000000 0.000000
vt 1.000000 0.000000
vt 1.000000 1.000000
vt 0.000000 1.000000
s 0
usemtl LeafMat
f 567/576/326 568/577/326 569/578/326 570/579/326
o Leaf_068
v -0.549030 2.005688 -0.544342
v -0.578952 2.071585 -0.713241
v -0.262910 2.136686 -0.743831
v -0.232988 2.070788 -0.574932
vn -0.1508 0.9116 0.3824
vt 0.000000 0.000000
vt 1.000000 0.000000
vt 1.000000 1.000000
vt 0.000000 1.000000
s 0
usemtl LeafMat
f 571/580/327 574/581/327 573/582/327 572/583/327
o Leaf_069
v -0.416473 2.070647 0.340414
v -0.525448 2.124234 0.457826
v -0.734638 2.146451 0.253529
v -0.625663 2.092864 0.136117
vn 0.2737 0.9453 -0.1774
vt 0.000000 0.000000
vt 0.000000 1.000000
vt 1.000000 1.000000
vt 1.000000 0.000000
s 0
usemtl LeafMat
f 575/584/328 578/585/328 577/586/328 576/587/328
o Leaf_070
v -0.554073 1.943825 0.284367
v -0.413359 2.058928 0.341497
v -0.525591 2.087092 0.561189
v -0.666305 1.971988 0.504059
vn -0.5004 0.7889 -0.3568
vt 0.000000 0.000000
vt 0.000000 1.000000
vt 1.000000 1.000000
vt 1.000000 0.000000
s 0
usemtl LeafMat
f 579/588/329 582/589/329 581/590/329 580/591/329
o Leaf_071
v -0.498504 1.937387 0.269305
v -0.622775 2.077547 0.284993
v -0.609150 2.126853 -0.047580
v -0.484879 1.986692 -0.063268
vn 0.7492 0.6500 0.1271
vt 0.000000 0.000000
vt 0.000000 1.000000
vt 1.000000 1.000000
vt 1.000000 0.000000
s 0
usemtl LeafMat
f 583/592/330 586/593/330 585/594/330 584/595/330
o Leaf_072
v -0.438985 2.052927 0.223678
v -0.508388 2.190176 0.299091
v -0.448116 2.350412 0.062932
v -0.378714 2.213163 -0.012480
vn 0.8906 0.2371 0.3881
vt 0.000000 0.000000
vt 0.000000 1.000000
vt 1.000000 1.000000
vt 1.000000 0.000000
s 0
usemtl LeafMat
f 587/596/331 590/597/331 589/598/331 588/599/331
o Leaf_073
v -0.345721 2.061820 0.226757
v -0.413124 2.143782 0.088185
v -0.559502 2.277506 0.238481
v -0.492099 2.195545 0.377052
vn 0.7104 0.7004 0.0687
vt 0.000000 0.000000
vt 1.000000 0.000000
vt 1.000000 1.000000
vt 0.000000 1.000000
s 0
usemtl LeafMat
f 591/600/332 592/601/332 593/602/332 594/603/332
o Leaf_074
v -0.366083 2.048315 0.286492
v -0.551213 2.070261 0.366734
v -0.601939 2.304533 0.185630
v -0.416809 2.282588 0.105388
vn 0.3735 0.6166 0.6930
vt 0.000000 0.000000
vt 1.000000 0.000000
vt 1.000000 1.000000
vt 0.000000 1.000000
s 0
usemtl LeafMat
f 595/604/333 598/605/333 597/606/333 596/607/333
o Leaf_075
v -0.300324 1.768758 0.265780
v -0.256708 1.939812 0.252801
v -0.222764 1.956075 0.581197
v -0.266381 1.785021 0.594177
vn -0.9637 0.2523 0.0871
vt 0.000000 0.000000
vt 0.000000 1.000000
vt 1.000000 1.000000
vt 1.000000 0.000000
s 0
usemtl LeafMat
f 599/608/334 602/609/334 601/610/334 600/611/334
o Leaf_076
v -0.429063 1.950713 0.375687
v -0.556256 2.075194 0.300053
v -0.377749 2.239656 0.270536
v -0.250555 2.115175 0.346170
vn -0.1854 0.3650 0.9124
vt 0.000000 0.000000
vt 1.000000 0.000000
vt 1.000000 1.000000
vt 0.000000 1.000000
s 0
usemtl LeafMat
f 603/612/335 606/613/335 605/614/335 604/615/335
o Leaf_077
v -0.463907 1.907193 0.341384
v -0.428925 2.084124 0.361108
v -0.105016 2.015871 0.398890
v -0.139998 1.838940 0.379166
vn 0.1329 0.0838 -0.9876
vt 0.000000 0.000000
vt 1.000000 0.000000
vt 1.000000 1.000000
vt 0.000000 1.000000
s 0
usemtl LeafMat
f 607/616/336 608/617/336 609/618/336 610/619/336
o Leaf_078
v -0.599913 1.933529 0.491588
v -0.562947 1.977788 0.356088
v -0.666803 2.175318 0.392276
v -0.703769 2.131058 0.527776
vn 0.8520 0.3825 0.3574
vt 0.000000 0.000000
vt 0.000000 1.000000
vt 1.000000 1.000000
vt 1.000000 0.000000
s 0
usemtl LeafMat
f 611/620/337 612/621/337 613/622/337 614/623/337
o Leaf_079
v -0.344707 2.033854 0.302557
v -0.316212 2.045330 0.501291
v -0.303114 2.302585 0.484558
v -0.331609 2.291110 0.285824
vn -0.9886 0.0593 0.1383
vt 0.000000 0.000000
vt 1.000000 0.000000
vt 1.000000 1.000000
vt 0.000000 1.000000
s 0
usemtl LeafMat
f 615/624/338 616/625/338 617/626/338 618/627/338
o Leaf_080
v -0.517885 1.984468 0.400194
v -0.451345 2.023490 0.240340
v -0.439056 2.253812 0.301680
v -0.505595 2.214789 0.461534
vn -0.9256 0.1427 -0.3505
vt 0.000000 0.000000
vt 0.000000 1.000000
vt 1.000000 1.000000
vt 1.000000 0.000000
s 0
usemtl LeafMat
f 619/628/339 622/629/339 621/630/339 620/631/339
o Leaf_081
v -0.575202 2.200383 0.408553
v -0.595159 2.256886 0.563816
v -0.554187 2.569962 0.455147
v -0.534230 2.513458 0.299885
vn -0.9852 0.0754 -0.1541
vt 0.000000 0.000000
vt 0.000000 1.000000
vt 1.000000 1.000000
vt 1.000000 0.000000
s 0
usemtl LeafMat
f 623/632/340 624/633/340 625/634/340 626/635/340
o Leaf_082
v -0.275360 1.715226 0.278215
v -0.295407 1.806771 0.114733
v -0.243383 2.000516 0.216845
v -0.223336 1.908971 0.380327
vn -0.9671 0.1522 0.2038
vt 0.000000 0.000000
vt 0.000000 1.000000
vt 1.000000 1.000000
vt 1.000000 0.000000
s 0
usemtl LeafMat
f 627/636/341 630/637/341 629/638/341 628/639/341
o Leaf_083
v -0.598185 1.863443 0.407898
v -0.442510 1.989164 0.456395
v -0.524682 1.966769 0.778230
v -0.680358 1.841048 0.729733
vn -0.6061 0.7891 -0.0999
vt 0.000000 0.000000
vt 0.000000 1.000000
vt 1.000000 1.000000
vt 1.000000 0.000000
s 0
usemtl LeafMat
f 631/640/342 634/641/342 633/642/342 632/643/342
o Leaf_084
v -0.614831 2.137822 0.482550
v -0.659686 2.201995 0.290834
v -0.464861 2.165742 0.233115
v -0.420005 2.101568 0.424831
vn 0.2493 0.9344 0.2545
vt 0.000000 0.000000
vt 0.000000 1.000000
vt 1.000000 1.000000
vt 1.000000 0.000000
s 0
usemtl LeafMat
f 635/644/343 638/645/343 637/646/343 636/647/343
o Leaf_085
v -0.543335 2.170566 0.209434
v -0.445797 2.177497 0.363815
v -0.431788 2.381913 0.345787
v -0.529325 2.374983 0.191406
vn -0.8429 0.1043 0.5279
vt 0.000000 0.000000
vt 1.000000 0.000000
vt 1.000000 1.000000
vt 0.000000 1.000000
s 0
usemtl LeafMat
f 639/648/344 640/649/344 641/650/344 642/651/344
o Leaf_086
v -0.355471 1.937908 0.234410
v -0.310800 2.012694 0.375621
v -0.584169 2.208178 0.358570
v -0.628840 2.133393 0.217359
vn 0.5173 0.6778 -0.5226
vt 0.000000 0.000000
vt 1.000000 0.000000
vt 1.000000 1.000000
vt 0.000000 1.000000
s 0
usemtl LeafMat
f 643/652/345 646/653/345 645/654/345 644/655/345
o Leaf_087
v -0.361938 2.168840 0.368240
v -0.448169 2.250778 0.456273
v -0.245727 2.428519 0.489138
v -0.159495 2.346580 0.401105
vn -0.3225 0.5143 -0.7946
vt 0.000000 0.000000
vt 0.000000 1.000000
vt 1.000000 1.000000
vt 1.000000 0.000000
s 0
usemtl LeafMat
f 647/656/346 648/657/346 649/658/346 650/659/346
o Leaf_088
v -0.658314 1.927180 0.368296
v -0.474906 1.964051 0.461868
v -0.502946 2.257396 0.401240
v -0.686354 2.220526 0.307668
vn -0.4717 0.1350 0.8714
vt 0.000000 0.000000
vt 0.000000 1.000000
vt 1.000000 1.000000
vt 1.000000 0.000000
s 0
usemtl LeafMat
f 651/660/347 652/661/347 653/662/347 654/663/347
o Leaf_089
v -0.308181 2.162138 0.344698
v -0.185350 2.227874 0.361500
v -0.191293 2.161810 0.663413
v -0.314124 2.096074 0.646611
vn -0.4831 0.8572 0.1781
vt 0.000000 0.000000
vt 1.000000 0.000000
vt 1.000000 1.000000
vt 0.000000 1.000000
s 0
usemtl LeafMat
f 655/664/348 658/665/348 657/666/348 656/667/348
o Leaf_090
v -0.506243 1.984648 0.257168
v -0.679969 2.081600 0.289654
v -0.745289 2.034054 0.082241
v -0.571563 1.937102 0.049754
vn 0.4137 0.8503 -0.3252
vt 0.000000 0.000000
vt 0.000000 1.000000
vt 1.000000 1.000000
vt 1.000000 0.000000
s 0
usemtl LeafMat
f 659/668/349 662/669/349 661/670/349 660/671/349
o Leaf_091
v -0.465053 2.056240 0.351019
v -0.504438 2.214480 0.284349
v -0.401402 2.312769 0.456769
v -0.362017 2.154529 0.523439
vn -0.8589 0.0020 0.5121
vt 0.000000 0.000000
vt 1.000000 0.000000
vt 1.000000 1.000000
vt 0.000000 1.000000
s 0
usemtl LeafMat
f 663/672/350 666/673/350 665/674/350 664/675/350
o Leaf_092
v -0.446124 2.236341 0.468751
v -0.554500 2.275577 0.358299
v -0.507969 2.582488 0.421666
v -0.399594 2.543253 0.532117
vn 0.7194 0.0342 -0.6937
vt 0.000000 0.000000
vt 0.000000 1.000000
vt 1.000000 1.000000
vt 1.000000 0.000000
s 0
usemtl LeafMat
f 667/676/351 668/677/351 669/678/351 670/679/351
o Leaf_093
v -0.377860 1.993456 0.215135
v -0.352420 2.073162 0.332264
v -0.419097 2.291311 0.198297
v -0.444536 2.211605 0.081167
vn 0.9514 0.1156 -0.2853
vt 0.000000 0.000000
vt 0.000000 1.000000
vt 1.000000 1.000000
vt 1.000000 0.000000
s 0
usemtl LeafMat
f 671/680/352 674/681/352 673/682/352 672/683/352
o Leaf_094
v -0.342509 2.059050 0.668231
v -0.524345 2.104846 0.582395
v -0.400727 2.332143 0.441792
v -0.218891 2.286346 0.527628
vn -0.2152 0.5957 0.7738
vt 0.000000 0.000000
vt 0.000000 1.000000
vt 1.000000 1.000000
vt 1.000000 0.000000
s 0
usemtl LeafMat
f 675/684/353 678/685/353 677/686/353 676/687/353
o Leaf_095
v -0.458986 2.058649 0.360373
v -0.423415 2.178967 0.294385
v -0.186733 2.209859 0.478296
v -0.222304 2.089541 0.544284
vn -0.5657 0.5188 0.6409
vt 0.000000 0.000000
vt 0.000000 1.000000
vt 1.000000 1.000000
vt 1.000000 0.000000
s 0
usemtl LeafMat
f 679/688/354 682/689/354 681/690/354 680/691/354
o Leaf_096
v -0.053126 2.031387 1.081411
v 0.023476 2.096699 0.958321
v 0.069768 2.331119 1.111514
v -0.006834 2.265806 1.234605
vn -0.8610 0.3863 -0.3309
vt 0.000000 0.000000
vt 0.000000 1.000000
vt 1.000000 1.000000
vt 1.000000 0.000000
s 0
usemtl LeafMat
f 683/692/355 686/693/355 685/694/355 684/695/355
o Leaf_097
v 0.210342 2.110227 0.643647
v 0.274223 2.226595 0.588704
v 0.059902 2.379244 0.662825
v -0.003979 2.262876 0.717767
vn 0.4332 0.1793 0.8833
vt 0.000000 0.000000
vt 0.000000 1.000000
vt 1.000000 1.000000
vt 1.000000 0.000000
s 0
usemtl LeafMat
f 687/696/356 688/697/356 689/698/356 690/699/356
o Leaf_098
v 0.136182 1.954055 0.621048
v 0.182651 2.149360 0.614658
v -0.071125 2.213579 0.731956
v -0.117594 2.018274 0.738346
vn -0.4047 0.0665 -0.9120
vt 0.000000 0.000000
vt 0.000000 1.000000
vt 1.000000 1.000000
vt 1.000000 0.000000
s 0
usemtl LeafMat
f 691/700/357 694/701/357 693/702/357 692/703/357
o Leaf_099
v 0.071020 2.368501 0.562124
v 0.273700 2.372108 0.515306
v 0.234645 2.637097 0.366646
v 0.031965 2.633491 0.413464
vn 0.1862 0.5014 0.8449
vt 0.000000 0.000000
vt 1.000000 0.000000
vt 1.000000 1.000000
vt 0.000000 1.000000
s 0
usemtl LeafMat
f 695/704/358 696/705/358 697/706/358 698/707/358
o Leaf_100
v 0.113302 1.817818 0.965701
v 0.142675 1.931548 0.817865
v 0.007409 2.061619 0.891054
v -0.021963 1.947889 1.038890
vn 0.7245 0.4693 0.5049
vt 0.000000 0.000000
vt 0.000000 1.000000
vt 1.000000 1.000000
vt 1.000000 0.000000
s 0
usemtl LeafMat
f 699/708/359 700/709/359 701/710/359 702/711/359
o Leaf_101
v 0.229710 1.962301 0.622584
v 0.085967 2.097067 0.548554
v 0.172608 2.077436 0.344588
v 0.316351 1.942670 0.418618
vn 0.6180 0.7631 0.1891
vt 0.000000 0.000000
vt 1.000000 0.000000
vt 1.000000 1.000000
vt 0.000000 1.000000
s 0
usemtl LeafMat
f 703/712/360 706/713/360 705/714/360 704/715/360
o Leaf_102
v 0.149746 2.083819 0.483817
v 0.164661 2.113397 0.650750
v 0.149450 2.394664 0.602273
v 0.134534 2.365086 0.435340
vn 0.9947 0.0373 -0.0955
vt 0.000000 0.000000
vt 0.000000 1.000000
vt 1.000000 1.000000
vt 1.000000 0.000000
s 0
usemtl LeafMat
f 707/716/361 710/717/361 709/718/361 708/719/361
o Leaf_103
v -0.045958 1.895426 0.632071
v -0.001242 1.945055 0.489169
v 0.144092 2.193326 0.620868
v 0.099375 2.143698 0.763770
vn -0.8418 0.5341 -0.0779
vt 0.000000 0.000000
vt 0.000000 1.000000
vt 1.000000 1.000000
vt 1.000000 0.000000
s 0
usemtl LeafMat
f 711/720/362 714/721/362 713/722/362 712/723/362
o Leaf_104
v -0.204876 1.764771 0.659661
v -0.080657 1.857072 0.735473
v -0.184468 2.051903 0.668361
v -0.308687 1.959602 0.592549
vn -0.5273 0.0117 0.8496
vt 0.000000 0.000000
vt 0.000000 1.000000
vt 1.000000 1.000000
vt 1.000000 0.000000
s 0
usemtl LeafMat
f 715/724/363 716/725/363 717/726/363 718/727/363
o Leaf_105
v 0.319059 2.261955 0.397885
v 0.225844 2.380234 0.418619
v 0.199697 2.410545 0.128147
v 0.292912 2.292266 0.107413
vn 0.7849 0.6196 -0.0060
vt 0.000000 0.000000
vt 1.000000 0.000000
vt 1.000000 1.000000
vt 0.000000 1.000000
s 0
usemtl LeafMat
f 719/728/364 722/729/364 721/730/364 720/731/364
o Leaf_106
v -0.113419 2.167432 0.799734
v -0.149976 2.230747 0.667180
v -0.155605 2.433670 0.765660
v -0.119048 2.370355 0.898214
vn 0.9701 0.1273 -0.2068
vt 0.000000 0.000000
vt 0.000000 1.000000
vt 1.000000 1.000000
vt 1.000000 0.000000
s 0
usemtl LeafMat
f 723/732/365 724/733/365 725/734/365 726/735/365
o Leaf_107
v 0.173067 2.001006 0.725821
v 0.102917 2.197165 0.713576
v 0.326269 2.282945 0.808194
v 0.396418 2.086786 0.820439
vn 0.3652 0.0727 -0.9281
vt 0.000000 0.000000
vt 0.000000 1.000000
vt 1.000000 1.000000
vt 1.000000 0.000000
s 0
usemtl LeafMat
f 727/736/366 728/737/366 729/738/366 730/739/366
o Leaf_108
v 0.008539 2.050566 0.237380
v -0.145127 2.064550 0.179269
v -0.174325 2.343057 0.323500
v -0.020659 2.329073 0.381611
vn 0.3505 0.4594 -0.8162
vt 0.000000 0.000000
vt 0.000000 1.000000
vt 1.000000 1.000000
vt 1.000000 0.000000
s 0
usemtl LeafMat
f 731/740/367 732/741/367 733/742/367 734/743/367
o Leaf_109
v 0.151146 2.000464 0.575353
v 0.274403 2.046128 0.650793
v 0.182178 2.299386 0.648177
v 0.058921 2.253722 0.572737
vn 0.4706 0.1624 -0.8673
vt 0.000000 0.000000
vt 1.000000 0.000000
vt 1.000000 1.000000
vt 0.000000 1.000000
s 0
usemtl LeafMat
f 735/744/368 738/745/368 737/746/368 736/747/368
o Leaf_110
v 0.284154 1.993531 0.574547
v 0.081453 2.025187 0.627036
v 0.107662 2.261416 0.585780
v 0.310362 2.229760 0.533290
vn 0.2683 0.1368 0.9536
vt 0.000000 0.000000
vt 1.000000 0.000000
vt 1.000000 1.000000
vt 0.000000 1.000000
s 0
usemtl LeafMat
f 739/748/369 742/749/369 741/750/369 740/751/369
o Leaf_111
v 0.137217 2.292813 0.601573
v 0.186493 2.436819 0.545741
v 0.046480 2.419317 0.377026
v -0.002796 2.275311 0.432859
vn -0.7088 0.4524 0.5413
vt 0.000000 0.000000
vt 1.000000 0.000000
vt 1.000000 1.000000
vt 0.000000 1.000000
s 0
usemtl LeafMat
f 743/752/370 744/753/370 745/754/370 746/755/370
o Leaf_112
v 0.148403 2.140482 0.549276
v 0.081643 2.269432 0.626837
v 0.312694 2.441782 0.539170
v 0.379454 2.312832 0.461608
vn -0.4974 0.2433 -0.8327
vt 0.000000 0.000000
vt 1.000000 0.000000
vt 1.000000 1.000000
vt 0.000000 1.000000
s 0
usemtl LeafMat
f 747/756/371 748/757/371 749/758/371 750/759/371
o Leaf_113
v 0.139558 1.968064 0.662195
v 0.167701 2.121044 0.513591
v 0.208068 2.279833 0.684700
v 0.179925 2.126852 0.833305
vn -0.9767 0.2122 0.0335
vt 0.000000 0.000000
vt 0.000000 1.000000
vt 1.000000 1.000000
vt 1.000000 0.000000
s 0
usemtl LeafMat
f 751/760/372 754/761/372 753/762/372 752/763/372
o Leaf_114
v -0.078052 2.061523 0.070596
v -0.114882 2.259606 0.013596
v -0.412617 2.171268 -0.101012
v -0.375788 1.973186 -0.044012
vn -0.4002 0.1839 0.8978
vt 0.000000 0.000000
vt 1.000000 0.000000
vt 1.000000 1.000000
vt 0.000000 1.000000
s 0
usemtl LeafMat
f 755/764/373 756/765/373 757/766/373 758/767/373
o Leaf_115
v -0.206938 1.743419 -0.201446
v -0.200532 1.835744 -0.026832
v -0.294429 1.999718 -0.110086
v -0.300835 1.907393 -0.284700
vn 0.8900 0.3887 -0.2382
vt 0.000000 0.000000
vt 1.000000 0.000000
vt 1.000000 1.000000
vt 0.000000 1.000000
s 0
usemtl LeafMat
f 759/768/374 762/769/374 761/770/374 760/771/374
o Leaf_116
v -0.021956 1.862079 -0.016478
v -0.129945 1.967284 0.027068
v 0.053960 2.163673 0.008667
v 0.161949 2.058468 -0.034879
vn -0.2478 0.1423 -0.9583
vt 0.000000 0.000000
vt 1.000000 0.000000
vt 1.000000 1.000000
vt 0.000000 1.000000
s 0
usemtl LeafMat
f 763/772/375 764/773/375 765/774/375 766/775/375
o Leaf_117
v -0.007855 1.980175 0.042988
v 0.047096 2.055574 -0.095333
v -0.150127 2.026835 -0.189350
v -0.205079 1.951436 -0.051029
vn -0.3009 0.8825 0.3615
vt 0.000000 0.000000
vt 1.000000 0.000000
vt 1.000000 1.000000
vt 0.000000 1.000000
s 0
usemtl LeafMat
f 767/776/376 768/777/376 769/778/376 770/779/376
o Leaf_118
v -0.059425 2.128027 0.053028
v 0.050653 2.222624 -0.067095
v -0.084516 2.481412 0.012835
v -0.194594 2.386816 0.132958
vn 0.6777 0.1304 0.7237
vt 0.000000 0.000000
vt 1.000000 0.000000
vt 1.000000 1.000000
vt 0.000000 1.000000
s 0
usemtl LeafMat
f 771/780/377 772/781/377 773/782/377 774/783/377
o Leaf_119
v -0.073428 2.145780 0.158149
v -0.104933 2.148937 0.004672
v 0.197327 2.136220 -0.057635
v 0.228831 2.133063 0.095842
vn 0.0444 0.9989 0.0114
vt 0.000000 0.000000
vt 0.000000 1.000000
vt 1.000000 1.000000
vt 1.000000 0.000000
s 0
usemtl LeafMat
f 775/784/378 778/785/378 777/786/378 776/787/378
o Leaf_120
v -0.315955 1.736127 0.028560
v -0.245959 1.812353 -0.088458
v -0.086858 1.944079 0.092519
v -0.156855 1.867853 0.209537
vn -0.6809 0.7293 0.0678
vt 0.000000 0.000000
vt 1.000000 0.000000
vt 1.000000 1.000000
vt 0.000000 1.000000
s 0
usemtl LeafMat
f 779/788/379 782/789/379 781/790/379 780/791/379
o Leaf_121
v -0.129629 1.764316 0.030333
v -0.110456 1.945770 -0.000302
v -0.039149 1.897509 -0.241525
v -0.058321 1.716055 -0.210890
vn -0.9549 0.0515 -0.2926
vt 0.000000 0.000000
vt 1.000000 0.000000
vt 1.000000 1.000000
vt 0.000000 1.000000
s 0
usemtl LeafMat
f 783/792/380 784/793/380 785/794/380 786/795/380
o Leaf_122
v -0.055691 1.908499 0.016963
v 0.094124 2.020575 0.030668
v -0.019360 2.149974 0.213021
v -0.169176 2.037898 0.199316
vn -0.3968 0.6138 -0.6825
vt 0.000000 0.000000
vt 1.000000 0.000000
vt 1.000000 1.000000
vt 0.000000 1.000000
s 0
usemtl LeafMat
f 787/796/381 790/797/381 789/798/381 788/799/381
o Leaf_123
v -0.350384 1.910008 -0.178125
v -0.282070 1.987251 -0.295369
v -0.517753 2.010985 -0.417058
v -0.586068 1.933742 -0.299813
vn -0.1591 0.8645 0.4768
vt 0.000000 0.000000
vt 0.000000 1.000000
vt 1.000000 1.000000
vt 1.000000 0.000000
s 0
usemtl LeafMat
f 791/800/382 792/801/382 793/802/382 794/803/382
o Leaf_124
v -0.083331 2.066294 0.049638
v -0.038125 2.117632 0.201788
v 0.038226 2.292274 0.120175
v -0.006980 2.240936 -0.031974
vn -0.8894 0.4425 0.1149
vt 0.000000 0.000000
vt 0.000000 1.000000
vt 1.000000 1.000000
vt 1.000000 0.000000
s 0
usemtl LeafMat
f 795/804/383 796/805/383 797/806/383 798/807/383
o Leaf_125
v 0.081491 2.121667 0.033063
v -0.066140 2.192384 -0.019173
v 0.055165 2.357698 -0.138209
v 0.202797 2.286982 -0.085973
vn -0.0053 0.5869 0.8096
vt 0.000000 0.000000
vt 1.000000 0.000000
vt 1.000000 1.000000
vt 0.000000 1.000000
s 0
usemtl LeafMat
f 799/808/384 802/809/384 801/810/384 800/811/384
o Leaf_126
v -0.270346 1.792490 -0.159059
v -0.169010 1.923082 -0.183907
v -0.200891 1.988372 0.029216
v -0.302228 1.857780 0.054064
vn -0.7826 0.5528 -0.2864
vt 0.000000 0.000000
vt 0.000000 1.000000
vt 1.000000 1.000000
vt 1.000000 0.000000
s 0
usemtl LeafMat
f 803/812/385 806/813/385 805/814/385 804/815/385
o Leaf_127
v -0.114499 2.109029 0.083818
v -0.200304 2.179829 -0.064755
v -0.264340 2.338543 0.047860
v -0.178535 2.267743 0.196433
vn 0.8298 0.5043 -0.2389
vt 0.000000 0.000000
vt 0.000000 1.000000
vt 1.000000 1.000000
vt 1.000000 0.000000
s 0
usemtl LeafMat
f 807/816/386 808/817/386 809/818/386 810/819/386
o Leaf_128
v 0.059898 1.973579 -0.037567
v -0.104083 1.995328 0.094778
v -0.115097 2.312057 0.029080
v 0.048884 2.290307 -0.103265
vn 0.6322 0.1784 0.7540
vt 0.000000 0.000000
vt 0.000000 1.000000
vt 1.000000 1.000000
vt 1.000000 0.000000
s 0
usemtl LeafMat
f 811/820/387 814/821/387 813/822/387 812/823/387
o Leaf_129
v 0.143372 1.912598 0.102748
v 0.228072 2.023675 0.064291
v 0.053030 2.181976 0.135993
v -0.031671 2.070899 0.174450
vn 0.3932 0.0184 0.9193
vt 0.000000 0.000000
vt 0.000000 1.000000
vt 1.000000 1.000000
vt 1.000000 0.000000
s 0
usemtl LeafMat
f 815/824/388 816/825/388 817/826/388 818/827/388
o Leaf_130
v 0.288857 1.714041 0.116027
v 0.178668 1.719624 0.266347
v 0.218904 1.941664 0.287594
v 0.329092 1.936081 0.137274
vn -0.7869 0.1985 -0.5842
vt 0.000000 0.000000
vt 0.000000 1.000000
vt 1.000000 1.000000
vt 1.000000 0.000000
s 0
usemtl LeafMat
f 819/828/389 820/829/389 821/830/389 822/831/389
o Leaf_131
v -0.040238 2.012924 0.211058
v -0.152751 2.084637 0.042075
v 0.079172 2.113539 -0.100080
v 0.191685 2.041826 0.068902
vn 0.0902 0.9370 0.3376
vt 0.000000 0.000000
vt 1.000000 0.000000
vt 1.000000 1.000000
vt 0.000000 1.000000
s 0
usemtl LeafMat
f 823/832/390 826/833/390 825/834/390 824/835/390
o Leaf_132
v -0.114685 2.129719 -0.133228
v -0.271749 2.212875 -0.229590
v -0.148157 2.179021 -0.460254
v 0.008908 2.095865 -0.363892
vn 0.4207 0.9024 0.0930
vt 0.000000 0.000000
vt 1.000000 0.000000
vt 1.000000 1.000000
vt 0.000000 1.000000
s 0
usemtl LeafMat
f 827/836/391 830/837/391 829/838/391 828/839/391
o Leaf_133
v -0.014601 1.811519 0.218869
v 0.066802 1.990209 0.303992
v 0.271615 1.998686 0.090334
v 0.190211 1.819996 0.005211
vn -0.6139 0.5496 -0.5667
vt 0.000000 0.000000
vt 0.000000 1.000000
vt 1.000000 1.000000
vt 1.000000 0.000000
s 0
usemtl LeafMat
f 831/840/392 832/841/392 833/842/392 834/843/392
o Leaf_134
v 0.224954 1.829676 -0.034709
v 0.354919 1.850020 0.036104
v 0.332510 2.151553 -0.009397
v 0.202545 2.131209 -0.080210
vn -0.4877 0.0947 0.8679
vt 0.000000 0.000000
vt 1.000000 0.000000
vt 1.000000 1.000000
vt 0.000000 1.000000
s 0
usemtl LeafMat
f 835/844/393 836/845/393 837/846/393 838/847/393
o Leaf_135
v 0.379794 1.937207 0.000830
v 0.332199 1.944395 0.157539
v 0.228195 2.161919 0.115975
v 0.275789 2.154731 -0.040734
vn 0.8573 0.4557 0.2395
vt 0.000000 0.000000
vt 0.000000 1.000000
vt 1.000000 1.000000
vt 1.000000 0.000000
s 0
usemtl LeafMat
f 839/848/394 842/849/394 841/850/394 840/851/394
o Leaf_136
v -0.125135 1.838390 0.076604
v -0.118309 1.918057 -0.093841
v -0.243559 2.076089 -0.024992
v -0.250384 1.996423 0.145453
vn 0.8082 0.5205 0.2756
vt 0.000000 0.000000
vt 1.000000 0.000000
vt 1.000000 1.000000
vt 0.000000 1.000000
s 0
usemtl LeafMat
f 843/852/395 844/853/395 845/854/395 846/855/395
o Leaf_137
v 0.191308 1.645097 0.033618
v 0.293185 1.720399 0.048837
v 0.214657 1.783674 0.261421
v 0.112780 1.708372 0.246201
vn -0.5011 0.7612 -0.4117
vt 0.000000 0.000000
vt 1.000000 0.000000
vt 1.000000 1.000000
vt 0.000000 1.000000
s 0
usemtl LeafMat
f 847/856/396 850/857/396 849/858/396 848/859/396
o Leaf_138
v 0.279465 1.718201 -0.113516
v 0.321699 1.771586 0.044957
v 0.435045 1.916606 -0.034103
v 0.392810 1.863222 -0.192577
vn -0.7873 0.6165 0.0021
vt 0.000000 0.000000
vt 0.000000 1.000000
vt 1.000000 1.000000
vt 1.000000 0.000000
s 0
usemtl LeafMat
f 851/860/397 852/861/397 853/862/397 854/863/397
o Leaf_139
v 0.326486 1.612617 -0.045376
v 0.239961 1.763910 -0.054079
v 0.358242 1.818882 -0.274387
v 0.444767 1.667589 -0.265684
vn 0.7353 0.4497 0.5070
vt 0.000000 0.000000
vt 1.000000 0.000000
vt 1.000000 1.000000
vt 0.000000 1.000000
s 0
usemtl LeafMat
f 855/864/398 858/865/398 857/866/398 856/867/398
o Leaf_140
v 0.588758 1.916744 0.017389
v 0.754314 1.957892 0.046392
v 0.709753 1.987514 0.258733
v 0.544196 1.946366 0.229730
vn -0.2079 0.9619 -0.1778
vt 0.000000 0.000000
vt 1.000000 0.000000
vt 1.000000 1.000000
vt 0.000000 1.000000
s 0
usemtl LeafMat
f 859/868/399 862/869/399 861/870/399 860/871/399
o Leaf_141
v 0.649064 1.951741 -0.128131
v 0.761858 1.988226 0.005944
v 0.822114 2.214273 -0.106261
v 0.709320 2.177788 -0.240337
vn -0.7408 0.4465 0.5017
vt 0.000000 0.000000
vt 0.000000 1.000000
vt 1.000000 1.000000
vt 1.000000 0.000000
s 0
usemtl LeafMat
f 863/872/400 864/873/400 865/874/400 866/875/400
o Leaf_142
v 0.650557 1.969935 -0.093167
v 0.761992 2.000543 -0.028127
v 0.853593 2.013900 -0.191356
v 0.742158 1.983291 -0.256396
vn -0.2357 0.9704 -0.0529
vt 0.000000 0.000000
vt 1.000000 0.000000
vt 1.000000 1.000000
vt 0.000000 1.000000
s 0
usemtl LeafMat
f 867/876/401 868/877/401 869/878/401 870/879/401
o Leaf_143
v 0.769279 1.959628 -0.040127
v 0.630888 1.991269 -0.087038
v 0.697966 2.031432 -0.257835
v 0.836358 1.999790 -0.210924
vn 0.1253 0.9537 0.2735
vt 0.000000 0.000000
vt 1.000000 0.000000
vt 1.000000 1.000000
vt 0.000000 1.000000
s 0
usemtl LeafMat
f 871/880/402 874/881/402 873/882/402 872/883/402
o Leaf_144
v 0.735027 1.902695 -0.100664
v 0.629382 2.028424 -0.033419
v 0.630841 2.127404 -0.216195
v 0.736485 2.001675 -0.283439
vn 0.8034 0.5208 0.2885
vt 0.000000 0.000000
vt 0.000000 1.000000
vt 1.000000 1.000000
vt 1.000000 0.000000
s 0
usemtl LeafMat
f 875/884/403 878/885/403 877/886/403 876/887/403
o Leaf_145
v 0.786503 1.920819 -0.012117
v 0.672956 2.051877 0.006546
v 0.871196 2.215232 0.065525
v 0.984743 2.084173 0.046862
vn 0.1018 0.2262 -0.9687
vt 0.000000 0.000000
vt 0.000000 1.000000
vt 1.000000 1.000000
vt 1.000000 0.000000
s 0
usemtl LeafMat
f 879/888/404 880/889/404 881/890/404 882/891/404
o Leaf_146
v 0.583349 1.963913 -0.045649
v 0.746590 1.989011 -0.082598
v 0.684728 2.136681 -0.255597
v 0.521487 2.111582 -0.218647
vn 0.0279 0.7652 0.6432
vt 0.000000 0.000000
vt 1.000000 0.000000
vt 1.000000 1.000000
vt 0.000000 1.000000
s 0
usemtl LeafMat
f 883/892/405 884/893/405 885/894/405 886/895/405
o Leaf_147
v 0.781700 1.918088 -0.011137
v 0.637852 1.936805 0.059939
v 0.708321 2.081888 0.164354
v 0.852170 2.063172 0.093277
vn -0.2693 0.6453 -0.7149
vt 0.000000 0.000000
vt 1.000000 0.000000
vt 1.000000 1.000000
vt 0.000000 1.000000
s 0
usemtl LeafMat
f 887/896/406 888/897/406 889/898/406 890/899/406
o Leaf_148
v 0.532941 1.812948 0.080587
v 0.586483 1.875563 -0.011747
v 0.716078 1.941302 0.107981
v 0.662537 1.878687 0.200316
vn -0.5823 0.7887 0.1972
vt 0.000000 0.000000
vt 1.000000 0.000000
vt 1.000000 1.000000
vt 0.000000 1.000000
s 0
usemtl LeafMat
f 891/900/407 894/901/407 893/902/407 892/903/407
o Leaf_149
v 0.591570 1.820809 0.083421
v 0.554381 1.857731 -0.080387
v 0.740960 2.062652 -0.076557
v 0.778149 2.025730 0.087251
vn -0.7072 0.6382 0.3044
vt 0.000000 0.000000
vt 1.000000 0.000000
vt 1.000000 1.000000
vt 0.000000 1.000000
s 0
usemtl LeafMat
f 895/904/408 898/905/408 897/906/408 896/907/408
o Leaf_150
v 0.598690 1.817492 0.029681
v 0.484502 1.838782 0.064115
v 0.557772 1.936247 0.246828
v 0.671961 1.914957 0.212394
vn 0.0201 0.8788 -0.4768
vt 0.000000 0.000000
vt 1.000000 0.000000
vt 1.000000 1.000000
vt 0.000000 1.000000
s 0
usemtl LeafMat
f 899/908/409 900/909/409 901/910/409 902/911/409
o Leaf_151
v 0.359244 1.836601 -0.042818
v 0.480432 1.880277 -0.049743
v 0.411419 2.063792 -0.100067
v 0.290231 2.020116 -0.093142
vn -0.0355 0.2519 0.9671
vt 0.000000 0.000000
vt 0.000000 1.000000
vt 1.000000 1.000000
vt 1.000000 0.000000
s 0
usemtl LeafMat
f 903/912/410 904/913/410 905/914/410 906/915/410
o Leaf_152
v 0.474331 1.791512 -0.115145
v 0.487628 1.895551 -0.009489
v 0.575136 2.079296 -0.201436
v 0.561838 1.975257 -0.307092
vn -0.9456 0.2833 -0.1599
vt 0.000000 0.000000
vt 1.000000 0.000000
vt 1.000000 1.000000
vt 0.000000 1.000000
s 0
usemtl LeafMat
f 907/916/411 908/917/411 909/918/411 910/919/411
o Leaf_153
v 0.500630 1.752499 -0.090621
v 0.383193 1.852110 -0.036063
v 0.315738 1.866364 -0.207284
v 0.433175 1.766752 -0.261843
vn 0.5914 0.7888 -0.1673
vt 0.000000 0.000000
vt 0.000000 1.000000
vt 1.000000 1.000000
vt 1.000000 0.000000
s 0
usemtl LeafMat
f 911/920/412 914/921/412 913/922/412 912/923/412
o Leaf_154
v 0.410715 1.763829 -0.104869
v 0.480794 1.825762 -0.024487
v 0.443786 2.026342 -0.146765
v 0.373706 1.964409 -0.227147
vn -0.8080 0.1908 0.5575
vt 0.000000 0.000000
vt 0.000000 1.000000
vt 1.000000 1.000000
vt 1.000000 0.000000
s 0
usemtl LeafMat
f 915/924/413 916/925/413 917/926/413 918/927/413
o Leaf_155
v 0.448849 1.774665 -0.106095
v 0.527424 1.849123 -0.010535
v 0.628942 1.935777 -0.161526
v 0.550368 1.861320 -0.257087
vn -0.6709 0.7411 -0.0258
vt 0.000000 0.000000
vt 1.000000 0.000000
vt 1.000000 1.000000
vt 0.000000 1.000000
s 0
usemtl LeafMat
f 919/928/414 920/929/414 921/930/414 922/931/414
o Leaf_156
v 0.217100 1.866268 -0.455885
v 0.212300 1.934781 -0.555082
v 0.200189 2.140465 -0.412434
v 0.204989 2.071952 -0.313237
vn 0.9980 0.0624 -0.0052
vt 0.000000 0.000000
vt 0.000000 1.000000
vt 1.000000 1.000000
vt 1.000000 0.000000
s 0
usemtl LeafMat
f 923/932/415 924/933/415 925/934/415 926/935/415
o Leaf_157
v 0.159043 1.800037 -0.638611
v 0.205908 1.910951 -0.540441
v 0.076904 2.072649 -0.661546
v 0.030039 1.961735 -0.759716
vn 0.7870 0.1877 -0.5877
vt 0.000000 0.000000
vt 1.000000 0.000000
vt 1.000000 1.000000
vt 0.000000 1.000000
s 0
usemtl LeafMat
f 927/936/416 930/937/416 929/938/416 928/939/416
o Leaf_158
v 0.159196 1.861575 -0.640230
v 0.188862 1.957941 -0.514377
v 0.041339 2.097754 -0.586657
v 0.011673 2.001388 -0.712510
vn 0.7060 0.4721 -0.5279
vt 0.000000 0.000000
vt 1.000000 0.000000
vt 1.000000 1.000000
vt 0.000000 1.000000
s 0
usemtl LeafMat
f 931/940/417 934/941/417 933/942/417 932/943/417
o Leaf_159
v 0.117123 1.906106 -0.560971
v 0.266537 1.907055 -0.465599
v 0.155752 2.086524 -0.293826
v 0.006338 2.085575 -0.389198
vn 0.3516 0.7514 -0.5583
vt 0.000000 0.000000
vt 0.000000 1.000000
vt 1.000000 1.000000
vt 1.000000 0.000000
s 0
usemtl LeafMat
f 935/944/418 938/945/418 937/946/418 936/947/418
o Leaf_160
v 0.140262 1.857055 -0.592475
v 0.208223 1.917249 -0.473276
v 0.000274 1.945350 -0.368906
v -0.067687 1.885155 -0.488105
vn -0.0835 0.9079 -0.4108
vt 0.000000 0.000000
vt 0.000000 1.000000
vt 1.000000 1.000000
vt 1.000000 0.000000
s 0
usemtl LeafMat
f 939/948/419 942/949/419 941/950/419 940/951/419
o Leaf_161
v 0.131194 1.596708 -0.179754
v 0.109951 1.718593 -0.154482
v 0.332726 1.738151 -0.061549
v 0.353970 1.616266 -0.086821
vn 0.3542 0.2487 -0.9015
vt 0.000000 0.000000
vt 1.000000 0.000000
vt 1.000000 1.000000
vt 0.000000 1.000000
s 0
usemtl LeafMat
f 943/952/420 944/953/420 945/954/420 946/955/420
o Leaf_162
v 0.170475 1.630027 -0.169558
v 0.038998 1.739646 -0.123646
v 0.167288 1.823021 0.044669
v 0.298765 1.713402 -0.001243
vn 0.3627 0.6950 -0.6208
vt 0.000000 0.000000
vt 0.000000 1.000000
vt 1.000000 1.000000
vt 1.000000 0.000000
s 0
usemtl LeafMat
f 947/956/421 948/957/421 949/958/421 950/959/421
o Leaf_163
v 0.112029 1.584918 -0.137707
v 0.129464 1.741899 -0.197374
v 0.385869 1.753034 -0.093152
v 0.368434 1.596053 -0.033486
vn -0.3640 0.3660 0.8565
vt 0.000000 0.000000
vt 0.000000 1.000000
vt 1.000000 1.000000
vt 1.000000 0.000000
s 0
usemtl LeafMat
f 951/960/422 954/961/422 953/962/422 952/963/422
o Leaf_164
v 0.073947 1.662989 -0.105718
v 0.139049 1.761113 -0.190301
v 0.257316 1.804582 -0.048845
v 0.192215 1.706459 0.035738
vn -0.6392 0.6995 0.3195
vt 0.000000 0.000000
vt 1.000000 0.000000
vt 1.000000 1.000000
vt 0.000000 1.000000
s 0
usemtl LeafMat
f 955/964/423 958/965/423 957/966/423 956/967/423
o Leaf_165
v 0.068732 1.695217 -0.411233
v 0.196043 1.798432 -0.350962
v 0.208714 1.926818 -0.597590
v 0.081403 1.823603 -0.657861
vn -0.6829 0.6617 0.3094
vt 0.000000 0.000000
vt 1.000000 0.000000
vt 1.000000 1.000000
vt 0.000000 1.000000
s 0
usemtl LeafMat
f 959/968/424 960/969/424 961/970/424 962/971/424
o Leaf_166
v 0.177423 1.723681 -0.255242
v 0.112459 1.823126 -0.311766
v 0.157888 1.934202 -0.168559
v 0.222852 1.834758 -0.112035
vn 0.8349 0.2740 -0.4774
vt 0.000000 0.000000
vt 0.000000 1.000000
vt 1.000000 1.000000
vt 1.000000 0.000000
s 0
usemtl LeafMat
f 963/972/425 964/973/425 965/974/425 966/975/425
o Leaf_167
v 0.094503 1.781814 -0.254426
v 0.067509 1.818152 -0.386272
v -0.113120 1.829149 -0.346260
v -0.086125 1.792811 -0.214413
vn 0.1124 0.9636 0.2426
vt 0.000000 0.000000
vt 0.000000 1.000000
vt 1.000000 1.000000
vt 1.000000 0.000000
s 0
usemtl LeafMat
f 967/976/426 968/977/426 969/978/426 970/979/426
o Leaf_168
v 0.031421 1.748377 -0.309034
v 0.144247 1.802952 -0.407588
v -0.026966 1.957007 -0.518286
v -0.139792 1.902432 -0.419732
vn 0.2244 0.7207 0.6559
vt 0.000000 0.000000
vt 1.000000 0.000000
vt 1.000000 1.000000
vt 0.000000 1.000000
s 0
usemtl LeafMat
f 971/980/427 972/981/427 973/982/427 974/983/427
o Leaf_169
v 0.222305 1.742401 -0.273800
v 0.105658 1.817117 -0.315502
v 0.193995 2.007731 -0.221079
v 0.310642 1.933015 -0.179378
vn 0.4503 0.2200 -0.8654
vt 0.000000 0.000000
vt 1.000000 0.000000
vt 1.000000 1.000000
vt 0.000000 1.000000
s 0
usemtl LeafMat
f 975/984/428 976/985/428 977/986/428 978/987/428
o Leaf_170
v -0.253291 1.717612 -0.089804
v -0.211818 1.772551 -0.228627
v -0.218304 1.955076 -0.158331
v -0.259777 1.900137 -0.019508
vn -0.9629 0.0665 -0.2614
vt 0.000000 0.000000
vt 0.000000 1.000000
vt 1.000000 1.000000
vt 1.000000 0.000000
s 0
usemtl LeafMat
f 979/988/429 982/989/429 981/990/429 980/991/429
o Leaf_171
v -0.213880 1.734345 -0.125405
v -0.163470 1.792236 -0.230745
v -0.015898 1.875136 -0.114567
v -0.066309 1.817244 -0.009226
vn -0.5777 0.7998 0.1631
vt 0.000000 0.000000
vt 1.000000 0.000000
vt 1.000000 1.000000
vt 0.000000 1.000000
s 0
usemtl LeafMat
f 983/992/430 986/993/430 985/994/430 984/995/430
o Leaf_172
v -0.133025 1.768571 -0.174627
v -0.303578 1.773283 -0.145265
v -0.274032 1.907717 0.004786
v -0.103478 1.903005 -0.024576
vn -0.0919 0.7506 -0.6544
vt 0.000000 0.000000
vt 0.000000 1.000000
vt 1.000000 1.000000
vt 1.000000 0.000000
s 0
usemtl LeafMat
f 987/996/431 988/997/431 989/998/431 990/999/431
o Leaf_173
v -0.300551 1.755261 -0.189475
v -0.391041 1.816789 -0.314198
v -0.550161 1.947881 -0.134082
v -0.459672 1.886352 -0.009359
vn 0.6039 0.7957 -0.0456
vt 0.000000 0.000000
vt 1.000000 0.000000
vt 1.000000 1.000000
vt 0.000000 1.000000
s 0
usemtl LeafMat
f 991/1000/432 992/1001/432 993/1002/432 994/1003/432
o Leaf_174
v -0.238245 1.826087 -0.243083
v -0.294300 1.830764 -0.372693
v -0.101768 2.002750 -0.449755
v -0.045713 1.998073 -0.320145
vn -0.5761 0.7690 0.2769
vt 0.000000 0.000000
vt 1.000000 0.000000
vt 1.000000 1.000000
vt 0.000000 1.000000
s 0
usemtl LeafMat
f 995/1004/433 998/1005/433 997/1006/433 996/1007/433
o Leaf_175
v -0.326263 1.793727 -0.377313
v -0.242206 1.904009 -0.283526
v -0.089243 1.975348 -0.504504
v -0.173300 1.865066 -0.598292
vn -0.6673 0.7072 -0.2336
vt 0.000000 0.000000
vt 0.000000 1.000000
vt 1.000000 1.000000
vt 1.000000 0.000000
s 0
usemtl LeafMat
f 999/1008/434 1000/1009/434 1001/1010/434 1002/1011/434
o Leaf_176
v -0.211876 1.797699 -0.279553
v -0.332620 1.894277 -0.357859
v -0.196898 1.983972 -0.456511
v -0.076153 1.887394 -0.378204
vn 0.0759 0.6835 0.7259
vt 0.000000 0.000000
vt 0.000000 1.000000
vt 1.000000 1.000000
vt 1.000000 0.000000
s 0
usemtl LeafMat
f 1003/1012/435 1006/1013/435 1005/1014/435 1004/1015/435
o Leaf_177
v -0.215550 1.803936 -0.376768
v -0.342241 1.865799 -0.275544
v -0.283588 2.090544 -0.339490
v -0.156898 2.028680 -0.440714
vn 0.6387 0.0518 0.7677
vt 0.000000 0.000000
vt 1.000000 0.000000
vt 1.000000 1.000000
vt 0.000000 1.000000
s 0
usemtl LeafMat
f 1007/1016/436 1010/1017/436 1009/1018/436 1008/1019/436
o Leaf_178
v -0.256083 1.686102 -0.218235
v -0.163695 1.762268 -0.196044
v -0.246229 1.910440 -0.361003
v -0.338616 1.834274 -0.383194
vn -0.5502 0.4654 0.6933
vt 0.000000 0.000000
vt 0.000000 1.000000
vt 1.000000 1.000000
vt 1.000000 0.000000
s 0
usemtl LeafMat
f 1011/1020/437 1012/1021/437 1013/1022/437 1014/1023/437
o Leaf_179
v -0.107185 1.700080 -0.097098
v -0.171609 1.734292 -0.254920
v 0.004322 1.836465 -0.304587
v 0.068746 1.802252 -0.146764
vn -0.3962 0.8504 0.3461
vt 0.000000 0.000000
vt 0.000000 1.000000
vt 1.000000 1.000000
vt 1.000000 0.000000
s 0
usemtl LeafMat
f 1015/1024/438 1018/1025/438 1017/1026/438 1016/1027/438
o Leaf_180
v -0.169109 1.651467 -0.079412
v -0.270480 1.670592 -0.169066
v -0.390445 1.699999 -0.027148
v -0.289074 1.680874 0.062505
vn 0.2081 0.9777 -0.0267
vt 0.000000 0.000000
vt 0.000000 1.000000
vt 1.000000 1.000000
vt 1.000000 0.000000
s 0
usemtl LeafMat
f 1019/1028/439 1020/1029/439 1021/1030/439 1022/1031/439
o Leaf_181
v -0.161229 1.612714 -0.227026
v -0.177971 1.755815 -0.191181
v -0.087309 1.825590 -0.427394
v -0.070567 1.682489 -0.463239
vn 0.9316 0.0181 0.3629
vt 0.000000 0.000000
vt 1.000000 0.000000
vt 1.000000 1.000000
vt 0.000000 1.000000
s 0
usemtl LeafMat
f 1023/1032/440 1026/1033/440 1025/1034/440 1024/1035/440
o Leaf_182
v -0.103230 1.651637 -0.081270
v -0.254580 1.686652 -0.145073
v -0.237678 1.935843 -0.048409
v -0.086329 1.900827 0.015395
vn 0.4288 0.3013 -0.8517
vt 0.000000 0.000000
vt 0.000000 1.000000
vt 1.000000 1.000000
vt 1.000000 0.000000
s 0
usemtl LeafMat
f 1027/1036/441 1028/1037/441 1029/1038/441 1030/1039/441
o Leaf_183
v -0.185125 1.741059 -0.233095
v -0.314666 1.823350 -0.215858
v -0.198703 1.981076 -0.097353
v -0.069162 1.898785 -0.114589
vn 0.1990 0.4909 -0.8482
vt 0.000000 0.000000
vt 0.000000 1.000000
vt 1.000000 1.000000
vt 1.000000 0.000000
s 0
usemtl LeafMat
f 1031/1040/442 1032/1041/442 1033/1042/442 1034/1043/442
o Leaf_184
v -0.242026 1.728052 -0.332608
v -0.266045 1.852200 -0.266546
v -0.129167 1.971677 -0.441310
v -0.105149 1.847529 -0.507372
vn -0.8227 0.1347 -0.5523
vt 0.000000 0.000000
vt 1.000000 0.000000
vt 1.000000 1.000000
vt 0.000000 1.000000
s 0
usemtl LeafMat
f 1035/1044/443 1036/1045/443 1037/1046/443 1038/1047/443
o Leaf_185
v -0.375148 1.823362 -0.221936
v -0.251666 1.848571 -0.216383
v -0.299958 2.069816 -0.146922
v -0.423440 2.044606 -0.152474
vn -0.0175 0.2960 -0.9550
vt 0.000000 0.000000
vt 0.000000 1.000000
vt 1.000000 1.000000
vt 1.000000 0.000000
s 0
usemtl LeafMat
f 1039/1048/444 1042/1049/444 1041/1050/444 1040/1051/444
o Leaf_186
v -0.220059 1.740907 -0.321600
v -0.326857 1.797926 -0.296188
v -0.283420 1.961894 -0.481551
v -0.176622 1.904875 -0.506963
vn 0.4741 0.6014 0.6431
vt 0.000000 0.000000
vt 0.000000 1.000000
vt 1.000000 1.000000
vt 1.000000 0.000000
s 0
usemtl LeafMat
f 1043/1052/445 1046/1053/445 1045/1054/445 1044/1055/445
o Leaf_187
v -0.550064 1.906282 -0.389081
v -0.432219 1.945634 -0.467365
v -0.561545 2.139439 -0.564624
v -0.679390 2.100086 -0.486340
vn 0.3060 0.5822 0.7533
vt 0.000000 0.000000
vt 0.000000 1.000000
vt 1.000000 1.000000
vt 1.000000 0.000000
s 0
usemtl LeafMat
f 1047/1056/446 1048/1057/446 1049/1058/446 1050/1059/446
o Leaf_188
v -0.541962 1.901721 -0.444604
v -0.449953 1.983888 -0.396236
v -0.581763 2.170039 -0.461731
v -0.673772 2.087872 -0.510099
vn 0.4575 0.0111 -0.8891
vt 0.000000 0.000000
vt 0.000000 1.000000
vt 1.000000 1.000000
vt 1.000000 0.000000
s 0
usemtl LeafMat
f 1051/1060/447 1054/1061/447 1053/1062/447 1052/1063/447
o Leaf_189
v -0.350994 1.891150 -0.428450
v -0.467164 1.967713 -0.421832
v -0.343625 2.162001 -0.500969
v -0.227455 2.085438 -0.507587
vn 0.2166 0.2470 0.9445
vt 0.000000 0.000000
vt 1.000000 0.000000
vt 1.000000 1.000000
vt 0.000000 1.000000
s 0
usemtl LeafMat
f 1055/1064/448 1058/1065/448 1057/1066/448 1056/1067/448
o Leaf_190
v -0.210708 1.833010 0.044126
v -0.155357 1.848540 0.198554
v -0.000154 1.965750 0.131137
v -0.055505 1.950221 -0.023290
vn -0.5645 0.8166 0.1202
vt 0.000000 0.000000
vt 0.000000 1.000000
vt 1.000000 1.000000
vt 1.000000 0.000000
s 0
usemtl LeafMat
f 1059/1068/449 1060/1069/449 1061/1070/449 1062/1071/449
o Leaf_191
v -0.215923 1.816145 0.225659
v -0.158698 1.840429 0.112391
v 0.013601 1.971018 0.227437
v -0.043624 1.946734 0.340705
vn -0.5557 0.8248 -0.1039
vt 0.000000 0.000000
vt 1.000000 0.000000
vt 1.000000 1.000000
vt 0.000000 1.000000
s 0
usemtl LeafMat
f 1063/1072/450 1066/1073/450 1065/1074/450 1064/1075/450
o Leaf_192
v -0.127699 1.810960 0.136706
v -0.278314 1.832874 0.060261
v -0.166760 1.956538 -0.124077
v -0.016145 1.934624 -0.047632
vn -0.1280 0.8577 0.4980
vt 0.000000 0.000000
vt 0.000000 1.000000
vt 1.000000 1.000000
vt 1.000000 0.000000
s 0
usemtl LeafMat
f 1067/1076/451 1070/1077/451 1069/1078/451 1068/1079/451
o Leaf_193
v -0.123475 1.754964 0.148743
v -0.234576 1.846366 0.141040
v -0.069320 2.048251 0.153073
v 0.041781 1.956849 0.160776
vn 0.0706 0.0017 -0.9975
vt 0.000000 0.000000
vt 0.000000 1.000000
vt 1.000000 1.000000
vt 1.000000 0.000000
s 0
usemtl LeafMat
f 1071/1080/452 1072/1081/452 1073/1082/452 1074/1083/452
o Leaf_194
v -0.319184 1.929414 0.162613
v -0.457065 1.958103 0.266353
v -0.456536 2.149573 0.214107
v -0.318655 2.120884 0.110367
vn 0.6153 0.2059 0.7609
vt 0.000000 0.000000
vt 1.000000 0.000000
vt 1.000000 1.000000
vt 0.000000 1.000000
s 0
usemtl LeafMat
f 1075/1084/453 1078/1085/453 1077/1086/453 1076/1087/453
o Leaf_195
v -0.348244 1.818271 0.309187
v -0.376116 1.969385 0.304634
v -0.253067 1.998028 0.502016
v -0.225195 1.846914 0.506569
vn 0.8315 0.1372 -0.5383
vt 0.000000 0.000000
vt 0.000000 1.000000
vt 1.000000 1.000000
vt 1.000000 0.000000
s 0
usemtl LeafMat
f 1079/1088/454 1080/1089/454 1081/1090/454 1082/1091/454
o Leaf_196
v -0.435546 1.930245 0.351226
v -0.426783 1.987688 0.230305
v -0.525063 2.130537 0.291042
v -0.533826 2.073095 0.411963
vn 0.8424 0.4606 0.2798
vt 0.000000 0.000000
vt 1.000000 0.000000
vt 1.000000 1.000000
vt 0.000000 1.000000
s 0
usemtl LeafMat
f 1083/1092/455 1084/1093/455 1085/1094/455 1086/1095/455
o Leaf_197
v -0.259525 1.764627 0.074254
v -0.331348 1.864543 0.180285
v -0.487321 1.894089 0.046791
v -0.415498 1.794173 -0.059240
vn 0.4889 0.7755 -0.3996
vt 0.000000 0.000000
vt 0.000000 1.000000
vt 1.000000 1.000000
vt 1.000000 0.000000
s 0
usemtl LeafMat
f 1087/1096/456 1090/1097/456 1089/1098/456 1088/1099/456
o Leaf_198
v -0.319923 1.867520 0.098977
v -0.294390 1.871457 0.231404
v -0.365115 2.071233 0.239101
v -0.390648 2.067296 0.106673
vn 0.9236 0.3342 -0.1880
vt 0.000000 0.000000
vt 0.000000 1.000000
vt 1.000000 1.000000
vt 1.000000 0.000000
s 0
usemtl LeafMat
f 1091/1100/457 1094/1101/457 1093/1102/457 1092/1103/457
o Leaf_199
v -0.159711 1.822286 0.189824
v -0.256164 1.920824 0.115805
v -0.086842 2.068668 0.091982
v 0.009612 1.970130 0.166001
vn -0.2430 0.4192 0.8748
vt 0.000000 0.000000
vt 1.000000 0.000000
vt 1.000000 1.000000
vt 0.000000 1.000000
s 0
usemtl LeafMat
f 1095/1104/458 1098/1105/458 1097/1106/458 1096/1107/458
o Leaf_200
v -0.321794 1.800684 0.223083
v -0.174994 1.852254 0.194825
v -0.142161 1.856477 0.373099
v -0.288961 1.804906 0.401357
vn -0.3248 0.9450 0.0374
vt 0.000000 0.000000
vt 0.000000 1.000000
vt 1.000000 1.000000
vt 1.000000 0.000000
s 0
usemtl LeafMat
f 1099/1108/459 1102/1109/459 1101/1110/459 1100/1111/459
o Leaf_201
v -0.211010 1.776309 0.031755
v -0.233075 1.814202 0.196278
v -0.485077 1.848409 0.154602
v -0.463012 1.810516 -0.009921
vn 0.1643 0.9658 -0.2004
vt 0.000000 0.000000
vt 0.000000 1.000000
vt 1.000000 1.000000
vt 1.000000 0.000000
s 0
usemtl LeafMat
f 1103/1112/460 1106/1113/460 1105/1114/460 1104/1115/460
o Leaf_202
v -0.240676 1.745569 0.192124
v -0.086570 1.803493 0.150559
v -0.046206 1.852784 0.368905
v -0.200312 1.794859 0.410470
vn -0.3805 0.9147 -0.1361
vt 0.000000 0.000000
vt 0.000000 1.000000
vt 1.000000 1.000000
vt 1.000000 0.000000
s 0
usemtl LeafMat
f 1107/1116/461 1110/1117/461 1109/1118/461 1108/1119/461
o Leaf_203
v -0.273530 1.829335 0.095510
v -0.150097 1.839573 0.211164
v -0.226848 2.073911 0.272333
v -0.350281 2.063673 0.156679
vn 0.6150 0.3816 -0.6901
vt 0.000000 0.000000
vt 1.000000 0.000000
vt 1.000000 1.000000
vt 0.000000 1.000000
s 0
usemtl LeafMat
f 1111/1120/462 1114/1121/462 1113/1122/462 1112/1123/462
o Leaf_204
v -0.254702 1.810864 0.148317
v -0.177578 1.855101 0.046471
v -0.404063 1.952425 -0.082763
v -0.481187 1.908188 0.019083
vn 0.1115 0.8779 0.4657
vt 0.000000 0.000000
vt 0.000000 1.000000
vt 1.000000 1.000000
vt 1.000000 0.000000
s 0
usemtl LeafMat
f 1115/1124/463 1116/1125/463 1117/1126/463 1118/1127/463
o Leaf_205
v -0.476059 1.962752 0.236046
v -0.543227 2.006763 0.330228
v -0.713080 2.072389 0.178428
v -0.645912 2.028379 0.084246
vn 0.4383 0.8927 -0.1045
vt 0.000000 0.000000
vt 0.000000 1.000000
vt 1.000000 1.000000
vt 1.000000 0.000000
s 0
usemtl LeafMat
f 1119/1128/464 1122/1129/464 1121/1130/464 1120/1131/464
o Leaf_206
v -0.581643 1.966188 0.292333
v -0.460357 2.014974 0.317397
v -0.556433 2.265587 0.294501
v -0.677719 2.216801 0.269437
vn -0.2063 0.0103 0.9784
vt 0.000000 0.000000
vt 0.000000 1.000000
vt 1.000000 1.000000
vt 1.000000 0.000000
s 0
usemtl LeafMat
f 1123/1132/465 1124/1133/465 1125/1134/465 1126/1135/465
o Leaf_207
v -0.545892 1.965332 0.362793
v -0.498609 2.019270 0.263453
v -0.667436 2.146498 0.252176
v -0.714719 2.092560 0.351516
vn 0.4638 0.6671 0.5830
vt 0.000000 0.000000
vt 1.000000 0.000000
vt 1.000000 1.000000
vt 0.000000 1.000000
s 0
usemtl LeafMat
f 1127/1136/466 1128/1137/466 1129/1138/466 1130/1139/466
o Leaf_208
v -0.574531 1.938737 0.266566
v -0.450179 2.035766 0.306327
v -0.574148 2.232760 0.213307
v -0.698499 2.135731 0.173546
vn -0.4135 0.1628 0.8958
vt 0.000000 0.000000
vt 1.000000 0.000000
vt 1.000000 1.000000
vt 0.000000 1.000000
s 0
usemtl LeafMat
f 1131/1140/467 1132/1141/467 1133/1142/467 1134/1143/467
o Leaf_209
v -0.491748 1.856664 0.378439
v -0.491790 2.023211 0.346631
v -0.582747 2.064434 0.562598
v -0.582705 1.897887 0.594406
vn 0.9240 0.0719 0.3754
vt 0.000000 0.000000
vt 0.000000 1.000000
vt 1.000000 1.000000
vt 1.000000 0.000000
s 0
usemtl LeafMat
f 1135/1144/468 1136/1145/468 1137/1146/468 1138/1147/468
o Leaf_210
v 0.048792 2.005697 0.499871
v 0.153505 2.039453 0.581517
v 0.102889 2.216610 0.573188
v -0.001824 2.182854 0.491541
vn 0.5836 0.1290 -0.8018
vt 0.000000 0.000000
vt 1.000000 0.000000
vt 1.000000 1.000000
vt 0.000000 1.000000
s 0
usemtl LeafMat
f 1139/1148/469 1142/1149/469 1141/1150/469 1140/1151/469
o Leaf_211
v 0.221241 1.965605 0.449145
v 0.117323 2.013903 0.555816
v 0.151882 2.276390 0.470637
v 0.255800 2.228093 0.363965
vn 0.7375 0.1186 0.6648
vt 0.000000 0.000000
vt 0.000000 1.000000
vt 1.000000 1.000000
vt 1.000000 0.000000
s 0
usemtl LeafMat
f 1143/1152/470 1146/1153/470 1145/1154/470 1144/1155/470
o Leaf_212
v 0.025218 1.999472 0.531289
v 0.176601 2.052542 0.579340
v 0.091278 2.285796 0.590531
v -0.060105 2.232727 0.542480
vn 0.2549 0.1392 -0.9569
vt 0.000000 0.000000
vt 1.000000 0.000000
vt 1.000000 1.000000
vt 0.000000 1.000000
s 0
usemtl LeafMat
f 1147/1156/471 1150/1157/471 1149/1158/471 1148/1159/471
o Leaf_213
v 0.084904 1.934063 0.588181
v 0.118750 2.074935 0.532457
v -0.117629 2.153838 0.588356
v -0.151474 2.012966 0.644079
vn 0.3095 0.2845 0.9073
vt 0.000000 0.000000
vt 0.000000 1.000000
vt 1.000000 1.000000
vt 1.000000 0.000000
s 0
usemtl LeafMat
f 1151/1160/472 1152/1161/472 1153/1162/472 1154/1163/472
o Leaf_214
v 0.168013 1.964752 0.616156
v 0.198156 2.086239 0.557292
v 0.369982 2.140424 0.757114
v 0.339839 2.018938 0.815977
vn -0.7380 0.4336 0.5170
vt 0.000000 0.000000
vt 0.000000 1.000000
vt 1.000000 1.000000
vt 1.000000 0.000000
s 0
usemtl LeafMat
f 1155/1164/473 1158/1165/473 1157/1166/473 1156/1167/473
o Leaf_215
v 0.235444 1.961788 0.548419
v 0.165456 2.062916 0.552914
v 0.355504 2.194130 0.559965
v 0.425492 2.093002 0.555469
vn 0.0043 0.0474 -0.9989
vt 0.000000 0.000000
vt 1.000000 0.000000
vt 1.000000 1.000000
vt 0.000000 1.000000
s 0
usemtl LeafMat
f 1159/1168/474 1160/1169/474 1161/1170/474 1162/1171/474
o Leaf_216
v 0.198485 1.990934 0.466489
v 0.187979 2.099778 0.579264
v 0.345131 2.213738 0.483915
v 0.355636 2.104894 0.371140
vn -0.6838 0.4922 -0.5387
vt 0.000000 0.000000
vt 1.000000 0.000000
vt 1.000000 1.000000
vt 0.000000 1.000000
s 0
usemtl LeafMat
f 1163/1172/475 1164/1173/475 1165/1174/475 1166/1175/475
o Leaf_217
v 0.222743 1.936245 0.512149
v 0.141817 2.065789 0.508300
v 0.255903 2.132944 0.369840
v 0.336829 2.003399 0.373689
vn 0.6040 0.3978 0.6906
vt 0.000000 0.000000
vt 1.000000 0.000000
vt 1.000000 1.000000
vt 0.000000 1.000000
s 0
usemtl LeafMat
f 1167/1176/476 1170/1177/476 1169/1178/476 1168/1179/476
o Leaf_218
v 0.089961 1.721683 0.209169
v 0.001410 1.846792 0.151919
v 0.024652 1.936582 0.312190
v 0.113203 1.811473 0.369440
vn 0.8315 0.4245 -0.3584
vt 0.000000 0.000000
vt 1.000000 0.000000
vt 1.000000 1.000000
vt 0.000000 1.000000
s 0
usemtl LeafMat
f 1171/1180/477 1172/1181/477 1173/1182/477 1174/1183/477
o Leaf_219
v -0.054177 1.739142 0.158301
v 0.104206 1.758106 0.200111
v 0.053362 1.782857 0.381495
v -0.105022 1.763893 0.339685
vn -0.0768 0.9848 -0.1559
vt 0.000000 0.000000
vt 0.000000 1.000000
vt 1.000000 1.000000
vt 1.000000 0.000000
s 0
usemtl LeafMat
f 1175/1184/478 1178/1185/478 1177/1186/478 1176/1187/478
o Leaf_220
v 0.097177 1.747556 0.075239
v -0.024163 1.758478 0.086966
v -0.030430 1.856709 -0.069376
v 0.090910 1.845786 -0.081102
vn 0.1265 0.8422 0.5241
vt 0.000000 0.000000
vt 1.000000 0.000000
vt 1.000000 1.000000
vt 0.000000 1.000000
s 0
usemtl LeafMat
f 1179/1188/479 1182/1189/479 1181/1190/479 1180/1191/479
o Leaf_221
v -0.082300 1.747482 0.149804
v 0.063532 1.805894 0.083607
v -0.018738 1.983340 0.058946
v -0.164570 1.924928 0.125143
vn 0.3067 0.2691 0.9130
vt 0.000000 0.000000
vt 0.000000 1.000000
vt 1.000000 1.000000
vt 1.000000 0.000000
s 0
usemtl LeafMat
f 1183/1192/480 1184/1193/480 1185/1194/480 1186/1195/480
o Leaf_222
v 0.034937 1.734930 0.221584
v 0.093924 1.794683 0.126053
v 0.200819 1.971062 0.302378
v 0.141832 1.911309 0.397909
vn -0.7935 0.5973 -0.1164
vt 0.000000 0.000000
vt 1.000000 0.000000
vt 1.000000 1.000000
vt 0.000000 1.000000
s 0
usemtl LeafMat
f 1187/1196/481 1190/1197/481 1189/1198/481 1188/1199/481
o Leaf_223
v 0.096323 1.719758 0.044319
v 0.066203 1.798509 0.165951
v 0.208941 1.986797 0.079389
v 0.239062 1.908046 -0.042242
vn -0.7980 0.3962 -0.4541
vt 0.000000 0.000000
vt 1.000000 0.000000
vt 1.000000 1.000000
vt 0.000000 1.000000
s 0
usemtl LeafMat
f 1191/1200/482 1192/1201/482 1193/1202/482 1194/1203/482
o Leaf_224
v 0.051614 1.682973 0.041295
v -0.038337 1.776968 0.143778
v -0.193221 1.832875 -0.043441
v -0.103271 1.738880 -0.145925
vn 0.5649 0.7922 -0.2308
vt 0.000000 0.000000
vt 0.000000 1.000000
vt 1.000000 1.000000
vt 1.000000 0.000000
s 0
usemtl LeafMat
f 1195/1204/483 1198/1205/483 1197/1206/483 1196/1207/483
o Leaf_225
v 0.014820 1.735254 0.242839
v 0.065881 1.817897 0.119217
v 0.070791 2.014288 0.252535
v 0.019730 1.931646 0.376157
vn -0.9456 0.1986 -0.2578
vt 0.000000 0.000000
vt 1.000000 0.000000
vt 1.000000 1.000000
vt 0.000000 1.000000
s 0
usemtl LeafMat
f 1199/1208/484 1202/1209/484 1201/1210/484 1200/1211/484
o Leaf_226
v 0.102816 1.740181 0.105098
v 0.067577 1.856490 0.192825
v 0.255792 1.859087 0.264988
v 0.291032 1.742777 0.177260
vn 0.2702 0.6306 -0.7275
vt 0.000000 0.000000
vt 0.000000 1.000000
vt 1.000000 1.000000
vt 1.000000 0.000000
s 0
usemtl LeafMat
f 1203/1212/485 1204/1213/485 1205/1214/485 1206/1215/485
