mtllib hushbloom_body.mtl
usemtl baked
v 0.123798 0.725958 0.000000
v 0.123798 0.725958 0.000000
v 0.123123 0.721495 -0.007788
v 0.123798 0.725958 0.000000
v 0.119273 0.722077 -0.006745
v 0.123123 0.721495 -0.007788
v 0.123798 0.725958 0.000000
v 0.123798 0.725958 0.000000
v 0.119273 0.722077 -0.006745
v 0.123798 0.725958 0.000000
v 0.116454 0.722503 -0.003894
v 0.119273 0.722077 -0.006745
v 0.123798 0.725958 0.000000
v 0.123798 0.725958 0.000000
v 0.116454 0.722503 -0.003894
v 0.123798 0.725958 0.000000
v 0.115423 0.722659 -0.000000
v 0.116454 0.722503 -0.003894
v 0.123798 0.725958 0.000000
v 0.123798 0.725958 0.000000
v 0.115423 0.722659 -0.000000
v 0.123798 0.725958 0.000000
v 0.116454 0.722503 0.003894
v 0.115423 0.722659 -0.000000
v 0.123798 0.725958 0.000000
v 0.123798 0.725958 0.000000
v 0.116454 0.722503 0.003894
v 0.123798 0.725958 0.000000
v 0.119273 0.722077 0.006745
v 0.116454 0.722503 0.003894
v 0.123798 0.725958 0.000000
v 0.123798 0.725958 0.000000
v 0.119273 0.722077 0.006745
v 0.123798 0.725958 0.000000
v 0.123123 0.721495 0.007788
v 0.119273 0.722077 0.006745
v 0.123798 0.725958 0.000000
v 0.123798 0.725958 0.000000
v 0.123123 0.721495 0.007788
v 0.123798 0.725958 0.000000
v 0.126974 0.720913 0.006745
v 0.123123 0.721495 0.007788
v 0.123798 0.725958 0.000000
v 0.123798 0.725958 0.000000
v 0.126974 0.720913 0.006745
v 0.123798 0.725958 0.000000
v 0.129792 0.720487 0.003894
v 0.126974 0.720913 0.006745
v 0.123798 0.725958 0.000000
v 0.123798 0.725958 0.000000
v 0.129792 0.720487 0.003894
v 0.123798 0.725958 0.000000
v 0.130824 0.720331 0.000000
v 0.129792 0.720487 0.003894
v 0.123798 0.725958 0.000000
v 0.123798 0.725958 0.000000
v 0.130824 0.720331 0.000000
v 0.123798 0.725958 0.000000
v 0.129792 0.720487 -0.003894
v 0.130824 0.720331 0.000000
v 0.123798 0.725958 0.000000
v 0.123798 0.725958 0.000000
v 0.129792 0.720487 -0.003894
v 0.123798 0.725958 0.000000
v 0.126974 0.720913 -0.006745
v 0.129792 0.720487 -0.003894
v 0.123798 0.725958 0.000000
v 0.123798 0.725958 0.000000
v 0.126974 0.720913 -0.006745
v 0.123798 0.725958 0.000000
v 0.123123 0.721495 -0.007788
v 0.126974 0.720913 -0.006745
v 0.123123 0.721495 -0.007788
v 0.119273 0.722077 -0.006745
v 0.121134 0.708332 -0.015186
v 0.119273 0.722077 -0.006745
v 0.113626 0.709467 -0.013151
v 0.121134 0.708332 -0.015186
v 0.119273 0.722077 -0.006745
v 0.116454 0.722503 -0.003894
v 0.113626 0.709467 -0.013151
v 0.116454 0.722503 -0.003894
v 0.108130 0.710297 -0.007593
v 0.113626 0.709467 -0.013151
v 0.116454 0.722503 -0.003894
v 0.115423 0.722659 -0.000000
v 0.108130 0.710297 -0.007593
v 0.115423 0.722659 -0.000000
v 0.106118 0.710602 -0.000000
v 0.108130 0.710297 -0.007593
v 0.115423 0.722659 -0.000000
v 0.116454 0.722503 0.003894
v 0.106118 0.710602 -0.000000
v 0.116454 0.722503 0.003894
v 0.108130 0.710297 0.007593
v 0.106118 0.710602 -0.000000
v 0.116454 0.722503 0.003894
v 0.119273 0.722077 0.006745
v 0.108130 0.710297 0.007593
v 0.119273 0.722077 0.006745
v 0.113626 0.709467 0.013151
v 0.108130 0.710297 0.007593
v 0.119273 0.722077 0.006745
v 0.123123 0.721495 0.007788
v 0.113626 0.709467 0.013151
v 0.123123 0.721495 0.007788
v 0.121134 0.708332 0.015186
v 0.113626 0.709467 0.013151
v 0.123123 0.721495 0.007788
v 0.126974 0.720913 0.006745
v 0.121134 0.708332 0.015186
v 0.126974 0.720913 0.006745
v 0.128642 0.707197 0.013151
v 0.121134 0.708332 0.015186
v 0.126974 0.720913 0.006745
v 0.129792 0.720487 0.003894
v 0.128642 0.707197 0.013151
v 0.129792 0.720487 0.003894
v 0.134138 0.706367 0.007593
v 0.128642 0.707197 0.013151
v 0.129792 0.720487 0.003894
v 0.130824 0.720331 0.000000
v 0.134138 0.706367 0.007593
v 0.130824 0.720331 0.000000
v 0.136149 0.706063 0.000000
v 0.134138 0.706367 0.007593
v 0.130824 0.720331 0.000000
v 0.129792 0.720487 -0.003894
v 0.136149 0.706063 0.000000
v 0.129792 0.720487 -0.003894
v 0.134138 0.706367 -0.007593
v 0.136149 0.706063 0.000000
v 0.129792 0.720487 -0.003894
v 0.126974 0.720913 -0.006745
v 0.134138 0.706367 -0.007593
v 0.126974 0.720913 -0.006745
v 0.128642 0.707197 -0.013151
v 0.134138 0.706367 -0.007593
v 0.126974 0.720913 -0.006745
v 0.123123 0.721495 -0.007788
v 0.128642 0.707197 -0.013151
v 0.123123 0.721495 -0.007788
v 0.121134 0.708332 -0.015186
v 0.128642 0.707197 -0.013151
v 0.121134 0.708332 -0.015186
v 0.113626 0.709467 -0.013151
v 0.117929 0.687128 -0.021822
v 0.113626 0.709467 -0.013151
v 0.107141 0.688759 -0.018899
v 0.117929 0.687128 -0.021822
v 0.113626 0.709467 -0.013151
v 0.108130 0.710297 -0.007593
v 0.107141 0.688759 -0.018899
v 0.108130 0.710297 -0.007593
v 0.099243 0.689952 -0.010911
v 0.107141 0.688759 -0.018899
v 0.108130 0.710297 -0.007593
v 0.106118 0.710602 -0.000000
v 0.099243 0.689952 -0.010911
v 0.106118 0.710602 -0.000000
v 0.096352 0.690389 -0.000000
v 0.099243 0.689952 -0.010911
v 0.106118 0.710602 -0.000000
v 0.108130 0.710297 0.007593
v 0.096352 0.690389 -0.000000
v 0.108130 0.710297 0.007593
v 0.099243 0.689952 0.010911
v 0.096352 0.690389 -0.000000
v 0.108130 0.710297 0.007593
v 0.113626 0.709467 0.013151
v 0.099243 0.689952 0.010911
v 0.113626 0.709467 0.013151
v 0.107141 0.688759 0.018899
v 0.099243 0.689952 0.010911
v 0.113626 0.709467 0.013151
v 0.121134 0.708332 0.015186
v 0.107141 0.688759 0.018899
v 0.121134 0.708332 0.015186
v 0.117929 0.687128 0.021822
v 0.107141 0.688759 0.018899
v 0.121134 0.708332 0.015186
v 0.128642 0.707197 0.013151
v 0.117929 0.687128 0.021822
v 0.128642 0.707197 0.013151
v 0.128718 0.685498 0.018899
v 0.117929 0.687128 0.021822
v 0.128642 0.707197 0.013151
v 0.134138 0.706367 0.007593
v 0.128718 0.685498 0.018899
v 0.134138 0.706367 0.007593
v 0.136616 0.684304 0.010911
v 0.128718 0.685498 0.018899
v 0.134138 0.706367 0.007593
v 0.136149 0.706063 0.000000
v 0.136616 0.684304 0.010911
v 0.136149 0.706063 0.000000
v 0.139506 0.683867 0.000000
v 0.136616 0.684304 0.010911
v 0.136149 0.706063 0.000000
v 0.134138 0.706367 -0.007593
v 0.139506 0.683867 0.000000
v 0.134138 0.706367 -0.007593
v 0.136616 0.684304 -0.010911
v 0.139506 0.683867 0.000000
v 0.134138 0.706367 -0.007593
v 0.128642 0.707197 -0.013151
v 0.136616 0.684304 -0.010911
v 0.128642 0.707197 -0.013151
v 0.128718 0.685498 -0.018899
v 0.136616 0.684304 -0.010911
v 0.128642 0.707197 -0.013151
v 0.121134 0.708332 -0.015186
v 0.128718 0.685498 -0.018899
v 0.121134 0.708332 -0.015186
v 0.117929 0.687128 -0.021822
v 0.128718 0.685498 -0.018899
v 0.117929 0.687128 -0.021822
v 0.107141 0.688759 -0.018899
v 0.113670 0.658947 -0.027364
v 0.107141 0.688759 -0.018899
v 0.100142 0.660991 -0.023698
v 0.113670 0.658947 -0.027364
v 0.107141 0.688759 -0.018899
v 0.099243 0.689952 -0.010911
v 0.100142 0.660991 -0.023698
v 0.099243 0.689952 -0.010911
v 0.090238 0.662488 -0.013682
v 0.100142 0.660991 -0.023698
v 0.099243 0.689952 -0.010911
v 0.096352 0.690389 -0.000000
v 0.090238 0.662488 -0.013682
v 0.096352 0.690389 -0.000000
v 0.086613 0.663036 -0.000000
v 0.090238 0.662488 -0.013682
v 0.096352 0.690389 -0.000000
v 0.099243 0.689952 0.010911
v 0.086613 0.663036 -0.000000
v 0.099243 0.689952 0.010911
v 0.090238 0.662488 0.013682
v 0.086613 0.663036 -0.000000
v 0.099243 0.689952 0.010911
v 0.107141 0.688759 0.018899
v 0.090238 0.662488 0.013682
v 0.107141 0.688759 0.018899
v 0.100142 0.660991 0.023698
v 0.090238 0.662488 0.013682
v 0.107141 0.688759 0.018899
v 0.117929 0.687128 0.021822
v 0.100142 0.660991 0.023698
v 0.117929 0.687128 0.021822
v 0.113670 0.658947 0.027364
v 0.100142 0.660991 0.023698
v 0.117929 0.687128 0.021822
v 0.128718 0.685498 0.018899
v 0.113670 0.658947 0.027364
v 0.128718 0.685498 0.018899
v 0.127198 0.656902 0.023698
v 0.113670 0.658947 0.027364
v 0.128718 0.685498 0.018899
v 0.136616 0.684304 0.010911
v 0.127198 0.656902 0.023698
v 0.136616 0.684304 0.010911
v 0.137102 0.655405 0.013682
v 0.127198 0.656902 0.023698
v 0.136616 0.684304 0.010911
v 0.139506 0.683867 0.000000
v 0.137102 0.655405 0.013682
v 0.139506 0.683867 0.000000
v 0.140727 0.654858 0.000000
v 0.137102 0.655405 0.013682
v 0.139506 0.683867 0.000000
v 0.136616 0.684304 -0.010911
v 0.140727 0.654858 0.000000
v 0.136616 0.684304 -0.010911
v 0.137102 0.655405 -0.013682
v 0.140727 0.654858 0.000000
v 0.136616 0.684304 -0.010911
v 0.128718 0.685498 -0.018899
v 0.137102 0.655405 -0.013682
v 0.128718 0.685498 -0.018899
v 0.127198 0.656902 -0.023698
v 0.137102 0.655405 -0.013682
v 0.128718 0.685498 -0.018899
v 0.117929 0.687128 -0.021822
v 0.127198 0.656902 -0.023698
v 0.117929 0.687128 -0.021822
v 0.113670 0.658947 -0.027364
v 0.127198 0.656902 -0.023698
v 0.113670 0.658947 -0.027364
v 0.100142 0.660991 -0.023698
v 0.108570 0.625201 -0.031534
v 0.100142 0.660991 -0.023698
v 0.092980 0.627557 -0.027309
v 0.108570 0.625201 -0.031534
v 0.100142 0.660991 -0.023698
v 0.090238 0.662488 -0.013682
v 0.092980 0.627557 -0.027309
v 0.090238 0.662488 -0.013682
v 0.081567 0.629282 -0.015767
v 0.092980 0.627557 -0.027309
v 0.090238 0.662488 -0.013682
v 0.086613 0.663036 -0.000000
v 0.081567 0.629282 -0.015767
v 0.086613 0.663036 -0.000000
v 0.077390 0.629913 -0.000000
v 0.081567 0.629282 -0.015767
v 0.086613 0.663036 -0.000000
v 0.090238 0.662488 0.013682
v 0.077390 0.629913 -0.000000
v 0.090238 0.662488 0.013682
v 0.081567 0.629282 0.015767
v 0.077390 0.629913 -0.000000
v 0.090238 0.662488 0.013682
v 0.100142 0.660991 0.023698
v 0.081567 0.629282 0.015767
v 0.100142 0.660991 0.023698
v 0.092980 0.627557 0.027309
v 0.081567 0.629282 0.015767
v 0.100142 0.660991 0.023698
v 0.113670 0.658947 0.027364
v 0.092980 0.627557 0.027309
v 0.113670 0.658947 0.027364
v 0.108570 0.625201 0.031534
v 0.092980 0.627557 0.027309
v 0.113670 0.658947 0.027364
v 0.127198 0.656902 0.023698
v 0.108570 0.625201 0.031534
v 0.127198 0.656902 0.023698
v 0.124160 0.622845 0.027309
v 0.108570 0.625201 0.031534
v 0.127198 0.656902 0.023698
v 0.137102 0.655405 0.013682
v 0.124160 0.622845 0.027309
v 0.137102 0.655405 0.013682
v 0.135572 0.621120 0.015767
v 0.124160 0.622845 0.027309
v 0.137102 0.655405 0.013682
v 0.140727 0.654858 0.000000
v 0.135572 0.621120 0.015767
v 0.140727 0.654858 0.000000
v 0.139750 0.620489 0.000000
v 0.135572 0.621120 0.015767
v 0.140727 0.654858 0.000000
v 0.137102 0.655405 -0.013682
v 0.139750 0.620489 0.000000
v 0.137102 0.655405 -0.013682
v 0.135572 0.621120 -0.015767
v 0.139750 0.620489 0.000000
v 0.137102 0.655405 -0.013682
v 0.127198 0.656902 -0.023698
v 0.135572 0.621120 -0.015767
v 0.127198 0.656902 -0.023698
v 0.124160 0.622845 -0.027309
v 0.135572 0.621120 -0.015767
v 0.127198 0.656902 -0.023698
v 0.113670 0.658947 -0.027364
v 0.124160 0.622845 -0.027309
v 0.113670 0.658947 -0.027364
v 0.108570 0.625201 -0.031534
v 0.124160 0.622845 -0.027309
v 0.108570 0.625201 -0.031534
v 0.092980 0.627557 -0.027309
v 0.102884 0.587583 -0.034122
v 0.092980 0.627557 -0.027309
v 0.086015 0.590132 -0.029551
v 0.102884 0.587583 -0.034122
v 0.092980 0.627557 -0.027309
v 0.081567 0.629282 -0.015767
v 0.086015 0.590132 -0.029551
v 0.081567 0.629282 -0.015767
v 0.073665 0.591999 -0.017061
v 0.086015 0.590132 -0.029551
v 0.081567 0.629282 -0.015767
v 0.077390 0.629913 -0.000000
v 0.073665 0.591999 -0.017061
v 0.077390 0.629913 -0.000000
v 0.069145 0.592682 -0.000000
v 0.073665 0.591999 -0.017061
v 0.077390 0.629913 -0.000000
v 0.081567 0.629282 0.015767
v 0.069145 0.592682 -0.000000
v 0.081567 0.629282 0.015767
v 0.073665 0.591999 0.017061
v 0.069145 0.592682 -0.000000
v 0.081567 0.629282 0.015767
v 0.092980 0.627557 0.027309
v 0.073665 0.591999 0.017061
v 0.092980 0.627557 0.027309
v 0.086015 0.590132 0.029551
v 0.073665 0.591999 0.017061
v 0.092980 0.627557 0.027309
v 0.108570 0.625201 0.031534
v 0.086015 0.590132 0.029551
v 0.108570 0.625201 0.031534
v 0.102884 0.587583 0.034122
v 0.086015 0.590132 0.029551
v 0.108570 0.625201 0.031534
v 0.124160 0.622845 0.027309
v 0.102884 0.587583 0.034122
v 0.124160 0.622845 0.027309
v 0.119754 0.585033 0.029551
v 0.102884 0.587583 0.034122
v 0.124160 0.622845 0.027309
v 0.135572 0.621120 0.015767
v 0.119754 0.585033 0.029551
v 0.135572 0.621120 0.015767
v 0.132104 0.583167 0.017061
v 0.119754 0.585033 0.029551
v 0.135572 0.621120 0.015767
v 0.139750 0.620489 0.000000
v 0.132104 0.583167 0.017061
v 0.139750 0.620489 0.000000
v 0.136624 0.582484 0.000000
v 0.132104 0.583167 0.017061
v 0.139750 0.620489 0.000000
v 0.135572 0.621120 -0.015767
v 0.136624 0.582484 0.000000
v 0.135572 0.621120 -0.015767
v 0.132104 0.583167 -0.017061
v 0.136624 0.582484 0.000000
v 0.135572 0.621120 -0.015767
v 0.124160 0.622845 -0.027309
v 0.132104 0.583167 -0.017061
v 0.124160 0.622845 -0.027309
v 0.119754 0.585033 -0.029551
v 0.132104 0.583167 -0.017061
v 0.124160 0.622845 -0.027309
v 0.108570 0.625201 -0.031534
v 0.119754 0.585033 -0.029551
v 0.108570 0.625201 -0.031534
v 0.102884 0.587583 -0.034122
v 0.119754 0.585033 -0.029551
v 0.102884 0.587583 -0.034122
v 0.086015 0.590132 -0.029551
v 0.096899 0.547979 -0.035000
v 0.086015 0.590132 -0.029551
v 0.079595 0.550594 -0.030311
v 0.096899 0.547979 -0.035000
v 0.086015 0.590132 -0.029551
v 0.073665 0.591999 -0.017061
v 0.079595 0.550594 -0.030311
v 0.073665 0.591999 -0.017061
v 0.066928 0.552508 -0.017500
v 0.079595 0.550594 -0.030311
v 0.073665 0.591999 -0.017061
v 0.069145 0.592682 -0.000000
v 0.066928 0.552508 -0.017500
v 0.069145 0.592682 -0.000000
v 0.062292 0.553209 -0.000000
v 0.066928 0.552508 -0.017500
v 0.069145 0.592682 -0.000000
v 0.073665 0.591999 0.017061
v 0.062292 0.553209 -0.000000
v 0.073665 0.591999 0.017061
v 0.066928 0.552508 0.017500
v 0.062292 0.553209 -0.000000
v 0.073665 0.591999 0.017061
v 0.086015 0.590132 0.029551
v 0.066928 0.552508 0.017500
v 0.086015 0.590132 0.029551
v 0.079595 0.550594 0.030311
v 0.066928 0.552508 0.017500
v 0.086015 0.590132 0.029551
v 0.102884 0.587583 0.034122
v 0.079595 0.550594 0.030311
v 0.102884 0.587583 0.034122
v 0.096899 0.547979 0.035000
v 0.079595 0.550594 0.030311
v 0.102884 0.587583 0.034122
v 0.119754 0.585033 0.029551
v 0.096899 0.547979 0.035000
v 0.119754 0.585033 0.029551
v 0.114202 0.545364 0.030311
v 0.096899 0.547979 0.035000
v 0.119754 0.585033 0.029551
v 0.132104 0.583167 0.017061
v 0.114202 0.545364 0.030311
v 0.132104 0.583167 0.017061
v 0.126869 0.543449 0.017500
v 0.114202 0.545364 0.030311
v 0.132104 0.583167 0.017061
v 0.136624 0.582484 0.000000
v 0.126869 0.543449 0.017500
v 0.136624 0.582484 0.000000
v 0.131506 0.542748 0.000000
v 0.126869 0.543449 0.017500
v 0.136624 0.582484 0.000000
v 0.132104 0.583167 -0.017061
v 0.131506 0.542748 0.000000
v 0.132104 0.583167 -0.017061
v 0.126869 0.543449 -0.017500
v 0.131506 0.542748 0.000000
v 0.132104 0.583167 -0.017061
v 0.119754 0.585033 -0.029551
v 0.126869 0.543449 -0.017500
v 0.119754 0.585033 -0.029551
v 0.114202 0.545364 -0.030311
v 0.126869 0.543449 -0.017500
v 0.119754 0.585033 -0.029551
v 0.102884 0.587583 -0.034122
v 0.114202 0.545364 -0.030311
v 0.102884 0.587583 -0.034122
v 0.096899 0.547979 -0.035000
v 0.114202 0.545364 -0.030311
v 0.096899 0.547979 -0.035000
v 0.079595 0.550594 -0.030311
v 0.089213 0.497128 -0.035000
v 0.079595 0.550594 -0.030311
v 0.071910 0.499743 -0.030311
v 0.089213 0.497128 -0.035000
v 0.079595 0.550594 -0.030311
v 0.066928 0.552508 -0.017500
v 0.071910 0.499743 -0.030311
v 0.066928 0.552508 -0.017500
v 0.059243 0.501657 -0.017500
v 0.071910 0.499743 -0.030311
v 0.066928 0.552508 -0.017500
v 0.062292 0.553209 -0.000000
v 0.059243 0.501657 -0.017500
v 0.062292 0.553209 -0.000000
v 0.054606 0.502358 -0.000000
v 0.059243 0.501657 -0.017500
v 0.062292 0.553209 -0.000000
v 0.066928 0.552508 0.017500
v 0.054606 0.502358 -0.000000
v 0.066928 0.552508 0.017500
v 0.059243 0.501657 0.017500
v 0.054606 0.502358 -0.000000
v 0.066928 0.552508 0.017500
v 0.079595 0.550594 0.030311
v 0.059243 0.501657 0.017500
v 0.079595 0.550594 0.030311
v 0.071910 0.499743 0.030311
v 0.059243 0.501657 0.017500
v 0.079595 0.550594 0.030311
v 0.096899 0.547979 0.035000
v 0.071910 0.499743 0.030311
v 0.096899 0.547979 0.035000
v 0.089213 0.497128 0.035000
v 0.071910 0.499743 0.030311
v 0.096899 0.547979 0.035000
v 0.114202 0.545364 0.030311
v 0.089213 0.497128 0.035000
v 0.114202 0.545364 0.030311
v 0.106517 0.494513 0.030311
v 0.089213 0.497128 0.035000
v 0.114202 0.545364 0.030311
v 0.126869 0.543449 0.017500
v 0.106517 0.494513 0.030311
v 0.126869 0.543449 0.017500
v 0.119184 0.492598 0.017500
v 0.106517 0.494513 0.030311
v 0.126869 0.543449 0.017500
v 0.131506 0.542748 0.000000
v 0.119184 0.492598 0.017500
v 0.131506 0.542748 0.000000
v 0.123820 0.491897 0.000000
v 0.119184 0.492598 0.017500
v 0.131506 0.542748 0.000000
v 0.126869 0.543449 -0.017500
v 0.123820 0.491897 0.000000
v 0.126869 0.543449 -0.017500
v 0.119184 0.492598 -0.017500
v 0.123820 0.491897 0.000000
v 0.126869 0.543449 -0.017500
v 0.114202 0.545364 -0.030311
v 0.119184 0.492598 -0.017500
v 0.114202 0.545364 -0.030311
v 0.106517 0.494513 -0.030311
v 0.119184 0.492598 -0.017500
v 0.114202 0.545364 -0.030311
v 0.096899 0.547979 -0.035000
v 0.106517 0.494513 -0.030311
v 0.096899 0.547979 -0.035000
v 0.089213 0.497128 -0.035000
v 0.106517 0.494513 -0.030311
v 0.089213 0.497128 -0.035000
v 0.071910 0.499743 -0.030311
v 0.081528 0.446277 -0.035000
v 0.071910 0.499743 -0.030311
v 0.064225 0.448892 -0.030311
v 0.081528 0.446277 -0.035000
v 0.071910 0.499743 -0.030311
v 0.059243 0.501657 -0.017500
v 0.064225 0.448892 -0.030311
v 0.059243 0.501657 -0.017500
v 0.051558 0.450806 -0.017500
v 0.064225 0.448892 -0.030311
v 0.059243 0.501657 -0.017500
v 0.054606 0.502358 -0.000000
v 0.051558 0.450806 -0.017500
v 0.054606 0.502358 -0.000000
v 0.046921 0.451507 -0.000000
v 0.051558 0.450806 -0.017500
v 0.054606 0.502358 -0.000000
v 0.059243 0.501657 0.017500
v 0.046921 0.451507 -0.000000
v 0.059243 0.501657 0.017500
v 0.051558 0.450806 0.017500
v 0.046921 0.451507 -0.000000
v 0.059243 0.501657 0.017500
v 0.071910 0.499743 0.030311
v 0.051558 0.450806 0.017500
v 0.071910 0.499743 0.030311
v 0.064225 0.448892 0.030311
v 0.051558 0.450806 0.017500
v 0.071910 0.499743 0.030311
v 0.089213 0.497128 0.035000
v 0.064225 0.448892 0.030311
v 0.089213 0.497128 0.035000
v 0.081528 0.446277 0.035000
v 0.064225 0.448892 0.030311
v 0.089213 0.497128 0.035000
v 0.106517 0.494513 0.030311
v 0.081528 0.446277 0.035000
v 0.106517 0.494513 0.030311
v 0.098832 0.443661 0.030311
v 0.081528 0.446277 0.035000
v 0.106517 0.494513 0.030311
v 0.119184 0.492598 0.017500
v 0.098832 0.443661 0.030311
v 0.119184 0.492598 0.017500
v 0.111499 0.441747 0.017500
v 0.098832 0.443661 0.030311
v 0.119184 0.492598 0.017500
v 0.123820 0.491897 0.000000
v 0.111499 0.441747 0.017500
v 0.123820 0.491897 0.000000
v 0.116135 0.441046 0.000000
v 0.111499 0.441747 0.017500
v 0.123820 0.491897 0.000000
v 0.119184 0.492598 -0.017500
v 0.116135 0.441046 0.000000
v 0.119184 0.492598 -0.017500
v 0.111499 0.441747 -0.017500
v 0.116135 0.441046 0.000000
v 0.119184 0.492598 -0.017500
v 0.106517 0.494513 -0.030311
v 0.111499 0.441747 -0.017500
v 0.106517 0.494513 -0.030311
v 0.098832 0.443661 -0.030311
v 0.111499 0.441747 -0.017500
v 0.106517 0.494513 -0.030311
v 0.089213 0.497128 -0.035000
v 0.098832 0.443661 -0.030311
v 0.089213 0.497128 -0.035000
v 0.081528 0.446277 -0.035000
v 0.098832 0.443661 -0.030311
v 0.081528 0.446277 -0.035000
v 0.064225 0.448892 -0.030311
v 0.073843 0.395426 -0.035000
v 0.064225 0.448892 -0.030311
v 0.056539 0.398041 -0.030311
v 0.073843 0.395426 -0.035000
v 0.064225 0.448892 -0.030311
v 0.051558 0.450806 -0.017500
v 0.056539 0.398041 -0.030311
v 0.051558 0.450806 -0.017500
v 0.043872 0.399955 -0.017500
v 0.056539 0.398041 -0.030311
v 0.051558 0.450806 -0.017500
v 0.046921 0.451507 -0.000000
v 0.043872 0.399955 -0.017500
v 0.046921 0.451507 -0.000000
v 0.039236 0.400656 -0.000000
v 0.043872 0.399955 -0.017500
v 0.046921 0.451507 -0.000000
v 0.051558 0.450806 0.017500
v 0.039236 0.400656 -0.000000
v 0.051558 0.450806 0.017500
v 0.043872 0.399955 0.017500
v 0.039236 0.400656 -0.000000
v 0.051558 0.450806 0.017500
v 0.064225 0.448892 0.030311
v 0.043872 0.399955 0.017500
v 0.064225 0.448892 0.030311
v 0.056539 0.398041 0.030311
v 0.043872 0.399955 0.017500
v 0.064225 0.448892 0.030311
v 0.081528 0.446277 0.035000
v 0.056539 0.398041 0.030311
v 0.081528 0.446277 0.035000
v 0.073843 0.395426 0.035000
v 0.056539 0.398041 0.030311
v 0.081528 0.446277 0.035000
v 0.098832 0.443661 0.030311
v 0.073843 0.395426 0.035000
v 0.098832 0.443661 0.030311
v 0.091146 0.392810 0.030311
v 0.073843 0.395426 0.035000
v 0.098832 0.443661 0.030311
v 0.111499 0.441747 0.017500
v 0.091146 0.392810 0.030311
v 0.111499 0.441747 0.017500
v 0.103813 0.390896 0.017500
v 0.091146 0.392810 0.030311
v 0.111499 0.441747 0.017500
v 0.116135 0.441046 0.000000
v 0.103813 0.390896 0.017500
v 0.116135 0.441046 0.000000
v 0.108450 0.390195 0.000000
v 0.103813 0.390896 0.017500
v 0.116135 0.441046 0.000000
v 0.111499 0.441747 -0.017500
v 0.108450 0.390195 0.000000
v 0.111499 0.441747 -0.017500
v 0.103813 0.390896 -0.017500
v 0.108450 0.390195 0.000000
v 0.111499 0.441747 -0.017500
v 0.098832 0.443661 -0.030311
v 0.103813 0.390896 -0.017500
v 0.098832 0.443661 -0.030311
v 0.091146 0.392810 -0.030311
v 0.103813 0.390896 -0.017500
v 0.098832 0.443661 -0.030311
v 0.081528 0.446277 -0.035000
v 0.091146 0.392810 -0.030311
v 0.081528 0.446277 -0.035000
v 0.073843 0.395426 -0.035000
v 0.091146 0.392810 -0.030311
v 0.073843 0.395426 -0.035000
v 0.056539 0.398041 -0.030311
v 0.066157 0.344574 -0.035000
v 0.056539 0.398041 -0.030311
v 0.048854 0.347190 -0.030311
v 0.066157 0.344574 -0.035000
v 0.056539 0.398041 -0.030311
v 0.043872 0.399955 -0.017500
v 0.048854 0.347190 -0.030311
v 0.043872 0.399955 -0.017500
v 0.036187 0.349104 -0.017500
v 0.048854 0.347190 -0.030311
v 0.043872 0.399955 -0.017500
v 0.039236 0.400656 -0.000000
v 0.036187 0.349104 -0.017500
v 0.039236 0.400656 -0.000000
v 0.031550 0.349805 -0.000000
v 0.036187 0.349104 -0.017500
v 0.039236 0.400656 -0.000000
v 0.043872 0.399955 0.017500
v 0.031550 0.349805 -0.000000
v 0.043872 0.399955 0.017500
v 0.036187 0.349104 0.017500
v 0.031550 0.349805 -0.000000
v 0.043872 0.399955 0.017500
v 0.056539 0.398041 0.030311
v 0.036187 0.349104 0.017500
v 0.056539 0.398041 0.030311
v 0.048854 0.347190 0.030311
v 0.036187 0.349104 0.017500
v 0.056539 0.398041 0.030311
v 0.073843 0.395426 0.035000
v 0.048854 0.347190 0.030311
v 0.073843 0.395426 0.035000
v 0.066157 0.344574 0.035000
v 0.048854 0.347190 0.030311
v 0.073843 0.395426 0.035000
v 0.091146 0.392810 0.030311
v 0.066157 0.344574 0.035000
v 0.091146 0.392810 0.030311
v 0.083461 0.341959 0.030311
v 0.066157 0.344574 0.035000
v 0.091146 0.392810 0.030311
v 0.103813 0.390896 0.017500
v 0.083461 0.341959 0.030311
v 0.103813 0.390896 0.017500
v 0.096128 0.340045 0.017500
v 0.083461 0.341959 0.030311
v 0.103813 0.390896 0.017500
v 0.108450 0.390195 0.000000
v 0.096128 0.340045 0.017500
v 0.108450 0.390195 0.000000
v 0.100764 0.339344 0.000000
v 0.096128 0.340045 0.017500
v 0.108450 0.390195 0.000000
v 0.103813 0.390896 -0.017500
v 0.100764 0.339344 0.000000
v 0.103813 0.390896 -0.017500
v 0.096128 0.340045 -0.017500
v 0.100764 0.339344 0.000000
v 0.103813 0.390896 -0.017500
v 0.091146 0.392810 -0.030311
v 0.096128 0.340045 -0.017500
v 0.091146 0.392810 -0.030311
v 0.083461 0.341959 -0.030311
v 0.096128 0.340045 -0.017500
v 0.091146 0.392810 -0.030311
v 0.073843 0.395426 -0.035000
v 0.083461 0.341959 -0.030311
v 0.073843 0.395426 -0.035000
v 0.066157 0.344574 -0.035000
v 0.083461 0.341959 -0.030311
v 0.066157 0.344574 -0.035000
v 0.048854 0.347190 -0.030311
v 0.058472 0.293723 -0.035000
v 0.048854 0.347190 -0.030311
v 0.041168 0.296339 -0.030311
v 0.058472 0.293723 -0.035000
v 0.048854 0.347190 -0.030311
v 0.036187 0.349104 -0.017500
v 0.041168 0.296339 -0.030311
v 0.036187 0.349104 -0.017500
v 0.028501 0.298253 -0.017500
v 0.041168 0.296339 -0.030311
v 0.036187 0.349104 -0.017500
v 0.031550 0.349805 -0.000000
v 0.028501 0.298253 -0.017500
v 0.031550 0.349805 -0.000000
v 0.023865 0.298954 -0.000000
v 0.028501 0.298253 -0.017500
v 0.031550 0.349805 -0.000000
v 0.036187 0.349104 0.017500
v 0.023865 0.298954 -0.000000
v 0.036187 0.349104 0.017500
v 0.028501 0.298253 0.017500
v 0.023865 0.298954 -0.000000
v 0.036187 0.349104 0.017500
v 0.048854 0.347190 0.030311
v 0.028501 0.298253 0.017500
v 0.048854 0.347190 0.030311
v 0.041168 0.296339 0.030311
v 0.028501 0.298253 0.017500
v 0.048854 0.347190 0.030311
v 0.066157 0.344574 0.035000
v 0.041168 0.296339 0.030311
v 0.066157 0.344574 0.035000
v 0.058472 0.293723 0.035000
v 0.041168 0.296339 0.030311
v 0.066157 0.344574 0.035000
v 0.083461 0.341959 0.030311
v 0.058472 0.293723 0.035000
v 0.083461 0.341959 0.030311
v 0.075775 0.291108 0.030311
v 0.058472 0.293723 0.035000
v 0.083461 0.341959 0.030311
v 0.096128 0.340045 0.017500
v 0.075775 0.291108 0.030311
v 0.096128 0.340045 0.017500
v 0.088442 0.289194 0.017500
v 0.075775 0.291108 0.030311
v 0.096128 0.340045 0.017500
v 0.100764 0.339344 0.000000
v 0.088442 0.289194 0.017500
v 0.100764 0.339344 0.000000
v 0.093079 0.288493 0.000000
v 0.088442 0.289194 0.017500
v 0.100764 0.339344 0.000000
v 0.096128 0.340045 -0.017500
v 0.093079 0.288493 0.000000
v 0.096128 0.340045 -0.017500
v 0.088442 0.289194 -0.017500
v 0.093079 0.288493 0.000000
v 0.096128 0.340045 -0.017500
v 0.083461 0.341959 -0.030311
v 0.088442 0.289194 -0.017500
v 0.083461 0.341959 -0.030311
v 0.075775 0.291108 -0.030311
v 0.088442 0.289194 -0.017500
v 0.083461 0.341959 -0.030311
v 0.066157 0.344574 -0.035000
v 0.075775 0.291108 -0.030311
v 0.066157 0.344574 -0.035000
v 0.058472 0.293723 -0.035000
v 0.075775 0.291108 -0.030311
v 0.058472 0.293723 -0.035000
v 0.041168 0.296339 -0.030311
v 0.050787 0.242872 -0.035000
v 0.041168 0.296339 -0.030311
v 0.033483 0.245487 -0.030311
v 0.050787 0.242872 -0.035000
v 0.041168 0.296339 -0.030311
v 0.028501 0.298253 -0.017500
v 0.033483 0.245487 -0.030311
v 0.028501 0.298253 -0.017500
v 0.020816 0.247402 -0.017500
v 0.033483 0.245487 -0.030311
v 0.028501 0.298253 -0.017500
v 0.023865 0.298954 -0.000000
v 0.020816 0.247402 -0.017500
v 0.023865 0.298954 -0.000000
v 0.016180 0.248103 -0.000000
v 0.020816 0.247402 -0.017500
v 0.023865 0.298954 -0.000000
v 0.028501 0.298253 0.017500
v 0.016180 0.248103 -0.000000
v 0.028501 0.298253 0.017500
v 0.020816 0.247402 0.017500
v 0.016180 0.248103 -0.000000
v 0.028501 0.298253 0.017500
v 0.041168 0.296339 0.030311
v 0.020816 0.247402 0.017500
v 0.041168 0.296339 0.030311
v 0.033483 0.245487 0.030311
v 0.020816 0.247402 0.017500
v 0.041168 0.296339 0.030311
v 0.058472 0.293723 0.035000
v 0.033483 0.245487 0.030311
v 0.058472 0.293723 0.035000
v 0.050787 0.242872 0.035000
v 0.033483 0.245487 0.030311
v 0.058472 0.293723 0.035000
v 0.075775 0.291108 0.030311
v 0.050787 0.242872 0.035000
v 0.075775 0.291108 0.030311
v 0.068090 0.240257 0.030311
v 0.050787 0.242872 0.035000
v 0.075775 0.291108 0.030311
v 0.088442 0.289194 0.017500
v 0.068090 0.240257 0.030311
v 0.088442 0.289194 0.017500
v 0.080757 0.238343 0.017500
v 0.068090 0.240257 0.030311
v 0.088442 0.289194 0.017500
v 0.093079 0.288493 0.000000
v 0.080757 0.238343 0.017500
v 0.093079 0.288493 0.000000
v 0.085394 0.237642 0.000000
v 0.080757 0.238343 0.017500
v 0.093079 0.288493 0.000000
v 0.088442 0.289194 -0.017500
v 0.085394 0.237642 0.000000
v 0.088442 0.289194 -0.017500
v 0.080757 0.238343 -0.017500
v 0.085394 0.237642 0.000000
v 0.088442 0.289194 -0.017500
v 0.075775 0.291108 -0.030311
v 0.080757 0.238343 -0.017500
v 0.075775 0.291108 -0.030311
v 0.068090 0.240257 -0.030311
v 0.080757 0.238343 -0.017500
v 0.075775 0.291108 -0.030311
v 0.058472 0.293723 -0.035000
v 0.068090 0.240257 -0.030311
v 0.058472 0.293723 -0.035000
v 0.050787 0.242872 -0.035000
v 0.068090 0.240257 -0.030311
v 0.050787 0.242872 -0.035000
v 0.033483 0.245487 -0.030311
v 0.043101 0.192021 -0.035000
v 0.033483 0.245487 -0.030311
v 0.025798 0.194636 -0.030311
v 0.043101 0.192021 -0.035000
v 0.033483 0.245487 -0.030311
v 0.020816 0.247402 -0.017500
v 0.025798 0.194636 -0.030311
v 0.020816 0.247402 -0.017500
v 0.013131 0.196551 -0.017500
v 0.025798 0.194636 -0.030311
v 0.020816 0.247402 -0.017500
v 0.016180 0.248103 -0.000000
v 0.013131 0.196551 -0.017500
v 0.016180 0.248103 -0.000000
v 0.008494 0.197252 -0.000000
v 0.013131 0.196551 -0.017500
v 0.016180 0.248103 -0.000000
v 0.020816 0.247402 0.017500
v 0.008494 0.197252 -0.000000
v 0.020816 0.247402 0.017500
v 0.013131 0.196551 0.017500
v 0.008494 0.197252 -0.000000
v 0.020816 0.247402 0.017500
v 0.033483 0.245487 0.030311
v 0.013131 0.196551 0.017500
v 0.033483 0.245487 0.030311
v 0.025798 0.194636 0.030311
v 0.013131 0.196551 0.017500
v 0.033483 0.245487 0.030311
v 0.050787 0.242872 0.035000
v 0.025798 0.194636 0.030311
v 0.050787 0.242872 0.035000
v 0.043101 0.192021 0.035000
v 0.025798 0.194636 0.030311
v 0.050787 0.242872 0.035000
v 0.068090 0.240257 0.030311
v 0.043101 0.192021 0.035000
v 0.068090 0.240257 0.030311
v 0.060405 0.189406 0.030311
v 0.043101 0.192021 0.035000
v 0.068090 0.240257 0.030311
v 0.080757 0.238343 0.017500
v 0.060405 0.189406 0.030311
v 0.080757 0.238343 0.017500
v 0.073072 0.187492 0.017500
v 0.060405 0.189406 0.030311
v 0.080757 0.238343 0.017500
v 0.085394 0.237642 0.000000
v 0.073072 0.187492 0.017500
v 0.085394 0.237642 0.000000
v 0.077708 0.186791 0.000000
v 0.073072 0.187492 0.017500
v 0.085394 0.237642 0.000000
v 0.080757 0.238343 -0.017500
v 0.077708 0.186791 0.000000
v 0.080757 0.238343 -0.017500
v 0.073072 0.187492 -0.017500
v 0.077708 0.186791 0.000000
v 0.080757 0.238343 -0.017500
v 0.068090 0.240257 -0.030311
v 0.073072 0.187492 -0.017500
v 0.068090 0.240257 -0.030311
v 0.060405 0.189406 -0.030311
v 0.073072 0.187492 -0.017500
v 0.068090 0.240257 -0.030311
v 0.050787 0.242872 -0.035000
v 0.060405 0.189406 -0.030311
v 0.050787 0.242872 -0.035000
v 0.043101 0.192021 -0.035000
v 0.060405 0.189406 -0.030311
v 0.043101 0.192021 -0.035000
v 0.025798 0.194636 -0.030311
v 0.037116 0.152417 -0.034122
v 0.025798 0.194636 -0.030311
v 0.020246 0.154967 -0.029551
v 0.037116 0.152417 -0.034122
v 0.025798 0.194636 -0.030311
v 0.013131 0.196551 -0.017500
v 0.020246 0.154967 -0.029551
v 0.013131 0.196551 -0.017500
v 0.007896 0.156833 -0.017061
v 0.020246 0.154967 -0.029551
v 0.013131 0.196551 -0.017500
v 0.008494 0.197252 -0.000000
v 0.007896 0.156833 -0.017061
v 0.008494 0.197252 -0.000000
v 0.003376 0.157516 -0.000000
v 0.007896 0.156833 -0.017061
v 0.008494 0.197252 -0.000000
v 0.013131 0.196551 0.017500
v 0.003376 0.157516 -0.000000
v 0.013131 0.196551 0.017500
v 0.007896 0.156833 0.017061
v 0.003376 0.157516 -0.000000
v 0.013131 0.196551 0.017500
v 0.025798 0.194636 0.030311
v 0.007896 0.156833 0.017061
v 0.025798 0.194636 0.030311
v 0.020246 0.154967 0.029551
v 0.007896 0.156833 0.017061
v 0.025798 0.194636 0.030311
v 0.043101 0.192021 0.035000
v 0.020246 0.154967 0.029551
v 0.043101 0.192021 0.035000
v 0.037116 0.152417 0.034122
v 0.020246 0.154967 0.029551
v 0.043101 0.192021 0.035000
v 0.060405 0.189406 0.030311
v 0.037116 0.152417 0.034122
v 0.060405 0.189406 0.030311
v 0.053985 0.149868 0.029551
v 0.037116 0.152417 0.034122
v 0.060405 0.189406 0.030311
v 0.073072 0.187492 0.017500
v 0.053985 0.149868 0.029551
v 0.073072 0.187492 0.017500
v 0.066335 0.148001 0.017061
v 0.053985 0.149868 0.029551
v 0.073072 0.187492 0.017500
v 0.077708 0.186791 0.000000
v 0.066335 0.148001 0.017061
v 0.077708 0.186791 0.000000
v 0.070855 0.147318 0.000000
v 0.066335 0.148001 0.017061
v 0.077708 0.186791 0.000000
v 0.073072 0.187492 -0.017500
v 0.070855 0.147318 0.000000
v 0.073072 0.187492 -0.017500
v 0.066335 0.148001 -0.017061
v 0.070855 0.147318 0.000000
v 0.073072 0.187492 -0.017500
v 0.060405 0.189406 -0.030311
v 0.066335 0.148001 -0.017061
v 0.060405 0.189406 -0.030311
v 0.053985 0.149868 -0.029551
v 0.066335 0.148001 -0.017061
v 0.060405 0.189406 -0.030311
v 0.043101 0.192021 -0.035000
v 0.053985 0.149868 -0.029551
v 0.043101 0.192021 -0.035000
v 0.037116 0.152417 -0.034122
v 0.053985 0.149868 -0.029551
v 0.037116 0.152417 -0.034122
v 0.020246 0.154967 -0.029551
v 0.031430 0.114799 -0.031534
v 0.020246 0.154967 -0.029551
v 0.015840 0.117155 -0.027309
v 0.031430 0.114799 -0.031534
v 0.020246 0.154967 -0.029551
v 0.007896 0.156833 -0.017061
v 0.015840 0.117155 -0.027309
v 0.007896 0.156833 -0.017061
v 0.004428 0.118880 -0.015767
v 0.015840 0.117155 -0.027309
v 0.007896 0.156833 -0.017061
v 0.003376 0.157516 -0.000000
v 0.004428 0.118880 -0.015767
v 0.003376 0.157516 -0.000000
v 0.000250 0.119511 -0.000000
v 0.004428 0.118880 -0.015767
v 0.003376 0.157516 -0.000000
v 0.007896 0.156833 0.017061
v 0.000250 0.119511 -0.000000
v 0.007896 0.156833 0.017061
v 0.004428 0.118880 0.015767
v 0.000250 0.119511 -0.000000
v 0.007896 0.156833 0.017061
v 0.020246 0.154967 0.029551
v 0.004428 0.118880 0.015767
v 0.020246 0.154967 0.029551
v 0.015840 0.117155 0.027309
v 0.004428 0.118880 0.015767
v 0.020246 0.154967 0.029551
v 0.037116 0.152417 0.034122
v 0.015840 0.117155 0.027309
v 0.037116 0.152417 0.034122
v 0.031430 0.114799 0.031534
v 0.015840 0.117155 0.027309
v 0.037116 0.152417 0.034122
v 0.053985 0.149868 0.029551
v 0.031430 0.114799 0.031534
v 0.053985 0.149868 0.029551
v 0.047020 0.112443 0.027309
v 0.031430 0.114799 0.031534
v 0.053985 0.149868 0.029551
v 0.066335 0.148001 0.017061
v 0.047020 0.112443 0.027309
v 0.066335 0.148001 0.017061
v 0.058433 0.110718 0.015767
v 0.047020 0.112443 0.027309
v 0.066335 0.148001 0.017061
v 0.070855 0.147318 0.000000
v 0.058433 0.110718 0.015767
v 0.070855 0.147318 0.000000
v 0.062610 0.110087 0.000000
v 0.058433 0.110718 0.015767
v 0.070855 0.147318 0.000000
v 0.066335 0.148001 -0.017061
v 0.062610 0.110087 0.000000
v 0.066335 0.148001 -0.017061
v 0.058433 0.110718 -0.015767
v 0.062610 0.110087 0.000000
v 0.066335 0.148001 -0.017061
v 0.053985 0.149868 -0.029551
v 0.058433 0.110718 -0.015767
v 0.053985 0.149868 -0.029551
v 0.047020 0.112443 -0.027309
v 0.058433 0.110718 -0.015767
v 0.053985 0.149868 -0.029551
v 0.037116 0.152417 -0.034122
v 0.047020 0.112443 -0.027309
v 0.037116 0.152417 -0.034122
v 0.031430 0.114799 -0.031534
v 0.047020 0.112443 -0.027309
v 0.031430 0.114799 -0.031534
v 0.015840 0.117155 -0.027309
v 0.026330 0.081053 -0.027364
v 0.015840 0.117155 -0.027309
v 0.012802 0.083098 -0.023698
v 0.026330 0.081053 -0.027364
v 0.015840 0.117155 -0.027309
v 0.004428 0.118880 -0.015767
v 0.012802 0.083098 -0.023698
v 0.004428 0.118880 -0.015767
v 0.002898 0.084595 -0.013682
v 0.012802 0.083098 -0.023698
v 0.004428 0.118880 -0.015767
v 0.000250 0.119511 -0.000000
v 0.002898 0.084595 -0.013682
v 0.000250 0.119511 -0.000000
v -0.000727 0.085142 -0.000000
v 0.002898 0.084595 -0.013682
v 0.000250 0.119511 -0.000000
v 0.004428 0.118880 0.015767
v -0.000727 0.085142 -0.000000
v 0.004428 0.118880 0.015767
v 0.002898 0.084595 0.013682
v -0.000727 0.085142 -0.000000
v 0.004428 0.118880 0.015767
v 0.015840 0.117155 0.027309
v 0.002898 0.084595 0.013682
v 0.015840 0.117155 0.027309
v 0.012802 0.083098 0.023698
v 0.002898 0.084595 0.013682
v 0.015840 0.117155 0.027309
v 0.031430 0.114799 0.031534
v 0.012802 0.083098 0.023698
v 0.031430 0.114799 0.031534
v 0.026330 0.081053 0.027364
v 0.012802 0.083098 0.023698
v 0.031430 0.114799 0.031534
v 0.047020 0.112443 0.027309
v 0.026330 0.081053 0.027364
v 0.047020 0.112443 0.027309
v 0.039858 0.079009 0.023698
v 0.026330 0.081053 0.027364
v 0.047020 0.112443 0.027309
v 0.058433 0.110718 0.015767
v 0.039858 0.079009 0.023698
v 0.058433 0.110718 0.015767
v 0.049762 0.077512 0.013682
v 0.039858 0.079009 0.023698
v 0.058433 0.110718 0.015767
v 0.062610 0.110087 0.000000
v 0.049762 0.077512 0.013682
v 0.062610 0.110087 0.000000
v 0.053387 0.076964 0.000000
v 0.049762 0.077512 0.013682
v 0.062610 0.110087 0.000000
v 0.058433 0.110718 -0.015767
v 0.053387 0.076964 0.000000
v 0.058433 0.110718 -0.015767
v 0.049762 0.077512 -0.013682
v 0.053387 0.076964 0.000000
v 0.058433 0.110718 -0.015767
v 0.047020 0.112443 -0.027309
v 0.049762 0.077512 -0.013682
v 0.047020 0.112443 -0.027309
v 0.039858 0.079009 -0.023698
v 0.049762 0.077512 -0.013682
v 0.047020 0.112443 -0.027309
v 0.031430 0.114799 -0.031534
v 0.039858 0.079009 -0.023698
v 0.031430 0.114799 -0.031534
v 0.026330 0.081053 -0.027364
v 0.039858 0.079009 -0.023698
v 0.026330 0.081053 -0.027364
v 0.012802 0.083098 -0.023698
v 0.022071 0.052872 -0.021822
v 0.012802 0.083098 -0.023698
v 0.011282 0.054502 -0.018899
v 0.022071 0.052872 -0.021822
v 0.012802 0.083098 -0.023698
v 0.002898 0.084595 -0.013682
v 0.011282 0.054502 -0.018899
v 0.002898 0.084595 -0.013682
v 0.003384 0.055696 -0.010911
v 0.011282 0.054502 -0.018899
v 0.002898 0.084595 -0.013682
v -0.000727 0.085142 -0.000000
v 0.003384 0.055696 -0.010911
v -0.000727 0.085142 -0.000000
v 0.000494 0.056133 -0.000000
v 0.003384 0.055696 -0.010911
v -0.000727 0.085142 -0.000000
v 0.002898 0.084595 0.013682
v 0.000494 0.056133 -0.000000
v 0.002898 0.084595 0.013682
v 0.003384 0.055696 0.010911
v 0.000494 0.056133 -0.000000
v 0.002898 0.084595 0.013682
v 0.012802 0.083098 0.023698
v 0.003384 0.055696 0.010911
v 0.012802 0.083098 0.023698
v 0.011282 0.054502 0.018899
v 0.003384 0.055696 0.010911
v 0.012802 0.083098 0.023698
v 0.026330 0.081053 0.027364
v 0.011282 0.054502 0.018899
v 0.026330 0.081053 0.027364
v 0.022071 0.052872 0.021822
v 0.011282 0.054502 0.018899
v 0.026330 0.081053 0.027364
v 0.039858 0.079009 0.023698
v 0.022071 0.052872 0.021822
v 0.039858 0.079009 0.023698
v 0.032859 0.051241 0.018899
v 0.022071 0.052872 0.021822
v 0.039858 0.079009 0.023698
v 0.049762 0.077512 0.013682
v 0.032859 0.051241 0.018899
v 0.049762 0.077512 0.013682
v 0.040757 0.050048 0.010911
v 0.032859 0.051241 0.018899
v 0.049762 0.077512 0.013682
v 0.053387 0.076964 0.000000
v 0.040757 0.050048 0.010911
v 0.053387 0.076964 0.000000
v 0.043648 0.049611 0.000000
v 0.040757 0.050048 0.010911
v 0.053387 0.076964 0.000000
v 0.049762 0.077512 -0.013682
v 0.043648 0.049611 0.000000
v 0.049762 0.077512 -0.013682
v 0.040757 0.050048 -0.010911
v 0.043648 0.049611 0.000000
v 0.049762 0.077512 -0.013682
v 0.039858 0.079009 -0.023698
v 0.040757 0.050048 -0.010911
v 0.039858 0.079009 -0.023698
v 0.032859 0.051241 -0.018899
v 0.040757 0.050048 -0.010911
v 0.039858 0.079009 -0.023698
v 0.026330 0.081053 -0.027364
v 0.032859 0.051241 -0.018899
v 0.026330 0.081053 -0.027364
v 0.022071 0.052872 -0.021822
v 0.032859 0.051241 -0.018899
v 0.022071 0.052872 -0.021822
v 0.011282 0.054502 -0.018899
v 0.018866 0.031668 -0.015186
v 0.011282 0.054502 -0.018899
v 0.011358 0.032802 -0.013151
v 0.018866 0.031668 -0.015186
v 0.011282 0.054502 -0.018899
v 0.003384 0.055696 -0.010911
v 0.011358 0.032802 -0.013151
v 0.003384 0.055696 -0.010911
v 0.005862 0.033633 -0.007593
v 0.011358 0.032802 -0.013151
v 0.003384 0.055696 -0.010911
v 0.000494 0.056133 -0.000000
v 0.005862 0.033633 -0.007593
v 0.000494 0.056133 -0.000000
v 0.003851 0.033937 -0.000000
v 0.005862 0.033633 -0.007593
v 0.000494 0.056133 -0.000000
v 0.003384 0.055696 0.010911
v 0.003851 0.033937 -0.000000
v 0.003384 0.055696 0.010911
v 0.005862 0.033633 0.007593
v 0.003851 0.033937 -0.000000
v 0.003384 0.055696 0.010911
v 0.011282 0.054502 0.018899
v 0.005862 0.033633 0.007593
v 0.011282 0.054502 0.018899
v 0.011358 0.032803 0.013151
v 0.005862 0.033633 0.007593
v 0.011282 0.054502 0.018899
v 0.022071 0.052872 0.021822
v 0.011358 0.032803 0.013151
v 0.022071 0.052872 0.021822
v 0.018866 0.031668 0.015186
v 0.011358 0.032803 0.013151
v 0.022071 0.052872 0.021822
v 0.032859 0.051241 0.018899
v 0.018866 0.031668 0.015186
v 0.032859 0.051241 0.018899
v 0.026374 0.030533 0.013151
v 0.018866 0.031668 0.015186
v 0.032859 0.051241 0.018899
v 0.040757 0.050048 0.010911
v 0.026374 0.030533 0.013151
v 0.040757 0.050048 0.010911
v 0.031870 0.029703 0.007593
v 0.026374 0.030533 0.013151
v 0.040757 0.050048 0.010911
v 0.043648 0.049611 0.000000
v 0.031870 0.029703 0.007593
v 0.043648 0.049611 0.000000
v 0.033882 0.029398 0.000000
v 0.031870 0.029703 0.007593
v 0.043648 0.049611 0.000000
v 0.040757 0.050048 -0.010911
v 0.033882 0.029398 0.000000
v 0.040757 0.050048 -0.010911
v 0.031870 0.029703 -0.007593
v 0.033882 0.029398 0.000000
v 0.040757 0.050048 -0.010911
v 0.032859 0.051241 -0.018899
v 0.031870 0.029703 -0.007593
v 0.032859 0.051241 -0.018899
v 0.026374 0.030533 -0.013151
v 0.031870 0.029703 -0.007593
v 0.032859 0.051241 -0.018899
v 0.022071 0.052872 -0.021822
v 0.026374 0.030533 -0.013151
v 0.022071 0.052872 -0.021822
v 0.018866 0.031668 -0.015186
v 0.026374 0.030533 -0.013151
v 0.018866 0.031668 -0.015186
v 0.011358 0.032802 -0.013151
v 0.016877 0.018505 -0.007788
v 0.011358 0.032802 -0.013151
v 0.013026 0.019087 -0.006745
v 0.016877 0.018505 -0.007788
v 0.011358 0.032802 -0.013151
v 0.005862 0.033633 -0.007593
v 0.013026 0.019087 -0.006745
v 0.005862 0.033633 -0.007593
v 0.010208 0.019513 -0.003894
v 0.013026 0.019087 -0.006745
v 0.005862 0.033633 -0.007593
v 0.003851 0.033937 -0.000000
v 0.010208 0.019513 -0.003894
v 0.003851 0.033937 -0.000000
v 0.009176 0.019669 -0.000000
v 0.010208 0.019513 -0.003894
v 0.003851 0.033937 -0.000000
v 0.005862 0.033633 0.007593
v 0.009176 0.019669 -0.000000
v 0.005862 0.033633 0.007593
v 0.010208 0.019513 0.003894
v 0.009176 0.019669 -0.000000
v 0.005862 0.033633 0.007593
v 0.011358 0.032803 0.013151
v 0.010208 0.019513 0.003894
v 0.011358 0.032803 0.013151
v 0.013026 0.019087 0.006745
v 0.010208 0.019513 0.003894
v 0.011358 0.032803 0.013151
v 0.018866 0.031668 0.015186
v 0.013026 0.019087 0.006745
v 0.018866 0.031668 0.015186
v 0.016877 0.018505 0.007788
v 0.013026 0.019087 0.006745
v 0.018866 0.031668 0.015186
v 0.026374 0.030533 0.013151
v 0.016877 0.018505 0.007788
v 0.026374 0.030533 0.013151
v 0.020727 0.017923 0.006745
v 0.016877 0.018505 0.007788
v 0.026374 0.030533 0.013151
v 0.031870 0.029703 0.007593
v 0.020727 0.017923 0.006745
v 0.031870 0.029703 0.007593
v 0.023546 0.017497 0.003894
v 0.020727 0.017923 0.006745
v 0.031870 0.029703 0.007593
v 0.033882 0.029398 0.000000
v 0.023546 0.017497 0.003894
v 0.033882 0.029398 0.000000
v 0.024577 0.017341 0.000000
v 0.023546 0.017497 0.003894
v 0.033882 0.029398 0.000000
v 0.031870 0.029703 -0.007593
v 0.024577 0.017341 0.000000
v 0.031870 0.029703 -0.007593
v 0.023546 0.017497 -0.003894
v 0.024577 0.017341 0.000000
v 0.031870 0.029703 -0.007593
v 0.026374 0.030533 -0.013151
v 0.023546 0.017497 -0.003894
v 0.026374 0.030533 -0.013151
v 0.020727 0.017923 -0.006745
v 0.023546 0.017497 -0.003894
v 0.026374 0.030533 -0.013151
v 0.018866 0.031668 -0.015186
v 0.020727 0.017923 -0.006745
v 0.018866 0.031668 -0.015186
v 0.016877 0.018505 -0.007788
v 0.020727 0.017923 -0.006745
v 0.016877 0.018505 -0.007788
v 0.013026 0.019087 -0.006745
v 0.016202 0.014042 0.000000
v 0.013026 0.019087 -0.006745
v 0.016202 0.014042 0.000000
v 0.016202 0.014042 0.000000
v 0.013026 0.019087 -0.006745
v 0.010208 0.019513 -0.003894
v 0.016202 0.014042 0.000000
v 0.010208 0.019513 -0.003894
v 0.016202 0.014042 0.000000
v 0.016202 0.014042 0.000000
v 0.010208 0.019513 -0.003894
v 0.009176 0.019669 -0.000000
v 0.016202 0.014042 0.000000
v 0.009176 0.019669 -0.000000
v 0.016202 0.014042 0.000000
v 0.016202 0.014042 0.000000
v 0.009176 0.019669 -0.000000
v 0.010208 0.019513 0.003894
v 0.016202 0.014042 0.000000
v 0.010208 0.019513 0.003894
v 0.016202 0.014042 0.000000
v 0.016202 0.014042 0.000000
v 0.010208 0.019513 0.003894
v 0.013026 0.019087 0.006745
v 0.016202 0.014042 0.000000
v 0.013026 0.019087 0.006745
v 0.016202 0.014042 0.000000
v 0.016202 0.014042 0.000000
v 0.013026 0.019087 0.006745
v 0.016877 0.018505 0.007788
v 0.016202 0.014042 0.000000
v 0.016877 0.018505 0.007788
v 0.016202 0.014042 0.000000
v 0.016202 0.014042 0.000000
v 0.016877 0.018505 0.007788
v 0.020727 0.017923 0.006745
v 0.016202 0.014042 0.000000
v 0.020727 0.017923 0.006745
v 0.016202 0.014042 0.000000
v 0.016202 0.014042 0.000000
v 0.020727 0.017923 0.006745
v 0.023546 0.017497 0.003894
v 0.016202 0.014042 0.000000
v 0.023546 0.017497 0.003894
v 0.016202 0.014042 0.000000
v 0.016202 0.014042 0.000000
v 0.023546 0.017497 0.003894
v 0.024577 0.017341 0.000000
v 0.016202 0.014042 0.000000
v 0.024577 0.017341 0.000000
v 0.016202 0.014042 0.000000
v 0.016202 0.014042 0.000000
v 0.024577 0.017341 0.000000
v 0.023546 0.017497 -0.003894
v 0.016202 0.014042 0.000000
v 0.023546 0.017497 -0.003894
v 0.016202 0.014042 0.000000
v 0.016202 0.014042 0.000000
v 0.023546 0.017497 -0.003894
v 0.020727 0.017923 -0.006745
v 0.016202 0.014042 0.000000
v 0.020727 0.017923 -0.006745
v 0.016202 0.014042 0.000000
v 0.016202 0.014042 0.000000
v 0.020727 0.017923 -0.006745
v 0.016877 0.018505 -0.007788
v 0.016202 0.014042 0.000000
v 0.016877 0.018505 -0.007788
v 0.016202 0.014042 0.000000
v 0.016202 0.014042 0.000000
v -0.427741 0.281601 0.067302
v -0.427741 0.281601 0.067302
v -0.425630 0.280610 0.060129
v -0.427741 0.281601 0.067302
v -0.427953 0.275547 0.060978
v -0.425630 0.280610 0.060129
v -0.427741 0.281601 0.067302
v -0.427741 0.281601 0.067302
v -0.427953 0.275547 0.060978
v -0.427741 0.281601 0.067302
v -0.429387 0.271698 0.063361
v -0.427953 0.275547 0.060978
v -0.427741 0.281601 0.067302
v -0.427741 0.281601 0.067302
v -0.429387 0.271698 0.063361
v -0.427741 0.281601 0.067302
v -0.429548 0.270094 0.066642
v -0.429387 0.271698 0.063361
v -0.427741 0.281601 0.067302
v -0.427741 0.281601 0.067302
v -0.429548 0.270094 0.066642
v -0.427741 0.281601 0.067302
v -0.428393 0.271165 0.069941
v -0.429548 0.270094 0.066642
v -0.427741 0.281601 0.067302
v -0.427741 0.281601 0.067302
v -0.428393 0.271165 0.069941
v -0.427741 0.281601 0.067302
v -0.426231 0.274623 0.072374
v -0.428393 0.271165 0.069941
v -0.427741 0.281601 0.067302
v -0.427741 0.281601 0.067302
v -0.426231 0.274623 0.072374
v -0.427741 0.281601 0.067302
v -0.423641 0.279543 0.073289
v -0.426231 0.274623 0.072374
v -0.427741 0.281601 0.067302
v -0.427741 0.281601 0.067302
v -0.423641 0.279543 0.073289
v -0.427741 0.281601 0.067302
v -0.421318 0.284606 0.072441
v -0.423641 0.279543 0.073289
v -0.427741 0.281601 0.067302
v -0.427741 0.281601 0.067302
v -0.421318 0.284606 0.072441
v -0.427741 0.281601 0.067302
v -0.419884 0.288455 0.070057
v -0.421318 0.284606 0.072441
v -0.427741 0.281601 0.067302
v -0.427741 0.281601 0.067302
v -0.419884 0.288455 0.070057
v -0.427741 0.281601 0.067302
v -0.419723 0.290059 0.066776
v -0.419884 0.288455 0.070057
v -0.427741 0.281601 0.067302
v -0.427741 0.281601 0.067302
v -0.419723 0.290059 0.066776
v -0.427741 0.281601 0.067302
v -0.420878 0.288988 0.063477
v -0.419723 0.290059 0.066776
v -0.427741 0.281601 0.067302
v -0.427741 0.281601 0.067302
v -0.420878 0.288988 0.063477
v -0.427741 0.281601 0.067302
v -0.423040 0.285530 0.061044
v -0.420878 0.288988 0.063477
v -0.427741 0.281601 0.067302
v -0.427741 0.281601 0.067302
v -0.423040 0.285530 0.061044
v -0.427741 0.281601 0.067302
v -0.425630 0.280610 0.060129
v -0.423040 0.285530 0.061044
v -0.425630 0.280610 0.060129
v -0.427953 0.275547 0.060978
v -0.417413 0.276620 0.052131
v -0.427953 0.275547 0.060978
v -0.421943 0.266748 0.053784
v -0.417413 0.276620 0.052131
v -0.427953 0.275547 0.060978
v -0.429387 0.271698 0.063361
v -0.421943 0.266748 0.053784
v -0.429387 0.271698 0.063361
v -0.424739 0.259243 0.058432
v -0.421943 0.266748 0.053784
v -0.429387 0.271698 0.063361
v -0.429548 0.270094 0.066642
v -0.424739 0.259243 0.058432
v -0.429548 0.270094 0.066642
v -0.425053 0.256115 0.064829
v -0.424739 0.259243 0.058432
v -0.429548 0.270094 0.066642
v -0.428393 0.271165 0.069941
v -0.425053 0.256115 0.064829
v -0.428393 0.271165 0.069941
v -0.422800 0.258203 0.071261
v -0.425053 0.256115 0.064829
v -0.428393 0.271165 0.069941
v -0.426231 0.274623 0.072374
v -0.422800 0.258203 0.071261
v -0.426231 0.274623 0.072374
v -0.418584 0.264947 0.076005
v -0.422800 0.258203 0.071261
v -0.426231 0.274623 0.072374
v -0.423641 0.279543 0.073289
v -0.418584 0.264947 0.076005
v -0.423641 0.279543 0.073289
v -0.413535 0.274540 0.077789
v -0.418584 0.264947 0.076005
v -0.423641 0.279543 0.073289
v -0.421318 0.284606 0.072441
v -0.413535 0.274540 0.077789
v -0.421318 0.284606 0.072441
v -0.409006 0.284411 0.076136
v -0.413535 0.274540 0.077789
v -0.421318 0.284606 0.072441
v -0.419884 0.288455 0.070057
v -0.409006 0.284411 0.076136
v -0.419884 0.288455 0.070057
v -0.406209 0.291916 0.071487
v -0.409006 0.284411 0.076136
v -0.419884 0.288455 0.070057
v -0.419723 0.290059 0.066776
v -0.406209 0.291916 0.071487
v -0.419723 0.290059 0.066776
v -0.405895 0.295044 0.065090
v -0.406209 0.291916 0.071487
v -0.419723 0.290059 0.066776
v -0.420878 0.288988 0.063477
v -0.405895 0.295044 0.065090
v -0.420878 0.288988 0.063477
v -0.408148 0.292957 0.058658
v -0.405895 0.295044 0.065090
v -0.420878 0.288988 0.063477
v -0.423040 0.285530 0.061044
v -0.408148 0.292957 0.058658
v -0.423040 0.285530 0.061044
v -0.412364 0.286213 0.053915
v -0.408148 0.292957 0.058658
v -0.423040 0.285530 0.061044
v -0.425630 0.280610 0.060129
v -0.412364 0.286213 0.053915
v -0.425630 0.280610 0.060129
v -0.417413 0.276620 0.052131
v -0.412364 0.286213 0.053915
v -0.417413 0.276620 0.052131
v -0.421943 0.266748 0.053784
v -0.403503 0.269831 0.043707
v -0.421943 0.266748 0.053784
v -0.410012 0.255645 0.046083
v -0.403503 0.269831 0.043707
v -0.421943 0.266748 0.053784
v -0.424739 0.259243 0.058432
v -0.410012 0.255645 0.046083
v -0.424739 0.259243 0.058432
v -0.414030 0.244860 0.052762
v -0.410012 0.255645 0.046083
v -0.424739 0.259243 0.058432
v -0.425053 0.256115 0.064829
v -0.414030 0.244860 0.052762
v -0.425053 0.256115 0.064829
v -0.414481 0.240366 0.061955
v -0.414030 0.244860 0.052762
v -0.425053 0.256115 0.064829
v -0.422800 0.258203 0.071261
v -0.414481 0.240366 0.061955
v -0.422800 0.258203 0.071261
v -0.411244 0.243366 0.071197
v -0.414481 0.240366 0.061955
v -0.422800 0.258203 0.071261
v -0.418584 0.264947 0.076005
v -0.411244 0.243366 0.071197
v -0.418584 0.264947 0.076005
v -0.405186 0.253056 0.078014
v -0.411244 0.243366 0.071197
v -0.418584 0.264947 0.076005
v -0.413535 0.274540 0.077789
v -0.405186 0.253056 0.078014
v -0.413535 0.274540 0.077789
v -0.397930 0.266841 0.080578
v -0.405186 0.253056 0.078014
v -0.413535 0.274540 0.077789
v -0.409006 0.284411 0.076136
v -0.397930 0.266841 0.080578
v -0.409006 0.284411 0.076136
v -0.391421 0.281027 0.078202
v -0.397930 0.266841 0.080578
v -0.409006 0.284411 0.076136
v -0.406209 0.291916 0.071487
v -0.391421 0.281027 0.078202
v -0.406209 0.291916 0.071487
v -0.387403 0.291812 0.071522
v -0.391421 0.281027 0.078202
v -0.406209 0.291916 0.071487
v -0.405895 0.295044 0.065090
v -0.387403 0.291812 0.071522
v -0.405895 0.295044 0.065090
v -0.386952 0.296307 0.062330
v -0.387403 0.291812 0.071522
v -0.405895 0.295044 0.065090
v -0.408148 0.292957 0.058658
v -0.386952 0.296307 0.062330
v -0.408148 0.292957 0.058658
v -0.390189 0.293307 0.053087
v -0.386952 0.296307 0.062330
v -0.408148 0.292957 0.058658
v -0.412364 0.286213 0.053915
v -0.390189 0.293307 0.053087
v -0.412364 0.286213 0.053915
v -0.396247 0.283616 0.046270
v -0.390189 0.293307 0.053087
v -0.412364 0.286213 0.053915
v -0.417413 0.276620 0.052131
v -0.396247 0.283616 0.046270
v -0.417413 0.276620 0.052131
v -0.403503 0.269831 0.043707
v -0.396247 0.283616 0.046270
v -0.403503 0.269831 0.043707
v -0.410012 0.255645 0.046083
v -0.384597 0.260583 0.035280
v -0.410012 0.255645 0.046083
v -0.392759 0.242795 0.038259
v -0.384597 0.260583 0.035280
v -0.410012 0.255645 0.046083
v -0.414030 0.244860 0.052762
v -0.392759 0.242795 0.038259
v -0.414030 0.244860 0.052762
v -0.397798 0.229271 0.046635
v -0.392759 0.242795 0.038259
v -0.414030 0.244860 0.052762
v -0.414481 0.240366 0.061955
v -0.397798 0.229271 0.046635
v -0.414481 0.240366 0.061955
v -0.398363 0.223635 0.058162
v -0.397798 0.229271 0.046635
v -0.414481 0.240366 0.061955
v -0.411244 0.243366 0.071197
v -0.398363 0.223635 0.058162
v -0.411244 0.243366 0.071197
v -0.394304 0.227397 0.069752
v -0.398363 0.223635 0.058162
v -0.411244 0.243366 0.071197
v -0.405186 0.253056 0.078014
v -0.394304 0.227397 0.069752
v -0.405186 0.253056 0.078014
v -0.386707 0.239549 0.078300
v -0.394304 0.227397 0.069752
v -0.405186 0.253056 0.078014
v -0.397930 0.266841 0.080578
v -0.386707 0.239549 0.078300
v -0.397930 0.266841 0.080578
v -0.377609 0.256835 0.081515
v -0.386707 0.239549 0.078300
v -0.397930 0.266841 0.080578
v -0.391421 0.281027 0.078202
v -0.377609 0.256835 0.081515
v -0.391421 0.281027 0.078202
v -0.369447 0.274623 0.078535
v -0.377609 0.256835 0.081515
v -0.391421 0.281027 0.078202
v -0.387403 0.291812 0.071522
v -0.369447 0.274623 0.078535
v -0.387403 0.291812 0.071522
v -0.364408 0.288147 0.070160
v -0.369447 0.274623 0.078535
v -0.387403 0.291812 0.071522
v -0.386952 0.296307 0.062330
v -0.364408 0.288147 0.070160
v -0.386952 0.296307 0.062330
v -0.363842 0.293783 0.058632
v -0.364408 0.288147 0.070160
v -0.386952 0.296307 0.062330
v -0.390189 0.293307 0.053087
v -0.363842 0.293783 0.058632
v -0.390189 0.293307 0.053087
v -0.367902 0.290021 0.047042
v -0.363842 0.293783 0.058632
v -0.390189 0.293307 0.053087
v -0.396247 0.283616 0.046270
v -0.367902 0.290021 0.047042
v -0.396247 0.283616 0.046270
v -0.375498 0.277869 0.038495
v -0.367902 0.290021 0.047042
v -0.396247 0.283616 0.046270
v -0.403503 0.269831 0.043707
v -0.375498 0.277869 0.038495
v -0.403503 0.269831 0.043707
v -0.384597 0.260583 0.035280
v -0.375498 0.277869 0.038495
v -0.384597 0.260583 0.035280
v -0.392759 0.242795 0.038259
v -0.361642 0.249341 0.027273
v -0.392759 0.242795 0.038259
v -0.371048 0.228842 0.030706
v -0.361642 0.249341 0.027273
v -0.392759 0.242795 0.038259
v -0.397798 0.229271 0.046635
v -0.371048 0.228842 0.030706
v -0.397798 0.229271 0.046635
v -0.376855 0.213257 0.040358
v -0.371048 0.228842 0.030706
v -0.397798 0.229271 0.046635
v -0.398363 0.223635 0.058162
v -0.376855 0.213257 0.040358
v -0.398363 0.223635 0.058162
v -0.377507 0.206762 0.053642
v -0.376855 0.213257 0.040358
v -0.398363 0.223635 0.058162
v -0.394304 0.227397 0.069752
v -0.377507 0.206762 0.053642
v -0.394304 0.227397 0.069752
v -0.372829 0.211097 0.066998
v -0.377507 0.206762 0.053642
v -0.394304 0.227397 0.069752
v -0.386707 0.239549 0.078300
v -0.372829 0.211097 0.066998
v -0.386707 0.239549 0.078300
v -0.364075 0.225101 0.076848
v -0.372829 0.211097 0.066998
v -0.386707 0.239549 0.078300
v -0.377609 0.256835 0.081515
v -0.364075 0.225101 0.076848
v -0.377609 0.256835 0.081515
v -0.353590 0.245021 0.080553
v -0.364075 0.225101 0.076848
v -0.377609 0.256835 0.081515
v -0.369447 0.274623 0.078535
v -0.353590 0.245021 0.080553
v -0.369447 0.274623 0.078535
v -0.344184 0.265519 0.077119
v -0.353590 0.245021 0.080553
v -0.369447 0.274623 0.078535
v -0.364408 0.288147 0.070160
v -0.344184 0.265519 0.077119
v -0.364408 0.288147 0.070160
v -0.338377 0.281104 0.067468
v -0.344184 0.265519 0.077119
v -0.364408 0.288147 0.070160
v -0.363842 0.293783 0.058632
v -0.338377 0.281104 0.067468
v -0.363842 0.293783 0.058632
v -0.337725 0.287599 0.054184
v -0.338377 0.281104 0.067468
v -0.363842 0.293783 0.058632
v -0.367902 0.290021 0.047042
v -0.337725 0.287599 0.054184
v -0.367902 0.290021 0.047042
v -0.342403 0.283264 0.040827
v -0.337725 0.287599 0.054184
v -0.367902 0.290021 0.047042
v -0.375498 0.277869 0.038495
v -0.342403 0.283264 0.040827
v -0.375498 0.277869 0.038495
v -0.351158 0.269261 0.030977
v -0.342403 0.283264 0.040827
v -0.375498 0.277869 0.038495
v -0.384597 0.260583 0.035280
v -0.351158 0.269261 0.030977
v -0.384597 0.260583 0.035280
v -0.361642 0.249341 0.027273
v -0.351158 0.269261 0.030977
v -0.361642 0.249341 0.027273
v -0.371048 0.228842 0.030706
v -0.335791 0.236667 0.020087
v -0.371048 0.228842 0.030706
v -0.345969 0.214486 0.023802
v -0.335791 0.236667 0.020087
v -0.371048 0.228842 0.030706
v -0.376855 0.213257 0.040358
v -0.345969 0.214486 0.023802
v -0.376855 0.213257 0.040358
v -0.352253 0.197622 0.034246
v -0.345969 0.214486 0.023802
v -0.376855 0.213257 0.040358
v -0.377507 0.206762 0.053642
v -0.352253 0.197622 0.034246
v -0.377507 0.206762 0.053642
v -0.352958 0.190594 0.048621
v -0.352253 0.197622 0.034246
v -0.377507 0.206762 0.053642
v -0.372829 0.211097 0.066998
v -0.352958 0.190594 0.048621
v -0.372829 0.211097 0.066998
v -0.347896 0.195284 0.063073
v -0.352958 0.190594 0.048621
v -0.372829 0.211097 0.066998
v -0.364075 0.225101 0.076848
v -0.347896 0.195284 0.063073
v -0.364075 0.225101 0.076848
v -0.338423 0.210437 0.073732
v -0.347896 0.195284 0.063073
v -0.364075 0.225101 0.076848
v -0.353590 0.245021 0.080553
v -0.338423 0.210437 0.073732
v -0.353590 0.245021 0.080553
v -0.327078 0.231993 0.077741
v -0.338423 0.210437 0.073732
v -0.353590 0.245021 0.080553
v -0.344184 0.265519 0.077119
v -0.327078 0.231993 0.077741
v -0.344184 0.265519 0.077119
v -0.316900 0.254174 0.074025
v -0.327078 0.231993 0.077741
v -0.344184 0.265519 0.077119
v -0.338377 0.281104 0.067468
v -0.316900 0.254174 0.074025
v -0.338377 0.281104 0.067468
v -0.310616 0.271038 0.063581
v -0.316900 0.254174 0.074025
v -0.338377 0.281104 0.067468
v -0.337725 0.287599 0.054184
v -0.310616 0.271038 0.063581
v -0.337725 0.287599 0.054184
v -0.309911 0.278066 0.049207
v -0.310616 0.271038 0.063581
v -0.337725 0.287599 0.054184
v -0.342403 0.283264 0.040827
v -0.309911 0.278066 0.049207
v -0.342403 0.283264 0.040827
v -0.314973 0.273375 0.034754
v -0.309911 0.278066 0.049207
v -0.342403 0.283264 0.040827
v -0.351158 0.269261 0.030977
v -0.314973 0.273375 0.034754
v -0.351158 0.269261 0.030977
v -0.324446 0.258222 0.024096
v -0.314973 0.273375 0.034754
v -0.351158 0.269261 0.030977
v -0.361642 0.249341 0.027273
v -0.324446 0.258222 0.024096
v -0.361642 0.249341 0.027273
v -0.335791 0.236667 0.020087
v -0.324446 0.258222 0.024096
v -0.335791 0.236667 0.020087
v -0.345969 0.214486 0.023802
v -0.308339 0.223198 0.014083
v -0.345969 0.214486 0.023802
v -0.318779 0.200446 0.017894
v -0.308339 0.223198 0.014083
v -0.345969 0.214486 0.023802
v -0.352253 0.197622 0.034246
v -0.318779 0.200446 0.017894
v -0.352253 0.197622 0.034246
v -0.325224 0.183148 0.028606
v -0.318779 0.200446 0.017894
v -0.352253 0.197622 0.034246
v -0.352958 0.190594 0.048621
v -0.325224 0.183148 0.028606
v -0.352958 0.190594 0.048621
v -0.325948 0.175939 0.043350
v -0.325224 0.183148 0.028606
v -0.352958 0.190594 0.048621
v -0.347896 0.195284 0.063073
v -0.325948 0.175939 0.043350
v -0.347896 0.195284 0.063073
v -0.320755 0.180751 0.058175
v -0.325948 0.175939 0.043350
v -0.347896 0.195284 0.063073
v -0.338423 0.210437 0.073732
v -0.320755 0.180751 0.058175
v -0.338423 0.210437 0.073732
v -0.311039 0.196294 0.069107
v -0.320755 0.180751 0.058175
v -0.338423 0.210437 0.073732
v -0.327078 0.231993 0.077741
v -0.311039 0.196294 0.069107
v -0.327078 0.231993 0.077741
v -0.299402 0.218403 0.073219
v -0.311039 0.196294 0.069107
v -0.327078 0.231993 0.077741
v -0.316900 0.254174 0.074025
v -0.299402 0.218403 0.073219
v -0.316900 0.254174 0.074025
v -0.288962 0.241155 0.069408
v -0.299402 0.218403 0.073219
v -0.316900 0.254174 0.074025
v -0.310616 0.271038 0.063581
v -0.288962 0.241155 0.069408
v -0.310616 0.271038 0.063581
v -0.282517 0.258453 0.058696
v -0.288962 0.241155 0.069408
v -0.310616 0.271038 0.063581
v -0.309911 0.278066 0.049207
v -0.282517 0.258453 0.058696
v -0.309911 0.278066 0.049207
v -0.281794 0.265662 0.043952
v -0.282517 0.258453 0.058696
v -0.309911 0.278066 0.049207
v -0.314973 0.273375 0.034754
v -0.281794 0.265662 0.043952
v -0.314973 0.273375 0.034754
v -0.286986 0.260850 0.029127
v -0.281794 0.265662 0.043952
v -0.314973 0.273375 0.034754
v -0.324446 0.258222 0.024096
v -0.286986 0.260850 0.029127
v -0.324446 0.258222 0.024096
v -0.296702 0.245307 0.018195
v -0.286986 0.260850 0.029127
v -0.324446 0.258222 0.024096
v -0.335791 0.236667 0.020087
v -0.296702 0.245307 0.018195
v -0.335791 0.236667 0.020087
v -0.308339 0.223198 0.014083
v -0.296702 0.245307 0.018195
v -0.308339 0.223198 0.014083
v -0.318779 0.200446 0.017894
v -0.272948 0.205826 0.007325
v -0.318779 0.200446 0.017894
v -0.283388 0.183075 0.011136
v -0.272948 0.205826 0.007325
v -0.318779 0.200446 0.017894
v -0.325224 0.183148 0.028606
v -0.283388 0.183075 0.011136
v -0.325224 0.183148 0.028606
v -0.289833 0.165777 0.021849
v -0.283388 0.183075 0.011136
v -0.325224 0.183148 0.028606
v -0.325948 0.175939 0.043350
v -0.289833 0.165777 0.021849
v -0.325948 0.175939 0.043350
v -0.290556 0.158568 0.036593
v -0.289833 0.165777 0.021849
v -0.325948 0.175939 0.043350
v -0.320755 0.180751 0.058175
v -0.290556 0.158568 0.036593
v -0.320755 0.180751 0.058175
v -0.285364 0.163379 0.051417
v -0.290556 0.158568 0.036593
v -0.320755 0.180751 0.058175
v -0.311039 0.196294 0.069107
v -0.285364 0.163379 0.051417
v -0.311039 0.196294 0.069107
v -0.275647 0.178922 0.062350
v -0.285364 0.163379 0.051417
v -0.311039 0.196294 0.069107
v -0.299402 0.218403 0.073219
v -0.275647 0.178922 0.062350
v -0.299402 0.218403 0.073219
v -0.264010 0.201031 0.066462
v -0.275647 0.178922 0.062350
v -0.299402 0.218403 0.073219
v -0.288962 0.241155 0.069408
v -0.264010 0.201031 0.066462
v -0.288962 0.241155 0.069408
v -0.253570 0.223783 0.062651
v -0.264010 0.201031 0.066462
v -0.288962 0.241155 0.069408
v -0.282517 0.258453 0.058696
v -0.253570 0.223783 0.062651
v -0.282517 0.258453 0.058696
v -0.247125 0.241081 0.051938
v -0.253570 0.223783 0.062651
v -0.282517 0.258453 0.058696
v -0.281794 0.265662 0.043952
v -0.247125 0.241081 0.051938
v -0.281794 0.265662 0.043952
v -0.246402 0.248290 0.037194
v -0.247125 0.241081 0.051938
v -0.281794 0.265662 0.043952
v -0.286986 0.260850 0.029127
v -0.246402 0.248290 0.037194
v -0.286986 0.260850 0.029127
v -0.251594 0.243478 0.022370
v -0.246402 0.248290 0.037194
v -0.286986 0.260850 0.029127
v -0.296702 0.245307 0.018195
v -0.251594 0.243478 0.022370
v -0.296702 0.245307 0.018195
v -0.261311 0.227936 0.011437
v -0.251594 0.243478 0.022370
v -0.296702 0.245307 0.018195
v -0.308339 0.223198 0.014083
v -0.261311 0.227936 0.011437
v -0.308339 0.223198 0.014083
v -0.272948 0.205826 0.007325
v -0.261311 0.227936 0.011437
v -0.272948 0.205826 0.007325
v -0.283388 0.183075 0.011136
v -0.237556 0.188455 0.000568
v -0.283388 0.183075 0.011136
v -0.247996 0.165703 0.004379
v -0.237556 0.188455 0.000568
v -0.283388 0.183075 0.011136
v -0.289833 0.165777 0.021849
v -0.247996 0.165703 0.004379
v -0.289833 0.165777 0.021849
v -0.254441 0.148405 0.015092
v -0.247996 0.165703 0.004379
v -0.289833 0.165777 0.021849
v -0.290556 0.158568 0.036593
v -0.254441 0.148405 0.015092
v -0.290556 0.158568 0.036593
v -0.255164 0.141196 0.029835
v -0.254441 0.148405 0.015092
v -0.290556 0.158568 0.036593
v -0.285364 0.163379 0.051417
v -0.255164 0.141196 0.029835
v -0.285364 0.163379 0.051417
v -0.249972 0.146008 0.044660
v -0.255164 0.141196 0.029835
v -0.285364 0.163379 0.051417
v -0.275647 0.178922 0.062350
v -0.249972 0.146008 0.044660
v -0.275647 0.178922 0.062350
v -0.240256 0.161551 0.055593
v -0.249972 0.146008 0.044660
v -0.275647 0.178922 0.062350
v -0.264010 0.201031 0.066462
v -0.240256 0.161551 0.055593
v -0.264010 0.201031 0.066462
v -0.228619 0.183660 0.059704
v -0.240256 0.161551 0.055593
v -0.264010 0.201031 0.066462
v -0.253570 0.223783 0.062651
v -0.228619 0.183660 0.059704
v -0.253570 0.223783 0.062651
v -0.218179 0.206412 0.055893
v -0.228619 0.183660 0.059704
v -0.253570 0.223783 0.062651
v -0.247125 0.241081 0.051938
v -0.218179 0.206412 0.055893
v -0.247125 0.241081 0.051938
v -0.211734 0.223709 0.045181
v -0.218179 0.206412 0.055893
v -0.247125 0.241081 0.051938
v -0.246402 0.248290 0.037194
v -0.211734 0.223709 0.045181
v -0.246402 0.248290 0.037194
v -0.211010 0.230918 0.030437
v -0.211734 0.223709 0.045181
v -0.246402 0.248290 0.037194
v -0.251594 0.243478 0.022370
v -0.211010 0.230918 0.030437
v -0.251594 0.243478 0.022370
v -0.216203 0.226107 0.015613
v -0.211010 0.230918 0.030437
v -0.251594 0.243478 0.022370
v -0.261311 0.227936 0.011437
v -0.216203 0.226107 0.015613
v -0.261311 0.227936 0.011437
v -0.225919 0.210564 0.004680
v -0.216203 0.226107 0.015613
v -0.261311 0.227936 0.011437
v -0.272948 0.205826 0.007325
v -0.225919 0.210564 0.004680
v -0.272948 0.205826 0.007325
v -0.237556 0.188455 0.000568
v -0.225919 0.210564 0.004680
v -0.237556 0.188455 0.000568
v -0.247996 0.165703 0.004379
v -0.202165 0.171083 -0.006190
v -0.247996 0.165703 0.004379
v -0.212604 0.148331 -0.002379
v -0.202165 0.171083 -0.006190
v -0.247996 0.165703 0.004379
v -0.254441 0.148405 0.015092
v -0.212604 0.148331 -0.002379
v -0.254441 0.148405 0.015092
v -0.219049 0.131034 0.008334
v -0.212604 0.148331 -0.002379
v -0.254441 0.148405 0.015092
v -0.255164 0.141196 0.029835
v -0.219049 0.131034 0.008334
v -0.255164 0.141196 0.029835
v -0.219773 0.123825 0.023078
v -0.219049 0.131034 0.008334
v -0.255164 0.141196 0.029835
v -0.249972 0.146008 0.044660
v -0.219773 0.123825 0.023078
v -0.249972 0.146008 0.044660
v -0.214581 0.128636 0.037902
v -0.219773 0.123825 0.023078
v -0.249972 0.146008 0.044660
v -0.240256 0.161551 0.055593
v -0.214581 0.128636 0.037902
v -0.240256 0.161551 0.055593
v -0.204864 0.144179 0.048835
v -0.214581 0.128636 0.037902
v -0.240256 0.161551 0.055593
v -0.228619 0.183660 0.059704
v -0.204864 0.144179 0.048835
v -0.228619 0.183660 0.059704
v -0.193227 0.166288 0.052947
v -0.204864 0.144179 0.048835
v -0.228619 0.183660 0.059704
v -0.218179 0.206412 0.055893
v -0.193227 0.166288 0.052947
v -0.218179 0.206412 0.055893
v -0.182787 0.189040 0.049136
v -0.193227 0.166288 0.052947
v -0.218179 0.206412 0.055893
v -0.211734 0.223709 0.045181
v -0.182787 0.189040 0.049136
v -0.211734 0.223709 0.045181
v -0.176342 0.206338 0.038423
v -0.182787 0.189040 0.049136
v -0.211734 0.223709 0.045181
v -0.211010 0.230918 0.030437
v -0.176342 0.206338 0.038423
v -0.211010 0.230918 0.030437
v -0.175619 0.213547 0.023680
v -0.176342 0.206338 0.038423
v -0.211010 0.230918 0.030437
v -0.216203 0.226107 0.015613
v -0.175619 0.213547 0.023680
v -0.216203 0.226107 0.015613
v -0.180811 0.208735 0.008855
v -0.175619 0.213547 0.023680
v -0.216203 0.226107 0.015613
v -0.225919 0.210564 0.004680
v -0.180811 0.208735 0.008855
v -0.225919 0.210564 0.004680
v -0.190527 0.193193 -0.002078
v -0.180811 0.208735 0.008855
v -0.225919 0.210564 0.004680
v -0.237556 0.188455 0.000568
v -0.190527 0.193193 -0.002078
v -0.237556 0.188455 0.000568
v -0.202165 0.171083 -0.006190
v -0.190527 0.193193 -0.002078
v -0.202165 0.171083 -0.006190
v -0.212604 0.148331 -0.002379
v -0.166773 0.153712 -0.012947
v -0.212604 0.148331 -0.002379
v -0.177213 0.130960 -0.009136
v -0.166773 0.153712 -0.012947
v -0.212604 0.148331 -0.002379
v -0.219049 0.131034 0.008334
v -0.177213 0.130960 -0.009136
v -0.219049 0.131034 0.008334
v -0.183658 0.113662 0.001577
v -0.177213 0.130960 -0.009136
v -0.219049 0.131034 0.008334
v -0.219773 0.123825 0.023078
v -0.183658 0.113662 0.001577
v -0.219773 0.123825 0.023078
v -0.184381 0.106453 0.016320
v -0.183658 0.113662 0.001577
v -0.219773 0.123825 0.023078
v -0.214581 0.128636 0.037902
v -0.184381 0.106453 0.016320
v -0.214581 0.128636 0.037902
v -0.179189 0.111265 0.031145
v -0.184381 0.106453 0.016320
v -0.214581 0.128636 0.037902
v -0.204864 0.144179 0.048835
v -0.179189 0.111265 0.031145
v -0.204864 0.144179 0.048835
v -0.169473 0.126807 0.042078
v -0.179189 0.111265 0.031145
v -0.204864 0.144179 0.048835
v -0.193227 0.166288 0.052947
v -0.169473 0.126807 0.042078
v -0.193227 0.166288 0.052947
v -0.157835 0.148917 0.046190
v -0.169473 0.126807 0.042078
v -0.193227 0.166288 0.052947
v -0.182787 0.189040 0.049136
v -0.157835 0.148917 0.046190
v -0.182787 0.189040 0.049136
v -0.147396 0.171668 0.042379
v -0.157835 0.148917 0.046190
v -0.182787 0.189040 0.049136
v -0.176342 0.206338 0.038423
v -0.147396 0.171668 0.042379
v -0.176342 0.206338 0.038423
v -0.140951 0.188966 0.031666
v -0.147396 0.171668 0.042379
v -0.176342 0.206338 0.038423
v -0.175619 0.213547 0.023680
v -0.140951 0.188966 0.031666
v -0.175619 0.213547 0.023680
v -0.140227 0.196175 0.016922
v -0.140951 0.188966 0.031666
v -0.175619 0.213547 0.023680
v -0.180811 0.208735 0.008855
v -0.140227 0.196175 0.016922
v -0.180811 0.208735 0.008855
v -0.145419 0.191364 0.002098
v -0.140227 0.196175 0.016922
v -0.180811 0.208735 0.008855
v -0.190527 0.193193 -0.002078
v -0.145419 0.191364 0.002098
v -0.190527 0.193193 -0.002078
v -0.155136 0.175821 -0.008835
v -0.145419 0.191364 0.002098
v -0.190527 0.193193 -0.002078
v -0.202165 0.171083 -0.006190
v -0.155136 0.175821 -0.008835
v -0.202165 0.171083 -0.006190
v -0.166773 0.153712 -0.012947
v -0.155136 0.175821 -0.008835
v -0.166773 0.153712 -0.012947
v -0.177213 0.130960 -0.009136
v -0.131381 0.136340 -0.019704
v -0.177213 0.130960 -0.009136
v -0.141821 0.113588 -0.015893
v -0.131381 0.136340 -0.019704
v -0.177213 0.130960 -0.009136
v -0.183658 0.113662 0.001577
v -0.141821 0.113588 -0.015893
v -0.183658 0.113662 0.001577
v -0.148266 0.096291 -0.005181
v -0.141821 0.113588 -0.015893
v -0.183658 0.113662 0.001577
v -0.184381 0.106453 0.016320
v -0.148266 0.096291 -0.005181
v -0.184381 0.106453 0.016320
v -0.148990 0.089082 0.009563
v -0.148266 0.096291 -0.005181
v -0.184381 0.106453 0.016320
v -0.179189 0.111265 0.031145
v -0.148990 0.089082 0.009563
v -0.179189 0.111265 0.031145
v -0.143797 0.093893 0.024387
v -0.148990 0.089082 0.009563
v -0.179189 0.111265 0.031145
v -0.169473 0.126807 0.042078
v -0.143797 0.093893 0.024387
v -0.169473 0.126807 0.042078
v -0.134081 0.109436 0.035320
v -0.143797 0.093893 0.024387
v -0.169473 0.126807 0.042078
v -0.157835 0.148917 0.046190
v -0.134081 0.109436 0.035320
v -0.157835 0.148917 0.046190
v -0.122444 0.131545 0.039432
v -0.134081 0.109436 0.035320
v -0.157835 0.148917 0.046190
v -0.147396 0.171668 0.042379
v -0.122444 0.131545 0.039432
v -0.147396 0.171668 0.042379
v -0.112004 0.154297 0.035621
v -0.122444 0.131545 0.039432
v -0.147396 0.171668 0.042379
v -0.140951 0.188966 0.031666
v -0.112004 0.154297 0.035621
v -0.140951 0.188966 0.031666
v -0.105559 0.171595 0.024908
v -0.112004 0.154297 0.035621
v -0.140951 0.188966 0.031666
v -0.140227 0.196175 0.016922
v -0.105559 0.171595 0.024908
v -0.140227 0.196175 0.016922
v -0.104836 0.178804 0.010165
v -0.105559 0.171595 0.024908
v -0.140227 0.196175 0.016922
v -0.145419 0.191364 0.002098
v -0.104836 0.178804 0.010165
v -0.145419 0.191364 0.002098
v -0.110028 0.173992 -0.004660
v -0.104836 0.178804 0.010165
v -0.145419 0.191364 0.002098
v -0.155136 0.175821 -0.008835
v -0.110028 0.173992 -0.004660
v -0.155136 0.175821 -0.008835
v -0.119744 0.158449 -0.015593
v -0.110028 0.173992 -0.004660
v -0.155136 0.175821 -0.008835
v -0.166773 0.153712 -0.012947
v -0.119744 0.158449 -0.015593
v -0.166773 0.153712 -0.012947
v -0.131381 0.136340 -0.019704
v -0.119744 0.158449 -0.015593
v -0.131381 0.136340 -0.019704
v -0.141821 0.113588 -0.015893
v -0.095990 0.118969 -0.026462
v -0.141821 0.113588 -0.015893
v -0.106430 0.096217 -0.022651
v -0.095990 0.118969 -0.026462
v -0.141821 0.113588 -0.015893
v -0.148266 0.096291 -0.005181
v -0.106430 0.096217 -0.022651
v -0.148266 0.096291 -0.005181
v -0.112875 0.078919 -0.011938
v -0.106430 0.096217 -0.022651
v -0.148266 0.096291 -0.005181
v -0.148990 0.089082 0.009563
v -0.112875 0.078919 -0.011938
v -0.148990 0.089082 0.009563
v -0.113598 0.071710 0.002806
v -0.112875 0.078919 -0.011938
v -0.148990 0.089082 0.009563
v -0.143797 0.093893 0.024387
v -0.113598 0.071710 0.002806
v -0.143797 0.093893 0.024387
v -0.108406 0.076522 0.017630
v -0.113598 0.071710 0.002806
v -0.143797 0.093893 0.024387
v -0.134081 0.109436 0.035320
v -0.108406 0.076522 0.017630
v -0.134081 0.109436 0.035320
v -0.098689 0.092064 0.028563
v -0.108406 0.076522 0.017630
v -0.134081 0.109436 0.035320
v -0.122444 0.131545 0.039432
v -0.098689 0.092064 0.028563
v -0.122444 0.131545 0.039432
v -0.087052 0.114174 0.032675
v -0.098689 0.092064 0.028563
v -0.122444 0.131545 0.039432
v -0.112004 0.154297 0.035621
v -0.087052 0.114174 0.032675
v -0.112004 0.154297 0.035621
v -0.076612 0.136925 0.028864
v -0.087052 0.114174 0.032675
v -0.112004 0.154297 0.035621
v -0.105559 0.171595 0.024908
v -0.076612 0.136925 0.028864
v -0.105559 0.171595 0.024908
v -0.070167 0.154223 0.018151
v -0.076612 0.136925 0.028864
v -0.105559 0.171595 0.024908
v -0.104836 0.178804 0.010165
v -0.070167 0.154223 0.018151
v -0.104836 0.178804 0.010165
v -0.069444 0.161432 0.003407
v -0.070167 0.154223 0.018151
v -0.104836 0.178804 0.010165
v -0.110028 0.173992 -0.004660
v -0.069444 0.161432 0.003407
v -0.110028 0.173992 -0.004660
v -0.074636 0.156621 -0.011417
v -0.069444 0.161432 0.003407
v -0.110028 0.173992 -0.004660
v -0.119744 0.158449 -0.015593
v -0.074636 0.156621 -0.011417
v -0.119744 0.158449 -0.015593
v -0.084353 0.141078 -0.022350
v -0.074636 0.156621 -0.011417
v -0.119744 0.158449 -0.015593
v -0.131381 0.136340 -0.019704
v -0.084353 0.141078 -0.022350
v -0.131381 0.136340 -0.019704
v -0.095990 0.118969 -0.026462
v -0.084353 0.141078 -0.022350
v -0.095990 0.118969 -0.026462
v -0.106430 0.096217 -0.022651
v -0.060598 0.101597 -0.033219
v -0.106430 0.096217 -0.022651
v -0.071038 0.078845 -0.029408
v -0.060598 0.101597 -0.033219
v -0.106430 0.096217 -0.022651
v -0.112875 0.078919 -0.011938
v -0.071038 0.078845 -0.029408
v -0.112875 0.078919 -0.011938
v -0.077483 0.061547 -0.018696
v -0.071038 0.078845 -0.029408
v -0.112875 0.078919 -0.011938
v -0.113598 0.071710 0.002806
v -0.077483 0.061547 -0.018696
v -0.113598 0.071710 0.002806
v -0.078206 0.054338 -0.003952
v -0.077483 0.061547 -0.018696
v -0.113598 0.071710 0.002806
v -0.108406 0.076522 0.017630
v -0.078206 0.054338 -0.003952
v -0.108406 0.076522 0.017630
v -0.073014 0.059150 0.010873
v -0.078206 0.054338 -0.003952
v -0.108406 0.076522 0.017630
v -0.098689 0.092064 0.028563
v -0.073014 0.059150 0.010873
v -0.098689 0.092064 0.028563
v -0.063298 0.074693 0.021805
v -0.073014 0.059150 0.010873
v -0.098689 0.092064 0.028563
v -0.087052 0.114174 0.032675
v -0.063298 0.074693 0.021805
v -0.087052 0.114174 0.032675
v -0.051661 0.096802 0.025917
v -0.063298 0.074693 0.021805
v -0.087052 0.114174 0.032675
v -0.076612 0.136925 0.028864
v -0.051661 0.096802 0.025917
v -0.076612 0.136925 0.028864
v -0.041221 0.119554 0.022106
v -0.051661 0.096802 0.025917
v -0.076612 0.136925 0.028864
v -0.070167 0.154223 0.018151
v -0.041221 0.119554 0.022106
v -0.070167 0.154223 0.018151
v -0.034776 0.136852 0.011394
v -0.041221 0.119554 0.022106
v -0.070167 0.154223 0.018151
v -0.069444 0.161432 0.003407
v -0.034776 0.136852 0.011394
v -0.069444 0.161432 0.003407
v -0.034052 0.144061 -0.003350
v -0.034776 0.136852 0.011394
v -0.069444 0.161432 0.003407
v -0.074636 0.156621 -0.011417
v -0.034052 0.144061 -0.003350
v -0.074636 0.156621 -0.011417
v -0.039245 0.139249 -0.018175
v -0.034052 0.144061 -0.003350
v -0.074636 0.156621 -0.011417
v -0.084353 0.141078 -0.022350
v -0.039245 0.139249 -0.018175
v -0.084353 0.141078 -0.022350
v -0.048961 0.123706 -0.029107
v -0.039245 0.139249 -0.018175
v -0.084353 0.141078 -0.022350
v -0.095990 0.118969 -0.026462
v -0.048961 0.123706 -0.029107
v -0.095990 0.118969 -0.026462
v -0.060598 0.101597 -0.033219
v -0.048961 0.123706 -0.029107
v -0.060598 0.101597 -0.033219
v -0.071038 0.078845 -0.029408
v -0.032922 0.088007 -0.037741
v -0.071038 0.078845 -0.029408
v -0.043100 0.065826 -0.034025
v -0.032922 0.088007 -0.037741
v -0.071038 0.078845 -0.029408
v -0.077483 0.061547 -0.018696
v -0.043100 0.065826 -0.034025
v -0.077483 0.061547 -0.018696
v -0.049384 0.048962 -0.023581
v -0.043100 0.065826 -0.034025
v -0.077483 0.061547 -0.018696
v -0.078206 0.054338 -0.003952
v -0.049384 0.048962 -0.023581
v -0.078206 0.054338 -0.003952
v -0.050089 0.041934 -0.009207
v -0.049384 0.048962 -0.023581
v -0.078206 0.054338 -0.003952
v -0.073014 0.059150 0.010873
v -0.050089 0.041934 -0.009207
v -0.073014 0.059150 0.010873
v -0.045027 0.046625 0.005246
v -0.050089 0.041934 -0.009207
v -0.073014 0.059150 0.010873
v -0.063298 0.074693 0.021805
v -0.045027 0.046625 0.005246
v -0.063298 0.074693 0.021805
v -0.035554 0.061778 0.015904
v -0.045027 0.046625 0.005246
v -0.063298 0.074693 0.021805
v -0.051661 0.096802 0.025917
v -0.035554 0.061778 0.015904
v -0.051661 0.096802 0.025917
v -0.024209 0.083333 0.019913
v -0.035554 0.061778 0.015904
v -0.051661 0.096802 0.025917
v -0.041221 0.119554 0.022106
v -0.024209 0.083333 0.019913
v -0.041221 0.119554 0.022106
v -0.014031 0.105514 0.016198
v -0.024209 0.083333 0.019913
v -0.041221 0.119554 0.022106
v -0.034776 0.136852 0.011394
v -0.014031 0.105514 0.016198
v -0.034776 0.136852 0.011394
v -0.007747 0.122378 0.005754
v -0.014031 0.105514 0.016198
v -0.034776 0.136852 0.011394
v -0.034052 0.144061 -0.003350
v -0.007747 0.122378 0.005754
v -0.034052 0.144061 -0.003350
v -0.007042 0.129406 -0.008621
v -0.007747 0.122378 0.005754
v -0.034052 0.144061 -0.003350
v -0.039245 0.139249 -0.018175
v -0.007042 0.129406 -0.008621
v -0.039245 0.139249 -0.018175
v -0.012104 0.124716 -0.023073
v -0.007042 0.129406 -0.008621
v -0.039245 0.139249 -0.018175
v -0.048961 0.123706 -0.029107
v -0.012104 0.124716 -0.023073
v -0.048961 0.123706 -0.029107
v -0.021577 0.109563 -0.033732
v -0.012104 0.124716 -0.023073
v -0.048961 0.123706 -0.029107
v -0.060598 0.101597 -0.033219
v -0.021577 0.109563 -0.033732
v -0.060598 0.101597 -0.033219
v -0.032922 0.088007 -0.037741
v -0.021577 0.109563 -0.033732
v -0.032922 0.088007 -0.037741
v -0.043100 0.065826 -0.034025
v -0.006410 0.074979 -0.040553
v -0.043100 0.065826 -0.034025
v -0.015816 0.054481 -0.037119
v -0.006410 0.074979 -0.040553
v -0.043100 0.065826 -0.034025
v -0.049384 0.048962 -0.023581
v -0.015816 0.054481 -0.037119
v -0.049384 0.048962 -0.023581
v -0.021623 0.038896 -0.027468
v -0.015816 0.054481 -0.037119
v -0.049384 0.048962 -0.023581
v -0.050089 0.041934 -0.009207
v -0.021623 0.038896 -0.027468
v -0.050089 0.041934 -0.009207
v -0.022275 0.032401 -0.014184
v -0.021623 0.038896 -0.027468
v -0.050089 0.041934 -0.009207
v -0.045027 0.046625 0.005246
v -0.022275 0.032401 -0.014184
v -0.045027 0.046625 0.005246
v -0.017597 0.036736 -0.000827
v -0.022275 0.032401 -0.014184
v -0.045027 0.046625 0.005246
v -0.035554 0.061778 0.015904
v -0.017597 0.036736 -0.000827
v -0.035554 0.061778 0.015904
v -0.008842 0.050739 0.009023
v -0.017597 0.036736 -0.000827
v -0.035554 0.061778 0.015904
v -0.024209 0.083333 0.019913
v -0.008842 0.050739 0.009023
v -0.024209 0.083333 0.019913
v 0.001642 0.070659 0.012727
v -0.008842 0.050739 0.009023
v -0.024209 0.083333 0.019913
v -0.014031 0.105514 0.016198
v 0.001642 0.070659 0.012727
v -0.014031 0.105514 0.016198
v 0.011048 0.091158 0.009294
v 0.001642 0.070659 0.012727
v -0.014031 0.105514 0.016198
v -0.007747 0.122378 0.005754
v 0.011048 0.091158 0.009294
v -0.007747 0.122378 0.005754
v 0.016855 0.106743 -0.000358
v 0.011048 0.091158 0.009294
v -0.007747 0.122378 0.005754
v -0.007042 0.129406 -0.008621
v 0.016855 0.106743 -0.000358
v -0.007042 0.129406 -0.008621
v 0.017507 0.113238 -0.013642
v 0.016855 0.106743 -0.000358
v -0.007042 0.129406 -0.008621
v -0.012104 0.124716 -0.023073
v 0.017507 0.113238 -0.013642
v -0.012104 0.124716 -0.023073
v 0.012829 0.108903 -0.026998
v 0.017507 0.113238 -0.013642
v -0.012104 0.124716 -0.023073
v -0.021577 0.109563 -0.033732
v 0.012829 0.108903 -0.026998
v -0.021577 0.109563 -0.033732
v 0.004075 0.094899 -0.036848
v 0.012829 0.108903 -0.026998
v -0.021577 0.109563 -0.033732
v -0.032922 0.088007 -0.037741
v 0.004075 0.094899 -0.036848
v -0.032922 0.088007 -0.037741
v -0.006410 0.074979 -0.040553
v 0.004075 0.094899 -0.036848
v -0.006410 0.074979 -0.040553
v -0.015816 0.054481 -0.037119
v 0.017609 0.063165 -0.041515
v -0.015816 0.054481 -0.037119
v 0.009447 0.045377 -0.038535
v 0.017609 0.063165 -0.041515
v -0.015816 0.054481 -0.037119
v -0.021623 0.038896 -0.027468
v 0.009447 0.045377 -0.038535
v -0.021623 0.038896 -0.027468
v 0.004408 0.031853 -0.030160
v 0.009447 0.045377 -0.038535
v -0.021623 0.038896 -0.027468
v -0.022275 0.032401 -0.014184
v 0.004408 0.031853 -0.030160
v -0.022275 0.032401 -0.014184
v 0.003842 0.026217 -0.018632
v 0.004408 0.031853 -0.030160
v -0.022275 0.032401 -0.014184
v -0.017597 0.036736 -0.000827
v 0.003842 0.026217 -0.018632
v -0.017597 0.036736 -0.000827
v 0.007902 0.029979 -0.007042
v 0.003842 0.026217 -0.018632
v -0.017597 0.036736 -0.000827
v -0.008842 0.050739 0.009023
v 0.007902 0.029979 -0.007042
v -0.008842 0.050739 0.009023
v 0.015498 0.042131 0.001505
v 0.007902 0.029979 -0.007042
v -0.008842 0.050739 0.009023
v 0.001642 0.070659 0.012727
v 0.015498 0.042131 0.001505
v 0.001642 0.070659 0.012727
v 0.024597 0.059417 0.004720
v 0.015498 0.042131 0.001505
v 0.001642 0.070659 0.012727
v 0.011048 0.091158 0.009294
v 0.024597 0.059417 0.004720
v 0.011048 0.091158 0.009294
v 0.032759 0.077205 0.001741
v 0.024597 0.059417 0.004720
v 0.011048 0.091158 0.009294
v 0.016855 0.106743 -0.000358
v 0.032759 0.077205 0.001741
v 0.016855 0.106743 -0.000358
v 0.037798 0.090729 -0.006635
v 0.032759 0.077205 0.001741
v 0.016855 0.106743 -0.000358
v 0.017507 0.113238 -0.013642
v 0.037798 0.090729 -0.006635
v 0.017507 0.113238 -0.013642
v 0.038363 0.096365 -0.018162
v 0.037798 0.090729 -0.006635
v 0.017507 0.113238 -0.013642
v 0.012829 0.108903 -0.026998
v 0.038363 0.096365 -0.018162
v 0.012829 0.108903 -0.026998
v 0.034304 0.092603 -0.029752
v 0.038363 0.096365 -0.018162
v 0.012829 0.108903 -0.026998
v 0.004075 0.094899 -0.036848
v 0.034304 0.092603 -0.029752
v 0.004075 0.094899 -0.036848
v 0.026707 0.080451 -0.038300
v 0.034304 0.092603 -0.029752
v 0.004075 0.094899 -0.036848
v -0.006410 0.074979 -0.040553
v 0.026707 0.080451 -0.038300
v -0.006410 0.074979 -0.040553
v 0.017609 0.063165 -0.041515
v 0.026707 0.080451 -0.038300
v 0.017609 0.063165 -0.041515
v 0.009447 0.045377 -0.038535
v 0.037930 0.053159 -0.040578
v 0.009447 0.045377 -0.038535
v 0.031421 0.038973 -0.038202
v 0.037930 0.053159 -0.040578
v 0.009447 0.045377 -0.038535
v 0.004408 0.031853 -0.030160
v 0.031421 0.038973 -0.038202
v 0.004408 0.031853 -0.030160
v 0.027403 0.028188 -0.031522
v 0.031421 0.038973 -0.038202
v 0.004408 0.031853 -0.030160
v 0.003842 0.026217 -0.018632
v 0.027403 0.028188 -0.031522
v 0.003842 0.026217 -0.018632
v 0.026952 0.023693 -0.022330
v 0.027403 0.028188 -0.031522
v 0.003842 0.026217 -0.018632
v 0.007902 0.029979 -0.007042
v 0.026952 0.023693 -0.022330
v 0.007902 0.029979 -0.007042
v 0.030189 0.026693 -0.013087
v 0.026952 0.023693 -0.022330
v 0.007902 0.029979 -0.007042
v 0.015498 0.042131 0.001505
v 0.030189 0.026693 -0.013087
v 0.015498 0.042131 0.001505
v 0.036247 0.036384 -0.006270
v 0.030189 0.026693 -0.013087
v 0.015498 0.042131 0.001505
v 0.024597 0.059417 0.004720
v 0.036247 0.036384 -0.006270
v 0.024597 0.059417 0.004720
v 0.043503 0.050169 -0.003707
v 0.036247 0.036384 -0.006270
v 0.024597 0.059417 0.004720
v 0.032759 0.077205 0.001741
v 0.043503 0.050169 -0.003707
v 0.032759 0.077205 0.001741
v 0.050012 0.064355 -0.006083
v 0.043503 0.050169 -0.003707
v 0.032759 0.077205 0.001741
v 0.037798 0.090729 -0.006635
v 0.050012 0.064355 -0.006083
v 0.037798 0.090729 -0.006635
v 0.054030 0.075140 -0.012762
v 0.050012 0.064355 -0.006083
v 0.037798 0.090729 -0.006635
v 0.038363 0.096365 -0.018162
v 0.054030 0.075140 -0.012762
v 0.038363 0.096365 -0.018162
v 0.054481 0.079634 -0.021955
v 0.054030 0.075140 -0.012762
v 0.038363 0.096365 -0.018162
v 0.034304 0.092603 -0.029752
v 0.054481 0.079634 -0.021955
v 0.034304 0.092603 -0.029752
v 0.051244 0.076634 -0.031197
v 0.054481 0.079634 -0.021955
v 0.034304 0.092603 -0.029752
v 0.026707 0.080451 -0.038300
v 0.051244 0.076634 -0.031197
v 0.026707 0.080451 -0.038300
v 0.045186 0.066944 -0.038014
v 0.051244 0.076634 -0.031197
v 0.026707 0.080451 -0.038300
v 0.017609 0.063165 -0.041515
v 0.045186 0.066944 -0.038014
v 0.017609 0.063165 -0.041515
v 0.037930 0.053159 -0.040578
v 0.045186 0.066944 -0.038014
v 0.037930 0.053159 -0.040578
v 0.031421 0.038973 -0.038202
v 0.053535 0.045460 -0.037789
v 0.031421 0.038973 -0.038202
v 0.049006 0.035589 -0.036135
v 0.053535 0.045460 -0.037789
v 0.031421 0.038973 -0.038202
v 0.027403 0.028188 -0.031522
v 0.049006 0.035589 -0.036135
v 0.027403 0.028188 -0.031522
v 0.046209 0.028084 -0.031487
v 0.049006 0.035589 -0.036135
v 0.027403 0.028188 -0.031522
v 0.026952 0.023693 -0.022330
v 0.046209 0.028084 -0.031487
v 0.026952 0.023693 -0.022330
v 0.045895 0.024956 -0.025090
v 0.046209 0.028084 -0.031487
v 0.026952 0.023693 -0.022330
v 0.030189 0.026693 -0.013087
v 0.045895 0.024956 -0.025090
v 0.030189 0.026693 -0.013087
v 0.048148 0.027043 -0.018658
v 0.045895 0.024956 -0.025090
v 0.030189 0.026693 -0.013087
v 0.036247 0.036384 -0.006270
v 0.048148 0.027043 -0.018658
v 0.036247 0.036384 -0.006270
v 0.052364 0.033787 -0.013915
v 0.048148 0.027043 -0.018658
v 0.036247 0.036384 -0.006270
v 0.043503 0.050169 -0.003707
v 0.052364 0.033787 -0.013915
v 0.043503 0.050169 -0.003707
v 0.057413 0.043380 -0.012131
v 0.052364 0.033787 -0.013915
v 0.043503 0.050169 -0.003707
v 0.050012 0.064355 -0.006083
v 0.057413 0.043380 -0.012131
v 0.050012 0.064355 -0.006083
v 0.061943 0.053252 -0.013784
v 0.057413 0.043380 -0.012131
v 0.050012 0.064355 -0.006083
v 0.054030 0.075140 -0.012762
v 0.061943 0.053252 -0.013784
v 0.054030 0.075140 -0.012762
v 0.064739 0.060757 -0.018432
v 0.061943 0.053252 -0.013784
v 0.054030 0.075140 -0.012762
v 0.054481 0.079634 -0.021955
v 0.064739 0.060757 -0.018432
v 0.054481 0.079634 -0.021955
v 0.065053 0.063885 -0.024829
v 0.064739 0.060757 -0.018432
v 0.054481 0.079634 -0.021955
v 0.051244 0.076634 -0.031197
v 0.065053 0.063885 -0.024829
v 0.051244 0.076634 -0.031197
v 0.062800 0.061797 -0.031261
v 0.065053 0.063885 -0.024829
v 0.051244 0.076634 -0.031197
v 0.045186 0.066944 -0.038014
v 0.062800 0.061797 -0.031261
v 0.045186 0.066944 -0.038014
v 0.058584 0.055053 -0.036005
v 0.062800 0.061797 -0.031261
v 0.045186 0.066944 -0.038014
v 0.037930 0.053159 -0.040578
v 0.058584 0.055053 -0.036005
v 0.037930 0.053159 -0.040578
v 0.053535 0.045460 -0.037789
v 0.058584 0.055053 -0.036005
v 0.053535 0.045460 -0.037789
v 0.049006 0.035589 -0.036135
v 0.063641 0.040457 -0.033289
v 0.049006 0.035589 -0.036135
v 0.061318 0.035394 -0.032441
v 0.063641 0.040457 -0.033289
v 0.049006 0.035589 -0.036135
v 0.046209 0.028084 -0.031487
v 0.061318 0.035394 -0.032441
v 0.046209 0.028084 -0.031487
v 0.059884 0.031545 -0.030057
v 0.061318 0.035394 -0.032441
v 0.046209 0.028084 -0.031487
v 0.045895 0.024956 -0.025090
v 0.059884 0.031545 -0.030057
v 0.045895 0.024956 -0.025090
v 0.059723 0.029941 -0.026776
v 0.059884 0.031545 -0.030057
v 0.045895 0.024956 -0.025090
v 0.048148 0.027043 -0.018658
v 0.059723 0.029941 -0.026776
v 0.048148 0.027043 -0.018658
v 0.060878 0.031012 -0.023477
v 0.059723 0.029941 -0.026776
v 0.048148 0.027043 -0.018658
v 0.052364 0.033787 -0.013915
v 0.060878 0.031012 -0.023477
v 0.052364 0.033787 -0.013915
v 0.063040 0.034470 -0.021044
v 0.060878 0.031012 -0.023477
v 0.052364 0.033787 -0.013915
v 0.057413 0.043380 -0.012131
v 0.063040 0.034470 -0.021044
v 0.057413 0.043380 -0.012131
v 0.065630 0.039390 -0.020129
v 0.063040 0.034470 -0.021044
v 0.057413 0.043380 -0.012131
v 0.061943 0.053252 -0.013784
v 0.065630 0.039390 -0.020129
v 0.061943 0.053252 -0.013784
v 0.067953 0.044453 -0.020978
v 0.065630 0.039390 -0.020129
v 0.061943 0.053252 -0.013784
v 0.064739 0.060757 -0.018432
v 0.067953 0.044453 -0.020978
v 0.064739 0.060757 -0.018432
v 0.069387 0.048302 -0.023361
v 0.067953 0.044453 -0.020978
v 0.064739 0.060757 -0.018432
v 0.065053 0.063885 -0.024829
v 0.069387 0.048302 -0.023361
v 0.065053 0.063885 -0.024829
v 0.069548 0.049906 -0.026642
v 0.069387 0.048302 -0.023361
v 0.065053 0.063885 -0.024829
v 0.062800 0.061797 -0.031261
v 0.069548 0.049906 -0.026642
v 0.062800 0.061797 -0.031261
v 0.068393 0.048835 -0.029941
v 0.069548 0.049906 -0.026642
v 0.062800 0.061797 -0.031261
v 0.058584 0.055053 -0.036005
v 0.068393 0.048835 -0.029941
v 0.058584 0.055053 -0.036005
v 0.066231 0.045377 -0.032374
v 0.068393 0.048835 -0.029941
v 0.058584 0.055053 -0.036005
v 0.053535 0.045460 -0.037789
v 0.066231 0.045377 -0.032374
v 0.053535 0.045460 -0.037789
v 0.063641 0.040457 -0.033289
v 0.066231 0.045377 -0.032374
v 0.063641 0.040457 -0.033289
v 0.061318 0.035394 -0.032441
v 0.067741 0.038399 -0.027302
v 0.061318 0.035394 -0.032441
v 0.067741 0.038399 -0.027302
v 0.067741 0.038399 -0.027302
v 0.061318 0.035394 -0.032441
v 0.059884 0.031545 -0.030057
v 0.067741 0.038399 -0.027302
v 0.059884 0.031545 -0.030057
v 0.067741 0.038399 -0.027302
v 0.067741 0.038399 -0.027302
v 0.059884 0.031545 -0.030057
v 0.059723 0.029941 -0.026776
v 0.067741 0.038399 -0.027302
v 0.059723 0.029941 -0.026776
v 0.067741 0.038399 -0.027302
v 0.067741 0.038399 -0.027302
v 0.059723 0.029941 -0.026776
v 0.060878 0.031012 -0.023477
v 0.067741 0.038399 -0.027302
v 0.060878 0.031012 -0.023477
v 0.067741 0.038399 -0.027302
v 0.067741 0.038399 -0.027302
v 0.060878 0.031012 -0.023477
v 0.063040 0.034470 -0.021044
v 0.067741 0.038399 -0.027302
v 0.063040 0.034470 -0.021044
v 0.067741 0.038399 -0.027302
v 0.067741 0.038399 -0.027302
v 0.063040 0.034470 -0.021044
v 0.065630 0.039390 -0.020129
v 0.067741 0.038399 -0.027302
v 0.065630 0.039390 -0.020129
v 0.067741 0.038399 -0.027302
v 0.067741 0.038399 -0.027302
v 0.065630 0.039390 -0.020129
v 0.067953 0.044453 -0.020978
v 0.067741 0.038399 -0.027302
v 0.067953 0.044453 -0.020978
v 0.067741 0.038399 -0.027302
v 0.067741 0.038399 -0.027302
v 0.067953 0.044453 -0.020978
v 0.069387 0.048302 -0.023361
v 0.067741 0.038399 -0.027302
v 0.069387 0.048302 -0.023361
v 0.067741 0.038399 -0.027302
v 0.067741 0.038399 -0.027302
v 0.069387 0.048302 -0.023361
v 0.069548 0.049906 -0.026642
v 0.067741 0.038399 -0.027302
v 0.069548 0.049906 -0.026642
v 0.067741 0.038399 -0.027302
v 0.067741 0.038399 -0.027302
v 0.069548 0.049906 -0.026642
v 0.068393 0.048835 -0.029941
v 0.067741 0.038399 -0.027302
v 0.068393 0.048835 -0.029941
v 0.067741 0.038399 -0.027302
v 0.067741 0.038399 -0.027302
v 0.068393 0.048835 -0.029941
v 0.066231 0.045377 -0.032374
v 0.067741 0.038399 -0.027302
v 0.066231 0.045377 -0.032374
v 0.067741 0.038399 -0.027302
v 0.067741 0.038399 -0.027302
v 0.066231 0.045377 -0.032374
v 0.063641 0.040457 -0.033289
v 0.067741 0.038399 -0.027302
v 0.063641 0.040457 -0.033289
v 0.067741 0.038399 -0.027302
v 0.067741 0.038399 -0.027302
v 0.471260 0.361281 -0.020726
v 0.471260 0.361281 -0.020726
v 0.469299 0.358593 -0.027628
v 0.471260 0.361281 -0.020726
v 0.465979 0.363805 -0.027850
v 0.469299 0.358593 -0.027628
v 0.471260 0.361281 -0.020726
v 0.471260 0.361281 -0.020726
v 0.465979 0.363805 -0.027850
v 0.471260 0.361281 -0.020726
v 0.463230 0.367800 -0.026262
v 0.465979 0.363805 -0.027850
v 0.471260 0.361281 -0.020726
v 0.471260 0.361281 -0.020726
v 0.463230 0.367800 -0.026262
v 0.471260 0.361281 -0.020726
v 0.461788 0.369506 -0.023289
v 0.463230 0.367800 -0.026262
v 0.471260 0.361281 -0.020726
v 0.471260 0.361281 -0.020726
v 0.461788 0.369506 -0.023289
v 0.471260 0.361281 -0.020726
v 0.462041 0.368466 -0.019727
v 0.461788 0.369506 -0.023289
v 0.471260 0.361281 -0.020726
v 0.471260 0.361281 -0.020726
v 0.462041 0.368466 -0.019727
v 0.471260 0.361281 -0.020726
v 0.463919 0.364960 -0.016531
v 0.462041 0.368466 -0.019727
v 0.471260 0.361281 -0.020726
v 0.471260 0.361281 -0.020726
v 0.463919 0.364960 -0.016531
v 0.471260 0.361281 -0.020726
v 0.466921 0.359926 -0.014558
v 0.463919 0.364960 -0.016531
v 0.471260 0.361281 -0.020726
v 0.471260 0.361281 -0.020726
v 0.466921 0.359926 -0.014558
v 0.471260 0.361281 -0.020726
v 0.470241 0.354713 -0.014336
v 0.466921 0.359926 -0.014558
v 0.471260 0.361281 -0.020726
v 0.471260 0.361281 -0.020726
v 0.470241 0.354713 -0.014336
v 0.471260 0.361281 -0.020726
v 0.472990 0.350718 -0.015924
v 0.470241 0.354713 -0.014336
v 0.471260 0.361281 -0.020726
v 0.471260 0.361281 -0.020726
v 0.472990 0.350718 -0.015924
v 0.471260 0.361281 -0.020726
v 0.474432 0.349012 -0.018898
v 0.472990 0.350718 -0.015924
v 0.471260 0.361281 -0.020726
v 0.471260 0.361281 -0.020726
v 0.474432 0.349012 -0.018898
v 0.471260 0.361281 -0.020726
v 0.474179 0.350052 -0.022459
v 0.474432 0.349012 -0.018898
v 0.471260 0.361281 -0.020726
v 0.471260 0.361281 -0.020726
v 0.474179 0.350052 -0.022459
v 0.471260 0.361281 -0.020726
v 0.472301 0.353558 -0.025655
v 0.474179 0.350052 -0.022459
v 0.471260 0.361281 -0.020726
v 0.471260 0.361281 -0.020726
v 0.472301 0.353558 -0.025655
v 0.471260 0.361281 -0.020726
v 0.469299 0.358593 -0.027628
v 0.472301 0.353558 -0.025655
v 0.469299 0.358593 -0.027628
v 0.465979 0.363805 -0.027850
v 0.461137 0.351996 -0.034918
v 0.465979 0.363805 -0.027850
v 0.454663 0.362160 -0.035351
v 0.461137 0.351996 -0.034918
v 0.465979 0.363805 -0.027850
v 0.463230 0.367800 -0.026262
v 0.454663 0.362160 -0.035351
v 0.463230 0.367800 -0.026262
v 0.449303 0.369949 -0.032254
v 0.454663 0.362160 -0.035351
v 0.463230 0.367800 -0.026262
v 0.461788 0.369506 -0.023289
v 0.449303 0.369949 -0.032254
v 0.461788 0.369506 -0.023289
v 0.446492 0.373275 -0.026456
v 0.449303 0.369949 -0.032254
v 0.461788 0.369506 -0.023289
v 0.462041 0.368466 -0.019727
v 0.446492 0.373275 -0.026456
v 0.462041 0.368466 -0.019727
v 0.446984 0.371248 -0.019512
v 0.446492 0.373275 -0.026456
v 0.462041 0.368466 -0.019727
v 0.463919 0.364960 -0.016531
v 0.446984 0.371248 -0.019512
v 0.463919 0.364960 -0.016531
v 0.450647 0.364410 -0.013281
v 0.446984 0.371248 -0.019512
v 0.463919 0.364960 -0.016531
v 0.466921 0.359926 -0.014558
v 0.450647 0.364410 -0.013281
v 0.466921 0.359926 -0.014558
v 0.456500 0.354594 -0.009433
v 0.450647 0.364410 -0.013281
v 0.466921 0.359926 -0.014558
v 0.470241 0.354713 -0.014336
v 0.456500 0.354594 -0.009433
v 0.470241 0.354713 -0.014336
v 0.462974 0.344430 -0.009000
v 0.456500 0.354594 -0.009433
v 0.470241 0.354713 -0.014336
v 0.472990 0.350718 -0.015924
v 0.462974 0.344430 -0.009000
v 0.472990 0.350718 -0.015924
v 0.468334 0.336641 -0.012097
v 0.462974 0.344430 -0.009000
v 0.472990 0.350718 -0.015924
v 0.474432 0.349012 -0.018898
v 0.468334 0.336641 -0.012097
v 0.474432 0.349012 -0.018898
v 0.471145 0.333315 -0.017895
v 0.468334 0.336641 -0.012097
v 0.474432 0.349012 -0.018898
v 0.474179 0.350052 -0.022459
v 0.471145 0.333315 -0.017895
v 0.474179 0.350052 -0.022459
v 0.470653 0.335342 -0.024840
v 0.471145 0.333315 -0.017895
v 0.474179 0.350052 -0.022459
v 0.472301 0.353558 -0.025655
v 0.470653 0.335342 -0.024840
v 0.472301 0.353558 -0.025655
v 0.466990 0.342180 -0.031070
v 0.470653 0.335342 -0.024840
v 0.472301 0.353558 -0.025655
v 0.469299 0.358593 -0.027628
v 0.466990 0.342180 -0.031070
v 0.469299 0.358593 -0.027628
v 0.461137 0.351996 -0.034918
v 0.466990 0.342180 -0.031070
v 0.461137 0.351996 -0.034918
v 0.454663 0.362160 -0.035351
v 0.447183 0.341820 -0.042230
v 0.454663 0.362160 -0.035351
v 0.437880 0.356426 -0.042853
v 0.447183 0.341820 -0.042230
v 0.454663 0.362160 -0.035351
v 0.449303 0.369949 -0.032254
v 0.437880 0.356426 -0.042853
v 0.449303 0.369949 -0.032254
v 0.430178 0.367619 -0.038402
v 0.437880 0.356426 -0.042853
v 0.449303 0.369949 -0.032254
v 0.446492 0.373275 -0.026456
v 0.430178 0.367619 -0.038402
v 0.446492 0.373275 -0.026456
v 0.426138 0.372399 -0.030071
v 0.430178 0.367619 -0.038402
v 0.446492 0.373275 -0.026456
v 0.446984 0.371248 -0.019512
v 0.426138 0.372399 -0.030071
v 0.446984 0.371248 -0.019512
v 0.426846 0.369486 -0.020091
v 0.426138 0.372399 -0.030071
v 0.446984 0.371248 -0.019512
v 0.450647 0.364410 -0.013281
v 0.426846 0.369486 -0.020091
v 0.450647 0.364410 -0.013281
v 0.432109 0.359661 -0.011138
v 0.426846 0.369486 -0.020091
v 0.450647 0.364410 -0.013281
v 0.456500 0.354594 -0.009433
v 0.432109 0.359661 -0.011138
v 0.456500 0.354594 -0.009433
v 0.440519 0.345555 -0.005609
v 0.432109 0.359661 -0.011138
v 0.456500 0.354594 -0.009433
v 0.462974 0.344430 -0.009000
v 0.440519 0.345555 -0.005609
v 0.462974 0.344430 -0.009000
v 0.449822 0.330949 -0.004986
v 0.440519 0.345555 -0.005609
v 0.462974 0.344430 -0.009000
v 0.468334 0.336641 -0.012097
v 0.449822 0.330949 -0.004986
v 0.468334 0.336641 -0.012097
v 0.457525 0.319756 -0.009437
v 0.449822 0.330949 -0.004986
v 0.468334 0.336641 -0.012097
v 0.471145 0.333315 -0.017895
v 0.457525 0.319756 -0.009437
v 0.471145 0.333315 -0.017895
v 0.461564 0.314976 -0.017768
v 0.457525 0.319756 -0.009437
v 0.471145 0.333315 -0.017895
v 0.470653 0.335342 -0.024840
v 0.461564 0.314976 -0.017768
v 0.470653 0.335342 -0.024840
v 0.460857 0.317889 -0.027748
v 0.461564 0.314976 -0.017768
v 0.470653 0.335342 -0.024840
v 0.466990 0.342180 -0.031070
v 0.460857 0.317889 -0.027748
v 0.466990 0.342180 -0.031070
v 0.455593 0.327715 -0.036701
v 0.460857 0.317889 -0.027748
v 0.466990 0.342180 -0.031070
v 0.461137 0.351996 -0.034918
v 0.455593 0.327715 -0.036701
v 0.461137 0.351996 -0.034918
v 0.447183 0.341820 -0.042230
v 0.455593 0.327715 -0.036701
v 0.447183 0.341820 -0.042230
v 0.437880 0.356426 -0.042853
v 0.428137 0.328577 -0.049198
v 0.437880 0.356426 -0.042853
v 0.416472 0.346893 -0.049978
v 0.428137 0.328577 -0.049198
v 0.437880 0.356426 -0.042853
v 0.430178 0.367619 -0.038402
v 0.416472 0.346893 -0.049978
v 0.430178 0.367619 -0.038402
v 0.406812 0.360928 -0.044398
v 0.416472 0.346893 -0.049978
v 0.430178 0.367619 -0.038402
v 0.426138 0.372399 -0.030071
v 0.406812 0.360928 -0.044398
v 0.426138 0.372399 -0.030071
v 0.401748 0.366922 -0.033951
v 0.406812 0.360928 -0.044398
v 0.426138 0.372399 -0.030071
v 0.426846 0.369486 -0.020091
v 0.401748 0.366922 -0.033951
v 0.426846 0.369486 -0.020091
v 0.402634 0.363269 -0.021437
v 0.401748 0.366922 -0.033951
v 0.426846 0.369486 -0.020091
v 0.432109 0.359661 -0.011138
v 0.402634 0.363269 -0.021437
v 0.432109 0.359661 -0.011138
v 0.409235 0.350948 -0.010209
v 0.402634 0.363269 -0.021437
v 0.432109 0.359661 -0.011138
v 0.440519 0.345555 -0.005609
v 0.409235 0.350948 -0.010209
v 0.440519 0.345555 -0.005609
v 0.419781 0.333261 -0.003276
v 0.409235 0.350948 -0.010209
v 0.440519 0.345555 -0.005609
v 0.449822 0.330949 -0.004986
v 0.419781 0.333261 -0.003276
v 0.449822 0.330949 -0.004986
v 0.431446 0.314945 -0.002496
v 0.419781 0.333261 -0.003276
v 0.449822 0.330949 -0.004986
v 0.457525 0.319756 -0.009437
v 0.431446 0.314945 -0.002496
v 0.457525 0.319756 -0.009437
v 0.441105 0.300910 -0.008077
v 0.431446 0.314945 -0.002496
v 0.457525 0.319756 -0.009437
v 0.461564 0.314976 -0.017768
v 0.441105 0.300910 -0.008077
v 0.461564 0.314976 -0.017768
v 0.446170 0.294916 -0.018524
v 0.441105 0.300910 -0.008077
v 0.461564 0.314976 -0.017768
v 0.460857 0.317889 -0.027748
v 0.446170 0.294916 -0.018524
v 0.460857 0.317889 -0.027748
v 0.445284 0.298569 -0.031037
v 0.446170 0.294916 -0.018524
v 0.460857 0.317889 -0.027748
v 0.455593 0.327715 -0.036701
v 0.445284 0.298569 -0.031037
v 0.455593 0.327715 -0.036701
v 0.438683 0.310890 -0.042265
v 0.445284 0.298569 -0.031037
v 0.455593 0.327715 -0.036701
v 0.447183 0.341820 -0.042230
v 0.438683 0.310890 -0.042265
v 0.447183 0.341820 -0.042230
v 0.428137 0.328577 -0.049198
v 0.438683 0.310890 -0.042265
v 0.428137 0.328577 -0.049198
v 0.416472 0.346893 -0.049978
v 0.404954 0.312931 -0.055472
v 0.416472 0.346893 -0.049978
v 0.391510 0.334037 -0.056371
v 0.404954 0.312931 -0.055472
v 0.416472 0.346893 -0.049978
v 0.406812 0.360928 -0.044398
v 0.391510 0.334037 -0.056371
v 0.406812 0.360928 -0.044398
v 0.380379 0.350211 -0.049940
v 0.391510 0.334037 -0.056371
v 0.406812 0.360928 -0.044398
v 0.401748 0.366922 -0.033951
v 0.380379 0.350211 -0.049940
v 0.401748 0.366922 -0.033951
v 0.374543 0.357118 -0.037901
v 0.380379 0.350211 -0.049940
v 0.401748 0.366922 -0.033951
v 0.402634 0.363269 -0.021437
v 0.374543 0.357118 -0.037901
v 0.402634 0.363269 -0.021437
v 0.375565 0.352909 -0.023481
v 0.374543 0.357118 -0.037901
v 0.402634 0.363269 -0.021437
v 0.409235 0.350948 -0.010209
v 0.375565 0.352909 -0.023481
v 0.409235 0.350948 -0.010209
v 0.383171 0.338711 -0.010542
v 0.375565 0.352909 -0.023481
v 0.409235 0.350948 -0.010209
v 0.419781 0.333261 -0.003276
v 0.383171 0.338711 -0.010542
v 0.419781 0.333261 -0.003276
v 0.395324 0.318327 -0.002553
v 0.383171 0.338711 -0.010542
v 0.419781 0.333261 -0.003276
v 0.431446 0.314945 -0.002496
v 0.395324 0.318327 -0.002553
v 0.431446 0.314945 -0.002496
v 0.408767 0.297221 -0.001653
v 0.395324 0.318327 -0.002553
v 0.431446 0.314945 -0.002496
v 0.441105 0.300910 -0.008077
v 0.408767 0.297221 -0.001653
v 0.441105 0.300910 -0.008077
v 0.419898 0.281047 -0.008085
v 0.408767 0.297221 -0.001653
v 0.441105 0.300910 -0.008077
v 0.446170 0.294916 -0.018524
v 0.419898 0.281047 -0.008085
v 0.446170 0.294916 -0.018524
v 0.425735 0.274140 -0.020124
v 0.419898 0.281047 -0.008085
v 0.446170 0.294916 -0.018524
v 0.445284 0.298569 -0.031037
v 0.425735 0.274140 -0.020124
v 0.445284 0.298569 -0.031037
v 0.424713 0.278349 -0.034544
v 0.425735 0.274140 -0.020124
v 0.445284 0.298569 -0.031037
v 0.438683 0.310890 -0.042265
v 0.424713 0.278349 -0.034544
v 0.438683 0.310890 -0.042265
v 0.417106 0.292547 -0.047483
v 0.424713 0.278349 -0.034544
v 0.438683 0.310890 -0.042265
v 0.428137 0.328577 -0.049198
v 0.417106 0.292547 -0.047483
v 0.428137 0.328577 -0.049198
v 0.404954 0.312931 -0.055472
v 0.417106 0.292547 -0.047483
v 0.404954 0.312931 -0.055472
v 0.391510 0.334037 -0.056371
v 0.378795 0.295665 -0.060738
v 0.391510 0.334037 -0.056371
v 0.364249 0.318503 -0.061711
v 0.378795 0.295665 -0.060738
v 0.391510 0.334037 -0.056371
v 0.380379 0.350211 -0.049940
v 0.364249 0.318503 -0.061711
v 0.380379 0.350211 -0.049940
v 0.352204 0.336005 -0.054752
v 0.364249 0.318503 -0.061711
v 0.380379 0.350211 -0.049940
v 0.374543 0.357118 -0.037901
v 0.352204 0.336005 -0.054752
v 0.374543 0.357118 -0.037901
v 0.345888 0.343480 -0.041725
v 0.352204 0.336005 -0.054752
v 0.374543 0.357118 -0.037901
v 0.375565 0.352909 -0.023481
v 0.345888 0.343480 -0.041725
v 0.375565 0.352909 -0.023481
v 0.346994 0.338925 -0.026120
v 0.345888 0.343480 -0.041725
v 0.375565 0.352909 -0.023481
v 0.383171 0.338711 -0.010542
v 0.346994 0.338925 -0.026120
v 0.383171 0.338711 -0.010542
v 0.355225 0.323561 -0.012120
v 0.346994 0.338925 -0.026120
v 0.383171 0.338711 -0.010542
v 0.395324 0.318327 -0.002553
v 0.355225 0.323561 -0.012120
v 0.395324 0.318327 -0.002553
v 0.368375 0.301505 -0.003475
v 0.355225 0.323561 -0.012120
v 0.395324 0.318327 -0.002553
v 0.408767 0.297221 -0.001653
v 0.368375 0.301505 -0.003475
v 0.408767 0.297221 -0.001653
v 0.382922 0.278666 -0.002501
v 0.368375 0.301505 -0.003475
v 0.408767 0.297221 -0.001653
v 0.419898 0.281047 -0.008085
v 0.382922 0.278666 -0.002501
v 0.419898 0.281047 -0.008085
v 0.394967 0.261164 -0.009460
v 0.382922 0.278666 -0.002501
v 0.419898 0.281047 -0.008085
v 0.425735 0.274140 -0.020124
v 0.394967 0.261164 -0.009460
v 0.425735 0.274140 -0.020124
v 0.401282 0.253690 -0.022488
v 0.394967 0.261164 -0.009460
v 0.425735 0.274140 -0.020124
v 0.424713 0.278349 -0.034544
v 0.401282 0.253690 -0.022488
v 0.424713 0.278349 -0.034544
v 0.400177 0.258244 -0.038092
v 0.401282 0.253690 -0.022488
v 0.424713 0.278349 -0.034544
v 0.417106 0.292547 -0.047483
v 0.400177 0.258244 -0.038092
v 0.417106 0.292547 -0.047483
v 0.391946 0.273608 -0.052092
v 0.400177 0.258244 -0.038092
v 0.417106 0.292547 -0.047483
v 0.404954 0.312931 -0.055472
v 0.391946 0.273608 -0.052092
v 0.404954 0.312931 -0.055472
v 0.378795 0.295665 -0.060738
v 0.391946 0.273608 -0.052092
v 0.378795 0.295665 -0.060738
v 0.364249 0.318503 -0.061711
v 0.350974 0.277645 -0.064731
v 0.364249 0.318503 -0.061711
v 0.336053 0.301072 -0.065729
v 0.350974 0.277645 -0.064731
v 0.364249 0.318503 -0.061711
v 0.352204 0.336005 -0.054752
v 0.336053 0.301072 -0.065729
v 0.352204 0.336005 -0.054752
v 0.323699 0.319023 -0.058591
v 0.336053 0.301072 -0.065729
v 0.352204 0.336005 -0.054752
v 0.345888 0.343480 -0.041725
v 0.323699 0.319023 -0.058591
v 0.345888 0.343480 -0.041725
v 0.317221 0.326690 -0.045229
v 0.323699 0.319023 -0.058591
v 0.345888 0.343480 -0.041725
v 0.346994 0.338925 -0.026120
v 0.317221 0.326690 -0.045229
v 0.346994 0.338925 -0.026120
v 0.318355 0.322018 -0.029223
v 0.317221 0.326690 -0.045229
v 0.346994 0.338925 -0.026120
v 0.355225 0.323561 -0.012120
v 0.318355 0.322018 -0.029223
v 0.355225 0.323561 -0.012120
v 0.326797 0.306259 -0.014863
v 0.318355 0.322018 -0.029223
v 0.355225 0.323561 -0.012120
v 0.368375 0.301505 -0.003475
v 0.326797 0.306259 -0.014863
v 0.368375 0.301505 -0.003475
v 0.340286 0.283635 -0.005995
v 0.326797 0.306259 -0.014863
v 0.368375 0.301505 -0.003475
v 0.382922 0.278666 -0.002501
v 0.340286 0.283635 -0.005995
v 0.382922 0.278666 -0.002501
v 0.355206 0.260209 -0.004997
v 0.340286 0.283635 -0.005995
v 0.382922 0.278666 -0.002501
v 0.394967 0.261164 -0.009460
v 0.355206 0.260209 -0.004997
v 0.394967 0.261164 -0.009460
v 0.367561 0.242258 -0.012135
v 0.355206 0.260209 -0.004997
v 0.394967 0.261164 -0.009460
v 0.401282 0.253690 -0.022488
v 0.367561 0.242258 -0.012135
v 0.401282 0.253690 -0.022488
v 0.374039 0.234591 -0.025497
v 0.367561 0.242258 -0.012135
v 0.401282 0.253690 -0.022488
v 0.400177 0.258244 -0.038092
v 0.374039 0.234591 -0.025497
v 0.400177 0.258244 -0.038092
v 0.372905 0.239263 -0.041503
v 0.374039 0.234591 -0.025497
v 0.400177 0.258244 -0.038092
v 0.391946 0.273608 -0.052092
v 0.372905 0.239263 -0.041503
v 0.391946 0.273608 -0.052092
v 0.364463 0.255022 -0.055863
v 0.372905 0.239263 -0.041503
v 0.391946 0.273608 -0.052092
v 0.378795 0.295665 -0.060738
v 0.364463 0.255022 -0.055863
v 0.378795 0.295665 -0.060738
v 0.350974 0.277645 -0.064731
v 0.364463 0.255022 -0.055863
v 0.350974 0.277645 -0.064731
v 0.336053 0.301072 -0.065729
v 0.315080 0.254605 -0.068913
v 0.336053 0.301072 -0.065729
v 0.300159 0.278031 -0.069911
v 0.315080 0.254605 -0.068913
v 0.336053 0.301072 -0.065729
v 0.323699 0.319023 -0.058591
v 0.300159 0.278031 -0.069911
v 0.323699 0.319023 -0.058591
v 0.287804 0.295983 -0.062773
v 0.300159 0.278031 -0.069911
v 0.323699 0.319023 -0.058591
v 0.317221 0.326690 -0.045229
v 0.287804 0.295983 -0.062773
v 0.317221 0.326690 -0.045229
v 0.281326 0.303650 -0.049411
v 0.287804 0.295983 -0.062773
v 0.317221 0.326690 -0.045229
v 0.318355 0.322018 -0.029223
v 0.281326 0.303650 -0.049411
v 0.318355 0.322018 -0.029223
v 0.282460 0.298978 -0.033405
v 0.281326 0.303650 -0.049411
v 0.318355 0.322018 -0.029223
v 0.326797 0.306259 -0.014863
v 0.282460 0.298978 -0.033405
v 0.326797 0.306259 -0.014863
v 0.290903 0.283219 -0.019045
v 0.282460 0.298978 -0.033405
v 0.326797 0.306259 -0.014863
v 0.340286 0.283635 -0.005995
v 0.290903 0.283219 -0.019045
v 0.340286 0.283635 -0.005995
v 0.304392 0.260595 -0.010177
v 0.290903 0.283219 -0.019045
v 0.340286 0.283635 -0.005995
v 0.355206 0.260209 -0.004997
v 0.304392 0.260595 -0.010177
v 0.355206 0.260209 -0.004997
v 0.319312 0.237169 -0.009179
v 0.304392 0.260595 -0.010177
v 0.355206 0.260209 -0.004997
v 0.367561 0.242258 -0.012135
v 0.319312 0.237169 -0.009179
v 0.367561 0.242258 -0.012135
v 0.331667 0.219218 -0.016317
v 0.319312 0.237169 -0.009179
v 0.367561 0.242258 -0.012135
v 0.374039 0.234591 -0.025497
v 0.331667 0.219218 -0.016317
v 0.374039 0.234591 -0.025497
v 0.338145 0.211551 -0.029679
v 0.331667 0.219218 -0.016317
v 0.374039 0.234591 -0.025497
v 0.372905 0.239263 -0.041503
v 0.338145 0.211551 -0.029679
v 0.372905 0.239263 -0.041503
v 0.337011 0.216223 -0.045685
v 0.338145 0.211551 -0.029679
v 0.372905 0.239263 -0.041503
v 0.364463 0.255022 -0.055863
v 0.337011 0.216223 -0.045685
v 0.364463 0.255022 -0.055863
v 0.328568 0.231982 -0.060045
v 0.337011 0.216223 -0.045685
v 0.364463 0.255022 -0.055863
v 0.350974 0.277645 -0.064731
v 0.328568 0.231982 -0.060045
v 0.350974 0.277645 -0.064731
v 0.315080 0.254605 -0.068913
v 0.328568 0.231982 -0.060045
v 0.315080 0.254605 -0.068913
v 0.300159 0.278031 -0.069911
v 0.279185 0.231565 -0.073095
v 0.300159 0.278031 -0.069911
v 0.264265 0.254991 -0.074093
v 0.279185 0.231565 -0.073095
v 0.300159 0.278031 -0.069911
v 0.287804 0.295983 -0.062773
v 0.264265 0.254991 -0.074093
v 0.287804 0.295983 -0.062773
v 0.251910 0.272943 -0.066955
v 0.264265 0.254991 -0.074093
v 0.287804 0.295983 -0.062773
v 0.281326 0.303650 -0.049411
v 0.251910 0.272943 -0.066955
v 0.281326 0.303650 -0.049411
v 0.245432 0.280610 -0.053593
v 0.251910 0.272943 -0.066955
v 0.281326 0.303650 -0.049411
v 0.282460 0.298978 -0.033405
v 0.245432 0.280610 -0.053593
v 0.282460 0.298978 -0.033405
v 0.246566 0.275938 -0.037587
v 0.245432 0.280610 -0.053593
v 0.282460 0.298978 -0.033405
v 0.290903 0.283219 -0.019045
v 0.246566 0.275938 -0.037587
v 0.290903 0.283219 -0.019045
v 0.255009 0.260179 -0.023227
v 0.246566 0.275938 -0.037587
v 0.290903 0.283219 -0.019045
v 0.304392 0.260595 -0.010177
v 0.255009 0.260179 -0.023227
v 0.304392 0.260595 -0.010177
v 0.268497 0.237555 -0.014359
v 0.255009 0.260179 -0.023227
v 0.304392 0.260595 -0.010177
v 0.319312 0.237169 -0.009179
v 0.268497 0.237555 -0.014359
v 0.319312 0.237169 -0.009179
v 0.283418 0.214129 -0.013361
v 0.268497 0.237555 -0.014359
v 0.319312 0.237169 -0.009179
v 0.331667 0.219218 -0.016317
v 0.283418 0.214129 -0.013361
v 0.331667 0.219218 -0.016317
v 0.295773 0.196177 -0.020499
v 0.283418 0.214129 -0.013361
v 0.331667 0.219218 -0.016317
v 0.338145 0.211551 -0.029679
v 0.295773 0.196177 -0.020499
v 0.338145 0.211551 -0.029679
v 0.302251 0.188511 -0.033861
v 0.295773 0.196177 -0.020499
v 0.338145 0.211551 -0.029679
v 0.337011 0.216223 -0.045685
v 0.302251 0.188511 -0.033861
v 0.337011 0.216223 -0.045685
v 0.301117 0.193182 -0.049867
v 0.302251 0.188511 -0.033861
v 0.337011 0.216223 -0.045685
v 0.328568 0.231982 -0.060045
v 0.301117 0.193182 -0.049867
v 0.328568 0.231982 -0.060045
v 0.292674 0.208942 -0.064227
v 0.301117 0.193182 -0.049867
v 0.328568 0.231982 -0.060045
v 0.315080 0.254605 -0.068913
v 0.292674 0.208942 -0.064227
v 0.315080 0.254605 -0.068913
v 0.279185 0.231565 -0.073095
v 0.292674 0.208942 -0.064227
v 0.279185 0.231565 -0.073095
v 0.264265 0.254991 -0.074093
v 0.243291 0.208525 -0.077277
v 0.264265 0.254991 -0.074093
v 0.228371 0.231951 -0.078275
v 0.243291 0.208525 -0.077277
v 0.264265 0.254991 -0.074093
v 0.251910 0.272943 -0.066955
v 0.228371 0.231951 -0.078275
v 0.251910 0.272943 -0.066955
v 0.216016 0.249903 -0.071137
v 0.228371 0.231951 -0.078275
v 0.251910 0.272943 -0.066955
v 0.245432 0.280610 -0.053593
v 0.216016 0.249903 -0.071137
v 0.245432 0.280610 -0.053593
v 0.209538 0.257570 -0.057775
v 0.216016 0.249903 -0.071137
v 0.245432 0.280610 -0.053593
v 0.246566 0.275938 -0.037587
v 0.209538 0.257570 -0.057775
v 0.246566 0.275938 -0.037587
v 0.210672 0.252898 -0.041769
v 0.209538 0.257570 -0.057775
v 0.246566 0.275938 -0.037587
v 0.255009 0.260179 -0.023227
v 0.210672 0.252898 -0.041769
v 0.255009 0.260179 -0.023227
v 0.219114 0.237139 -0.027409
v 0.210672 0.252898 -0.041769
v 0.255009 0.260179 -0.023227
v 0.268497 0.237555 -0.014359
v 0.219114 0.237139 -0.027409
v 0.268497 0.237555 -0.014359
v 0.232603 0.214515 -0.018541
v 0.219114 0.237139 -0.027409
v 0.268497 0.237555 -0.014359
v 0.283418 0.214129 -0.013361
v 0.232603 0.214515 -0.018541
v 0.283418 0.214129 -0.013361
v 0.247524 0.191089 -0.017543
v 0.232603 0.214515 -0.018541
v 0.283418 0.214129 -0.013361
v 0.295773 0.196177 -0.020499
v 0.247524 0.191089 -0.017543
v 0.295773 0.196177 -0.020499
v 0.259878 0.173137 -0.024681
v 0.247524 0.191089 -0.017543
v 0.295773 0.196177 -0.020499
v 0.302251 0.188511 -0.033861
v 0.259878 0.173137 -0.024681
v 0.302251 0.188511 -0.033861
v 0.266356 0.165470 -0.038043
v 0.259878 0.173137 -0.024681
v 0.302251 0.188511 -0.033861
v 0.301117 0.193182 -0.049867
v 0.266356 0.165470 -0.038043
v 0.301117 0.193182 -0.049867
v 0.265222 0.170142 -0.054049
v 0.266356 0.165470 -0.038043
v 0.301117 0.193182 -0.049867
v 0.292674 0.208942 -0.064227
v 0.265222 0.170142 -0.054049
v 0.292674 0.208942 -0.064227
v 0.256780 0.185901 -0.068409
v 0.265222 0.170142 -0.054049
v 0.292674 0.208942 -0.064227
v 0.279185 0.231565 -0.073095
v 0.256780 0.185901 -0.068409
v 0.279185 0.231565 -0.073095
v 0.243291 0.208525 -0.077277
v 0.256780 0.185901 -0.068409
v 0.243291 0.208525 -0.077277
v 0.228371 0.231951 -0.078275
v 0.207397 0.185485 -0.081459
v 0.228371 0.231951 -0.078275
v 0.192476 0.208911 -0.082457
v 0.207397 0.185485 -0.081459
v 0.228371 0.231951 -0.078275
v 0.216016 0.249903 -0.071137
v 0.192476 0.208911 -0.082457
v 0.216016 0.249903 -0.071137
v 0.180122 0.226863 -0.075319
v 0.192476 0.208911 -0.082457
v 0.216016 0.249903 -0.071137
v 0.209538 0.257570 -0.057775
v 0.180122 0.226863 -0.075319
v 0.209538 0.257570 -0.057775
v 0.173644 0.234530 -0.061957
v 0.180122 0.226863 -0.075319
v 0.209538 0.257570 -0.057775
v 0.210672 0.252898 -0.041769
v 0.173644 0.234530 -0.061957
v 0.210672 0.252898 -0.041769
v 0.174778 0.229858 -0.045951
v 0.173644 0.234530 -0.061957
v 0.210672 0.252898 -0.041769
v 0.219114 0.237139 -0.027409
v 0.174778 0.229858 -0.045951
v 0.219114 0.237139 -0.027409
v 0.183220 0.214099 -0.031591
v 0.174778 0.229858 -0.045951
v 0.219114 0.237139 -0.027409
v 0.232603 0.214515 -0.018541
v 0.183220 0.214099 -0.031591
v 0.232603 0.214515 -0.018541
v 0.196709 0.191475 -0.022723
v 0.183220 0.214099 -0.031591
v 0.232603 0.214515 -0.018541
v 0.247524 0.191089 -0.017543
v 0.196709 0.191475 -0.022723
v 0.247524 0.191089 -0.017543
v 0.211629 0.168049 -0.021725
v 0.196709 0.191475 -0.022723
v 0.247524 0.191089 -0.017543
v 0.259878 0.173137 -0.024681
v 0.211629 0.168049 -0.021725
v 0.259878 0.173137 -0.024681
v 0.223984 0.150097 -0.028863
v 0.211629 0.168049 -0.021725
v 0.259878 0.173137 -0.024681
v 0.266356 0.165470 -0.038043
v 0.223984 0.150097 -0.028863
v 0.266356 0.165470 -0.038043
v 0.230462 0.142430 -0.042225
v 0.223984 0.150097 -0.028863
v 0.266356 0.165470 -0.038043
v 0.265222 0.170142 -0.054049
v 0.230462 0.142430 -0.042225
v 0.265222 0.170142 -0.054049
v 0.229328 0.147102 -0.058231
v 0.230462 0.142430 -0.042225
v 0.265222 0.170142 -0.054049
v 0.256780 0.185901 -0.068409
v 0.229328 0.147102 -0.058231
v 0.256780 0.185901 -0.068409
v 0.220886 0.162861 -0.072591
v 0.229328 0.147102 -0.058231
v 0.256780 0.185901 -0.068409
v 0.243291 0.208525 -0.077277
v 0.220886 0.162861 -0.072591
v 0.243291 0.208525 -0.077277
v 0.207397 0.185485 -0.081459
v 0.220886 0.162861 -0.072591
v 0.207397 0.185485 -0.081459
v 0.192476 0.208911 -0.082457
v 0.171503 0.162445 -0.085641
v 0.192476 0.208911 -0.082457
v 0.156582 0.185871 -0.086639
v 0.171503 0.162445 -0.085641
v 0.192476 0.208911 -0.082457
v 0.180122 0.226863 -0.075319
v 0.156582 0.185871 -0.086639
v 0.180122 0.226863 -0.075319
v 0.144227 0.203823 -0.079501
v 0.156582 0.185871 -0.086639
v 0.180122 0.226863 -0.075319
v 0.173644 0.234530 -0.061957
v 0.144227 0.203823 -0.079501
v 0.173644 0.234530 -0.061957
v 0.137749 0.211489 -0.066139
v 0.144227 0.203823 -0.079501
v 0.173644 0.234530 -0.061957
v 0.174778 0.229858 -0.045951
v 0.137749 0.211489 -0.066139
v 0.174778 0.229858 -0.045951
v 0.138883 0.206818 -0.050133
v 0.137749 0.211489 -0.066139
v 0.174778 0.229858 -0.045951
v 0.183220 0.214099 -0.031591
v 0.138883 0.206818 -0.050133
v 0.183220 0.214099 -0.031591
v 0.147326 0.191058 -0.035773
v 0.138883 0.206818 -0.050133
v 0.183220 0.214099 -0.031591
v 0.196709 0.191475 -0.022723
v 0.147326 0.191058 -0.035773
v 0.196709 0.191475 -0.022723
v 0.160815 0.168435 -0.026905
v 0.147326 0.191058 -0.035773
v 0.196709 0.191475 -0.022723
v 0.211629 0.168049 -0.021725
v 0.160815 0.168435 -0.026905
v 0.211629 0.168049 -0.021725
v 0.175735 0.145009 -0.025907
v 0.160815 0.168435 -0.026905
v 0.211629 0.168049 -0.021725
v 0.223984 0.150097 -0.028863
v 0.175735 0.145009 -0.025907
v 0.223984 0.150097 -0.028863
v 0.188090 0.127057 -0.033045
v 0.175735 0.145009 -0.025907
v 0.223984 0.150097 -0.028863
v 0.230462 0.142430 -0.042225
v 0.188090 0.127057 -0.033045
v 0.230462 0.142430 -0.042225
v 0.194568 0.119390 -0.046407
v 0.188090 0.127057 -0.033045
v 0.230462 0.142430 -0.042225
v 0.229328 0.147102 -0.058231
v 0.194568 0.119390 -0.046407
v 0.229328 0.147102 -0.058231
v 0.193434 0.124062 -0.062413
v 0.194568 0.119390 -0.046407
v 0.229328 0.147102 -0.058231
v 0.220886 0.162861 -0.072591
v 0.193434 0.124062 -0.062413
v 0.220886 0.162861 -0.072591
v 0.184991 0.139821 -0.076773
v 0.193434 0.124062 -0.062413
v 0.220886 0.162861 -0.072591
v 0.207397 0.185485 -0.081459
v 0.184991 0.139821 -0.076773
v 0.207397 0.185485 -0.081459
v 0.171503 0.162445 -0.085641
v 0.184991 0.139821 -0.076773
v 0.171503 0.162445 -0.085641
v 0.156582 0.185871 -0.086639
v 0.135608 0.139405 -0.089823
v 0.156582 0.185871 -0.086639
v 0.120688 0.162831 -0.090821
v 0.135608 0.139405 -0.089823
v 0.156582 0.185871 -0.086639
v 0.144227 0.203823 -0.079501
v 0.120688 0.162831 -0.090821
v 0.144227 0.203823 -0.079501
v 0.108333 0.180782 -0.083683
v 0.120688 0.162831 -0.090821
v 0.144227 0.203823 -0.079501
v 0.137749 0.211489 -0.066139
v 0.108333 0.180782 -0.083683
v 0.137749 0.211489 -0.066139
v 0.101855 0.188449 -0.070321
v 0.108333 0.180782 -0.083683
v 0.137749 0.211489 -0.066139
v 0.138883 0.206818 -0.050133
v 0.101855 0.188449 -0.070321
v 0.138883 0.206818 -0.050133
v 0.102989 0.183777 -0.054315
v 0.101855 0.188449 -0.070321
v 0.138883 0.206818 -0.050133
v 0.147326 0.191058 -0.035773
v 0.102989 0.183777 -0.054315
v 0.147326 0.191058 -0.035773
v 0.111432 0.168018 -0.039955
v 0.102989 0.183777 -0.054315
v 0.147326 0.191058 -0.035773
v 0.160815 0.168435 -0.026905
v 0.111432 0.168018 -0.039955
v 0.160815 0.168435 -0.026905
v 0.124920 0.145395 -0.031087
v 0.111432 0.168018 -0.039955
v 0.160815 0.168435 -0.026905
v 0.175735 0.145009 -0.025907
v 0.124920 0.145395 -0.031087
v 0.175735 0.145009 -0.025907
v 0.139841 0.121969 -0.030089
v 0.124920 0.145395 -0.031087
v 0.175735 0.145009 -0.025907
v 0.188090 0.127057 -0.033045
v 0.139841 0.121969 -0.030089
v 0.188090 0.127057 -0.033045
v 0.152196 0.104017 -0.037227
v 0.139841 0.121969 -0.030089
v 0.188090 0.127057 -0.033045
v 0.194568 0.119390 -0.046407
v 0.152196 0.104017 -0.037227
v 0.194568 0.119390 -0.046407
v 0.158674 0.096350 -0.050589
v 0.152196 0.104017 -0.037227
v 0.194568 0.119390 -0.046407
v 0.193434 0.124062 -0.062413
v 0.158674 0.096350 -0.050589
v 0.193434 0.124062 -0.062413
v 0.157540 0.101022 -0.066595
v 0.158674 0.096350 -0.050589
v 0.193434 0.124062 -0.062413
v 0.184991 0.139821 -0.076773
v 0.157540 0.101022 -0.066595
v 0.184991 0.139821 -0.076773
v 0.149097 0.116781 -0.080955
v 0.157540 0.101022 -0.066595
v 0.184991 0.139821 -0.076773
v 0.171503 0.162445 -0.085641
v 0.149097 0.116781 -0.080955
v 0.171503 0.162445 -0.085641
v 0.135608 0.139405 -0.089823
v 0.149097 0.116781 -0.080955
v 0.135608 0.139405 -0.089823
v 0.120688 0.162831 -0.090821
v 0.099714 0.116365 -0.094005
v 0.120688 0.162831 -0.090821
v 0.084793 0.139791 -0.095003
v 0.099714 0.116365 -0.094005
v 0.120688 0.162831 -0.090821
v 0.108333 0.180782 -0.083683
v 0.084793 0.139791 -0.095003
v 0.108333 0.180782 -0.083683
v 0.072439 0.157742 -0.087865
v 0.084793 0.139791 -0.095003
v 0.108333 0.180782 -0.083683
v 0.101855 0.188449 -0.070321
v 0.072439 0.157742 -0.087865
v 0.101855 0.188449 -0.070321
v 0.065961 0.165409 -0.074503
v 0.072439 0.157742 -0.087865
v 0.101855 0.188449 -0.070321
v 0.102989 0.183777 -0.054315
v 0.065961 0.165409 -0.074503
v 0.102989 0.183777 -0.054315
v 0.067095 0.160737 -0.058497
v 0.065961 0.165409 -0.074503
v 0.102989 0.183777 -0.054315
v 0.111432 0.168018 -0.039955
v 0.067095 0.160737 -0.058497
v 0.111432 0.168018 -0.039955
v 0.075537 0.144978 -0.044137
v 0.067095 0.160737 -0.058497
v 0.111432 0.168018 -0.039955
v 0.124920 0.145395 -0.031087
v 0.075537 0.144978 -0.044137
v 0.124920 0.145395 -0.031087
v 0.089026 0.122355 -0.035269
v 0.075537 0.144978 -0.044137
v 0.124920 0.145395 -0.031087
v 0.139841 0.121969 -0.030089
v 0.089026 0.122355 -0.035269
v 0.139841 0.121969 -0.030089
v 0.103947 0.098928 -0.034271
v 0.089026 0.122355 -0.035269
v 0.139841 0.121969 -0.030089
v 0.152196 0.104017 -0.037227
v 0.103947 0.098928 -0.034271
v 0.152196 0.104017 -0.037227
v 0.116301 0.080977 -0.041409
v 0.103947 0.098928 -0.034271
v 0.152196 0.104017 -0.037227
v 0.158674 0.096350 -0.050589
v 0.116301 0.080977 -0.041409
v 0.158674 0.096350 -0.050589
v 0.122779 0.073310 -0.054771
v 0.116301 0.080977 -0.041409
v 0.158674 0.096350 -0.050589
v 0.157540 0.101022 -0.066595
v 0.122779 0.073310 -0.054771
v 0.157540 0.101022 -0.066595
v 0.121645 0.077982 -0.070777
v 0.122779 0.073310 -0.054771
v 0.157540 0.101022 -0.066595
v 0.149097 0.116781 -0.080955
v 0.121645 0.077982 -0.070777
v 0.149097 0.116781 -0.080955
v 0.113203 0.093741 -0.085137
v 0.121645 0.077982 -0.070777
v 0.149097 0.116781 -0.080955
v 0.135608 0.139405 -0.089823
v 0.113203 0.093741 -0.085137
v 0.135608 0.139405 -0.089823
v 0.099714 0.116365 -0.094005
v 0.113203 0.093741 -0.085137
v 0.099714 0.116365 -0.094005
v 0.084793 0.139791 -0.095003
v 0.071625 0.098495 -0.096525
v 0.084793 0.139791 -0.095003
v 0.057078 0.121334 -0.097499
v 0.071625 0.098495 -0.096525
v 0.084793 0.139791 -0.095003
v 0.072439 0.157742 -0.087865
v 0.057078 0.121334 -0.097499
v 0.072439 0.157742 -0.087865
v 0.045033 0.138836 -0.090540
v 0.057078 0.121334 -0.097499
v 0.072439 0.157742 -0.087865
v 0.065961 0.165409 -0.074503
v 0.045033 0.138836 -0.090540
v 0.065961 0.165409 -0.074503
v 0.038718 0.146310 -0.077512
v 0.045033 0.138836 -0.090540
v 0.065961 0.165409 -0.074503
v 0.067095 0.160737 -0.058497
v 0.038718 0.146310 -0.077512
v 0.067095 0.160737 -0.058497
v 0.039823 0.141756 -0.061908
v 0.038718 0.146310 -0.077512
v 0.067095 0.160737 -0.058497
v 0.075537 0.144978 -0.044137
v 0.039823 0.141756 -0.061908
v 0.075537 0.144978 -0.044137
v 0.048054 0.126392 -0.047908
v 0.039823 0.141756 -0.061908
v 0.075537 0.144978 -0.044137
v 0.089026 0.122355 -0.035269
v 0.048054 0.126392 -0.047908
v 0.089026 0.122355 -0.035269
v 0.061205 0.104335 -0.039262
v 0.048054 0.126392 -0.047908
v 0.089026 0.122355 -0.035269
v 0.103947 0.098928 -0.034271
v 0.061205 0.104335 -0.039262
v 0.103947 0.098928 -0.034271
v 0.075751 0.081497 -0.038289
v 0.061205 0.104335 -0.039262
v 0.103947 0.098928 -0.034271
v 0.116301 0.080977 -0.041409
v 0.075751 0.081497 -0.038289
v 0.116301 0.080977 -0.041409
v 0.087796 0.063995 -0.045248
v 0.075751 0.081497 -0.038289
v 0.116301 0.080977 -0.041409
v 0.122779 0.073310 -0.054771
v 0.087796 0.063995 -0.045248
v 0.122779 0.073310 -0.054771
v 0.094112 0.056520 -0.058275
v 0.087796 0.063995 -0.045248
v 0.122779 0.073310 -0.054771
v 0.121645 0.077982 -0.070777
v 0.094112 0.056520 -0.058275
v 0.121645 0.077982 -0.070777
v 0.093006 0.061075 -0.073880
v 0.094112 0.056520 -0.058275
v 0.121645 0.077982 -0.070777
v 0.113203 0.093741 -0.085137
v 0.093006 0.061075 -0.073880
v 0.113203 0.093741 -0.085137
v 0.084775 0.076439 -0.087880
v 0.093006 0.061075 -0.073880
v 0.113203 0.093741 -0.085137
v 0.099714 0.116365 -0.094005
v 0.084775 0.076439 -0.087880
v 0.099714 0.116365 -0.094005
v 0.071625 0.098495 -0.096525
v 0.084775 0.076439 -0.087880
v 0.071625 0.098495 -0.096525
v 0.057078 0.121334 -0.097499
v 0.044676 0.081673 -0.097447
v 0.057078 0.121334 -0.097499
v 0.031233 0.102779 -0.098347
v 0.044676 0.081673 -0.097447
v 0.057078 0.121334 -0.097499
v 0.045033 0.138836 -0.090540
v 0.031233 0.102779 -0.098347
v 0.045033 0.138836 -0.090540
v 0.020102 0.118953 -0.091915
v 0.031233 0.102779 -0.098347
v 0.045033 0.138836 -0.090540
v 0.038718 0.146310 -0.077512
v 0.020102 0.118953 -0.091915
v 0.038718 0.146310 -0.077512
v 0.014265 0.125860 -0.079876
v 0.020102 0.118953 -0.091915
v 0.038718 0.146310 -0.077512
v 0.039823 0.141756 -0.061908
v 0.014265 0.125860 -0.079876
v 0.039823 0.141756 -0.061908
v 0.015287 0.121651 -0.065456
v 0.014265 0.125860 -0.079876
v 0.039823 0.141756 -0.061908
v 0.048054 0.126392 -0.047908
v 0.015287 0.121651 -0.065456
v 0.048054 0.126392 -0.047908
v 0.022894 0.107453 -0.052517
v 0.015287 0.121651 -0.065456
v 0.048054 0.126392 -0.047908
v 0.061205 0.104335 -0.039262
v 0.022894 0.107453 -0.052517
v 0.061205 0.104335 -0.039262
v 0.035046 0.087069 -0.044528
v 0.022894 0.107453 -0.052517
v 0.061205 0.104335 -0.039262
v 0.075751 0.081497 -0.038289
v 0.035046 0.087069 -0.044528
v 0.075751 0.081497 -0.038289
v 0.048489 0.065963 -0.043629
v 0.035046 0.087069 -0.044528
v 0.075751 0.081497 -0.038289
v 0.087796 0.063995 -0.045248
v 0.048489 0.065963 -0.043629
v 0.087796 0.063995 -0.045248
v 0.059621 0.049789 -0.050060
v 0.048489 0.065963 -0.043629
v 0.087796 0.063995 -0.045248
v 0.094112 0.056520 -0.058275
v 0.059621 0.049789 -0.050060
v 0.094112 0.056520 -0.058275
v 0.065457 0.042882 -0.062099
v 0.059621 0.049789 -0.050060
v 0.094112 0.056520 -0.058275
v 0.093006 0.061075 -0.073880
v 0.065457 0.042882 -0.062099
v 0.093006 0.061075 -0.073880
v 0.064435 0.047091 -0.076519
v 0.065457 0.042882 -0.062099
v 0.093006 0.061075 -0.073880
v 0.084775 0.076439 -0.087880
v 0.064435 0.047091 -0.076519
v 0.084775 0.076439 -0.087880
v 0.056829 0.061289 -0.089458
v 0.064435 0.047091 -0.076519
v 0.084775 0.076439 -0.087880
v 0.071625 0.098495 -0.096525
v 0.056829 0.061289 -0.089458
v 0.071625 0.098495 -0.096525
v 0.044676 0.081673 -0.097447
v 0.056829 0.061289 -0.089458
v 0.044676 0.081673 -0.097447
v 0.031233 0.102779 -0.098347
v 0.020219 0.066739 -0.096724
v 0.031233 0.102779 -0.098347
v 0.008554 0.085055 -0.097504
v 0.020219 0.066739 -0.096724
v 0.031233 0.102779 -0.098347
v 0.020102 0.118953 -0.091915
v 0.008554 0.085055 -0.097504
v 0.020102 0.118953 -0.091915
v -0.001105 0.099090 -0.091923
v 0.008554 0.085055 -0.097504
v 0.020102 0.118953 -0.091915
v 0.014265 0.125860 -0.079876
v -0.001105 0.099090 -0.091923
v 0.014265 0.125860 -0.079876
v -0.006170 0.105084 -0.081476
v -0.001105 0.099090 -0.091923
v 0.014265 0.125860 -0.079876
v 0.015287 0.121651 -0.065456
v -0.006170 0.105084 -0.081476
v 0.015287 0.121651 -0.065456
v -0.005284 0.101431 -0.068963
v -0.006170 0.105084 -0.081476
v 0.015287 0.121651 -0.065456
v 0.022894 0.107453 -0.052517
v -0.005284 0.101431 -0.068963
v 0.022894 0.107453 -0.052517
v 0.001317 0.089110 -0.057735
v -0.005284 0.101431 -0.068963
v 0.022894 0.107453 -0.052517
v 0.035046 0.087069 -0.044528
v 0.001317 0.089110 -0.057735
v 0.035046 0.087069 -0.044528
v 0.011863 0.071423 -0.050802
v 0.001317 0.089110 -0.057735
v 0.035046 0.087069 -0.044528
v 0.048489 0.065963 -0.043629
v 0.011863 0.071423 -0.050802
v 0.048489 0.065963 -0.043629
v 0.023528 0.053107 -0.050022
v 0.011863 0.071423 -0.050802
v 0.048489 0.065963 -0.043629
v 0.059621 0.049789 -0.050060
v 0.023528 0.053107 -0.050022
v 0.059621 0.049789 -0.050060
v 0.033188 0.039072 -0.055602
v 0.023528 0.053107 -0.050022
v 0.059621 0.049789 -0.050060
v 0.065457 0.042882 -0.062099
v 0.033188 0.039072 -0.055602
v 0.065457 0.042882 -0.062099
v 0.038252 0.033078 -0.066049
v 0.033188 0.039072 -0.055602
v 0.065457 0.042882 -0.062099
v 0.064435 0.047091 -0.076519
v 0.038252 0.033078 -0.066049
v 0.064435 0.047091 -0.076519
v 0.037366 0.036731 -0.078563
v 0.038252 0.033078 -0.066049
v 0.064435 0.047091 -0.076519
v 0.056829 0.061289 -0.089458
v 0.037366 0.036731 -0.078563
v 0.056829 0.061289 -0.089458
v 0.030765 0.049052 -0.089791
v 0.037366 0.036731 -0.078563
v 0.056829 0.061289 -0.089458
v 0.044676 0.081673 -0.097447
v 0.030765 0.049052 -0.089791
v 0.044676 0.081673 -0.097447
v 0.020219 0.066739 -0.096724
v 0.030765 0.049052 -0.089791
v 0.020219 0.066739 -0.096724
v 0.008554 0.085055 -0.097504
v -0.000519 0.054445 -0.094391
v 0.008554 0.085055 -0.097504
v -0.009822 0.069051 -0.095014
v -0.000519 0.054445 -0.094391
v 0.008554 0.085055 -0.097504
v -0.001105 0.099090 -0.091923
v -0.009822 0.069051 -0.095014
v -0.001105 0.099090 -0.091923
v -0.017525 0.080244 -0.090563
v -0.009822 0.069051 -0.095014
v -0.001105 0.099090 -0.091923
v -0.006170 0.105084 -0.081476
v -0.017525 0.080244 -0.090563
v -0.006170 0.105084 -0.081476
v -0.021564 0.085024 -0.082232
v -0.017525 0.080244 -0.090563
v -0.006170 0.105084 -0.081476
v -0.005284 0.101431 -0.068963
v -0.021564 0.085024 -0.082232
v -0.005284 0.101431 -0.068963
v -0.020857 0.082111 -0.072252
v -0.021564 0.085024 -0.082232
v -0.005284 0.101431 -0.068963
v 0.001317 0.089110 -0.057735
v -0.020857 0.082111 -0.072252
v 0.001317 0.089110 -0.057735
v -0.015593 0.072285 -0.063299
v -0.020857 0.082111 -0.072252
v 0.001317 0.089110 -0.057735
v 0.011863 0.071423 -0.050802
v -0.015593 0.072285 -0.063299
v 0.011863 0.071423 -0.050802
v -0.007183 0.058180 -0.057770
v -0.015593 0.072285 -0.063299
v 0.011863 0.071423 -0.050802
v 0.023528 0.053107 -0.050022
v -0.007183 0.058180 -0.057770
v 0.023528 0.053107 -0.050022
v 0.002120 0.043574 -0.057147
v -0.007183 0.058180 -0.057770
v 0.023528 0.053107 -0.050022
v 0.033188 0.039072 -0.055602
v 0.002120 0.043574 -0.057147
v 0.033188 0.039072 -0.055602
v 0.009823 0.032381 -0.061598
v 0.002120 0.043574 -0.057147
v 0.033188 0.039072 -0.055602
v 0.038252 0.033078 -0.066049
v 0.009823 0.032381 -0.061598
v 0.038252 0.033078 -0.066049
v 0.013862 0.027601 -0.069929
v 0.009823 0.032381 -0.061598
v 0.038252 0.033078 -0.066049
v 0.037366 0.036731 -0.078563
v 0.013862 0.027601 -0.069929
v 0.037366 0.036731 -0.078563
v 0.013154 0.030514 -0.079909
v 0.013862 0.027601 -0.069929
v 0.037366 0.036731 -0.078563
v 0.030765 0.049052 -0.089791
v 0.013154 0.030514 -0.079909
v 0.030765 0.049052 -0.089791
v 0.007891 0.040339 -0.088862
v 0.013154 0.030514 -0.079909
v 0.030765 0.049052 -0.089791
v 0.020219 0.066739 -0.096724
v 0.007891 0.040339 -0.088862
v 0.020219 0.066739 -0.096724
v -0.000519 0.054445 -0.094391
v 0.007891 0.040339 -0.088862
v -0.000519 0.054445 -0.094391
v -0.009822 0.069051 -0.095014
v -0.016500 0.045406 -0.090567
v -0.009822 0.069051 -0.095014
v -0.022974 0.055570 -0.091000
v -0.016500 0.045406 -0.090567
v -0.009822 0.069051 -0.095014
v -0.017525 0.080244 -0.090563
v -0.022974 0.055570 -0.091000
v -0.017525 0.080244 -0.090563
v -0.028334 0.063359 -0.087903
v -0.022974 0.055570 -0.091000
v -0.017525 0.080244 -0.090563
v -0.021564 0.085024 -0.082232
v -0.028334 0.063359 -0.087903
v -0.021564 0.085024 -0.082232
v -0.031145 0.066685 -0.082105
v -0.028334 0.063359 -0.087903
v -0.021564 0.085024 -0.082232
v -0.020857 0.082111 -0.072252
v -0.031145 0.066685 -0.082105
v -0.020857 0.082111 -0.072252
v -0.030653 0.064658 -0.075160
v -0.031145 0.066685 -0.082105
v -0.020857 0.082111 -0.072252
v -0.015593 0.072285 -0.063299
v -0.030653 0.064658 -0.075160
v -0.015593 0.072285 -0.063299
v -0.026990 0.057820 -0.068930
v -0.030653 0.064658 -0.075160
v -0.015593 0.072285 -0.063299
v -0.007183 0.058180 -0.057770
v -0.026990 0.057820 -0.068930
v -0.007183 0.058180 -0.057770
v -0.021137 0.048004 -0.065082
v -0.026990 0.057820 -0.068930
v -0.007183 0.058180 -0.057770
v 0.002120 0.043574 -0.057147
v -0.021137 0.048004 -0.065082
v 0.002120 0.043574 -0.057147
v -0.014663 0.037840 -0.064649
v -0.021137 0.048004 -0.065082
v 0.002120 0.043574 -0.057147
v 0.009823 0.032381 -0.061598
v -0.014663 0.037840 -0.064649
v 0.009823 0.032381 -0.061598
v -0.009303 0.030051 -0.067746
v -0.014663 0.037840 -0.064649
v 0.009823 0.032381 -0.061598
v 0.013862 0.027601 -0.069929
v -0.009303 0.030051 -0.067746
v 0.013862 0.027601 -0.069929
v -0.006492 0.026725 -0.073544
v -0.009303 0.030051 -0.067746
v 0.013862 0.027601 -0.069929
v 0.013154 0.030514 -0.079909
v -0.006492 0.026725 -0.073544
v 0.013154 0.030514 -0.079909
v -0.006984 0.028752 -0.080488
v -0.006492 0.026725 -0.073544
v 0.013154 0.030514 -0.079909
v 0.007891 0.040339 -0.088862
v -0.006984 0.028752 -0.080488
v 0.007891 0.040339 -0.088862
v -0.010647 0.035590 -0.086719
v -0.006984 0.028752 -0.080488
v 0.007891 0.040339 -0.088862
v -0.000519 0.054445 -0.094391
v -0.010647 0.035590 -0.086719
v -0.000519 0.054445 -0.094391
v -0.016500 0.045406 -0.090567
v -0.010647 0.035590 -0.086719
v -0.016500 0.045406 -0.090567
v -0.022974 0.055570 -0.091000
v -0.026921 0.040074 -0.085442
v -0.022974 0.055570 -0.091000
v -0.030241 0.045287 -0.085664
v -0.026921 0.040074 -0.085442
v -0.022974 0.055570 -0.091000
v -0.028334 0.063359 -0.087903
v -0.030241 0.045287 -0.085664
v -0.028334 0.063359 -0.087903
v -0.032990 0.049282 -0.084076
v -0.030241 0.045287 -0.085664
v -0.028334 0.063359 -0.087903
v -0.031145 0.066685 -0.082105
v -0.032990 0.049282 -0.084076
v -0.031145 0.066685 -0.082105
v -0.034432 0.050988 -0.081102
v -0.032990 0.049282 -0.084076
v -0.031145 0.066685 -0.082105
v -0.030653 0.064658 -0.075160
v -0.034432 0.050988 -0.081102
v -0.030653 0.064658 -0.075160
v -0.034179 0.049948 -0.077541
v -0.034432 0.050988 -0.081102
v -0.030653 0.064658 -0.075160
v -0.026990 0.057820 -0.068930
v -0.034179 0.049948 -0.077541
v -0.026990 0.057820 -0.068930
v -0.032301 0.046442 -0.074345
v -0.034179 0.049948 -0.077541
v -0.026990 0.057820 -0.068930
v -0.021137 0.048004 -0.065082
v -0.032301 0.046442 -0.074345
v -0.021137 0.048004 -0.065082
v -0.029299 0.041407 -0.072372
v -0.032301 0.046442 -0.074345
v -0.021137 0.048004 -0.065082
v -0.014663 0.037840 -0.064649
v -0.029299 0.041407 -0.072372
v -0.014663 0.037840 -0.064649
v -0.025979 0.036195 -0.072150
v -0.029299 0.041407 -0.072372
v -0.014663 0.037840 -0.064649
v -0.009303 0.030051 -0.067746
v -0.025979 0.036195 -0.072150
v -0.009303 0.030051 -0.067746
v -0.023230 0.032200 -0.073738
v -0.025979 0.036195 -0.072150
v -0.009303 0.030051 -0.067746
v -0.006492 0.026725 -0.073544
v -0.023230 0.032200 -0.073738
v -0.006492 0.026725 -0.073544
v -0.021788 0.030494 -0.076711
v -0.023230 0.032200 -0.073738
v -0.006492 0.026725 -0.073544
v -0.006984 0.028752 -0.080488
v -0.021788 0.030494 -0.076711
v -0.006984 0.028752 -0.080488
v -0.022041 0.031534 -0.080273
v -0.021788 0.030494 -0.076711
v -0.006984 0.028752 -0.080488
v -0.010647 0.035590 -0.086719
v -0.022041 0.031534 -0.080273
v -0.010647 0.035590 -0.086719
v -0.023919 0.035040 -0.083469
v -0.022041 0.031534 -0.080273
v -0.010647 0.035590 -0.086719
v -0.016500 0.045406 -0.090567
v -0.023919 0.035040 -0.083469
v -0.016500 0.045406 -0.090567
v -0.026921 0.040074 -0.085442
v -0.023919 0.035040 -0.083469
v -0.026921 0.040074 -0.085442
v -0.030241 0.045287 -0.085664
v -0.031260 0.038719 -0.079274
v -0.030241 0.045287 -0.085664
v -0.031260 0.038719 -0.079274
v -0.031260 0.038719 -0.079274
v -0.030241 0.045287 -0.085664
v -0.032990 0.049282 -0.084076
v -0.031260 0.038719 -0.079274
v -0.032990 0.049282 -0.084076
v -0.031260 0.038719 -0.079274
v -0.031260 0.038719 -0.079274
v -0.032990 0.049282 -0.084076
v -0.034432 0.050988 -0.081102
v -0.031260 0.038719 -0.079274
v -0.034432 0.050988 -0.081102
v -0.031260 0.038719 -0.079274
v -0.031260 0.038719 -0.079274
v -0.034432 0.050988 -0.081102
v -0.034179 0.049948 -0.077541
v -0.031260 0.038719 -0.079274
v -0.034179 0.049948 -0.077541
v -0.031260 0.038719 -0.079274
v -0.031260 0.038719 -0.079274
v -0.034179 0.049948 -0.077541
v -0.032301 0.046442 -0.074345
v -0.031260 0.038719 -0.079274
v -0.032301 0.046442 -0.074345
v -0.031260 0.038719 -0.079274
v -0.031260 0.038719 -0.079274
v -0.032301 0.046442 -0.074345
v -0.029299 0.041407 -0.072372
v -0.031260 0.038719 -0.079274
v -0.029299 0.041407 -0.072372
v -0.031260 0.038719 -0.079274
v -0.031260 0.038719 -0.079274
v -0.029299 0.041407 -0.072372
v -0.025979 0.036195 -0.072150
v -0.031260 0.038719 -0.079274
v -0.025979 0.036195 -0.072150
v -0.031260 0.038719 -0.079274
v -0.031260 0.038719 -0.079274
v -0.025979 0.036195 -0.072150
v -0.023230 0.032200 -0.073738
v -0.031260 0.038719 -0.079274
v -0.023230 0.032200 -0.073738
v -0.031260 0.038719 -0.079274
v -0.031260 0.038719 -0.079274
v -0.023230 0.032200 -0.073738
v -0.021788 0.030494 -0.076711
v -0.031260 0.038719 -0.079274
v -0.021788 0.030494 -0.076711
v -0.031260 0.038719 -0.079274
v -0.031260 0.038719 -0.079274
v -0.021788 0.030494 -0.076711
v -0.022041 0.031534 -0.080273
v -0.031260 0.038719 -0.079274
v -0.022041 0.031534 -0.080273
v -0.031260 0.038719 -0.079274
v -0.031260 0.038719 -0.079274
v -0.022041 0.031534 -0.080273
v -0.023919 0.035040 -0.083469
v -0.031260 0.038719 -0.079274
v -0.023919 0.035040 -0.083469
v -0.031260 0.038719 -0.079274
v -0.031260 0.038719 -0.079274
v -0.023919 0.035040 -0.083469
v -0.026921 0.040074 -0.085442
v -0.031260 0.038719 -0.079274
v -0.026921 0.040074 -0.085442
v -0.031260 0.038719 -0.079274
v -0.031260 0.038719 -0.079274
v 0.000000 0.258705 -0.434325
v 0.000000 0.258705 -0.434325
v 0.000000 0.251845 -0.434788
v 0.000000 0.258705 -0.434325
v -0.005007 0.252548 -0.434366
v 0.000000 0.251845 -0.434788
v 0.000000 0.258705 -0.434325
v 0.000000 0.258705 -0.434325
v -0.005007 0.252548 -0.434366
v 0.000000 0.258705 -0.434325
v -0.008672 0.254468 -0.433213
v -0.005007 0.252548 -0.434366
v 0.000000 0.258705 -0.434325
v 0.000000 0.258705 -0.434325
v -0.008672 0.254468 -0.433213
v 0.000000 0.258705 -0.434325
v -0.010013 0.257091 -0.431638
v -0.008672 0.254468 -0.433213
v 0.000000 0.258705 -0.434325
v 0.000000 0.258705 -0.434325
v -0.010013 0.257091 -0.431638
v 0.000000 0.258705 -0.434325
v -0.008672 0.259714 -0.430063
v -0.010013 0.257091 -0.431638
v 0.000000 0.258705 -0.434325
v 0.000000 0.258705 -0.434325
v -0.008672 0.259714 -0.430063
v 0.000000 0.258705 -0.434325
v -0.005007 0.261634 -0.428910
v -0.008672 0.259714 -0.430063
v 0.000000 0.258705 -0.434325
v 0.000000 0.258705 -0.434325
v -0.005007 0.261634 -0.428910
v 0.000000 0.258705 -0.434325
v -0.000000 0.262337 -0.428488
v -0.005007 0.261634 -0.428910
v 0.000000 0.258705 -0.434325
v 0.000000 0.258705 -0.434325
v -0.000000 0.262337 -0.428488
v 0.000000 0.258705 -0.434325
v 0.005007 0.261634 -0.428910
v -0.000000 0.262337 -0.428488
v 0.000000 0.258705 -0.434325
v 0.000000 0.258705 -0.434325
v 0.005007 0.261634 -0.428910
v 0.000000 0.258705 -0.434325
v 0.008672 0.259714 -0.430063
v 0.005007 0.261634 -0.428910
v 0.000000 0.258705 -0.434325
v 0.000000 0.258705 -0.434325
v 0.008672 0.259714 -0.430063
v 0.000000 0.258705 -0.434325
v 0.010013 0.257091 -0.431638
v 0.008672 0.259714 -0.430063
v 0.000000 0.258705 -0.434325
v 0.000000 0.258705 -0.434325
v 0.010013 0.257091 -0.431638
v 0.000000 0.258705 -0.434325
v 0.008672 0.254468 -0.433213
v 0.010013 0.257091 -0.431638
v 0.000000 0.258705 -0.434325
v 0.000000 0.258705 -0.434325
v 0.008672 0.254468 -0.433213
v 0.000000 0.258705 -0.434325
v 0.005007 0.252548 -0.434366
v 0.008672 0.254468 -0.433213
v 0.000000 0.258705 -0.434325
v 0.000000 0.258705 -0.434325
v 0.005007 0.252548 -0.434366
v 0.000000 0.258705 -0.434325
v 0.000000 0.251845 -0.434788
v 0.005007 0.252548 -0.434366
v 0.000000 0.251845 -0.434788
v -0.005007 0.252548 -0.434366
v 0.000000 0.242103 -0.429855
v -0.005007 0.252548 -0.434366
v -0.009762 0.243473 -0.429032
v 0.000000 0.242103 -0.429855
v -0.005007 0.252548 -0.434366
v -0.008672 0.254468 -0.433213
v -0.009762 0.243473 -0.429032
v -0.008672 0.254468 -0.433213
v -0.016909 0.247217 -0.426784
v -0.009762 0.243473 -0.429032
v -0.008672 0.254468 -0.433213
v -0.010013 0.257091 -0.431638
v -0.016909 0.247217 -0.426784
v -0.010013 0.257091 -0.431638
v -0.019525 0.252332 -0.423712
v -0.016909 0.247217 -0.426784
v -0.010013 0.257091 -0.431638
v -0.008672 0.259714 -0.430063
v -0.019525 0.252332 -0.423712
v -0.008672 0.259714 -0.430063
v -0.016909 0.257446 -0.420641
v -0.019525 0.252332 -0.423712
v -0.008672 0.259714 -0.430063
v -0.005007 0.261634 -0.428910
v -0.016909 0.257446 -0.420641
v -0.005007 0.261634 -0.428910
v -0.009762 0.261190 -0.418393
v -0.016909 0.257446 -0.420641
v -0.005007 0.261634 -0.428910
v -0.000000 0.262337 -0.428488
v -0.009762 0.261190 -0.418393
v -0.000000 0.262337 -0.428488
v -0.000000 0.262561 -0.417570
v -0.009762 0.261190 -0.418393
v -0.000000 0.262337 -0.428488
v 0.005007 0.261634 -0.428910
v -0.000000 0.262561 -0.417570
v 0.005007 0.261634 -0.428910
v 0.009762 0.261191 -0.418393
v -0.000000 0.262561 -0.417570
v 0.005007 0.261634 -0.428910
v 0.008672 0.259714 -0.430063
v 0.009762 0.261191 -0.418393
v 0.008672 0.259714 -0.430063
v 0.016909 0.257446 -0.420641
v 0.009762 0.261191 -0.418393
v 0.008672 0.259714 -0.430063
v 0.010013 0.257091 -0.431638
v 0.016909 0.257446 -0.420641
v 0.010013 0.257091 -0.431638
v 0.019525 0.252332 -0.423712
v 0.016909 0.257446 -0.420641
v 0.010013 0.257091 -0.431638
v 0.008672 0.254468 -0.433213
v 0.019525 0.252332 -0.423712
v 0.008672 0.254468 -0.433213
v 0.016909 0.247217 -0.426784
v 0.019525 0.252332 -0.423712
v 0.008672 0.254468 -0.433213
v 0.005007 0.252548 -0.434366
v 0.016909 0.247217 -0.426784
v 0.005007 0.252548 -0.434366
v 0.009762 0.243473 -0.429032
v 0.016909 0.247217 -0.426784
v 0.005007 0.252548 -0.434366
v 0.000000 0.251845 -0.434788
v 0.009762 0.243473 -0.429032
v 0.000000 0.251845 -0.434788
v 0.000000 0.242103 -0.429855
v 0.009762 0.243473 -0.429032
v 0.000000 0.242103 -0.429855
v -0.009762 0.243473 -0.429032
v 0.000000 0.229966 -0.419772
v -0.009762 0.243473 -0.429032
v -0.014029 0.231935 -0.418590
v 0.000000 0.229966 -0.419772
v -0.009762 0.243473 -0.429032
v -0.016909 0.247217 -0.426784
v -0.014029 0.231935 -0.418590
v -0.016909 0.247217 -0.426784
v -0.024298 0.237315 -0.415359
v -0.014029 0.231935 -0.418590
v -0.016909 0.247217 -0.426784
v -0.019525 0.252332 -0.423712
v -0.024298 0.237315 -0.415359
v -0.019525 0.252332 -0.423712
v -0.028057 0.244665 -0.410945
v -0.024298 0.237315 -0.415359
v -0.019525 0.252332 -0.423712
v -0.016909 0.257446 -0.420641
v -0.028057 0.244665 -0.410945
v -0.016909 0.257446 -0.420641
v -0.024298 0.252015 -0.406532
v -0.028057 0.244665 -0.410945
v -0.016909 0.257446 -0.420641
v -0.009762 0.261190 -0.418393
v -0.024298 0.252015 -0.406532
v -0.009762 0.261190 -0.418393
v -0.014029 0.257395 -0.403301
v -0.024298 0.252015 -0.406532
v -0.009762 0.261190 -0.418393
v -0.000000 0.262561 -0.417570
v -0.014029 0.257395 -0.403301
v -0.000000 0.262561 -0.417570
v -0.000000 0.259364 -0.402118
v -0.014029 0.257395 -0.403301
v -0.000000 0.262561 -0.417570
v 0.009762 0.261191 -0.418393
v -0.000000 0.259364 -0.402118
v 0.009762 0.261191 -0.418393
v 0.014029 0.257395 -0.403301
v -0.000000 0.259364 -0.402118
v 0.009762 0.261191 -0.418393
v 0.016909 0.257446 -0.420641
v 0.014029 0.257395 -0.403301
v 0.016909 0.257446 -0.420641
v 0.024298 0.252015 -0.406532
v 0.014029 0.257395 -0.403301
v 0.016909 0.257446 -0.420641
v 0.019525 0.252332 -0.423712
v 0.024298 0.252015 -0.406532
v 0.019525 0.252332 -0.423712
v 0.028057 0.244665 -0.410945
v 0.024298 0.252015 -0.406532
v 0.019525 0.252332 -0.423712
v 0.016909 0.247217 -0.426784
v 0.028057 0.244665 -0.410945
v 0.016909 0.247217 -0.426784
v 0.024298 0.237315 -0.415359
v 0.028057 0.244665 -0.410945
v 0.016909 0.247217 -0.426784
v 0.009762 0.243473 -0.429032
v 0.024298 0.237315 -0.415359
v 0.009762 0.243473 -0.429032
v 0.014029 0.231935 -0.418590
v 0.024298 0.237315 -0.415359
v 0.009762 0.243473 -0.429032
v 0.000000 0.242103 -0.429855
v 0.014029 0.231935 -0.418590
v 0.000000 0.242103 -0.429855
v 0.000000 0.229966 -0.419772
v 0.014029 0.231935 -0.418590
v 0.000000 0.229966 -0.419772
v -0.014029 0.231935 -0.418590
v 0.000000 0.216043 -0.405046
v -0.014029 0.231935 -0.418590
v -0.017591 0.218513 -0.403563
v 0.000000 0.216043 -0.405046
v -0.014029 0.231935 -0.418590
v -0.024298 0.237315 -0.415359
v -0.017591 0.218513 -0.403563
v -0.024298 0.237315 -0.415359
v -0.030469 0.225259 -0.399511
v -0.017591 0.218513 -0.403563
v -0.024298 0.237315 -0.415359
v -0.028057 0.244665 -0.410945
v -0.030469 0.225259 -0.399511
v -0.028057 0.244665 -0.410945
v -0.035182 0.234475 -0.393977
v -0.030469 0.225259 -0.399511
v -0.028057 0.244665 -0.410945
v -0.024298 0.252015 -0.406532
v -0.035182 0.234475 -0.393977
v -0.024298 0.252015 -0.406532
v -0.030469 0.243692 -0.388443
v -0.035182 0.234475 -0.393977
v -0.024298 0.252015 -0.406532
v -0.014029 0.257395 -0.403301
v -0.030469 0.243692 -0.388443
v -0.014029 0.257395 -0.403301
v -0.017591 0.250438 -0.384391
v -0.030469 0.243692 -0.388443
v -0.014029 0.257395 -0.403301
v -0.000000 0.259364 -0.402118
v -0.017591 0.250438 -0.384391
v -0.000000 0.259364 -0.402118
v -0.000000 0.252908 -0.382908
v -0.017591 0.250438 -0.384391
v -0.000000 0.259364 -0.402118
v 0.014029 0.257395 -0.403301
v -0.000000 0.252908 -0.382908
v 0.014029 0.257395 -0.403301
v 0.017591 0.250438 -0.384391
v -0.000000 0.252908 -0.382908
v 0.014029 0.257395 -0.403301
v 0.024298 0.252015 -0.406532
v 0.017591 0.250438 -0.384391
v 0.024298 0.252015 -0.406532
v 0.030469 0.243692 -0.388443
v 0.017591 0.250438 -0.384391
v 0.024298 0.252015 -0.406532
v 0.028057 0.244665 -0.410945
v 0.030469 0.243692 -0.388443
v 0.028057 0.244665 -0.410945
v 0.035182 0.234475 -0.393977
v 0.030469 0.243692 -0.388443
v 0.028057 0.244665 -0.410945
v 0.024298 0.237315 -0.415359
v 0.035182 0.234475 -0.393977
v 0.024298 0.237315 -0.415359
v 0.030469 0.225259 -0.399511
v 0.035182 0.234475 -0.393977
v 0.024298 0.237315 -0.415359
v 0.014029 0.231935 -0.418590
v 0.030469 0.225259 -0.399511
v 0.014029 0.231935 -0.418590
v 0.017591 0.218513 -0.403563
v 0.030469 0.225259 -0.399511
v 0.014029 0.231935 -0.418590
v 0.000000 0.229966 -0.419772
v 0.017591 0.218513 -0.403563
v 0.000000 0.229966 -0.419772
v 0.000000 0.216043 -0.405046
v 0.017591 0.218513 -0.403563
v 0.000000 0.216043 -0.405046
v -0.017591 0.218513 -0.403563
v 0.000000 0.201033 -0.386414
v -0.017591 0.218513 -0.403563
v -0.020272 0.203879 -0.384705
v 0.000000 0.201033 -0.386414
v -0.017591 0.218513 -0.403563
v -0.030469 0.225259 -0.399511
v -0.020272 0.203879 -0.384705
v -0.030469 0.225259 -0.399511
v -0.035112 0.211653 -0.380036
v -0.020272 0.203879 -0.384705
v -0.030469 0.225259 -0.399511
v -0.035182 0.234475 -0.393977
v -0.035112 0.211653 -0.380036
v -0.035182 0.234475 -0.393977
v -0.040544 0.222274 -0.373658
v -0.035112 0.211653 -0.380036
v -0.035182 0.234475 -0.393977
v -0.030469 0.243692 -0.388443
v -0.040544 0.222274 -0.373658
v -0.030469 0.243692 -0.388443
v -0.035112 0.232894 -0.367281
v -0.040544 0.222274 -0.373658
v -0.030469 0.243692 -0.388443
v -0.017591 0.250438 -0.384391
v -0.035112 0.232894 -0.367281
v -0.017591 0.250438 -0.384391
v -0.020272 0.240669 -0.362612
v -0.035112 0.232894 -0.367281
v -0.017591 0.250438 -0.384391
v -0.000000 0.252908 -0.382908
v -0.020272 0.240669 -0.362612
v -0.000000 0.252908 -0.382908
v -0.000000 0.243515 -0.360903
v -0.020272 0.240669 -0.362612
v -0.000000 0.252908 -0.382908
v 0.017591 0.250438 -0.384391
v -0.000000 0.243515 -0.360903
v 0.017591 0.250438 -0.384391
v 0.020272 0.240669 -0.362612
v -0.000000 0.243515 -0.360903
v 0.017591 0.250438 -0.384391
v 0.030469 0.243692 -0.388443
v 0.020272 0.240669 -0.362612
v 0.030469 0.243692 -0.388443
v 0.035112 0.232894 -0.367281
v 0.020272 0.240669 -0.362612
v 0.030469 0.243692 -0.388443
v 0.035182 0.234475 -0.393977
v 0.035112 0.232894 -0.367281
v 0.035182 0.234475 -0.393977
v 0.040544 0.222274 -0.373658
v 0.035112 0.232894 -0.367281
v 0.035182 0.234475 -0.393977
v 0.030469 0.225259 -0.399511
v 0.040544 0.222274 -0.373658
v 0.030469 0.225259 -0.399511
v 0.035112 0.211653 -0.380036
v 0.040544 0.222274 -0.373658
v 0.030469 0.225259 -0.399511
v 0.017591 0.218513 -0.403563
v 0.035112 0.211653 -0.380036
v 0.017591 0.218513 -0.403563
v 0.020272 0.203879 -0.384705
v 0.035112 0.211653 -0.380036
v 0.017591 0.218513 -0.403563
v 0.000000 0.216043 -0.405046
v 0.020272 0.203879 -0.384705
v 0.000000 0.216043 -0.405046
v 0.000000 0.201033 -0.386414
v 0.020272 0.203879 -0.384705
v 0.000000 0.201033 -0.386414
v -0.020272 0.203879 -0.384705
v 0.000000 0.185687 -0.364811
v -0.020272 0.203879 -0.384705
v -0.021936 0.188767 -0.362962
v 0.000000 0.185687 -0.364811
v -0.020272 0.203879 -0.384705
v -0.035112 0.211653 -0.380036
v -0.021936 0.188767 -0.362962
v -0.035112 0.211653 -0.380036
v -0.037994 0.197180 -0.357910
v -0.021936 0.188767 -0.362962
v -0.035112 0.211653 -0.380036
v -0.040544 0.222274 -0.373658
v -0.037994 0.197180 -0.357910
v -0.040544 0.222274 -0.373658
v -0.043872 0.208672 -0.351008
v -0.037994 0.197180 -0.357910
v -0.040544 0.222274 -0.373658
v -0.035112 0.232894 -0.367281
v -0.043872 0.208672 -0.351008
v -0.035112 0.232894 -0.367281
v -0.037994 0.220164 -0.344107
v -0.043872 0.208672 -0.351008
v -0.035112 0.232894 -0.367281
v -0.020272 0.240669 -0.362612
v -0.037994 0.220164 -0.344107
v -0.020272 0.240669 -0.362612
v -0.021936 0.228577 -0.339055
v -0.037994 0.220164 -0.344107
v -0.020272 0.240669 -0.362612
v -0.000000 0.243515 -0.360903
v -0.021936 0.228577 -0.339055
v -0.000000 0.243515 -0.360903
v -0.000000 0.231657 -0.337206
v -0.021936 0.228577 -0.339055
v -0.000000 0.243515 -0.360903
v 0.020272 0.240669 -0.362612
v -0.000000 0.231657 -0.337206
v 0.020272 0.240669 -0.362612
v 0.021936 0.228577 -0.339055
v -0.000000 0.231657 -0.337206
v 0.020272 0.240669 -0.362612
v 0.035112 0.232894 -0.367281
v 0.021936 0.228577 -0.339055
v 0.035112 0.232894 -0.367281
v 0.037994 0.220164 -0.344107
v 0.021936 0.228577 -0.339055
v 0.035112 0.232894 -0.367281
v 0.040544 0.222274 -0.373658
v 0.037994 0.220164 -0.344107
v 0.040544 0.222274 -0.373658
v 0.043872 0.208672 -0.351008
v 0.037994 0.220164 -0.344107
v 0.040544 0.222274 -0.373658
v 0.035112 0.211653 -0.380036
v 0.043872 0.208672 -0.351008
v 0.035112 0.211653 -0.380036
v 0.037994 0.197180 -0.357910
v 0.043872 0.208672 -0.351008
v 0.035112 0.211653 -0.380036
v 0.020272 0.203879 -0.384705
v 0.037994 0.197180 -0.357910
v 0.020272 0.203879 -0.384705
v 0.021936 0.188767 -0.362962
v 0.037994 0.197180 -0.357910
v 0.020272 0.203879 -0.384705
v 0.000000 0.201033 -0.386414
v 0.021936 0.188767 -0.362962
v 0.000000 0.201033 -0.386414
v 0.000000 0.185687 -0.364811
v 0.021936 0.188767 -0.362962
v 0.000000 0.185687 -0.364811
v -0.021936 0.188767 -0.362962
v 0.000000 0.170777 -0.341320
v -0.021936 0.188767 -0.362962
v -0.022500 0.173935 -0.339423
v 0.000000 0.170777 -0.341320
v -0.021936 0.188767 -0.362962
v -0.037994 0.197180 -0.357910
v -0.022500 0.173935 -0.339423
v -0.037994 0.197180 -0.357910
v -0.038971 0.182564 -0.334241
v -0.022500 0.173935 -0.339423
v -0.037994 0.197180 -0.357910
v -0.043872 0.208672 -0.351008
v -0.038971 0.182564 -0.334241
v -0.043872 0.208672 -0.351008
v -0.045000 0.194352 -0.327162
v -0.038971 0.182564 -0.334241
v -0.043872 0.208672 -0.351008
v -0.037994 0.220164 -0.344107
v -0.045000 0.194352 -0.327162
v -0.037994 0.220164 -0.344107
v -0.038971 0.206140 -0.320084
v -0.045000 0.194352 -0.327162
v -0.037994 0.220164 -0.344107
v -0.021936 0.228577 -0.339055
v -0.038971 0.206140 -0.320084
v -0.021936 0.228577 -0.339055
v -0.022500 0.214770 -0.314902
v -0.038971 0.206140 -0.320084
v -0.021936 0.228577 -0.339055
v -0.000000 0.231657 -0.337206
v -0.022500 0.214770 -0.314902
v -0.000000 0.231657 -0.337206
v -0.000000 0.217928 -0.313005
v -0.022500 0.214770 -0.314902
v -0.000000 0.231657 -0.337206
v 0.021936 0.228577 -0.339055
v -0.000000 0.217928 -0.313005
v 0.021936 0.228577 -0.339055
v 0.022500 0.214770 -0.314902
v -0.000000 0.217928 -0.313005
v 0.021936 0.228577 -0.339055
v 0.037994 0.220164 -0.344107
v 0.022500 0.214770 -0.314902
v 0.037994 0.220164 -0.344107
v 0.038971 0.206140 -0.320084
v 0.022500 0.214770 -0.314902
v 0.037994 0.220164 -0.344107
v 0.043872 0.208672 -0.351008
v 0.038971 0.206140 -0.320084
v 0.043872 0.208672 -0.351008
v 0.045000 0.194352 -0.327162
v 0.038971 0.206140 -0.320084
v 0.043872 0.208672 -0.351008
v 0.037994 0.197180 -0.357910
v 0.045000 0.194352 -0.327162
v 0.037994 0.197180 -0.357910
v 0.038971 0.182564 -0.334241
v 0.045000 0.194352 -0.327162
v 0.037994 0.197180 -0.357910
v 0.021936 0.188767 -0.362962
v 0.038971 0.182564 -0.334241
v 0.021936 0.188767 -0.362962
v 0.022500 0.173935 -0.339423
v 0.038971 0.182564 -0.334241
v 0.021936 0.188767 -0.362962
v 0.000000 0.185687 -0.364811
v 0.022500 0.173935 -0.339423
v 0.000000 0.185687 -0.364811
v 0.000000 0.170777 -0.341320
v 0.022500 0.173935 -0.339423
v 0.000000 0.170777 -0.341320
v -0.022500 0.173935 -0.339423
v 0.000000 0.152390 -0.310702
v -0.022500 0.173935 -0.339423
v -0.022500 0.155549 -0.308805
v 0.000000 0.152390 -0.310702
v -0.022500 0.173935 -0.339423
v -0.038971 0.182564 -0.334241
v -0.022500 0.155549 -0.308805
v -0.038971 0.182564 -0.334241
v -0.038971 0.164178 -0.303623
v -0.022500 0.155549 -0.308805
v -0.038971 0.182564 -0.334241
v -0.045000 0.194352 -0.327162
v -0.038971 0.164178 -0.303623
v -0.045000 0.194352 -0.327162
v -0.045000 0.175966 -0.296545
v -0.038971 0.164178 -0.303623
v -0.045000 0.194352 -0.327162
v -0.038971 0.206140 -0.320084
v -0.045000 0.175966 -0.296545
v -0.038971 0.206140 -0.320084
v -0.038971 0.187754 -0.289466
v -0.045000 0.175966 -0.296545
v -0.038971 0.206140 -0.320084
v -0.022500 0.214770 -0.314902
v -0.038971 0.187754 -0.289466
v -0.022500 0.214770 -0.314902
v -0.022500 0.196383 -0.284284
v -0.038971 0.187754 -0.289466
v -0.022500 0.214770 -0.314902
v -0.000000 0.217928 -0.313005
v -0.022500 0.196383 -0.284284
v -0.000000 0.217928 -0.313005
v -0.000000 0.199542 -0.282387
v -0.022500 0.196383 -0.284284
v -0.000000 0.217928 -0.313005
v 0.022500 0.214770 -0.314902
v -0.000000 0.199542 -0.282387
v 0.022500 0.214770 -0.314902
v 0.022500 0.196383 -0.284284
v -0.000000 0.199542 -0.282387
v 0.022500 0.214770 -0.314902
v 0.038971 0.206140 -0.320084
v 0.022500 0.196383 -0.284284
v 0.038971 0.206140 -0.320084
v 0.038971 0.187754 -0.289466
v 0.022500 0.196383 -0.284284
v 0.038971 0.206140 -0.320084
v 0.045000 0.194352 -0.327162
v 0.038971 0.187754 -0.289466
v 0.045000 0.194352 -0.327162
v 0.045000 0.175966 -0.296545
v 0.038971 0.187754 -0.289466
v 0.045000 0.194352 -0.327162
v 0.038971 0.182564 -0.334241
v 0.045000 0.175966 -0.296545
v 0.038971 0.182564 -0.334241
v 0.038971 0.164178 -0.303623
v 0.045000 0.175966 -0.296545
v 0.038971 0.182564 -0.334241
v 0.022500 0.173935 -0.339423
v 0.038971 0.164178 -0.303623
v 0.022500 0.173935 -0.339423
v 0.022500 0.155549 -0.308805
v 0.038971 0.164178 -0.303623
v 0.022500 0.173935 -0.339423
v 0.000000 0.170777 -0.341320
v 0.022500 0.155549 -0.308805
v 0.000000 0.170777 -0.341320
v 0.000000 0.152390 -0.310702
v 0.022500 0.155549 -0.308805
v 0.000000 0.152390 -0.310702
v -0.022500 0.155549 -0.308805
v 0.000000 0.134004 -0.280084
v -0.022500 0.155549 -0.308805
v -0.022500 0.137162 -0.278187
v 0.000000 0.134004 -0.280084
v -0.022500 0.155549 -0.308805
v -0.038971 0.164178 -0.303623
v -0.022500 0.137162 -0.278187
v -0.038971 0.164178 -0.303623
v -0.038971 0.145792 -0.273005
v -0.022500 0.137162 -0.278187
v -0.038971 0.164178 -0.303623
v -0.045000 0.175966 -0.296545
v -0.038971 0.145792 -0.273005
v -0.045000 0.175966 -0.296545
v -0.045000 0.157580 -0.265927
v -0.038971 0.145792 -0.273005
v -0.045000 0.175966 -0.296545
v -0.038971 0.187754 -0.289466
v -0.045000 0.157580 -0.265927
v -0.038971 0.187754 -0.289466
v -0.038971 0.169367 -0.258848
v -0.045000 0.157580 -0.265927
v -0.038971 0.187754 -0.289466
v -0.022500 0.196383 -0.284284
v -0.038971 0.169367 -0.258848
v -0.022500 0.196383 -0.284284
v -0.022500 0.177997 -0.253666
v -0.038971 0.169367 -0.258848
v -0.022500 0.196383 -0.284284
v -0.000000 0.199542 -0.282387
v -0.022500 0.177997 -0.253666
v -0.000000 0.199542 -0.282387
v -0.000000 0.181155 -0.251769
v -0.022500 0.177997 -0.253666
v -0.000000 0.199542 -0.282387
v 0.022500 0.196383 -0.284284
v -0.000000 0.181155 -0.251769
v 0.022500 0.196383 -0.284284
v 0.022500 0.177997 -0.253666
v -0.000000 0.181155 -0.251769
v 0.022500 0.196383 -0.284284
v 0.038971 0.187754 -0.289466
v 0.022500 0.177997 -0.253666
v 0.038971 0.187754 -0.289466
v 0.038971 0.169367 -0.258848
v 0.022500 0.177997 -0.253666
v 0.038971 0.187754 -0.289466
v 0.045000 0.175966 -0.296545
v 0.038971 0.169367 -0.258848
v 0.045000 0.175966 -0.296545
v 0.045000 0.157580 -0.265927
v 0.038971 0.169367 -0.258848
v 0.045000 0.175966 -0.296545
v 0.038971 0.164178 -0.303623
v 0.045000 0.157580 -0.265927
v 0.038971 0.164178 -0.303623
v 0.038971 0.145792 -0.273005
v 0.045000 0.157580 -0.265927
v 0.038971 0.164178 -0.303623
v 0.022500 0.155549 -0.308805
v 0.038971 0.145792 -0.273005
v 0.022500 0.155549 -0.308805
v 0.022500 0.137162 -0.278188
v 0.038971 0.145792 -0.273005
v 0.022500 0.155549 -0.308805
v 0.000000 0.152390 -0.310702
v 0.022500 0.137162 -0.278188
v 0.000000 0.152390 -0.310702
v 0.000000 0.134004 -0.280084
v 0.022500 0.137162 -0.278188
v 0.000000 0.134004 -0.280084
v -0.022500 0.137162 -0.278187
v 0.000000 0.115617 -0.249466
v -0.022500 0.137162 -0.278187
v -0.022500 0.118776 -0.247570
v 0.000000 0.115617 -0.249466
v -0.022500 0.137162 -0.278187
v -0.038971 0.145792 -0.273005
v -0.022500 0.118776 -0.247570
v -0.038971 0.145792 -0.273005
v -0.038971 0.127405 -0.242388
v -0.022500 0.118776 -0.247570
v -0.038971 0.145792 -0.273005
v -0.045000 0.157580 -0.265927
v -0.038971 0.127405 -0.242388
v -0.045000 0.157580 -0.265927
v -0.045000 0.139193 -0.235309
v -0.038971 0.127405 -0.242388
v -0.045000 0.157580 -0.265927
v -0.038971 0.169367 -0.258848
v -0.045000 0.139193 -0.235309
v -0.038971 0.169367 -0.258848
v -0.038971 0.150981 -0.228230
v -0.045000 0.139193 -0.235309
v -0.038971 0.169367 -0.258848
v -0.022500 0.177997 -0.253666
v -0.038971 0.150981 -0.228230
v -0.022500 0.177997 -0.253666
v -0.022500 0.159610 -0.223048
v -0.038971 0.150981 -0.228230
v -0.022500 0.177997 -0.253666
v -0.000000 0.181155 -0.251769
v -0.022500 0.159610 -0.223048
v -0.000000 0.181155 -0.251769
v -0.000000 0.162769 -0.221151
v -0.022500 0.159610 -0.223048
v -0.000000 0.181155 -0.251769
v 0.022500 0.177997 -0.253666
v -0.000000 0.162769 -0.221151
v 0.022500 0.177997 -0.253666
v 0.022500 0.159610 -0.223048
v -0.000000 0.162769 -0.221151
v 0.022500 0.177997 -0.253666
v 0.038971 0.169367 -0.258848
v 0.022500 0.159610 -0.223048
v 0.038971 0.169367 -0.258848
v 0.038971 0.150981 -0.228230
v 0.022500 0.159610 -0.223048
v 0.038971 0.169367 -0.258848
v 0.045000 0.157580 -0.265927
v 0.038971 0.150981 -0.228230
v 0.045000 0.157580 -0.265927
v 0.045000 0.139193 -0.235309
v 0.038971 0.150981 -0.228230
v 0.045000 0.157580 -0.265927
v 0.038971 0.145792 -0.273005
v 0.045000 0.139193 -0.235309
v 0.038971 0.145792 -0.273005
v 0.038971 0.127405 -0.242388
v 0.045000 0.139193 -0.235309
v 0.038971 0.145792 -0.273005
v 0.022500 0.137162 -0.278188
v 0.038971 0.127405 -0.242388
v 0.022500 0.137162 -0.278188
v 0.022500 0.118776 -0.247570
v 0.038971 0.127405 -0.242388
v 0.022500 0.137162 -0.278188
v 0.000000 0.134004 -0.280084
v 0.022500 0.118776 -0.247570
v 0.000000 0.134004 -0.280084
v 0.000000 0.115617 -0.249466
v 0.022500 0.118776 -0.247570
v 0.000000 0.115617 -0.249466
v -0.022500 0.118776 -0.247570
v 0.000000 0.097231 -0.218849
v -0.022500 0.118776 -0.247570
v -0.022500 0.100390 -0.216952
v 0.000000 0.097231 -0.218849
v -0.022500 0.118776 -0.247570
v -0.038971 0.127405 -0.242388
v -0.022500 0.100390 -0.216952
v -0.038971 0.127405 -0.242388
v -0.038971 0.109019 -0.211770
v -0.022500 0.100390 -0.216952
v -0.038971 0.127405 -0.242388
v -0.045000 0.139193 -0.235309
v -0.038971 0.109019 -0.211770
v -0.045000 0.139193 -0.235309
v -0.045000 0.120807 -0.204691
v -0.038971 0.109019 -0.211770
v -0.045000 0.139193 -0.235309
v -0.038971 0.150981 -0.228230
v -0.045000 0.120807 -0.204691
v -0.038971 0.150981 -0.228230
v -0.038971 0.132595 -0.197612
v -0.045000 0.120807 -0.204691
v -0.038971 0.150981 -0.228230
v -0.022500 0.159610 -0.223048
v -0.038971 0.132595 -0.197612
v -0.022500 0.159610 -0.223048
v -0.022500 0.141224 -0.192430
v -0.038971 0.132595 -0.197612
v -0.022500 0.159610 -0.223048
v -0.000000 0.162769 -0.221151
v -0.022500 0.141224 -0.192430
v -0.000000 0.162769 -0.221151
v -0.000000 0.144383 -0.190534
v -0.022500 0.141224 -0.192430
v -0.000000 0.162769 -0.221151
v 0.022500 0.159610 -0.223048
v -0.000000 0.144383 -0.190534
v 0.022500 0.159610 -0.223048
v 0.022500 0.141224 -0.192430
v -0.000000 0.144383 -0.190534
v 0.022500 0.159610 -0.223048
v 0.038971 0.150981 -0.228230
v 0.022500 0.141224 -0.192430
v 0.038971 0.150981 -0.228230
v 0.038971 0.132595 -0.197612
v 0.022500 0.141224 -0.192430
v 0.038971 0.150981 -0.228230
v 0.045000 0.139193 -0.235309
v 0.038971 0.132595 -0.197612
v 0.045000 0.139193 -0.235309
v 0.045000 0.120807 -0.204691
v 0.038971 0.132595 -0.197612
v 0.045000 0.139193 -0.235309
v 0.038971 0.127405 -0.242388
v 0.045000 0.120807 -0.204691
v 0.038971 0.127405 -0.242388
v 0.038971 0.109019 -0.211770
v 0.045000 0.120807 -0.204691
v 0.038971 0.127405 -0.242388
v 0.022500 0.118776 -0.247570
v 0.038971 0.109019 -0.211770
v 0.022500 0.118776 -0.247570
v 0.022500 0.100390 -0.216952
v 0.038971 0.109019 -0.211770
v 0.022500 0.118776 -0.247570
v 0.000000 0.115617 -0.249466
v 0.022500 0.100390 -0.216952
v 0.000000 0.115617 -0.249466
v 0.000000 0.097231 -0.218849
v 0.022500 0.100390 -0.216952
v 0.000000 0.097231 -0.218849
v -0.022500 0.100390 -0.216952
v 0.000000 0.078845 -0.188231
v -0.022500 0.100390 -0.216952
v -0.022500 0.082003 -0.186334
v 0.000000 0.078845 -0.188231
v -0.022500 0.100390 -0.216952
v -0.038971 0.109019 -0.211770
v -0.022500 0.082003 -0.186334
v -0.038971 0.109019 -0.211770
v -0.038971 0.090633 -0.181152
v -0.022500 0.082003 -0.186334
v -0.038971 0.109019 -0.211770
v -0.045000 0.120807 -0.204691
v -0.038971 0.090633 -0.181152
v -0.045000 0.120807 -0.204691
v -0.045000 0.102420 -0.174073
v -0.038971 0.090633 -0.181152
v -0.045000 0.120807 -0.204691
v -0.038971 0.132595 -0.197612
v -0.045000 0.102420 -0.174073
v -0.038971 0.132595 -0.197612
v -0.038971 0.114208 -0.166995
v -0.045000 0.102420 -0.174073
v -0.038971 0.132595 -0.197612
v -0.022500 0.141224 -0.192430
v -0.038971 0.114208 -0.166995
v -0.022500 0.141224 -0.192430
v -0.022500 0.122838 -0.161812
v -0.038971 0.114208 -0.166995
v -0.022500 0.141224 -0.192430
v -0.000000 0.144383 -0.190534
v -0.022500 0.122838 -0.161812
v -0.000000 0.144383 -0.190534
v -0.000000 0.125996 -0.159916
v -0.022500 0.122838 -0.161812
v -0.000000 0.144383 -0.190534
v 0.022500 0.141224 -0.192430
v -0.000000 0.125996 -0.159916
v 0.022500 0.141224 -0.192430
v 0.022500 0.122838 -0.161812
v -0.000000 0.125996 -0.159916
v 0.022500 0.141224 -0.192430
v 0.038971 0.132595 -0.197612
v 0.022500 0.122838 -0.161812
v 0.038971 0.132595 -0.197612
v 0.038971 0.114208 -0.166995
v 0.022500 0.122838 -0.161812
v 0.038971 0.132595 -0.197612
v 0.045000 0.120807 -0.204691
v 0.038971 0.114208 -0.166995
v 0.045000 0.120807 -0.204691
v 0.045000 0.102420 -0.174073
v 0.038971 0.114208 -0.166995
v 0.045000 0.120807 -0.204691
v 0.038971 0.109019 -0.211770
v 0.045000 0.102420 -0.174073
v 0.038971 0.109019 -0.211770
v 0.038971 0.090633 -0.181152
v 0.045000 0.102420 -0.174073
v 0.038971 0.109019 -0.211770
v 0.022500 0.100390 -0.216952
v 0.038971 0.090633 -0.181152
v 0.022500 0.100390 -0.216952
v 0.022500 0.082003 -0.186334
v 0.038971 0.090633 -0.181152
v 0.022500 0.100390 -0.216952
v 0.000000 0.097231 -0.218849
v 0.022500 0.082003 -0.186334
v 0.000000 0.097231 -0.218849
v 0.000000 0.078845 -0.188231
v 0.022500 0.082003 -0.186334
v 0.000000 0.078845 -0.188231
v -0.022500 0.082003 -0.186334
v 0.000000 0.060458 -0.157613
v -0.022500 0.082003 -0.186334
v -0.022500 0.063617 -0.155716
v 0.000000 0.060458 -0.157613
v -0.022500 0.082003 -0.186334
v -0.038971 0.090633 -0.181152
v -0.022500 0.063617 -0.155716
v -0.038971 0.090633 -0.181152
v -0.038971 0.072246 -0.150534
v -0.022500 0.063617 -0.155716
v -0.038971 0.090633 -0.181152
v -0.045000 0.102420 -0.174073
v -0.038971 0.072246 -0.150534
v -0.045000 0.102420 -0.174073
v -0.045000 0.084034 -0.143455
v -0.038971 0.072246 -0.150534
v -0.045000 0.102420 -0.174073
v -0.038971 0.114208 -0.166995
v -0.045000 0.084034 -0.143455
v -0.038971 0.114208 -0.166995
v -0.038971 0.095822 -0.136377
v -0.045000 0.084034 -0.143455
v -0.038971 0.114208 -0.166995
v -0.022500 0.122838 -0.161812
v -0.038971 0.095822 -0.136377
v -0.022500 0.122838 -0.161812
v -0.022500 0.104451 -0.131195
v -0.038971 0.095822 -0.136377
v -0.022500 0.122838 -0.161812
v -0.000000 0.125996 -0.159916
v -0.022500 0.104451 -0.131195
v -0.000000 0.125996 -0.159916
v -0.000000 0.107610 -0.129298
v -0.022500 0.104451 -0.131195
v -0.000000 0.125996 -0.159916
v 0.022500 0.122838 -0.161812
v -0.000000 0.107610 -0.129298
v 0.022500 0.122838 -0.161812
v 0.022500 0.104451 -0.131195
v -0.000000 0.107610 -0.129298
v 0.022500 0.122838 -0.161812
v 0.038971 0.114208 -0.166995
v 0.022500 0.104451 -0.131195
v 0.038971 0.114208 -0.166995
v 0.038971 0.095822 -0.136377
v 0.022500 0.104451 -0.131195
v 0.038971 0.114208 -0.166995
v 0.045000 0.102420 -0.174073
v 0.038971 0.095822 -0.136377
v 0.045000 0.102420 -0.174073
v 0.045000 0.084034 -0.143455
v 0.038971 0.095822 -0.136377
v 0.045000 0.102420 -0.174073
v 0.038971 0.090633 -0.181152
v 0.045000 0.084034 -0.143455
v 0.038971 0.090633 -0.181152
v 0.038971 0.072246 -0.150534
v 0.045000 0.084034 -0.143455
v 0.038971 0.090633 -0.181152
v 0.022500 0.082003 -0.186334
v 0.038971 0.072246 -0.150534
v 0.022500 0.082003 -0.186334
v 0.022500 0.063617 -0.155716
v 0.038971 0.072246 -0.150534
v 0.022500 0.082003 -0.186334
v 0.000000 0.078845 -0.188231
v 0.022500 0.063617 -0.155716
v 0.000000 0.078845 -0.188231
v 0.000000 0.060458 -0.157613
v 0.022500 0.063617 -0.155716
v 0.000000 0.060458 -0.157613
v -0.022500 0.063617 -0.155716
v 0.000000 0.042072 -0.126995
v -0.022500 0.063617 -0.155716
v -0.022500 0.045230 -0.125098
v 0.000000 0.042072 -0.126995
v -0.022500 0.063617 -0.155716
v -0.038971 0.072246 -0.150534
v -0.022500 0.045230 -0.125098
v -0.038971 0.072246 -0.150534
v -0.038971 0.053860 -0.119916
v -0.022500 0.045230 -0.125098
v -0.038971 0.072246 -0.150534
v -0.045000 0.084034 -0.143455
v -0.038971 0.053860 -0.119916
v -0.045000 0.084034 -0.143455
v -0.045000 0.065648 -0.112838
v -0.038971 0.053860 -0.119916
v -0.045000 0.084034 -0.143455
v -0.038971 0.095822 -0.136377
v -0.045000 0.065648 -0.112838
v -0.038971 0.095822 -0.136377
v -0.038971 0.077436 -0.105759
v -0.045000 0.065648 -0.112838
v -0.038971 0.095822 -0.136377
v -0.022500 0.104451 -0.131195
v -0.038971 0.077436 -0.105759
v -0.022500 0.104451 -0.131195
v -0.022500 0.086065 -0.100577
v -0.038971 0.077436 -0.105759
v -0.022500 0.104451 -0.131195
v -0.000000 0.107610 -0.129298
v -0.022500 0.086065 -0.100577
v -0.000000 0.107610 -0.129298
v -0.000000 0.089223 -0.098680
v -0.022500 0.086065 -0.100577
v -0.000000 0.107610 -0.129298
v 0.022500 0.104451 -0.131195
v -0.000000 0.089223 -0.098680
v 0.022500 0.104451 -0.131195
v 0.022500 0.086065 -0.100577
v -0.000000 0.089223 -0.098680
v 0.022500 0.104451 -0.131195
v 0.038971 0.095822 -0.136377
v 0.022500 0.086065 -0.100577
v 0.038971 0.095822 -0.136377
v 0.038971 0.077435 -0.105759
v 0.022500 0.086065 -0.100577
v 0.038971 0.095822 -0.136377
v 0.045000 0.084034 -0.143455
v 0.038971 0.077435 -0.105759
v 0.045000 0.084034 -0.143455
v 0.045000 0.065648 -0.112838
v 0.038971 0.077435 -0.105759
v 0.045000 0.084034 -0.143455
v 0.038971 0.072246 -0.150534
v 0.045000 0.065648 -0.112838
v 0.038971 0.072246 -0.150534
v 0.038971 0.053860 -0.119916
v 0.045000 0.065648 -0.112838
v 0.038971 0.072246 -0.150534
v 0.022500 0.063617 -0.155716
v 0.038971 0.053860 -0.119916
v 0.022500 0.063617 -0.155716
v 0.022500 0.045230 -0.125098
v 0.038971 0.053860 -0.119916
v 0.022500 0.063617 -0.155716
v 0.000000 0.060458 -0.157613
v 0.022500 0.045230 -0.125098
v 0.000000 0.060458 -0.157613
v 0.000000 0.042072 -0.126995
v 0.022500 0.045230 -0.125098
v 0.000000 0.042072 -0.126995
v -0.022500 0.045230 -0.125098
v 0.000000 0.028343 -0.102794
v -0.022500 0.045230 -0.125098
v -0.021936 0.031423 -0.100945
v 0.000000 0.028343 -0.102794
v -0.022500 0.045230 -0.125098
v -0.038971 0.053860 -0.119916
v -0.021936 0.031423 -0.100945
v -0.038971 0.053860 -0.119916
v -0.037994 0.039836 -0.095893
v -0.021936 0.031423 -0.100945
v -0.038971 0.053860 -0.119916
v -0.045000 0.065648 -0.112838
v -0.037994 0.039836 -0.095893
v -0.045000 0.065648 -0.112838
v -0.043872 0.051328 -0.088992
v -0.037994 0.039836 -0.095893
v -0.045000 0.065648 -0.112838
v -0.038971 0.077436 -0.105759
v -0.043872 0.051328 -0.088992
v -0.038971 0.077436 -0.105759
v -0.037994 0.062820 -0.082090
v -0.043872 0.051328 -0.088992
v -0.038971 0.077436 -0.105759
v -0.022500 0.086065 -0.100577
v -0.037994 0.062820 -0.082090
v -0.022500 0.086065 -0.100577
v -0.021936 0.071233 -0.077038
v -0.037994 0.062820 -0.082090
v -0.022500 0.086065 -0.100577
v -0.000000 0.089223 -0.098680
v -0.021936 0.071233 -0.077038
v -0.000000 0.089223 -0.098680
v -0.000000 0.074313 -0.075189
v -0.021936 0.071233 -0.077038
v -0.000000 0.089223 -0.098680
v 0.022500 0.086065 -0.100577
v -0.000000 0.074313 -0.075189
v 0.022500 0.086065 -0.100577
v 0.021936 0.071233 -0.077038
v -0.000000 0.074313 -0.075189
v 0.022500 0.086065 -0.100577
v 0.038971 0.077435 -0.105759
v 0.021936 0.071233 -0.077038
v 0.038971 0.077435 -0.105759
v 0.037994 0.062820 -0.082090
v 0.021936 0.071233 -0.077038
v 0.038971 0.077435 -0.105759
v 0.045000 0.065648 -0.112838
v 0.037994 0.062820 -0.082090
v 0.045000 0.065648 -0.112838
v 0.043872 0.051328 -0.088992
v 0.037994 0.062820 -0.082090
v 0.045000 0.065648 -0.112838
v 0.038971 0.053860 -0.119916
v 0.043872 0.051328 -0.088992
v 0.038971 0.053860 -0.119916
v 0.037994 0.039836 -0.095893
v 0.043872 0.051328 -0.088992
v 0.038971 0.053860 -0.119916
v 0.022500 0.045230 -0.125098
v 0.037994 0.039836 -0.095893
v 0.022500 0.045230 -0.125098
v 0.021936 0.031423 -0.100945
v 0.037994 0.039836 -0.095893
v 0.022500 0.045230 -0.125098
v 0.000000 0.042072 -0.126995
v 0.021936 0.031423 -0.100945
v 0.000000 0.042072 -0.126995
v 0.000000 0.028343 -0.102794
v 0.021936 0.031423 -0.100945
v 0.000000 0.028343 -0.102794
v -0.021936 0.031423 -0.100945
v 0.000000 0.016485 -0.079097
v -0.021936 0.031423 -0.100945
v -0.020272 0.019331 -0.077388
v 0.000000 0.016485 -0.079097
v -0.021936 0.031423 -0.100945
v -0.037994 0.039836 -0.095893
v -0.020272 0.019331 -0.077388
v -0.037994 0.039836 -0.095893
v -0.035112 0.027106 -0.072719
v -0.020272 0.019331 -0.077388
v -0.037994 0.039836 -0.095893
v -0.043872 0.051328 -0.088992
v -0.035112 0.027106 -0.072719
v -0.043872 0.051328 -0.088992
v -0.040544 0.037726 -0.066342
v -0.035112 0.027106 -0.072719
v -0.043872 0.051328 -0.088992
v -0.037994 0.062820 -0.082090
v -0.040544 0.037726 -0.066342
v -0.037994 0.062820 -0.082090
v -0.035112 0.048347 -0.059964
v -0.040544 0.037726 -0.066342
v -0.037994 0.062820 -0.082090
v -0.021936 0.071233 -0.077038
v -0.035112 0.048347 -0.059964
v -0.021936 0.071233 -0.077038
v -0.020272 0.056121 -0.055295
v -0.035112 0.048347 -0.059964
v -0.021936 0.071233 -0.077038
v -0.000000 0.074313 -0.075189
v -0.020272 0.056121 -0.055295
v -0.000000 0.074313 -0.075189
v -0.000000 0.058967 -0.053586
v -0.020272 0.056121 -0.055295
v -0.000000 0.074313 -0.075189
v 0.021936 0.071233 -0.077038
v -0.000000 0.058967 -0.053586
v 0.021936 0.071233 -0.077038
v 0.020272 0.056121 -0.055295
v -0.000000 0.058967 -0.053586
v 0.021936 0.071233 -0.077038
v 0.037994 0.062820 -0.082090
v 0.020272 0.056121 -0.055295
v 0.037994 0.062820 -0.082090
v 0.035112 0.048347 -0.059964
v 0.020272 0.056121 -0.055295
v 0.037994 0.062820 -0.082090
v 0.043872 0.051328 -0.088992
v 0.035112 0.048347 -0.059964
v 0.043872 0.051328 -0.088992
v 0.040544 0.037726 -0.066342
v 0.035112 0.048347 -0.059964
v 0.043872 0.051328 -0.088992
v 0.037994 0.039836 -0.095893
v 0.040544 0.037726 -0.066342
v 0.037994 0.039836 -0.095893
v 0.035112 0.027106 -0.072719
v 0.040544 0.037726 -0.066342
v 0.037994 0.039836 -0.095893
v 0.021936 0.031423 -0.100945
v 0.035112 0.027106 -0.072719
v 0.021936 0.031423 -0.100945
v 0.020272 0.019331 -0.077388
v 0.035112 0.027106 -0.072719
v 0.021936 0.031423 -0.100945
v 0.000000 0.028343 -0.102794
v 0.020272 0.019331 -0.077388
v 0.000000 0.028343 -0.102794
v 0.000000 0.016485 -0.079097
v 0.020272 0.019331 -0.077388
v 0.000000 0.016485 -0.079097
v -0.020272 0.019331 -0.077388
v 0.000000 0.007092 -0.057092
v -0.020272 0.019331 -0.077388
v -0.017591 0.009562 -0.055609
v 0.000000 0.007092 -0.057092
v -0.020272 0.019331 -0.077388
v -0.035112 0.027106 -0.072719
v -0.017591 0.009562 -0.055609
v -0.035112 0.027106 -0.072719
v -0.030469 0.016308 -0.051557
v -0.017591 0.009562 -0.055609
v -0.035112 0.027106 -0.072719
v -0.040544 0.037726 -0.066342
v -0.030469 0.016308 -0.051557
v -0.040544 0.037726 -0.066342
v -0.035182 0.025525 -0.046023
v -0.030469 0.016308 -0.051557
v -0.040544 0.037726 -0.066342
v -0.035112 0.048347 -0.059964
v -0.035182 0.025525 -0.046023
v -0.035112 0.048347 -0.059964
v -0.030469 0.034741 -0.040489
v -0.035182 0.025525 -0.046023
v -0.035112 0.048347 -0.059964
v -0.020272 0.056121 -0.055295
v -0.030469 0.034741 -0.040489
v -0.020272 0.056121 -0.055295
v -0.017591 0.041487 -0.036437
v -0.030469 0.034741 -0.040489
v -0.020272 0.056121 -0.055295
v -0.000000 0.058967 -0.053586
v -0.017591 0.041487 -0.036437
v -0.000000 0.058967 -0.053586
v -0.000000 0.043957 -0.034954
v -0.017591 0.041487 -0.036437
v -0.000000 0.058967 -0.053586
v 0.020272 0.056121 -0.055295
v -0.000000 0.043957 -0.034954
v 0.020272 0.056121 -0.055295
v 0.017591 0.041487 -0.036437
v -0.000000 0.043957 -0.034954
v 0.020272 0.056121 -0.055295
v 0.035112 0.048347 -0.059964
v 0.017591 0.041487 -0.036437
v 0.035112 0.048347 -0.059964
v 0.030469 0.034741 -0.040489
v 0.017591 0.041487 -0.036437
v 0.035112 0.048347 -0.059964
v 0.040544 0.037726 -0.066342
v 0.030469 0.034741 -0.040489
v 0.040544 0.037726 -0.066342
v 0.035182 0.025525 -0.046023
v 0.030469 0.034741 -0.040489
v 0.040544 0.037726 -0.066342
v 0.035112 0.027106 -0.072719
v 0.035182 0.025525 -0.046023
v 0.035112 0.027106 -0.072719
v 0.030469 0.016308 -0.051557
v 0.035182 0.025525 -0.046023
v 0.035112 0.027106 -0.072719
v 0.020272 0.019331 -0.077388
v 0.030469 0.016308 -0.051557
v 0.020272 0.019331 -0.077388
v 0.017591 0.009562 -0.055609
v 0.030469 0.016308 -0.051557
v 0.020272 0.019331 -0.077388
v 0.000000 0.016485 -0.079097
v 0.017591 0.009562 -0.055609
v 0.000000 0.016485 -0.079097
v 0.000000 0.007092 -0.057092
v 0.017591 0.009562 -0.055609
v 0.000000 0.007092 -0.057092
v -0.017591 0.009562 -0.055609
v 0.000000 0.000636 -0.037882
v -0.017591 0.009562 -0.055609
v -0.014029 0.002605 -0.036699
v 0.000000 0.000636 -0.037882
v -0.017591 0.009562 -0.055609
v -0.030469 0.016308 -0.051557
v -0.014029 0.002605 -0.036699
v -0.030469 0.016308 -0.051557
v -0.024298 0.007985 -0.033468
v -0.014029 0.002605 -0.036699
v -0.030469 0.016308 -0.051557
v -0.035182 0.025525 -0.046023
v -0.024298 0.007985 -0.033468
v -0.035182 0.025525 -0.046023
v -0.028057 0.015335 -0.029055
v -0.024298 0.007985 -0.033468
v -0.035182 0.025525 -0.046023
v -0.030469 0.034741 -0.040489
v -0.028057 0.015335 -0.029055
v -0.030469 0.034741 -0.040489
v -0.024298 0.022685 -0.024641
v -0.028057 0.015335 -0.029055
v -0.030469 0.034741 -0.040489
v -0.017591 0.041487 -0.036437
v -0.024298 0.022685 -0.024641
v -0.017591 0.041487 -0.036437
v -0.014029 0.028065 -0.021410
v -0.024298 0.022685 -0.024641
v -0.017591 0.041487 -0.036437
v -0.000000 0.043957 -0.034954
v -0.014029 0.028065 -0.021410
v -0.000000 0.043957 -0.034954
v -0.000000 0.030034 -0.020228
v -0.014029 0.028065 -0.021410
v -0.000000 0.043957 -0.034954
v 0.017591 0.041487 -0.036437
v -0.000000 0.030034 -0.020228
v 0.017591 0.041487 -0.036437
v 0.014029 0.028065 -0.021410
v -0.000000 0.030034 -0.020228
v 0.017591 0.041487 -0.036437
v 0.030469 0.034741 -0.040489
v 0.014029 0.028065 -0.021410
v 0.030469 0.034741 -0.040489
v 0.024298 0.022685 -0.024641
v 0.014029 0.028065 -0.021410
v 0.030469 0.034741 -0.040489
v 0.035182 0.025525 -0.046023
v 0.024298 0.022685 -0.024641
v 0.035182 0.025525 -0.046023
v 0.028057 0.015335 -0.029055
v 0.024298 0.022685 -0.024641
v 0.035182 0.025525 -0.046023
v 0.030469 0.016308 -0.051557
v 0.028057 0.015335 -0.029055
v 0.030469 0.016308 -0.051557
v 0.024298 0.007985 -0.033468
v 0.028057 0.015335 -0.029055
v 0.030469 0.016308 -0.051557
v 0.017591 0.009562 -0.055609
v 0.024298 0.007985 -0.033468
v 0.017591 0.009562 -0.055609
v 0.014029 0.002605 -0.036699
v 0.024298 0.007985 -0.033468
v 0.017591 0.009562 -0.055609
v 0.000000 0.007092 -0.057092
v 0.014029 0.002605 -0.036699
v 0.000000 0.007092 -0.057092
v 0.000000 0.000636 -0.037882
v 0.014029 0.002605 -0.036699
v 0.000000 0.000636 -0.037882
v -0.014029 0.002605 -0.036699
v 0.000000 -0.002561 -0.022430
v -0.014029 0.002605 -0.036699
v -0.009762 -0.001191 -0.021607
v 0.000000 -0.002561 -0.022430
v -0.014029 0.002605 -0.036699
v -0.024298 0.007985 -0.033468
v -0.009762 -0.001191 -0.021607
v -0.024298 0.007985 -0.033468
v -0.016909 0.002554 -0.019359
v -0.009762 -0.001191 -0.021607
v -0.024298 0.007985 -0.033468
v -0.028057 0.015335 -0.029055
v -0.016909 0.002554 -0.019359
v -0.028057 0.015335 -0.029055
v -0.019525 0.007668 -0.016288
v -0.016909 0.002554 -0.019359
v -0.028057 0.015335 -0.029055
v -0.024298 0.022685 -0.024641
v -0.019525 0.007668 -0.016288
v -0.024298 0.022685 -0.024641
v -0.016909 0.012783 -0.013216
v -0.019525 0.007668 -0.016288
v -0.024298 0.022685 -0.024641
v -0.014029 0.028065 -0.021410
v -0.016909 0.012783 -0.013216
v -0.014029 0.028065 -0.021410
v -0.009762 0.016527 -0.010968
v -0.016909 0.012783 -0.013216
v -0.014029 0.028065 -0.021410
v -0.000000 0.030034 -0.020228
v -0.009762 0.016527 -0.010968
v -0.000000 0.030034 -0.020228
v -0.000000 0.017897 -0.010145
v -0.009762 0.016527 -0.010968
v -0.000000 0.030034 -0.020228
v 0.014029 0.028065 -0.021410
v -0.000000 0.017897 -0.010145
v 0.014029 0.028065 -0.021410
v 0.009762 0.016527 -0.010968
v -0.000000 0.017897 -0.010145
v 0.014029 0.028065 -0.021410
v 0.024298 0.022685 -0.024641
v 0.009762 0.016527 -0.010968
v 0.024298 0.022685 -0.024641
v 0.016909 0.012783 -0.013216
v 0.009762 0.016527 -0.010968
v 0.024298 0.022685 -0.024641
v 0.028057 0.015335 -0.029055
v 0.016909 0.012783 -0.013216
v 0.028057 0.015335 -0.029055
v 0.019525 0.007668 -0.016288
v 0.016909 0.012783 -0.013216
v 0.028057 0.015335 -0.029055
v 0.024298 0.007985 -0.033468
v 0.019525 0.007668 -0.016288
v 0.024298 0.007985 -0.033468
v 0.016909 0.002554 -0.019359
v 0.019525 0.007668 -0.016288
v 0.024298 0.007985 -0.033468
v 0.014029 0.002605 -0.036699
v 0.016909 0.002554 -0.019359
v 0.014029 0.002605 -0.036699
v 0.009762 -0.001191 -0.021607
v 0.016909 0.002554 -0.019359
v 0.014029 0.002605 -0.036699
v 0.000000 0.000636 -0.037882
v 0.009762 -0.001191 -0.021607
v 0.000000 0.000636 -0.037882
v 0.000000 -0.002561 -0.022430
v 0.009762 -0.001191 -0.021607
v 0.000000 -0.002561 -0.022430
v -0.009762 -0.001191 -0.021607
v 0.000000 -0.002337 -0.011512
v -0.009762 -0.001191 -0.021607
v -0.005007 -0.001635 -0.011090
v 0.000000 -0.002337 -0.011512
v -0.009762 -0.001191 -0.021607
v -0.016909 0.002554 -0.019359
v -0.005007 -0.001635 -0.011090
v -0.016909 0.002554 -0.019359
v -0.008672 0.000286 -0.009937
v -0.005007 -0.001635 -0.011090
v -0.016909 0.002554 -0.019359
v -0.019525 0.007668 -0.016288
v -0.008672 0.000286 -0.009937
v -0.019525 0.007668 -0.016288
v -0.010013 0.002909 -0.008362
v -0.008672 0.000286 -0.009937
v -0.019525 0.007668 -0.016288
v -0.016909 0.012783 -0.013216
v -0.010013 0.002909 -0.008362
v -0.016909 0.012783 -0.013216
v -0.008672 0.005532 -0.006787
v -0.010013 0.002909 -0.008362
v -0.016909 0.012783 -0.013216
v -0.009762 0.016527 -0.010968
v -0.008672 0.005532 -0.006787
v -0.009762 0.016527 -0.010968
v -0.005007 0.007452 -0.005634
v -0.008672 0.005532 -0.006787
v -0.009762 0.016527 -0.010968
v -0.000000 0.017897 -0.010145
v -0.005007 0.007452 -0.005634
v -0.000000 0.017897 -0.010145
v -0.000000 0.008155 -0.005212
v -0.005007 0.007452 -0.005634
v -0.000000 0.017897 -0.010145
v 0.009762 0.016527 -0.010968
v -0.000000 0.008155 -0.005212
v 0.009762 0.016527 -0.010968
v 0.005007 0.007452 -0.005634
v -0.000000 0.008155 -0.005212
v 0.009762 0.016527 -0.010968
v 0.016909 0.012783 -0.013216
v 0.005007 0.007452 -0.005634
v 0.016909 0.012783 -0.013216
v 0.008672 0.005532 -0.006787
v 0.005007 0.007452 -0.005634
v 0.016909 0.012783 -0.013216
v 0.019525 0.007668 -0.016288
v 0.008672 0.005532 -0.006787
v 0.019525 0.007668 -0.016288
v 0.010013 0.002909 -0.008362
v 0.008672 0.005532 -0.006787
v 0.019525 0.007668 -0.016288
v 0.016909 0.002554 -0.019359
v 0.010013 0.002909 -0.008362
v 0.016909 0.002554 -0.019359
v 0.008672 0.000286 -0.009937
v 0.010013 0.002909 -0.008362
v 0.016909 0.002554 -0.019359
v 0.009762 -0.001191 -0.021607
v 0.008672 0.000286 -0.009937
v 0.009762 -0.001191 -0.021607
v 0.005007 -0.001635 -0.011090
v 0.008672 0.000286 -0.009937
v 0.009762 -0.001191 -0.021607
v 0.000000 -0.002561 -0.022430
v 0.005007 -0.001635 -0.011090
v 0.000000 -0.002561 -0.022430
v 0.000000 -0.002337 -0.011512
v 0.005007 -0.001635 -0.011090
v 0.000000 -0.002337 -0.011512
v -0.005007 -0.001635 -0.011090
v 0.000000 0.001295 -0.005675
v -0.005007 -0.001635 -0.011090
v 0.000000 0.001295 -0.005675
v 0.000000 0.001295 -0.005675
v -0.005007 -0.001635 -0.011090
v -0.008672 0.000286 -0.009937
v 0.000000 0.001295 -0.005675
v -0.008672 0.000286 -0.009937
v 0.000000 0.001295 -0.005675
v 0.000000 0.001295 -0.005675
v -0.008672 0.000286 -0.009937
v -0.010013 0.002909 -0.008362
v 0.000000 0.001295 -0.005675
v -0.010013 0.002909 -0.008362
v 0.000000 0.001295 -0.005675
v 0.000000 0.001295 -0.005675
v -0.010013 0.002909 -0.008362
v -0.008672 0.005532 -0.006787
v 0.000000 0.001295 -0.005675
v -0.008672 0.005532 -0.006787
v 0.000000 0.001295 -0.005675
v 0.000000 0.001295 -0.005675
v -0.008672 0.005532 -0.006787
v -0.005007 0.007452 -0.005634
v 0.000000 0.001295 -0.005675
v -0.005007 0.007452 -0.005634
v 0.000000 0.001295 -0.005675
v 0.000000 0.001295 -0.005675
v -0.005007 0.007452 -0.005634
v -0.000000 0.008155 -0.005212
v 0.000000 0.001295 -0.005675
v -0.000000 0.008155 -0.005212
v 0.000000 0.001295 -0.005675
v 0.000000 0.001295 -0.005675
v -0.000000 0.008155 -0.005212
v 0.005007 0.007452 -0.005634
v 0.000000 0.001295 -0.005675
v 0.005007 0.007452 -0.005634
v 0.000000 0.001295 -0.005675
v 0.000000 0.001295 -0.005675
v 0.005007 0.007452 -0.005634
v 0.008672 0.005532 -0.006787
v 0.000000 0.001295 -0.005675
v 0.008672 0.005532 -0.006787
v 0.000000 0.001295 -0.005675
v 0.000000 0.001295 -0.005675
v 0.008672 0.005532 -0.006787
v 0.010013 0.002909 -0.008362
v 0.000000 0.001295 -0.005675
v 0.010013 0.002909 -0.008362
v 0.000000 0.001295 -0.005675
v 0.000000 0.001295 -0.005675
v 0.010013 0.002909 -0.008362
v 0.008672 0.000286 -0.009937
v 0.000000 0.001295 -0.005675
v 0.008672 0.000286 -0.009937
v 0.000000 0.001295 -0.005675
v 0.000000 0.001295 -0.005675
v 0.008672 0.000286 -0.009937
v 0.005007 -0.001635 -0.011090
v 0.000000 0.001295 -0.005675
v 0.005007 -0.001635 -0.011090
v 0.000000 0.001295 -0.005675
v 0.000000 0.001295 -0.005675
v 0.005007 -0.001635 -0.011090
v 0.000000 -0.002337 -0.011512
v 0.000000 0.001295 -0.005675
v 0.000000 -0.002337 -0.011512
v 0.000000 0.001295 -0.005675
v 0.000000 0.001295 -0.005675
vt 0.307828 0.481454
vt 0.307828 0.481454
vt 0.307575 0.484375
vt 0.268766 0.481454
vt 0.267069 0.478925
vt 0.268513 0.478534
vt 0.307828 0.481454
vt 0.307828 0.481454
vt 0.306131 0.483984
vt 0.268766 0.481454
vt 0.266012 0.479994
vt 0.267069 0.478925
vt 0.307828 0.481454
vt 0.307828 0.481454
vt 0.305074 0.482915
vt 0.268766 0.481454
vt 0.265625 0.481454
vt 0.266012 0.479994
vt 0.307828 0.481454
vt 0.307828 0.481454
vt 0.304688 0.481454
vt 0.268766 0.481454
vt 0.266012 0.482915
vt 0.265625 0.481454
vt 0.307828 0.481454
vt 0.307828 0.481454
vt 0.305074 0.479994
vt 0.268766 0.481454
vt 0.267069 0.483984
vt 0.266012 0.482915
vt 0.307828 0.481454
vt 0.307828 0.481454
vt 0.306131 0.478925
vt 0.268766 0.481454
vt 0.268513 0.484375
vt 0.267069 0.483984
vt 0.307828 0.481454
vt 0.307828 0.481454
vt 0.307575 0.478534
vt 0.268766 0.481454
vt 0.269957 0.483984
vt 0.268513 0.484375
vt 0.307828 0.481454
vt 0.307828 0.481454
vt 0.309019 0.478925
vt 0.268766 0.481454
vt 0.271014 0.482915
vt 0.269957 0.483984
vt 0.307828 0.481454
vt 0.307828 0.481454
vt 0.310076 0.479994
vt 0.268766 0.481454
vt 0.271401 0.481454
vt 0.271014 0.482915
vt 0.307828 0.481454
vt 0.307828 0.481454
vt 0.310463 0.481454
vt 0.268766 0.481454
vt 0.271014 0.479994
vt 0.271401 0.481454
vt 0.307828 0.481454
vt 0.307828 0.481454
vt 0.310076 0.482915
vt 0.268766 0.481454
vt 0.269957 0.478925
vt 0.271014 0.479994
vt 0.307828 0.481454
vt 0.307828 0.481454
vt 0.309019 0.483984
vt 0.268766 0.481454
vt 0.268513 0.478534
vt 0.269957 0.478925
vt 0.058835 0.983997
vt 0.057391 0.984215
vt 0.058089 0.979061
vt 0.057391 0.984215
vt 0.055274 0.979486
vt 0.058089 0.979061
vt 0.057391 0.984215
vt 0.056334 0.984375
vt 0.055274 0.979486
vt 0.056334 0.984375
vt 0.053213 0.979798
vt 0.055274 0.979486
vt 0.106292 0.984317
vt 0.104832 0.984375
vt 0.107679 0.979739
vt 0.104832 0.984375
vt 0.104832 0.979853
vt 0.107679 0.979739
vt 0.104832 0.984375
vt 0.103371 0.984317
vt 0.104832 0.979853
vt 0.103371 0.984317
vt 0.101984 0.979739
vt 0.104832 0.979853
vt 0.154306 0.984375
vt 0.153249 0.984215
vt 0.157428 0.979798
vt 0.153249 0.984215
vt 0.155366 0.979486
vt 0.157428 0.979798
vt 0.153249 0.984215
vt 0.151805 0.983997
vt 0.155366 0.979486
vt 0.151805 0.983997
vt 0.152551 0.979061
vt 0.155366 0.979486
vt 0.151805 0.983997
vt 0.150361 0.983779
vt 0.152551 0.979061
vt 0.150361 0.983779
vt 0.149736 0.978635
vt 0.152551 0.979061
vt 0.240173 0.984375
vt 0.239104 0.984215
vt 0.242576 0.979232
vt 0.239104 0.984215
vt 0.240491 0.978920
vt 0.242576 0.979232
vt 0.239104 0.984215
vt 0.237644 0.984157
vt 0.240491 0.978920
vt 0.237644 0.984157
vt 0.237644 0.978806
vt 0.240491 0.978920
vt 0.237644 0.984157
vt 0.236184 0.984215
vt 0.237644 0.978806
vt 0.236184 0.984215
vt 0.234797 0.978920
vt 0.237644 0.978806
vt 0.236184 0.984215
vt 0.235115 0.984375
vt 0.234797 0.978920
vt 0.235115 0.984375
vt 0.232712 0.979232
vt 0.234797 0.978920
vt 0.060279 0.983779
vt 0.058835 0.983997
vt 0.060904 0.978635
vt 0.058835 0.983997
vt 0.058089 0.979061
vt 0.060904 0.978635
vt 0.058089 0.979061
vt 0.055274 0.979486
vt 0.056887 0.971109
vt 0.055274 0.979486
vt 0.052842 0.971721
vt 0.056887 0.971109
vt 0.055274 0.979486
vt 0.053213 0.979798
vt 0.052842 0.971721
vt 0.053213 0.979798
vt 0.049880 0.972168
vt 0.052842 0.971721
vt 0.107679 0.979739
vt 0.104832 0.979853
vt 0.108923 0.972110
vt 0.104832 0.979853
vt 0.104832 0.972274
vt 0.108923 0.972110
vt 0.104832 0.979853
vt 0.101984 0.979739
vt 0.104832 0.972274
vt 0.101984 0.979739
vt 0.100740 0.972110
vt 0.104832 0.972274
vt 0.157428 0.979798
vt 0.155366 0.979486
vt 0.160760 0.972168
vt 0.155366 0.979486
vt 0.157799 0.971721
vt 0.160760 0.972168
vt 0.155366 0.979486
vt 0.152551 0.979061
vt 0.157799 0.971721
vt 0.152551 0.979061
vt 0.153753 0.971109
vt 0.157799 0.971721
vt 0.152551 0.979061
vt 0.149736 0.978635
vt 0.153753 0.971109
vt 0.149736 0.978635
vt 0.149707 0.970498
vt 0.153753 0.971109
vt 0.242576 0.979232
vt 0.240491 0.978920
vt 0.244731 0.971094
vt 0.240491 0.978920
vt 0.241736 0.970647
vt 0.244731 0.971094
vt 0.240491 0.978920
vt 0.237644 0.978806
vt 0.241736 0.970647
vt 0.237644 0.978806
vt 0.237644 0.970483
vt 0.241736 0.970647
vt 0.237644 0.978806
vt 0.234797 0.978920
vt 0.237644 0.970483
vt 0.234797 0.978920
vt 0.233552 0.970647
vt 0.237644 0.970483
vt 0.234797 0.978920
vt 0.232712 0.979232
vt 0.233552 0.970647
vt 0.232712 0.979232
vt 0.230557 0.971094
vt 0.233552 0.970647
vt 0.060904 0.978635
vt 0.058089 0.979061
vt 0.060933 0.970498
vt 0.058089 0.979061
vt 0.056887 0.971109
vt 0.060933 0.970498
vt 0.056887 0.971109
vt 0.052842 0.971721
vt 0.055290 0.960541
vt 0.052842 0.971721
vt 0.050217 0.961308
vt 0.055290 0.960541
vt 0.052842 0.971721
vt 0.049880 0.972168
vt 0.050217 0.961308
vt 0.049880 0.972168
vt 0.046503 0.961869
vt 0.050217 0.961308
vt 0.108923 0.972110
vt 0.104832 0.972274
vt 0.109962 0.961811
vt 0.104832 0.972274
vt 0.104832 0.962016
vt 0.109962 0.961811
vt 0.104832 0.972274
vt 0.100740 0.972110
vt 0.104832 0.962016
vt 0.100740 0.972110
vt 0.099701 0.961811
vt 0.104832 0.962016
vt 0.160760 0.972168
vt 0.157799 0.971721
vt 0.164137 0.961869
vt 0.157799 0.971721
vt 0.160423 0.961308
vt 0.164137 0.961869
vt 0.157799 0.971721
vt 0.153753 0.971109
vt 0.160423 0.961308
vt 0.153753 0.971109
vt 0.155350 0.960541
vt 0.160423 0.961308
vt 0.153753 0.971109
vt 0.149707 0.970498
vt 0.155350 0.960541
vt 0.149707 0.970498
vt 0.150277 0.959775
vt 0.155350 0.960541
vt 0.244731 0.971094
vt 0.241736 0.970647
vt 0.246531 0.960371
vt 0.241736 0.970647
vt 0.242775 0.959809
vt 0.246531 0.960371
vt 0.241736 0.970647
vt 0.237644 0.970483
vt 0.242775 0.959809
vt 0.237644 0.970483
vt 0.237644 0.959604
vt 0.242775 0.959809
vt 0.237644 0.970483
vt 0.233552 0.970647
vt 0.237644 0.959604
vt 0.233552 0.970647
vt 0.232513 0.959809
vt 0.237644 0.959604
vt 0.233552 0.970647
vt 0.230557 0.971094
vt 0.232513 0.959809
vt 0.230557 0.971094
vt 0.228757 0.960371
vt 0.232513 0.959809
vt 0.060933 0.970498
vt 0.056887 0.971109
vt 0.060363 0.959775
vt 0.056887 0.971109
vt 0.055290 0.960541
vt 0.060363 0.959775
vt 0.055290 0.960541
vt 0.050217 0.961308
vt 0.053378 0.947887
vt 0.050217 0.961308
vt 0.047531 0.948770
vt 0.053378 0.947887
vt 0.050217 0.961308
vt 0.046503 0.961869
vt 0.047531 0.948770
vt 0.046503 0.961869
vt 0.043252 0.949417
vt 0.047531 0.948770
vt 0.109962 0.961811
vt 0.104832 0.962016
vt 0.110744 0.949359
vt 0.104832 0.962016
vt 0.104832 0.949595
vt 0.110744 0.949359
vt 0.104832 0.962016
vt 0.099701 0.961811
vt 0.104832 0.949595
vt 0.099701 0.961811
vt 0.098919 0.949359
vt 0.104832 0.949595
vt 0.164137 0.961869
vt 0.160423 0.961308
vt 0.167389 0.949417
vt 0.160423 0.961308
vt 0.163109 0.948770
vt 0.167389 0.949417
vt 0.160423 0.961308
vt 0.155350 0.960541
vt 0.163109 0.948770
vt 0.155350 0.960541
vt 0.157263 0.947887
vt 0.163109 0.948770
vt 0.155350 0.960541
vt 0.150277 0.959775
vt 0.157263 0.947887
vt 0.150277 0.959775
vt 0.151416 0.947003
vt 0.157263 0.947887
vt 0.246531 0.960371
vt 0.242775 0.959809
vt 0.247885 0.947599
vt 0.242775 0.959809
vt 0.243557 0.946952
vt 0.247885 0.947599
vt 0.242775 0.959809
vt 0.237644 0.959604
vt 0.243557 0.946952
vt 0.237644 0.959604
vt 0.237644 0.946716
vt 0.243557 0.946952
vt 0.237644 0.959604
vt 0.232513 0.959809
vt 0.237644 0.946716
vt 0.232513 0.959809
vt 0.231731 0.946952
vt 0.237644 0.946716
vt 0.232513 0.959809
vt 0.228757 0.960371
vt 0.231731 0.946952
vt 0.228757 0.960371
vt 0.227403 0.947599
vt 0.231731 0.946952
vt 0.060363 0.959775
vt 0.055290 0.960541
vt 0.059224 0.947003
vt 0.055290 0.960541
vt 0.053378 0.947887
vt 0.059224 0.947003
vt 0.053378 0.947887
vt 0.047531 0.948770
vt 0.051245 0.933780
vt 0.047531 0.948770
vt 0.044919 0.934736
vt 0.051245 0.933780
vt 0.047531 0.948770
vt 0.043252 0.949417
vt 0.044919 0.934736
vt 0.043252 0.949417
vt 0.040288 0.935436
vt 0.044919 0.934736
vt 0.110744 0.949359
vt 0.104832 0.949595
vt 0.111230 0.935377
vt 0.104832 0.949595
vt 0.104832 0.935634
vt 0.111230 0.935377
vt 0.104832 0.949595
vt 0.098919 0.949359
vt 0.104832 0.935634
vt 0.098919 0.949359
vt 0.098434 0.935377
vt 0.104832 0.935634
vt 0.167389 0.949417
vt 0.163109 0.948770
vt 0.170352 0.935436
vt 0.163109 0.948770
vt 0.165721 0.934736
vt 0.170352 0.935436
vt 0.163109 0.948770
vt 0.157263 0.947887
vt 0.165721 0.934736
vt 0.157263 0.947887
vt 0.159395 0.933780
vt 0.165721 0.934736
vt 0.157263 0.947887
vt 0.151416 0.947003
vt 0.159395 0.933780
vt 0.151416 0.947003
vt 0.153069 0.932824
vt 0.159395 0.933780
vt 0.247885 0.947599
vt 0.243557 0.946952
vt 0.248726 0.933420
vt 0.243557 0.946952
vt 0.244042 0.932720
vt 0.248726 0.933420
vt 0.243557 0.946952
vt 0.237644 0.946716
vt 0.244042 0.932720
vt 0.237644 0.946716
vt 0.237644 0.932464
vt 0.244042 0.932720
vt 0.237644 0.946716
vt 0.231731 0.946952
vt 0.237644 0.932464
vt 0.231731 0.946952
vt 0.231246 0.932720
vt 0.237644 0.932464
vt 0.231731 0.946952
vt 0.227403 0.947599
vt 0.231246 0.932720
vt 0.227403 0.947599
vt 0.226563 0.933420
vt 0.231246 0.932720
vt 0.059224 0.947003
vt 0.053378 0.947887
vt 0.057572 0.932824
vt 0.053378 0.947887
vt 0.051245 0.933780
vt 0.057572 0.932824
vt 0.051245 0.933780
vt 0.044919 0.934736
vt 0.049001 0.918928
vt 0.044919 0.934736
vt 0.042512 0.919909
vt 0.049001 0.918928
vt 0.044919 0.934736
vt 0.040288 0.935436
vt 0.042512 0.919909
vt 0.040288 0.935436
vt 0.037762 0.920627
vt 0.042512 0.919909
vt 0.111230 0.935377
vt 0.104832 0.935634
vt 0.111394 0.920568
vt 0.104832 0.935634
vt 0.104832 0.920831
vt 0.111394 0.920568
vt 0.104832 0.935634
vt 0.098434 0.935377
vt 0.104832 0.920831
vt 0.098434 0.935377
vt 0.098269 0.920568
vt 0.104832 0.920831
vt 0.170352 0.935436
vt 0.165721 0.934736
vt 0.172878 0.920627
vt 0.165721 0.934736
vt 0.168128 0.919909
vt 0.172878 0.920627
vt 0.165721 0.934736
vt 0.159395 0.933780
vt 0.168128 0.919909
vt 0.159395 0.933780
vt 0.161639 0.918928
vt 0.168128 0.919909
vt 0.159395 0.933780
vt 0.153069 0.932824
vt 0.161639 0.918928
vt 0.153069 0.932824
vt 0.155150 0.917948
vt 0.161639 0.918928
vt 0.153069 0.932824
vt 0.148438 0.932124
vt 0.155150 0.917948
vt 0.148438 0.932124
vt 0.150400 0.917230
vt 0.155150 0.917948
vt 0.244042 0.932720
vt 0.237644 0.932464
vt 0.244207 0.917826
vt 0.237644 0.932464
vt 0.237644 0.917563
vt 0.244207 0.917826
vt 0.237644 0.932464
vt 0.231246 0.932720
vt 0.237644 0.917563
vt 0.231246 0.932720
vt 0.231082 0.917826
vt 0.237644 0.917563
vt 0.062203 0.932124
vt 0.057572 0.932824
vt 0.060240 0.917230
vt 0.057572 0.932824
vt 0.055490 0.917948
vt 0.060240 0.917230
vt 0.057572 0.932824
vt 0.051245 0.933780
vt 0.055490 0.917948
vt 0.051245 0.933780
vt 0.049001 0.918928
vt 0.055490 0.917948
vt 0.049001 0.918928
vt 0.042512 0.919909
vt 0.046119 0.899859
vt 0.042512 0.919909
vt 0.039630 0.900840
vt 0.046119 0.899859
vt 0.042512 0.919909
vt 0.037762 0.920627
vt 0.039630 0.900840
vt 0.037762 0.920627
vt 0.034880 0.901558
vt 0.039630 0.900840
vt 0.111394 0.920568
vt 0.104832 0.920831
vt 0.111394 0.901499
vt 0.104832 0.920831
vt 0.104832 0.901762
vt 0.111394 0.901499
vt 0.104832 0.920831
vt 0.098269 0.920568
vt 0.104832 0.901762
vt 0.098269 0.920568
vt 0.098269 0.901499
vt 0.104832 0.901762
vt 0.172878 0.920627
vt 0.168128 0.919909
vt 0.175760 0.901558
vt 0.168128 0.919909
vt 0.171010 0.900840
vt 0.175760 0.901558
vt 0.168128 0.919909
vt 0.161639 0.918928
vt 0.171010 0.900840
vt 0.161639 0.918928
vt 0.164521 0.899859
vt 0.171010 0.900840
vt 0.161639 0.918928
vt 0.155150 0.917948
vt 0.164521 0.899859
vt 0.155150 0.917948
vt 0.158032 0.898878
vt 0.164521 0.899859
vt 0.155150 0.917948
vt 0.150400 0.917230
vt 0.158032 0.898878
vt 0.150400 0.917230
vt 0.153282 0.898161
vt 0.158032 0.898878
vt 0.244207 0.917826
vt 0.237644 0.917563
vt 0.244207 0.898757
vt 0.237644 0.917563
vt 0.237644 0.898494
vt 0.244207 0.898757
vt 0.237644 0.917563
vt 0.231082 0.917826
vt 0.237644 0.898494
vt 0.231082 0.917826
vt 0.231082 0.898757
vt 0.237644 0.898494
vt 0.060240 0.917230
vt 0.055490 0.917948
vt 0.057358 0.898161
vt 0.055490 0.917948
vt 0.052608 0.898878
vt 0.057358 0.898161
vt 0.055490 0.917948
vt 0.049001 0.918928
vt 0.052608 0.898878
vt 0.049001 0.918928
vt 0.046119 0.899859
vt 0.052608 0.898878
vt 0.046119 0.899859
vt 0.039630 0.900840
vt 0.043237 0.880790
vt 0.039630 0.900840
vt 0.036748 0.881771
vt 0.043237 0.880790
vt 0.039630 0.900840
vt 0.034880 0.901558
vt 0.036748 0.881771
vt 0.034880 0.901558
vt 0.031998 0.882489
vt 0.036748 0.881771
vt 0.111394 0.901499
vt 0.104832 0.901762
vt 0.111394 0.882430
vt 0.104832 0.901762
vt 0.104832 0.882693
vt 0.111394 0.882430
vt 0.104832 0.901762
vt 0.098269 0.901499
vt 0.104832 0.882693
vt 0.098269 0.901499
vt 0.098269 0.882430
vt 0.104832 0.882693
vt 0.175760 0.901558
vt 0.171010 0.900840
vt 0.178642 0.882489
vt 0.171010 0.900840
vt 0.173892 0.881771
vt 0.178642 0.882489
vt 0.171010 0.900840
vt 0.164521 0.899859
vt 0.173892 0.881771
vt 0.164521 0.899859
vt 0.167403 0.880790
vt 0.173892 0.881771
vt 0.164521 0.899859
vt 0.158032 0.898878
vt 0.167403 0.880790
vt 0.158032 0.898878
vt 0.160914 0.879809
vt 0.167403 0.880790
vt 0.158032 0.898878
vt 0.153282 0.898161
vt 0.160914 0.879809
vt 0.153282 0.898161
vt 0.156164 0.879091
vt 0.160914 0.879809
vt 0.244207 0.898757
vt 0.237644 0.898494
vt 0.244207 0.879688
vt 0.237644 0.898494
vt 0.237644 0.879425
vt 0.244207 0.879688
vt 0.237644 0.898494
vt 0.231082 0.898757
vt 0.237644 0.879425
vt 0.231082 0.898757
vt 0.231082 0.879688
vt 0.237644 0.879425
vt 0.057358 0.898161
vt 0.052608 0.898878
vt 0.054476 0.879091
vt 0.052608 0.898878
vt 0.049726 0.879809
vt 0.054476 0.879091
vt 0.052608 0.898878
vt 0.046119 0.899859
vt 0.049726 0.879809
vt 0.046119 0.899859
vt 0.043237 0.880790
vt 0.049726 0.879809
vt 0.043237 0.880790
vt 0.036748 0.881771
vt 0.040355 0.861721
vt 0.036748 0.881771
vt 0.033866 0.862702
vt 0.040355 0.861721
vt 0.036748 0.881771
vt 0.031998 0.882489
vt 0.033866 0.862702
vt 0.031998 0.882489
vt 0.029116 0.863419
vt 0.033866 0.862702
vt 0.111394 0.882430
vt 0.104832 0.882693
vt 0.111394 0.863361
vt 0.104832 0.882693
vt 0.104832 0.863624
vt 0.111394 0.863361
vt 0.104832 0.882693
vt 0.098269 0.882430
vt 0.104832 0.863624
vt 0.098269 0.882430
vt 0.098269 0.863361
vt 0.104832 0.863624
vt 0.178642 0.882489
vt 0.173892 0.881771
vt 0.181524 0.863419
vt 0.173892 0.881771
vt 0.176774 0.862702
vt 0.181524 0.863419
vt 0.173892 0.881771
vt 0.167403 0.880790
vt 0.176774 0.862702
vt 0.167403 0.880790
vt 0.170285 0.861721
vt 0.176774 0.862702
vt 0.167403 0.880790
vt 0.160914 0.879809
vt 0.170285 0.861721
vt 0.160914 0.879809
vt 0.163796 0.860740
vt 0.170285 0.861721
vt 0.160914 0.879809
vt 0.156164 0.879091
vt 0.163796 0.860740
vt 0.156164 0.879091
vt 0.159046 0.860022
vt 0.163796 0.860740
vt 0.244207 0.879688
vt 0.237644 0.879425
vt 0.244207 0.860618
vt 0.237644 0.879425
vt 0.237644 0.860356
vt 0.244207 0.860618
vt 0.237644 0.879425
vt 0.231082 0.879688
vt 0.237644 0.860356
vt 0.231082 0.879688
vt 0.231082 0.860618
vt 0.237644 0.860356
vt 0.054476 0.879091
vt 0.049726 0.879809
vt 0.051594 0.860022
vt 0.049726 0.879809
vt 0.046844 0.860740
vt 0.051594 0.860022
vt 0.049726 0.879809
vt 0.043237 0.880790
vt 0.046844 0.860740
vt 0.043237 0.880790
vt 0.040355 0.861721
vt 0.046844 0.860740
vt 0.040355 0.861721
vt 0.033866 0.862702
vt 0.037473 0.842652
vt 0.033866 0.862702
vt 0.030984 0.843632
vt 0.037473 0.842652
vt 0.033866 0.862702
vt 0.029116 0.863419
vt 0.030984 0.843632
vt 0.029116 0.863419
vt 0.026234 0.844350
vt 0.030984 0.843632
vt 0.111394 0.863361
vt 0.104832 0.863624
vt 0.111394 0.844292
vt 0.104832 0.863624
vt 0.104832 0.844555
vt 0.111394 0.844292
vt 0.104832 0.863624
vt 0.098269 0.863361
vt 0.104832 0.844555
vt 0.098269 0.863361
vt 0.098269 0.844292
vt 0.104832 0.844555
vt 0.181524 0.863419
vt 0.176774 0.862702
vt 0.184406 0.844350
vt 0.176774 0.862702
vt 0.179656 0.843632
vt 0.184406 0.844350
vt 0.176774 0.862702
vt 0.170285 0.861721
vt 0.179656 0.843632
vt 0.170285 0.861721
vt 0.173167 0.842652
vt 0.179656 0.843632
vt 0.170285 0.861721
vt 0.163796 0.860740
vt 0.173167 0.842652
vt 0.163796 0.860740
vt 0.166679 0.841671
vt 0.173167 0.842652
vt 0.163796 0.860740
vt 0.159046 0.860022
vt 0.166679 0.841671
vt 0.159046 0.860022
vt 0.161928 0.840953
vt 0.166679 0.841671
vt 0.244207 0.860618
vt 0.237644 0.860356
vt 0.244207 0.841549
vt 0.237644 0.860356
vt 0.237644 0.841287
vt 0.244207 0.841549
vt 0.237644 0.860356
vt 0.231082 0.860618
vt 0.237644 0.841287
vt 0.231082 0.860618
vt 0.231082 0.841549
vt 0.237644 0.841287
vt 0.051594 0.860022
vt 0.046844 0.860740
vt 0.048712 0.840953
vt 0.046844 0.860740
vt 0.043962 0.841671
vt 0.048712 0.840953
vt 0.046844 0.860740
vt 0.040355 0.861721
vt 0.043962 0.841671
vt 0.040355 0.861721
vt 0.037473 0.842652
vt 0.043962 0.841671
vt 0.037473 0.842652
vt 0.030984 0.843632
vt 0.034591 0.823583
vt 0.030984 0.843632
vt 0.028102 0.824563
vt 0.034591 0.823583
vt 0.030984 0.843632
vt 0.026234 0.844350
vt 0.028102 0.824563
vt 0.026234 0.844350
vt 0.023352 0.825281
vt 0.028102 0.824563
vt 0.111394 0.844292
vt 0.104832 0.844555
vt 0.111394 0.825223
vt 0.104832 0.844555
vt 0.104832 0.825485
vt 0.111394 0.825223
vt 0.104832 0.844555
vt 0.098269 0.844292
vt 0.104832 0.825485
vt 0.098269 0.844292
vt 0.098269 0.825223
vt 0.104832 0.825485
vt 0.184406 0.844350
vt 0.179656 0.843632
vt 0.187288 0.825281
vt 0.179656 0.843632
vt 0.182538 0.824563
vt 0.187288 0.825281
vt 0.179656 0.843632
vt 0.173167 0.842652
vt 0.182538 0.824563
vt 0.173167 0.842652
vt 0.176049 0.823583
vt 0.182538 0.824563
vt 0.173167 0.842652
vt 0.166679 0.841671
vt 0.176049 0.823583
vt 0.166679 0.841671
vt 0.169561 0.822602
vt 0.176049 0.823583
vt 0.166679 0.841671
vt 0.161928 0.840953
vt 0.169561 0.822602
vt 0.161928 0.840953
vt 0.164810 0.821884
vt 0.169561 0.822602
vt 0.244207 0.841549
vt 0.237644 0.841287
vt 0.244207 0.822480
vt 0.237644 0.841287
vt 0.237644 0.822217
vt 0.244207 0.822480
vt 0.237644 0.841287
vt 0.231082 0.841549
vt 0.237644 0.822217
vt 0.231082 0.841549
vt 0.231082 0.822480
vt 0.237644 0.822217
vt 0.048712 0.840953
vt 0.043962 0.841671
vt 0.045830 0.821884
vt 0.043962 0.841671
vt 0.041080 0.822602
vt 0.045830 0.821884
vt 0.043962 0.841671
vt 0.037473 0.842652
vt 0.041080 0.822602
vt 0.037473 0.842652
vt 0.034591 0.823583
vt 0.041080 0.822602
vt 0.034591 0.823583
vt 0.028102 0.824563
vt 0.031709 0.804513
vt 0.028102 0.824563
vt 0.025220 0.805494
vt 0.031709 0.804513
vt 0.028102 0.824563
vt 0.023352 0.825281
vt 0.025220 0.805494
vt 0.023352 0.825281
vt 0.020470 0.806212
vt 0.025220 0.805494
vt 0.111394 0.825223
vt 0.104832 0.825485
vt 0.111394 0.806154
vt 0.104832 0.825485
vt 0.104832 0.806416
vt 0.111394 0.806154
vt 0.104832 0.825485
vt 0.098269 0.825223
vt 0.104832 0.806416
vt 0.098269 0.825223
vt 0.098269 0.806154
vt 0.104832 0.806416
vt 0.187288 0.825281
vt 0.182538 0.824563
vt 0.190170 0.806212
vt 0.182538 0.824563
vt 0.185420 0.805494
vt 0.190170 0.806212
vt 0.182538 0.824563
vt 0.176049 0.823583
vt 0.185420 0.805494
vt 0.176049 0.823583
vt 0.178931 0.804513
vt 0.185420 0.805494
vt 0.176049 0.823583
vt 0.169561 0.822602
vt 0.178931 0.804513
vt 0.169561 0.822602
vt 0.172443 0.803533
vt 0.178931 0.804513
vt 0.169561 0.822602
vt 0.164810 0.821884
vt 0.172443 0.803533
vt 0.164810 0.821884
vt 0.167692 0.802815
vt 0.172443 0.803533
vt 0.244207 0.822480
vt 0.237644 0.822217
vt 0.244207 0.803411
vt 0.237644 0.822217
vt 0.237644 0.803148
vt 0.244207 0.803411
vt 0.237644 0.822217
vt 0.231082 0.822480
vt 0.237644 0.803148
vt 0.231082 0.822480
vt 0.231082 0.803411
vt 0.237644 0.803148
vt 0.045830 0.821884
vt 0.041080 0.822602
vt 0.042948 0.802815
vt 0.041080 0.822602
vt 0.038198 0.803533
vt 0.042948 0.802815
vt 0.041080 0.822602
vt 0.034591 0.823583
vt 0.038198 0.803533
vt 0.034591 0.823583
vt 0.031709 0.804513
vt 0.038198 0.803533
vt 0.031709 0.804513
vt 0.025220 0.805494
vt 0.028827 0.785444
vt 0.025220 0.805494
vt 0.022338 0.786425
vt 0.028827 0.785444
vt 0.025220 0.805494
vt 0.020470 0.806212
vt 0.022338 0.786425
vt 0.020470 0.806212
vt 0.017588 0.787143
vt 0.022338 0.786425
vt 0.111394 0.806154
vt 0.104832 0.806416
vt 0.111394 0.787084
vt 0.104832 0.806416
vt 0.104832 0.787347
vt 0.111394 0.787084
vt 0.104832 0.806416
vt 0.098269 0.806154
vt 0.104832 0.787347
vt 0.098269 0.806154
vt 0.098269 0.787084
vt 0.104832 0.787347
vt 0.190170 0.806212
vt 0.185420 0.805494
vt 0.193052 0.787143
vt 0.185420 0.805494
vt 0.188302 0.786425
vt 0.193052 0.787143
vt 0.185420 0.805494
vt 0.178931 0.804513
vt 0.188302 0.786425
vt 0.178931 0.804513
vt 0.181813 0.785444
vt 0.188302 0.786425
vt 0.178931 0.804513
vt 0.172443 0.803533
vt 0.181813 0.785444
vt 0.172443 0.803533
vt 0.175325 0.784464
vt 0.181813 0.785444
vt 0.172443 0.803533
vt 0.167692 0.802815
vt 0.175325 0.784464
vt 0.167692 0.802815
vt 0.170574 0.783746
vt 0.175325 0.784464
vt 0.244207 0.803411
vt 0.237644 0.803148
vt 0.244207 0.784342
vt 0.237644 0.803148
vt 0.237644 0.784079
vt 0.244207 0.784342
vt 0.237644 0.803148
vt 0.231082 0.803411
vt 0.237644 0.784079
vt 0.231082 0.803411
vt 0.231082 0.784342
vt 0.237644 0.784079
vt 0.042948 0.802815
vt 0.038198 0.803533
vt 0.040066 0.783746
vt 0.038198 0.803533
vt 0.035316 0.784464
vt 0.040066 0.783746
vt 0.038198 0.803533
vt 0.031709 0.804513
vt 0.035316 0.784464
vt 0.031709 0.804513
vt 0.028827 0.785444
vt 0.035316 0.784464
vt 0.028827 0.785444
vt 0.022338 0.786425
vt 0.026582 0.770593
vt 0.022338 0.786425
vt 0.020256 0.771549
vt 0.026582 0.770593
vt 0.022338 0.786425
vt 0.017588 0.787143
vt 0.020256 0.771549
vt 0.017588 0.787143
vt 0.015625 0.772249
vt 0.020256 0.771549
vt 0.111394 0.787084
vt 0.104832 0.787347
vt 0.111230 0.772190
vt 0.104832 0.787347
vt 0.104832 0.772446
vt 0.111230 0.772190
vt 0.104832 0.787347
vt 0.098269 0.787084
vt 0.104832 0.772446
vt 0.098269 0.787084
vt 0.098434 0.772190
vt 0.104832 0.772446
vt 0.193052 0.787143
vt 0.188302 0.786425
vt 0.195015 0.772249
vt 0.188302 0.786425
vt 0.190384 0.771549
vt 0.195015 0.772249
vt 0.188302 0.786425
vt 0.181813 0.785444
vt 0.190384 0.771549
vt 0.181813 0.785444
vt 0.184058 0.770593
vt 0.190384 0.771549
vt 0.181813 0.785444
vt 0.175325 0.784464
vt 0.184058 0.770593
vt 0.175325 0.784464
vt 0.177732 0.769637
vt 0.184058 0.770593
vt 0.175325 0.784464
vt 0.170574 0.783746
vt 0.177732 0.769637
vt 0.170574 0.783746
vt 0.173101 0.768937
vt 0.177732 0.769637
vt 0.244207 0.784342
vt 0.237644 0.784079
vt 0.244042 0.769533
vt 0.237644 0.784079
vt 0.237644 0.769277
vt 0.244042 0.769533
vt 0.237644 0.784079
vt 0.231082 0.784342
vt 0.237644 0.769277
vt 0.231082 0.784342
vt 0.231246 0.769533
vt 0.237644 0.769277
vt 0.040066 0.783746
vt 0.035316 0.784464
vt 0.037539 0.768937
vt 0.035316 0.784464
vt 0.032908 0.769637
vt 0.037539 0.768937
vt 0.035316 0.784464
vt 0.028827 0.785444
vt 0.032908 0.769637
vt 0.028827 0.785444
vt 0.026582 0.770593
vt 0.032908 0.769637
vt 0.026582 0.770593
vt 0.020256 0.771549
vt 0.024450 0.756486
vt 0.020256 0.771549
vt 0.018604 0.757370
vt 0.024450 0.756486
vt 0.115913 0.771490
vt 0.111230 0.772190
vt 0.115073 0.757311
vt 0.111230 0.772190
vt 0.110744 0.757958
vt 0.115073 0.757311
vt 0.111230 0.772190
vt 0.104832 0.772446
vt 0.110744 0.757958
vt 0.104832 0.772446
vt 0.104832 0.758195
vt 0.110744 0.757958
vt 0.104832 0.772446
vt 0.098434 0.772190
vt 0.104832 0.758195
vt 0.098434 0.772190
vt 0.098919 0.757958
vt 0.104832 0.758195
vt 0.098434 0.772190
vt 0.093750 0.771490
vt 0.098919 0.757958
vt 0.093750 0.771490
vt 0.094591 0.757311
vt 0.098919 0.757958
vt 0.190384 0.771549
vt 0.184058 0.770593
vt 0.192036 0.757370
vt 0.184058 0.770593
vt 0.186190 0.756486
vt 0.192036 0.757370
vt 0.184058 0.770593
vt 0.177732 0.769637
vt 0.186190 0.756486
vt 0.177732 0.769637
vt 0.180344 0.755602
vt 0.186190 0.756486
vt 0.177732 0.769637
vt 0.173101 0.768937
vt 0.180344 0.755602
vt 0.173101 0.768937
vt 0.176064 0.754956
vt 0.180344 0.755602
vt 0.244042 0.769533
vt 0.237644 0.769277
vt 0.243557 0.755552
vt 0.237644 0.769277
vt 0.237644 0.755315
vt 0.243557 0.755552
vt 0.237644 0.769277
vt 0.231246 0.769533
vt 0.237644 0.755315
vt 0.231246 0.769533
vt 0.231731 0.755552
vt 0.237644 0.755315
vt 0.037539 0.768937
vt 0.032908 0.769637
vt 0.034576 0.754956
vt 0.032908 0.769637
vt 0.030296 0.755602
vt 0.034576 0.754956
vt 0.032908 0.769637
vt 0.026582 0.770593
vt 0.030296 0.755602
vt 0.026582 0.770593
vt 0.024450 0.756486
vt 0.030296 0.755602
vt 0.024450 0.756486
vt 0.018604 0.757370
vt 0.022538 0.743831
vt 0.018604 0.757370
vt 0.017464 0.744598
vt 0.022538 0.743831
vt 0.115073 0.757311
vt 0.110744 0.757958
vt 0.113718 0.744539
vt 0.110744 0.757958
vt 0.109962 0.745101
vt 0.113718 0.744539
vt 0.110744 0.757958
vt 0.104832 0.758195
vt 0.109962 0.745101
vt 0.104832 0.758195
vt 0.104832 0.745306
vt 0.109962 0.745101
vt 0.104832 0.758195
vt 0.098919 0.757958
vt 0.104832 0.745306
vt 0.098919 0.757958
vt 0.099701 0.745101
vt 0.104832 0.745306
vt 0.098919 0.757958
vt 0.094591 0.757311
vt 0.099701 0.745101
vt 0.094591 0.757311
vt 0.095945 0.744539
vt 0.099701 0.745101
vt 0.192036 0.757370
vt 0.186190 0.756486
vt 0.193176 0.744598
vt 0.186190 0.756486
vt 0.188103 0.743831
vt 0.193176 0.744598
vt 0.186190 0.756486
vt 0.180344 0.755602
vt 0.188103 0.743831
vt 0.180344 0.755602
vt 0.183029 0.743065
vt 0.188103 0.743831
vt 0.180344 0.755602
vt 0.176064 0.754956
vt 0.183029 0.743065
vt 0.176064 0.754956
vt 0.179316 0.742503
vt 0.183029 0.743065
vt 0.243557 0.755552
vt 0.237644 0.755315
vt 0.242775 0.743099
vt 0.237644 0.755315
vt 0.237644 0.742894
vt 0.242775 0.743099
vt 0.237644 0.755315
vt 0.231731 0.755552
vt 0.237644 0.742894
vt 0.231731 0.755552
vt 0.232513 0.743099
vt 0.237644 0.742894
vt 0.034576 0.754956
vt 0.030296 0.755602
vt 0.031325 0.742503
vt 0.030296 0.755602
vt 0.027611 0.743065
vt 0.031325 0.742503
vt 0.030296 0.755602
vt 0.024450 0.756486
vt 0.027611 0.743065
vt 0.024450 0.756486
vt 0.022538 0.743831
vt 0.027611 0.743065
vt 0.022538 0.743831
vt 0.017464 0.744598
vt 0.020940 0.733263
vt 0.017464 0.744598
vt 0.016895 0.733875
vt 0.020940 0.733263
vt 0.113718 0.744539
vt 0.109962 0.745101
vt 0.111919 0.733816
vt 0.109962 0.745101
vt 0.108923 0.734264
vt 0.111919 0.733816
vt 0.109962 0.745101
vt 0.104832 0.745306
vt 0.108923 0.734264
vt 0.104832 0.745306
vt 0.104832 0.734428
vt 0.108923 0.734264
vt 0.104832 0.745306
vt 0.099701 0.745101
vt 0.104832 0.734428
vt 0.099701 0.745101
vt 0.100740 0.734264
vt 0.104832 0.734428
vt 0.099701 0.745101
vt 0.095945 0.744539
vt 0.100740 0.734264
vt 0.095945 0.744539
vt 0.097745 0.733816
vt 0.100740 0.734264
vt 0.193176 0.744598
vt 0.188103 0.743831
vt 0.193745 0.733875
vt 0.188103 0.743831
vt 0.189700 0.733263
vt 0.193745 0.733875
vt 0.188103 0.743831
vt 0.183029 0.743065
vt 0.189700 0.733263
vt 0.183029 0.743065
vt 0.185654 0.732652
vt 0.189700 0.733263
vt 0.183029 0.743065
vt 0.179316 0.742503
vt 0.185654 0.732652
vt 0.179316 0.742503
vt 0.182692 0.732204
vt 0.185654 0.732652
vt 0.242775 0.743099
vt 0.237644 0.742894
vt 0.241736 0.732800
vt 0.237644 0.742894
vt 0.237644 0.732637
vt 0.241736 0.732800
vt 0.237644 0.742894
vt 0.232513 0.743099
vt 0.237644 0.732637
vt 0.232513 0.743099
vt 0.233552 0.732800
vt 0.237644 0.732637
vt 0.031325 0.742503
vt 0.027611 0.743065
vt 0.027948 0.732204
vt 0.027611 0.743065
vt 0.024986 0.732652
vt 0.027948 0.732204
vt 0.027611 0.743065
vt 0.022538 0.743831
vt 0.024986 0.732652
vt 0.022538 0.743831
vt 0.020940 0.733263
vt 0.024986 0.732652
vt 0.020940 0.733263
vt 0.016895 0.733875
vt 0.019739 0.725312
vt 0.016895 0.733875
vt 0.016923 0.725737
vt 0.019739 0.725312
vt 0.111919 0.733816
vt 0.108923 0.734264
vt 0.109763 0.725679
vt 0.108923 0.734264
vt 0.107679 0.725990
vt 0.109763 0.725679
vt 0.108923 0.734264
vt 0.104832 0.734428
vt 0.107679 0.725990
vt 0.104832 0.734428
vt 0.104832 0.726104
vt 0.107679 0.725990
vt 0.104832 0.734428
vt 0.100740 0.734264
vt 0.104832 0.726104
vt 0.100740 0.734264
vt 0.101984 0.725990
vt 0.104832 0.726104
vt 0.100740 0.734264
vt 0.097745 0.733816
vt 0.101984 0.725990
vt 0.097745 0.733816
vt 0.099900 0.725679
vt 0.101984 0.725990
vt 0.193745 0.733875
vt 0.189700 0.733263
vt 0.193717 0.725737
vt 0.189700 0.733263
vt 0.190902 0.725312
vt 0.193717 0.725737
vt 0.189700 0.733263
vt 0.185654 0.732652
vt 0.190902 0.725312
vt 0.185654 0.732652
vt 0.188086 0.724886
vt 0.190902 0.725312
vt 0.185654 0.732652
vt 0.182692 0.732204
vt 0.188086 0.724886
vt 0.182692 0.732204
vt 0.186025 0.724575
vt 0.188086 0.724886
vt 0.241736 0.732800
vt 0.237644 0.732637
vt 0.240491 0.725171
vt 0.237644 0.732637
vt 0.237644 0.725057
vt 0.240491 0.725171
vt 0.237644 0.732637
vt 0.233552 0.732800
vt 0.237644 0.725057
vt 0.233552 0.732800
vt 0.234797 0.725171
vt 0.237644 0.725057
vt 0.027948 0.732204
vt 0.024986 0.732652
vt 0.024615 0.724575
vt 0.024986 0.732652
vt 0.022554 0.724886
vt 0.024615 0.724575
vt 0.024986 0.732652
vt 0.020940 0.733263
vt 0.022554 0.724886
vt 0.020940 0.733263
vt 0.019739 0.725312
vt 0.022554 0.724886
vt 0.019739 0.725312
vt 0.016923 0.725737
vt 0.018993 0.720376
vt 0.016923 0.725737
vt 0.017549 0.720594
vt 0.018993 0.720376
vt 0.109763 0.725679
vt 0.107679 0.725990
vt 0.107361 0.720535
vt 0.107679 0.725990
vt 0.106292 0.720695
vt 0.107361 0.720535
vt 0.107679 0.725990
vt 0.104832 0.726104
vt 0.106292 0.720695
vt 0.104832 0.726104
vt 0.104832 0.720754
vt 0.106292 0.720695
vt 0.104832 0.726104
vt 0.101984 0.725990
vt 0.104832 0.720754
vt 0.101984 0.725990
vt 0.103371 0.720695
vt 0.104832 0.720754
vt 0.101984 0.725990
vt 0.099900 0.725679
vt 0.103371 0.720695
vt 0.099900 0.725679
vt 0.102302 0.720535
vt 0.103371 0.720695
vt 0.193717 0.725737
vt 0.190902 0.725312
vt 0.193091 0.720594
vt 0.190902 0.725312
vt 0.191648 0.720376
vt 0.193091 0.720594
vt 0.190902 0.725312
vt 0.188086 0.724886
vt 0.191648 0.720376
vt 0.188086 0.724886
vt 0.190204 0.720157
vt 0.191648 0.720376
vt 0.188086 0.724886
vt 0.186025 0.724575
vt 0.190204 0.720157
vt 0.186025 0.724575
vt 0.189147 0.719998
vt 0.190204 0.720157
vt 0.240491 0.725171
vt 0.237644 0.725057
vt 0.239104 0.720594
vt 0.237644 0.725057
vt 0.237644 0.720535
vt 0.239104 0.720594
vt 0.237644 0.725057
vt 0.234797 0.725171
vt 0.237644 0.720535
vt 0.234797 0.725171
vt 0.236184 0.720594
vt 0.237644 0.720535
vt 0.024615 0.724575
vt 0.022554 0.724886
vt 0.021493 0.719998
vt 0.022554 0.724886
vt 0.020436 0.720157
vt 0.021493 0.719998
vt 0.022554 0.724886
vt 0.019739 0.725312
vt 0.020436 0.720157
vt 0.019739 0.725312
vt 0.018993 0.720376
vt 0.020436 0.720157
vt 0.229450 0.484375
vt 0.228006 0.483984
vt 0.229197 0.481454
vt 0.228006 0.483984
vt 0.229197 0.481454
vt 0.229197 0.481454
vt 0.228006 0.483984
vt 0.226949 0.482915
vt 0.229197 0.481454
vt 0.226949 0.482915
vt 0.229197 0.481454
vt 0.229197 0.481454
vt 0.226949 0.482915
vt 0.226563 0.481454
vt 0.229197 0.481454
vt 0.226563 0.481454
vt 0.229197 0.481454
vt 0.229197 0.481454
vt 0.226563 0.481454
vt 0.226949 0.479994
vt 0.229197 0.481454
vt 0.226949 0.479994
vt 0.229197 0.481454
vt 0.229197 0.481454
vt 0.226949 0.479994
vt 0.228006 0.478925
vt 0.229197 0.481454
vt 0.228006 0.478925
vt 0.229197 0.481454
vt 0.229197 0.481454
vt 0.228006 0.478925
vt 0.229450 0.478534
vt 0.229197 0.481454
vt 0.229450 0.478534
vt 0.229197 0.481454
vt 0.229197 0.481454
vt 0.229450 0.478534
vt 0.230894 0.478925
vt 0.229197 0.481454
vt 0.230894 0.478925
vt 0.229197 0.481454
vt 0.229197 0.481454
vt 0.230894 0.478925
vt 0.231951 0.479994
vt 0.229197 0.481454
vt 0.231951 0.479994
vt 0.229197 0.481454
vt 0.229197 0.481454
vt 0.231951 0.479994
vt 0.232338 0.481454
vt 0.229197 0.481454
vt 0.232338 0.481454
vt 0.229197 0.481454
vt 0.229197 0.481454
vt 0.232338 0.481454
vt 0.231951 0.482915
vt 0.229197 0.481454
vt 0.231951 0.482915
vt 0.229197 0.481454
vt 0.229197 0.481454
vt 0.231951 0.482915
vt 0.230894 0.483984
vt 0.229197 0.481454
vt 0.230894 0.483984
vt 0.229197 0.481454
vt 0.229197 0.481454
vt 0.230894 0.483984
vt 0.229450 0.484375
vt 0.229197 0.481454
vt 0.229450 0.484375
vt 0.229197 0.481454
vt 0.229197 0.481454
vt 0.188178 0.481685
vt 0.188178 0.481685
vt 0.188969 0.484375
vt 0.689745 0.551516
vt 0.692117 0.549246
vt 0.692435 0.551144
vt 0.188178 0.481685
vt 0.188178 0.481685
vt 0.188098 0.484057
vt 0.689745 0.551516
vt 0.691223 0.547802
vt 0.692117 0.549246
vt 0.188178 0.481685
vt 0.188178 0.481685
vt 0.187560 0.483163
vt 0.689745 0.551516
vt 0.689992 0.547201
vt 0.691223 0.547802
vt 0.188178 0.481685
vt 0.188178 0.481685
vt 0.187500 0.481933
vt 0.689745 0.551516
vt 0.688755 0.547602
vt 0.689992 0.547201
vt 0.188178 0.481685
vt 0.188178 0.481685
vt 0.187933 0.480696
vt 0.689745 0.551516
vt 0.687843 0.548899
vt 0.688755 0.547602
vt 0.188178 0.481685
vt 0.188178 0.481685
vt 0.188744 0.479783
vt 0.689745 0.551516
vt 0.687500 0.550744
vt 0.687843 0.548899
vt 0.188178 0.481685
vt 0.188178 0.481685
vt 0.189715 0.479440
vt 0.689745 0.551516
vt 0.687818 0.552643
vt 0.687500 0.550744
vt 0.188178 0.481685
vt 0.188178 0.481685
vt 0.190586 0.479758
vt 0.689745 0.551516
vt 0.688712 0.554086
vt 0.687818 0.552643
vt 0.188178 0.481685
vt 0.188178 0.481685
vt 0.191124 0.480652
vt 0.689745 0.551516
vt 0.689942 0.554688
vt 0.688712 0.554086
vt 0.188178 0.481685
vt 0.188178 0.481685
vt 0.191184 0.481883
vt 0.689745 0.551516
vt 0.691179 0.554286
vt 0.689942 0.554688
vt 0.188178 0.481685
vt 0.188178 0.481685
vt 0.190751 0.483120
vt 0.689745 0.551516
vt 0.692092 0.552989
vt 0.691179 0.554286
vt 0.188178 0.481685
vt 0.188178 0.481685
vt 0.189940 0.484032
vt 0.689745 0.551516
vt 0.692435 0.551144
vt 0.692092 0.552989
vt 0.407121 0.682739
vt 0.406250 0.680840
vt 0.410202 0.681242
vt 0.406250 0.680840
vt 0.408504 0.677541
vt 0.410202 0.681242
vt 0.692117 0.549246
vt 0.691223 0.547802
vt 0.694814 0.545946
vt 0.691223 0.547802
vt 0.693071 0.543132
vt 0.694814 0.545946
vt 0.691223 0.547802
vt 0.689992 0.547201
vt 0.693071 0.543132
vt 0.689992 0.547201
vt 0.690672 0.541959
vt 0.693071 0.543132
vt 0.689992 0.547201
vt 0.688755 0.547602
vt 0.690672 0.541959
vt 0.688755 0.547602
vt 0.688260 0.542741
vt 0.690672 0.541959
vt 0.811130 0.679718
vt 0.810319 0.681015
vt 0.809032 0.674857
vt 0.810319 0.681015
vt 0.807452 0.677386
vt 0.809032 0.674857
vt 0.810319 0.681015
vt 0.809348 0.682860
vt 0.807452 0.677386
vt 0.809348 0.682860
vt 0.805558 0.680984
vt 0.807452 0.677386
vt 0.809348 0.682860
vt 0.808477 0.684759
vt 0.805558 0.680984
vt 0.808477 0.684759
vt 0.803859 0.684686
vt 0.805558 0.680984
vt 0.808477 0.684759
vt 0.807939 0.686202
vt 0.803859 0.684686
vt 0.807939 0.686202
vt 0.802811 0.687500
vt 0.803859 0.684686
vt 0.227746 0.554138
vt 0.227807 0.552908
vt 0.232874 0.554674
vt 0.227807 0.552908
vt 0.232992 0.552276
vt 0.232874 0.554674
vt 0.227807 0.552908
vt 0.227373 0.551671
vt 0.232992 0.552276
vt 0.227373 0.551671
vt 0.232147 0.549863
vt 0.232992 0.552276
vt 0.227373 0.551671
vt 0.226563 0.550758
vt 0.232147 0.549863
vt 0.226563 0.550758
vt 0.230566 0.548085
vt 0.232147 0.549863
vt 0.408092 0.684584
vt 0.407121 0.682739
vt 0.412096 0.684840
vt 0.407121 0.682739
vt 0.410202 0.681242
vt 0.412096 0.684840
vt 0.410202 0.681242
vt 0.408504 0.677541
vt 0.415419 0.678697
vt 0.408504 0.677541
vt 0.412978 0.673377
vt 0.415419 0.678697
vt 0.408504 0.677541
vt 0.407455 0.674726
vt 0.412978 0.673377
vt 0.407455 0.674726
vt 0.411471 0.669333
vt 0.412978 0.673377
vt 0.693071 0.543132
vt 0.690672 0.541959
vt 0.695198 0.537738
vt 0.690672 0.541959
vt 0.691750 0.536052
vt 0.695198 0.537738
vt 0.690672 0.541959
vt 0.688260 0.542741
vt 0.691750 0.536052
vt 0.688260 0.542741
vt 0.688284 0.537177
vt 0.691750 0.536052
vt 0.809032 0.674857
vt 0.807452 0.677386
vt 0.804699 0.669293
vt 0.807452 0.677386
vt 0.802427 0.672927
vt 0.804699 0.669293
vt 0.807452 0.677386
vt 0.805558 0.680984
vt 0.802427 0.672927
vt 0.805558 0.680984
vt 0.799706 0.678097
vt 0.802427 0.672927
vt 0.805558 0.680984
vt 0.803859 0.684686
vt 0.799706 0.678097
vt 0.803859 0.684686
vt 0.797265 0.683416
vt 0.799706 0.678097
vt 0.803859 0.684686
vt 0.802811 0.687500
vt 0.797265 0.683416
vt 0.802811 0.687500
vt 0.795758 0.687461
vt 0.797265 0.683416
vt 0.232874 0.554674
vt 0.232992 0.552276
vt 0.239927 0.554688
vt 0.232992 0.552276
vt 0.240096 0.551240
vt 0.239927 0.554688
vt 0.232992 0.552276
vt 0.232147 0.549863
vt 0.240096 0.551240
vt 0.232147 0.549863
vt 0.238882 0.547774
vt 0.240096 0.551240
vt 0.413677 0.687369
vt 0.412096 0.684840
vt 0.420411 0.687500
vt 0.412096 0.684840
vt 0.418140 0.683866
vt 0.420411 0.687500
vt 0.412096 0.684840
vt 0.410202 0.681242
vt 0.418140 0.683866
vt 0.410202 0.681242
vt 0.415419 0.678697
vt 0.418140 0.683866
vt 0.415419 0.678697
vt 0.412978 0.673377
vt 0.422509 0.675229
vt 0.412978 0.673377
vt 0.419448 0.668558
vt 0.422509 0.675229
vt 0.412978 0.673377
vt 0.411471 0.669333
vt 0.419448 0.668558
vt 0.411471 0.669333
vt 0.417558 0.663487
vt 0.419448 0.668558
vt 0.695198 0.537738
vt 0.691750 0.536052
vt 0.697495 0.531892
vt 0.691750 0.536052
vt 0.693172 0.529779
vt 0.697495 0.531892
vt 0.015625 0.519634
vt 0.016839 0.516168
vt 0.021669 0.521056
vt 0.016839 0.516168
vt 0.023192 0.516710
vt 0.021669 0.521056
vt 0.804699 0.669293
vt 0.802427 0.672927
vt 0.798346 0.663305
vt 0.802427 0.672927
vt 0.795498 0.667862
vt 0.798346 0.663305
vt 0.802427 0.672927
vt 0.799706 0.678097
vt 0.795498 0.667862
vt 0.799706 0.678097
vt 0.792086 0.674344
vt 0.795498 0.667862
vt 0.799706 0.678097
vt 0.797265 0.683416
vt 0.792086 0.674344
vt 0.797265 0.683416
vt 0.789025 0.681015
vt 0.792086 0.674344
vt 0.797265 0.683416
vt 0.795758 0.687461
vt 0.789025 0.681015
vt 0.795758 0.687461
vt 0.787135 0.686086
vt 0.789025 0.681015
vt 0.239927 0.554688
vt 0.240096 0.551240
vt 0.248550 0.554176
vt 0.240096 0.551240
vt 0.248762 0.549854
vt 0.248550 0.554176
vt 0.240096 0.551240
vt 0.238882 0.547774
vt 0.248762 0.549854
vt 0.238882 0.547774
vt 0.247240 0.545507
vt 0.248762 0.549854
vt 0.420411 0.687500
vt 0.418140 0.683866
vt 0.428769 0.686268
vt 0.418140 0.683866
vt 0.425921 0.681711
vt 0.428769 0.686268
vt 0.418140 0.683866
vt 0.415419 0.678697
vt 0.425921 0.681711
vt 0.415419 0.678697
vt 0.422509 0.675229
vt 0.425921 0.681711
vt 0.422509 0.675229
vt 0.419448 0.668558
vt 0.431117 0.671013
vt 0.419448 0.668558
vt 0.427589 0.663326
vt 0.431117 0.671013
vt 0.419448 0.668558
vt 0.417558 0.663487
vt 0.427589 0.663326
vt 0.417558 0.663487
vt 0.425412 0.657482
vt 0.427589 0.663326
vt 0.021881 0.525379
vt 0.021669 0.521056
vt 0.029735 0.527732
vt 0.021669 0.521056
vt 0.029490 0.522751
vt 0.029735 0.527732
vt 0.021669 0.521056
vt 0.023192 0.516710
vt 0.029490 0.522751
vt 0.023192 0.516710
vt 0.031245 0.517742
vt 0.029490 0.522751
vt 0.798346 0.663305
vt 0.795498 0.667862
vt 0.790293 0.657193
vt 0.795498 0.667862
vt 0.787010 0.662444
vt 0.790293 0.657193
vt 0.795498 0.667862
vt 0.792086 0.674344
vt 0.787010 0.662444
vt 0.792086 0.674344
vt 0.783079 0.669914
vt 0.787010 0.662444
vt 0.792086 0.674344
vt 0.789025 0.681015
vt 0.783079 0.669914
vt 0.789025 0.681015
vt 0.779551 0.677601
vt 0.783079 0.669914
vt 0.789025 0.681015
vt 0.787135 0.686086
vt 0.779551 0.677601
vt 0.787135 0.686086
vt 0.777374 0.683445
vt 0.779551 0.677601
vt 0.248550 0.554176
vt 0.248762 0.549854
vt 0.258311 0.553167
vt 0.248762 0.549854
vt 0.258556 0.548186
vt 0.258311 0.553167
vt 0.248762 0.549854
vt 0.247240 0.545507
vt 0.258556 0.548186
vt 0.247240 0.545507
vt 0.256801 0.543177
vt 0.258556 0.548186
vt 0.428769 0.686268
vt 0.425921 0.681711
vt 0.438331 0.683734
vt 0.425921 0.681711
vt 0.435048 0.678483
vt 0.438331 0.683734
vt 0.425921 0.681711
vt 0.422509 0.675229
vt 0.435048 0.678483
vt 0.422509 0.675229
vt 0.431117 0.671013
vt 0.435048 0.678483
vt 0.431117 0.671013
vt 0.427589 0.663326
vt 0.440811 0.666260
vt 0.427589 0.663326
vt 0.436994 0.657942
vt 0.440811 0.666260
vt 0.427589 0.663326
vt 0.425412 0.657482
vt 0.436994 0.657942
vt 0.425412 0.657482
vt 0.434638 0.651618
vt 0.436994 0.657942
vt 0.029735 0.527732
vt 0.029490 0.522751
vt 0.038961 0.530024
vt 0.029490 0.522751
vt 0.038696 0.524634
vt 0.038961 0.530024
vt 0.029490 0.522751
vt 0.031245 0.517742
vt 0.038696 0.524634
vt 0.031245 0.517742
vt 0.040595 0.519214
vt 0.038696 0.524634
vt 0.790293 0.657193
vt 0.787010 0.662444
vt 0.780943 0.651263
vt 0.787010 0.662444
vt 0.777391 0.656945
vt 0.780943 0.651263
vt 0.787010 0.662444
vt 0.783079 0.669914
vt 0.777391 0.656945
vt 0.783079 0.669914
vt 0.773136 0.665029
vt 0.777391 0.656945
vt 0.783079 0.669914
vt 0.779551 0.677601
vt 0.773136 0.665029
vt 0.779551 0.677601
vt 0.769320 0.673347
vt 0.773136 0.665029
vt 0.779551 0.677601
vt 0.777374 0.683445
vt 0.769320 0.673347
vt 0.777374 0.683445
vt 0.766963 0.679671
vt 0.769320 0.673347
vt 0.258311 0.553167
vt 0.258556 0.548186
vt 0.268722 0.551710
vt 0.258556 0.548186
vt 0.268986 0.546319
vt 0.268722 0.551710
vt 0.258556 0.548186
vt 0.256801 0.543177
vt 0.268986 0.546319
vt 0.256801 0.543177
vt 0.267088 0.540900
vt 0.268986 0.546319
vt 0.438331 0.683734
vt 0.435048 0.678483
vt 0.448618 0.680026
vt 0.435048 0.678483
vt 0.445065 0.674343
vt 0.448618 0.680026
vt 0.435048 0.678483
vt 0.431117 0.671013
vt 0.445065 0.674343
vt 0.431117 0.671013
vt 0.440811 0.666260
vt 0.445065 0.674343
vt 0.440811 0.666260
vt 0.436994 0.657942
vt 0.451105 0.661209
vt 0.436994 0.657942
vt 0.447190 0.652677
vt 0.451105 0.661209
vt 0.436994 0.657942
vt 0.434638 0.651618
vt 0.447190 0.652677
vt 0.434638 0.651618
vt 0.444773 0.646191
vt 0.447190 0.652677
vt 0.038961 0.530024
vt 0.038696 0.524634
vt 0.049096 0.532139
vt 0.038696 0.524634
vt 0.048825 0.526610
vt 0.049096 0.532139
vt 0.038696 0.524634
vt 0.040595 0.519214
vt 0.048825 0.526610
vt 0.040595 0.519214
vt 0.050772 0.521051
vt 0.048825 0.526610
vt 0.780943 0.651263
vt 0.777391 0.656945
vt 0.770766 0.645813
vt 0.777391 0.656945
vt 0.767122 0.651641
vt 0.770766 0.645813
vt 0.777391 0.656945
vt 0.773136 0.665029
vt 0.767122 0.651641
vt 0.773136 0.665029
vt 0.762758 0.659932
vt 0.767122 0.651641
vt 0.773136 0.665029
vt 0.769320 0.673347
vt 0.762758 0.659932
vt 0.769320 0.673347
vt 0.758843 0.668464
vt 0.762758 0.659932
vt 0.769320 0.673347
vt 0.766963 0.679671
vt 0.758843 0.668464
vt 0.766963 0.679671
vt 0.756426 0.674951
vt 0.758843 0.668464
vt 0.268722 0.551710
vt 0.268986 0.546319
vt 0.279259 0.549877
vt 0.268986 0.546319
vt 0.279530 0.544349
vt 0.279259 0.549877
vt 0.268986 0.546319
vt 0.267088 0.540900
vt 0.279530 0.544349
vt 0.267088 0.540900
vt 0.277583 0.538789
vt 0.279530 0.544349
vt 0.448618 0.680026
vt 0.445065 0.674343
vt 0.459113 0.675329
vt 0.445065 0.674343
vt 0.455469 0.669500
vt 0.459113 0.675329
vt 0.445065 0.674343
vt 0.440811 0.666260
vt 0.455469 0.669500
vt 0.440811 0.666260
vt 0.451105 0.661209
vt 0.455469 0.669500
vt 0.451105 0.661209
vt 0.447190 0.652677
vt 0.464377 0.654695
vt 0.447190 0.652677
vt 0.460462 0.646163
vt 0.464377 0.654695
vt 0.447190 0.652677
vt 0.444773 0.646191
vt 0.460462 0.646163
vt 0.444773 0.646191
vt 0.458045 0.639676
vt 0.460462 0.646163
vt 0.049096 0.532139
vt 0.048825 0.526610
vt 0.062368 0.534673
vt 0.048825 0.526610
vt 0.062097 0.529144
vt 0.062368 0.534673
vt 0.048825 0.526610
vt 0.050772 0.521051
vt 0.062097 0.529144
vt 0.050772 0.521051
vt 0.064044 0.523585
vt 0.062097 0.529144
vt 0.770766 0.645813
vt 0.767122 0.651641
vt 0.757494 0.639299
vt 0.767122 0.651641
vt 0.753850 0.645127
vt 0.757494 0.639299
vt 0.767122 0.651641
vt 0.762758 0.659932
vt 0.753850 0.645127
vt 0.762758 0.659932
vt 0.749486 0.653418
vt 0.753850 0.645127
vt 0.762758 0.659932
vt 0.758843 0.668464
vt 0.749486 0.653418
vt 0.758843 0.668464
vt 0.745571 0.661950
vt 0.749486 0.653418
vt 0.758843 0.668464
vt 0.756426 0.674951
vt 0.745571 0.661950
vt 0.756426 0.674951
vt 0.743154 0.668437
vt 0.745571 0.661950
vt 0.279259 0.549877
vt 0.279530 0.544349
vt 0.292531 0.547343
vt 0.279530 0.544349
vt 0.292802 0.541815
vt 0.292531 0.547343
vt 0.279530 0.544349
vt 0.277583 0.538789
vt 0.292802 0.541815
vt 0.277583 0.538789
vt 0.290855 0.536255
vt 0.292802 0.541815
vt 0.459113 0.675329
vt 0.455469 0.669500
vt 0.472385 0.668814
vt 0.455469 0.669500
vt 0.468741 0.662986
vt 0.472385 0.668814
vt 0.455469 0.669500
vt 0.451105 0.661209
vt 0.468741 0.662986
vt 0.451105 0.661209
vt 0.464377 0.654695
vt 0.468741 0.662986
vt 0.464377 0.654695
vt 0.460462 0.646163
vt 0.477649 0.648181
vt 0.460462 0.646163
vt 0.473734 0.639649
vt 0.477649 0.648181
vt 0.460462 0.646163
vt 0.458045 0.639676
vt 0.473734 0.639649
vt 0.458045 0.639676
vt 0.471317 0.633162
vt 0.473734 0.639649
vt 0.062368 0.534673
vt 0.062097 0.529144
vt 0.075640 0.537207
vt 0.062097 0.529144
vt 0.075369 0.531678
vt 0.075640 0.537207
vt 0.062097 0.529144
vt 0.064044 0.523585
vt 0.075369 0.531678
vt 0.064044 0.523585
vt 0.077316 0.526119
vt 0.075369 0.531678
vt 0.757494 0.639299
vt 0.753850 0.645127
vt 0.744222 0.632784
vt 0.753850 0.645127
vt 0.740578 0.638613
vt 0.744222 0.632784
vt 0.753850 0.645127
vt 0.749486 0.653418
vt 0.740578 0.638613
vt 0.749486 0.653418
vt 0.736214 0.646904
vt 0.740578 0.638613
vt 0.749486 0.653418
vt 0.745571 0.661950
vt 0.736214 0.646904
vt 0.745571 0.661950
vt 0.732299 0.655436
vt 0.736214 0.646904
vt 0.745571 0.661950
vt 0.743154 0.668437
vt 0.732299 0.655436
vt 0.743154 0.668437
vt 0.729883 0.661922
vt 0.732299 0.655436
vt 0.292531 0.547343
vt 0.292802 0.541815
vt 0.305802 0.544809
vt 0.292802 0.541815
vt 0.306074 0.539281
vt 0.305802 0.544809
vt 0.292802 0.541815
vt 0.290855 0.536255
vt 0.306074 0.539281
vt 0.290855 0.536255
vt 0.304127 0.533721
vt 0.306074 0.539281
vt 0.472385 0.668814
vt 0.468741 0.662986
vt 0.485656 0.662300
vt 0.468741 0.662986
vt 0.482013 0.656472
vt 0.485656 0.662300
vt 0.468741 0.662986
vt 0.464377 0.654695
vt 0.482013 0.656472
vt 0.464377 0.654695
vt 0.477649 0.648181
vt 0.482013 0.656472
vt 0.477649 0.648181
vt 0.473734 0.639649
vt 0.490921 0.641666
vt 0.473734 0.639649
vt 0.487006 0.633134
vt 0.490921 0.641666
vt 0.473734 0.639649
vt 0.471317 0.633162
vt 0.487006 0.633134
vt 0.471317 0.633162
vt 0.484589 0.626648
vt 0.487006 0.633134
vt 0.075640 0.537207
vt 0.075369 0.531678
vt 0.088912 0.539741
vt 0.075369 0.531678
vt 0.088641 0.534212
vt 0.088912 0.539741
vt 0.075369 0.531678
vt 0.077316 0.526119
vt 0.088641 0.534212
vt 0.077316 0.526119
vt 0.090588 0.528653
vt 0.088641 0.534212
vt 0.744222 0.632784
vt 0.740578 0.638613
vt 0.730950 0.626270
vt 0.740578 0.638613
vt 0.727306 0.632098
vt 0.730950 0.626270
vt 0.740578 0.638613
vt 0.736214 0.646904
vt 0.727306 0.632098
vt 0.736214 0.646904
vt 0.722943 0.640389
vt 0.727306 0.632098
vt 0.736214 0.646904
vt 0.732299 0.655436
vt 0.722943 0.640389
vt 0.732299 0.655436
vt 0.719028 0.648921
vt 0.722943 0.640389
vt 0.732299 0.655436
vt 0.729883 0.661922
vt 0.719028 0.648921
vt 0.729883 0.661922
vt 0.716611 0.655408
vt 0.719028 0.648921
vt 0.305802 0.544809
vt 0.306074 0.539281
vt 0.319074 0.542275
vt 0.306074 0.539281
vt 0.319346 0.536746
vt 0.319074 0.542275
vt 0.306074 0.539281
vt 0.304127 0.533721
vt 0.319346 0.536746
vt 0.304127 0.533721
vt 0.317399 0.531187
vt 0.319346 0.536746
vt 0.485656 0.662300
vt 0.482013 0.656472
vt 0.498928 0.655786
vt 0.482013 0.656472
vt 0.495285 0.649957
vt 0.498928 0.655786
vt 0.482013 0.656472
vt 0.477649 0.648181
vt 0.495285 0.649957
vt 0.477649 0.648181
vt 0.490921 0.641666
vt 0.495285 0.649957
vt 0.490921 0.641666
vt 0.487006 0.633134
vt 0.504193 0.635152
vt 0.487006 0.633134
vt 0.500278 0.626620
vt 0.504193 0.635152
vt 0.487006 0.633134
vt 0.484589 0.626648
vt 0.500278 0.626620
vt 0.484589 0.626648
vt 0.497861 0.620133
vt 0.500278 0.626620
vt 0.088912 0.539741
vt 0.088641 0.534212
vt 0.102184 0.542275
vt 0.088641 0.534212
vt 0.101913 0.536746
vt 0.102184 0.542275
vt 0.088641 0.534212
vt 0.090588 0.528653
vt 0.101913 0.536746
vt 0.090588 0.528653
vt 0.103860 0.531187
vt 0.101913 0.536746
vt 0.730950 0.626270
vt 0.727306 0.632098
vt 0.717678 0.619756
vt 0.727306 0.632098
vt 0.714035 0.625584
vt 0.717678 0.619756
vt 0.727306 0.632098
vt 0.722943 0.640389
vt 0.714035 0.625584
vt 0.722943 0.640389
vt 0.709671 0.633875
vt 0.714035 0.625584
vt 0.722943 0.640389
vt 0.719028 0.648921
vt 0.709671 0.633875
vt 0.719028 0.648921
vt 0.705756 0.642407
vt 0.709671 0.633875
vt 0.719028 0.648921
vt 0.716611 0.655408
vt 0.705756 0.642407
vt 0.716611 0.655408
vt 0.703339 0.648894
vt 0.705756 0.642407
vt 0.319074 0.542275
vt 0.319346 0.536746
vt 0.332346 0.539741
vt 0.319346 0.536746
vt 0.332617 0.534212
vt 0.332346 0.539741
vt 0.319346 0.536746
vt 0.317399 0.531187
vt 0.332617 0.534212
vt 0.317399 0.531187
vt 0.330670 0.528653
vt 0.332617 0.534212
vt 0.498928 0.655786
vt 0.495285 0.649957
vt 0.512200 0.649271
vt 0.495285 0.649957
vt 0.508556 0.643443
vt 0.512200 0.649271
vt 0.495285 0.649957
vt 0.490921 0.641666
vt 0.508556 0.643443
vt 0.490921 0.641666
vt 0.504193 0.635152
vt 0.508556 0.643443
vt 0.504193 0.635152
vt 0.500278 0.626620
vt 0.517464 0.628638
vt 0.500278 0.626620
vt 0.513549 0.620106
vt 0.517464 0.628638
vt 0.500278 0.626620
vt 0.497861 0.620133
vt 0.513549 0.620106
vt 0.497861 0.620133
vt 0.511133 0.613619
vt 0.513549 0.620106
vt 0.102184 0.542275
vt 0.101913 0.536746
vt 0.115456 0.544809
vt 0.101913 0.536746
vt 0.115184 0.539281
vt 0.115456 0.544809
vt 0.101913 0.536746
vt 0.103860 0.531187
vt 0.115184 0.539281
vt 0.103860 0.531187
vt 0.117131 0.533721
vt 0.115184 0.539281
vt 0.717678 0.619756
vt 0.714035 0.625584
vt 0.704406 0.613241
vt 0.714035 0.625584
vt 0.700763 0.619070
vt 0.704406 0.613241
vt 0.714035 0.625584
vt 0.709671 0.633875
vt 0.700763 0.619070
vt 0.709671 0.633875
vt 0.696399 0.627361
vt 0.700763 0.619070
vt 0.709671 0.633875
vt 0.705756 0.642407
vt 0.696399 0.627361
vt 0.705756 0.642407
vt 0.692484 0.635893
vt 0.696399 0.627361
vt 0.705756 0.642407
vt 0.703339 0.648894
vt 0.692484 0.635893
vt 0.703339 0.648894
vt 0.690067 0.642379
vt 0.692484 0.635893
vt 0.332346 0.539741
vt 0.332617 0.534212
vt 0.345618 0.537207
vt 0.332617 0.534212
vt 0.345889 0.531678
vt 0.345618 0.537207
vt 0.332617 0.534212
vt 0.330670 0.528653
vt 0.345889 0.531678
vt 0.330670 0.528653
vt 0.343942 0.526119
vt 0.345889 0.531678
vt 0.512200 0.649271
vt 0.508556 0.643443
vt 0.525472 0.642757
vt 0.508556 0.643443
vt 0.521828 0.636929
vt 0.525472 0.642757
vt 0.508556 0.643443
vt 0.504193 0.635152
vt 0.521828 0.636929
vt 0.504193 0.635152
vt 0.517464 0.628638
vt 0.521828 0.636929
vt 0.517464 0.628638
vt 0.513549 0.620106
vt 0.530736 0.622123
vt 0.513549 0.620106
vt 0.526821 0.613591
vt 0.530736 0.622123
vt 0.513549 0.620106
vt 0.511133 0.613619
vt 0.526821 0.613591
vt 0.511133 0.613619
vt 0.524404 0.607105
vt 0.526821 0.613591
vt 0.115456 0.544809
vt 0.115184 0.539281
vt 0.128728 0.547343
vt 0.115184 0.539281
vt 0.128456 0.541815
vt 0.128728 0.547343
vt 0.115184 0.539281
vt 0.117131 0.533721
vt 0.128456 0.541815
vt 0.117131 0.533721
vt 0.130403 0.536255
vt 0.128456 0.541815
vt 0.704406 0.613241
vt 0.700763 0.619070
vt 0.691135 0.606727
vt 0.700763 0.619070
vt 0.687491 0.612555
vt 0.691135 0.606727
vt 0.700763 0.619070
vt 0.696399 0.627361
vt 0.687491 0.612555
vt 0.696399 0.627361
vt 0.683127 0.620846
vt 0.687491 0.612555
vt 0.696399 0.627361
vt 0.692484 0.635893
vt 0.683127 0.620846
vt 0.692484 0.635893
vt 0.679212 0.629378
vt 0.683127 0.620846
vt 0.692484 0.635893
vt 0.690067 0.642379
vt 0.679212 0.629378
vt 0.690067 0.642379
vt 0.676795 0.635865
vt 0.679212 0.629378
vt 0.345618 0.537207
vt 0.345889 0.531678
vt 0.358890 0.534673
vt 0.345889 0.531678
vt 0.359161 0.529144
vt 0.358890 0.534673
vt 0.345889 0.531678
vt 0.343942 0.526119
vt 0.359161 0.529144
vt 0.343942 0.526119
vt 0.357214 0.523585
vt 0.359161 0.529144
vt 0.525472 0.642757
vt 0.521828 0.636929
vt 0.538744 0.636243
vt 0.521828 0.636929
vt 0.535100 0.630414
vt 0.538744 0.636243
vt 0.521828 0.636929
vt 0.517464 0.628638
vt 0.535100 0.630414
vt 0.517464 0.628638
vt 0.530736 0.622123
vt 0.535100 0.630414
vt 0.530736 0.622123
vt 0.526821 0.613591
vt 0.544008 0.615609
vt 0.526821 0.613591
vt 0.540093 0.607077
vt 0.544008 0.615609
vt 0.526821 0.613591
vt 0.524404 0.607105
vt 0.540093 0.607077
vt 0.524404 0.607105
vt 0.537676 0.600590
vt 0.540093 0.607077
vt 0.128728 0.547343
vt 0.128456 0.541815
vt 0.141999 0.549877
vt 0.128456 0.541815
vt 0.141728 0.544349
vt 0.141999 0.549877
vt 0.128456 0.541815
vt 0.130403 0.536255
vt 0.141728 0.544349
vt 0.130403 0.536255
vt 0.143675 0.538789
vt 0.141728 0.544349
vt 0.691135 0.606727
vt 0.687491 0.612555
vt 0.677863 0.600213
vt 0.687491 0.612555
vt 0.674219 0.606041
vt 0.677863 0.600213
vt 0.687491 0.612555
vt 0.683127 0.620846
vt 0.674219 0.606041
vt 0.683127 0.620846
vt 0.669855 0.614332
vt 0.674219 0.606041
vt 0.683127 0.620846
vt 0.679212 0.629378
vt 0.669855 0.614332
vt 0.679212 0.629378
vt 0.665940 0.622864
vt 0.669855 0.614332
vt 0.679212 0.629378
vt 0.676795 0.635865
vt 0.665940 0.622864
vt 0.676795 0.635865
vt 0.663523 0.629351
vt 0.665940 0.622864
vt 0.358890 0.534673
vt 0.359161 0.529144
vt 0.372162 0.532139
vt 0.359161 0.529144
vt 0.372433 0.526610
vt 0.372162 0.532139
vt 0.359161 0.529144
vt 0.357214 0.523585
vt 0.372433 0.526610
vt 0.357214 0.523585
vt 0.370486 0.521051
vt 0.372433 0.526610
vt 0.538744 0.636243
vt 0.535100 0.630414
vt 0.552016 0.629728
vt 0.535100 0.630414
vt 0.548372 0.623900
vt 0.552016 0.629728
vt 0.535100 0.630414
vt 0.530736 0.622123
vt 0.548372 0.623900
vt 0.530736 0.622123
vt 0.544008 0.615609
vt 0.548372 0.623900
vt 0.544008 0.615609
vt 0.540093 0.607077
vt 0.554386 0.610513
vt 0.540093 0.607077
vt 0.550570 0.602195
vt 0.554386 0.610513
vt 0.540093 0.607077
vt 0.537676 0.600590
vt 0.550570 0.602195
vt 0.537676 0.600590
vt 0.548213 0.595871
vt 0.550570 0.602195
vt 0.141999 0.549877
vt 0.141728 0.544349
vt 0.152537 0.551710
vt 0.141728 0.544349
vt 0.152272 0.546319
vt 0.152537 0.551710
vt 0.141728 0.544349
vt 0.143675 0.538789
vt 0.152272 0.546319
vt 0.143675 0.538789
vt 0.154170 0.540900
vt 0.152272 0.546319
vt 0.677863 0.600213
vt 0.674219 0.606041
vt 0.667368 0.595516
vt 0.674219 0.606041
vt 0.663815 0.601198
vt 0.667368 0.595516
vt 0.674219 0.606041
vt 0.669855 0.614332
vt 0.663815 0.601198
vt 0.669855 0.614332
vt 0.659561 0.609281
vt 0.663815 0.601198
vt 0.669855 0.614332
vt 0.665940 0.622864
vt 0.659561 0.609281
vt 0.665940 0.622864
vt 0.655744 0.617599
vt 0.659561 0.609281
vt 0.665940 0.622864
vt 0.663523 0.629351
vt 0.655744 0.617599
vt 0.663523 0.629351
vt 0.653388 0.623923
vt 0.655744 0.617599
vt 0.372162 0.532139
vt 0.372433 0.526610
vt 0.382297 0.530024
vt 0.372433 0.526610
vt 0.382562 0.524634
vt 0.382297 0.530024
vt 0.372433 0.526610
vt 0.370486 0.521051
vt 0.382562 0.524634
vt 0.370486 0.521051
vt 0.380664 0.519214
vt 0.382562 0.524634
vt 0.552016 0.629728
vt 0.548372 0.623900
vt 0.562193 0.624278
vt 0.548372 0.623900
vt 0.558641 0.618596
vt 0.562193 0.624278
vt 0.548372 0.623900
vt 0.544008 0.615609
vt 0.558641 0.618596
vt 0.544008 0.615609
vt 0.554386 0.610513
vt 0.558641 0.618596
vt 0.554386 0.610513
vt 0.550570 0.602195
vt 0.564329 0.605627
vt 0.550570 0.602195
vt 0.560801 0.597940
vt 0.564329 0.605627
vt 0.550570 0.602195
vt 0.548213 0.595871
vt 0.560801 0.597940
vt 0.548213 0.595871
vt 0.558624 0.592096
vt 0.560801 0.597940
vt 0.152537 0.551710
vt 0.152272 0.546319
vt 0.162947 0.553167
vt 0.152272 0.546319
vt 0.162703 0.548186
vt 0.162947 0.553167
vt 0.152272 0.546319
vt 0.154170 0.540900
vt 0.162703 0.548186
vt 0.154170 0.540900
vt 0.164457 0.543177
vt 0.162703 0.548186
vt 0.667368 0.595516
vt 0.663815 0.601198
vt 0.657081 0.591807
vt 0.663815 0.601198
vt 0.653798 0.597059
vt 0.657081 0.591807
vt 0.663815 0.601198
vt 0.659561 0.609281
vt 0.653798 0.597059
vt 0.659561 0.609281
vt 0.649867 0.604529
vt 0.653798 0.597059
vt 0.659561 0.609281
vt 0.655744 0.617599
vt 0.649867 0.604529
vt 0.655744 0.617599
vt 0.646339 0.612216
vt 0.649867 0.604529
vt 0.655744 0.617599
vt 0.653388 0.623923
vt 0.646339 0.612216
vt 0.653388 0.623923
vt 0.644162 0.618060
vt 0.646339 0.612216
vt 0.382297 0.530024
vt 0.382562 0.524634
vt 0.391523 0.527732
vt 0.382562 0.524634
vt 0.391768 0.522751
vt 0.391523 0.527732
vt 0.382562 0.524634
vt 0.380664 0.519214
vt 0.391768 0.522751
vt 0.380664 0.519214
vt 0.390013 0.517742
vt 0.391768 0.522751
vt 0.562193 0.624278
vt 0.558641 0.618596
vt 0.571543 0.618348
vt 0.558641 0.618596
vt 0.568260 0.613097
vt 0.571543 0.618348
vt 0.558641 0.618596
vt 0.554386 0.610513
vt 0.568260 0.613097
vt 0.554386 0.610513
vt 0.564329 0.605627
vt 0.568260 0.613097
vt 0.564329 0.605627
vt 0.560801 0.597940
vt 0.573336 0.601197
vt 0.560801 0.597940
vt 0.570275 0.594527
vt 0.573336 0.601197
vt 0.560801 0.597940
vt 0.558624 0.592096
vt 0.570275 0.594527
vt 0.558624 0.592096
vt 0.568385 0.589455
vt 0.570275 0.594527
vt 0.162947 0.553167
vt 0.162703 0.548186
vt 0.172708 0.554176
vt 0.162703 0.548186
vt 0.172496 0.549854
vt 0.172708 0.554176
vt 0.162703 0.548186
vt 0.164457 0.543177
vt 0.172496 0.549854
vt 0.164457 0.543177
vt 0.174019 0.545507
vt 0.172496 0.549854
vt 0.657081 0.591807
vt 0.653798 0.597059
vt 0.647519 0.589273
vt 0.653798 0.597059
vt 0.644671 0.593830
vt 0.647519 0.589273
vt 0.653798 0.597059
vt 0.649867 0.604529
vt 0.644671 0.593830
vt 0.649867 0.604529
vt 0.641259 0.600313
vt 0.644671 0.593830
vt 0.649867 0.604529
vt 0.646339 0.612216
vt 0.641259 0.600313
vt 0.646339 0.612216
vt 0.638198 0.606983
vt 0.641259 0.600313
vt 0.646339 0.612216
vt 0.644162 0.618060
vt 0.638198 0.606983
vt 0.644162 0.618060
vt 0.636308 0.612055
vt 0.638198 0.606983
vt 0.391523 0.527732
vt 0.391768 0.522751
vt 0.399377 0.525379
vt 0.391768 0.522751
vt 0.399589 0.521056
vt 0.399377 0.525379
vt 0.391768 0.522751
vt 0.390013 0.517742
vt 0.399589 0.521056
vt 0.390013 0.517742
vt 0.398067 0.516710
vt 0.399589 0.521056
vt 0.571543 0.618348
vt 0.568260 0.613097
vt 0.579596 0.612236
vt 0.568260 0.613097
vt 0.576748 0.607679
vt 0.579596 0.612236
vt 0.568260 0.613097
vt 0.564329 0.605627
vt 0.576748 0.607679
vt 0.564329 0.605627
vt 0.573336 0.601197
vt 0.576748 0.607679
vt 0.573336 0.601197
vt 0.570275 0.594527
vt 0.580956 0.597444
vt 0.570275 0.594527
vt 0.578515 0.592125
vt 0.580956 0.597444
vt 0.570275 0.594527
vt 0.568385 0.589455
vt 0.578515 0.592125
vt 0.568385 0.589455
vt 0.577008 0.588081
vt 0.578515 0.592125
vt 0.172708 0.554176
vt 0.172496 0.549854
vt 0.181332 0.554688
vt 0.172496 0.549854
vt 0.181162 0.551240
vt 0.181332 0.554688
vt 0.172496 0.549854
vt 0.174019 0.545507
vt 0.181162 0.551240
vt 0.174019 0.545507
vt 0.182376 0.547774
vt 0.181162 0.551240
vt 0.647519 0.589273
vt 0.644671 0.593830
vt 0.639161 0.588041
vt 0.644671 0.593830
vt 0.636890 0.591675
vt 0.639161 0.588041
vt 0.644671 0.593830
vt 0.641259 0.600313
vt 0.636890 0.591675
vt 0.641259 0.600313
vt 0.634169 0.596845
vt 0.636890 0.591675
vt 0.641259 0.600313
vt 0.638198 0.606983
vt 0.634169 0.596845
vt 0.638198 0.606983
vt 0.631728 0.602164
vt 0.634169 0.596845
vt 0.638198 0.606983
vt 0.636308 0.612055
vt 0.631728 0.602164
vt 0.636308 0.612055
vt 0.630221 0.606209
vt 0.631728 0.602164
vt 0.447495 0.552574
vt 0.443172 0.554688
vt 0.445197 0.546728
vt 0.443172 0.554688
vt 0.441750 0.548414
vt 0.445197 0.546728
vt 0.399589 0.521056
vt 0.398067 0.516710
vt 0.405633 0.519634
vt 0.398067 0.516710
vt 0.404419 0.516168
vt 0.405633 0.519634
vt 0.579596 0.612236
vt 0.576748 0.607679
vt 0.585949 0.606248
vt 0.576748 0.607679
vt 0.583677 0.602614
vt 0.585949 0.606248
vt 0.576748 0.607679
vt 0.573336 0.601197
vt 0.583677 0.602614
vt 0.573336 0.601197
vt 0.580956 0.597444
vt 0.583677 0.602614
vt 0.580956 0.597444
vt 0.578515 0.592125
vt 0.586808 0.594558
vt 0.578515 0.592125
vt 0.585109 0.590856
vt 0.586808 0.594558
vt 0.578515 0.592125
vt 0.577008 0.588081
vt 0.585109 0.590856
vt 0.577008 0.588081
vt 0.584061 0.588041
vt 0.585109 0.590856
vt 0.181332 0.554688
vt 0.181162 0.551240
vt 0.188384 0.554674
vt 0.181162 0.551240
vt 0.188266 0.552276
vt 0.188384 0.554674
vt 0.181162 0.551240
vt 0.182376 0.547774
vt 0.188266 0.552276
vt 0.182376 0.547774
vt 0.189111 0.549863
vt 0.188266 0.552276
vt 0.639161 0.588041
vt 0.636890 0.591675
vt 0.632427 0.588173
vt 0.636890 0.591675
vt 0.630846 0.590702
vt 0.632427 0.588173
vt 0.636890 0.591675
vt 0.634169 0.596845
vt 0.630846 0.590702
vt 0.634169 0.596845
vt 0.628952 0.594299
vt 0.630846 0.590702
vt 0.634169 0.596845
vt 0.631728 0.602164
vt 0.628952 0.594299
vt 0.631728 0.602164
vt 0.627254 0.598001
vt 0.628952 0.594299
vt 0.631728 0.602164
vt 0.630221 0.606209
vt 0.627254 0.598001
vt 0.630221 0.606209
vt 0.626205 0.600815
vt 0.627254 0.598001
vt 0.445197 0.546728
vt 0.441750 0.548414
vt 0.443071 0.541334
vt 0.441750 0.548414
vt 0.440672 0.542507
vt 0.443071 0.541334
vt 0.441750 0.548414
vt 0.438284 0.547289
vt 0.440672 0.542507
vt 0.438284 0.547289
vt 0.438260 0.541725
vt 0.440672 0.542507
vt 0.585949 0.606248
vt 0.583677 0.602614
vt 0.590282 0.600684
vt 0.583677 0.602614
vt 0.588702 0.598155
vt 0.590282 0.600684
vt 0.583677 0.602614
vt 0.580956 0.597444
vt 0.588702 0.598155
vt 0.580956 0.597444
vt 0.586808 0.594558
vt 0.588702 0.598155
vt 0.586808 0.594558
vt 0.585109 0.590856
vt 0.590598 0.592681
vt 0.585109 0.590856
vt 0.589727 0.590783
vt 0.590598 0.592681
vt 0.585109 0.590856
vt 0.584061 0.588041
vt 0.589727 0.590783
vt 0.584061 0.588041
vt 0.589189 0.589339
vt 0.589727 0.590783
vt 0.188384 0.554674
vt 0.188266 0.552276
vt 0.193512 0.554138
vt 0.188266 0.552276
vt 0.193452 0.552908
vt 0.193512 0.554138
vt 0.188266 0.552276
vt 0.189111 0.549863
vt 0.193452 0.552908
vt 0.189111 0.549863
vt 0.193885 0.551671
vt 0.193452 0.552908
vt 0.189111 0.549863
vt 0.190692 0.548085
vt 0.193885 0.551671
vt 0.190692 0.548085
vt 0.194696 0.550758
vt 0.193885 0.551671
vt 0.630846 0.590702
vt 0.628952 0.594299
vt 0.626842 0.590958
vt 0.628952 0.594299
vt 0.625871 0.592803
vt 0.626842 0.590958
vt 0.628952 0.594299
vt 0.627254 0.598001
vt 0.625871 0.592803
vt 0.627254 0.598001
vt 0.625000 0.594701
vt 0.625871 0.592803
vt 0.444814 0.538520
vt 0.443071 0.541334
vt 0.442117 0.535220
vt 0.443071 0.541334
vt 0.441223 0.536664
vt 0.442117 0.535220
vt 0.443071 0.541334
vt 0.440672 0.542507
vt 0.441223 0.536664
vt 0.440672 0.542507
vt 0.439992 0.537265
vt 0.441223 0.536664
vt 0.440672 0.542507
vt 0.438260 0.541725
vt 0.439992 0.537265
vt 0.438260 0.541725
vt 0.438755 0.536864
vt 0.439992 0.537265
vt 0.590282 0.600684
vt 0.588702 0.598155
vt 0.592380 0.595823
vt 0.588702 0.598155
vt 0.591569 0.594526
vt 0.592380 0.595823
vt 0.588702 0.598155
vt 0.586808 0.594558
vt 0.591569 0.594526
vt 0.586808 0.594558
vt 0.590598 0.592681
vt 0.591569 0.594526
vt 0.437500 0.533722
vt 0.437818 0.531824
vt 0.439745 0.532950
vt 0.149036 0.484057
vt 0.151444 0.482130
vt 0.151444 0.482130
vt 0.437818 0.531824
vt 0.438712 0.530380
vt 0.439745 0.532950
vt 0.148498 0.483163
vt 0.151444 0.482130
vt 0.151444 0.482130
vt 0.438712 0.530380
vt 0.439942 0.529779
vt 0.439745 0.532950
vt 0.148438 0.481933
vt 0.151444 0.482130
vt 0.151444 0.482130
vt 0.439942 0.529779
vt 0.441179 0.530180
vt 0.439745 0.532950
vt 0.148871 0.480696
vt 0.151444 0.482130
vt 0.151444 0.482130
vt 0.441179 0.530180
vt 0.442092 0.531477
vt 0.439745 0.532950
vt 0.149682 0.479783
vt 0.151444 0.482130
vt 0.151444 0.482130
vt 0.442092 0.531477
vt 0.442435 0.533322
vt 0.439745 0.532950
vt 0.150653 0.479440
vt 0.151444 0.482130
vt 0.151444 0.482130
vt 0.442435 0.533322
vt 0.442117 0.535220
vt 0.439745 0.532950
vt 0.151524 0.479758
vt 0.151444 0.482130
vt 0.151444 0.482130
vt 0.442117 0.535220
vt 0.441223 0.536664
vt 0.439745 0.532950
vt 0.152062 0.480652
vt 0.151444 0.482130
vt 0.151444 0.482130
vt 0.441223 0.536664
vt 0.439992 0.537265
vt 0.439745 0.532950
vt 0.152122 0.481883
vt 0.151444 0.482130
vt 0.151444 0.482130
vt 0.439992 0.537265
vt 0.438755 0.536864
vt 0.439745 0.532950
vt 0.151689 0.483120
vt 0.151444 0.482130
vt 0.151444 0.482130
vt 0.438755 0.536864
vt 0.437843 0.535567
vt 0.439745 0.532950
vt 0.150878 0.484032
vt 0.151444 0.482130
vt 0.151444 0.482130
vt 0.437843 0.535567
vt 0.437500 0.533722
vt 0.439745 0.532950
vt 0.149907 0.484375
vt 0.151444 0.482130
vt 0.151444 0.482130
vt 0.112927 0.481703
vt 0.112927 0.481703
vt 0.112192 0.484292
vt 0.895807 0.685055
vt 0.893135 0.686002
vt 0.893219 0.684047
vt 0.112927 0.481703
vt 0.112927 0.481703
vt 0.110947 0.484375
vt 0.895807 0.685055
vt 0.893731 0.687500
vt 0.893135 0.686002
vt 0.112927 0.481703
vt 0.112927 0.481703
vt 0.109916 0.483779
vt 0.655748 0.551896
vt 0.652196 0.550935
vt 0.652737 0.549820
vt 0.112927 0.481703
vt 0.112927 0.481703
vt 0.109375 0.482664
vt 0.655748 0.551896
vt 0.652291 0.552270
vt 0.652196 0.550935
vt 0.112927 0.481703
vt 0.112927 0.481703
vt 0.109470 0.481329
vt 0.655748 0.551896
vt 0.652995 0.553469
vt 0.652291 0.552270
vt 0.112927 0.481703
vt 0.112927 0.481703
vt 0.110174 0.480130
vt 0.895807 0.685055
vt 0.898120 0.684547
vt 0.897380 0.686435
vt 0.112927 0.481703
vt 0.112927 0.481703
vt 0.111300 0.479390
vt 0.895807 0.685055
vt 0.898203 0.682592
vt 0.898120 0.684547
vt 0.112927 0.481703
vt 0.112927 0.481703
vt 0.112545 0.479307
vt 0.895807 0.685055
vt 0.897607 0.681094
vt 0.898203 0.682592
vt 0.112927 0.481703
vt 0.112927 0.481703
vt 0.113576 0.479903
vt 0.895807 0.685055
vt 0.896492 0.680454
vt 0.897607 0.681094
vt 0.112927 0.481703
vt 0.112927 0.481703
vt 0.114116 0.481018
vt 0.895807 0.685055
vt 0.895157 0.680844
vt 0.896492 0.680454
vt 0.112927 0.481703
vt 0.112927 0.481703
vt 0.114022 0.482353
vt 0.895807 0.685055
vt 0.893958 0.682159
vt 0.895157 0.680844
vt 0.112927 0.481703
vt 0.112927 0.481703
vt 0.113317 0.483552
vt 0.895807 0.685055
vt 0.893219 0.684047
vt 0.893958 0.682159
vt 0.821171 0.980117
vt 0.819926 0.982071
vt 0.818110 0.977643
vt 0.819926 0.982071
vt 0.815683 0.981454
vt 0.818110 0.977643
vt 0.819926 0.982071
vt 0.818895 0.983569
vt 0.815683 0.981454
vt 0.818895 0.983569
vt 0.813672 0.984375
vt 0.815683 0.981454
vt 0.652737 0.549820
vt 0.652196 0.550935
vt 0.647514 0.547573
vt 0.652196 0.550935
vt 0.646460 0.549747
vt 0.647514 0.547573
vt 0.652196 0.550935
vt 0.652291 0.552270
vt 0.646460 0.549747
vt 0.652291 0.552270
vt 0.646645 0.552351
vt 0.646460 0.549747
vt 0.652291 0.552270
vt 0.652995 0.553469
vt 0.646645 0.552351
vt 0.652995 0.553469
vt 0.648018 0.554688
vt 0.646645 0.552351
vt 0.409652 0.982017
vt 0.408526 0.980129
vt 0.414629 0.981811
vt 0.408526 0.980129
vt 0.412434 0.978130
vt 0.414629 0.981811
vt 0.408526 0.980129
vt 0.407281 0.978174
vt 0.412434 0.978130
vt 0.407281 0.978174
vt 0.410006 0.974318
vt 0.412434 0.978130
vt 0.407281 0.978174
vt 0.406250 0.976676
vt 0.410006 0.974318
vt 0.406250 0.976676
vt 0.407996 0.971397
vt 0.410006 0.974318
vt 0.897607 0.681094
vt 0.896492 0.680454
vt 0.899043 0.675815
vt 0.896492 0.680454
vt 0.896868 0.674568
vt 0.899043 0.675815
vt 0.896492 0.680454
vt 0.895157 0.680844
vt 0.896868 0.674568
vt 0.895157 0.680844
vt 0.894264 0.675328
vt 0.896868 0.674568
vt 0.895157 0.680844
vt 0.893958 0.682159
vt 0.894264 0.675328
vt 0.893958 0.682159
vt 0.891928 0.677892
vt 0.894264 0.675328
vt 0.822297 0.978229
vt 0.821171 0.980117
vt 0.820305 0.973962
vt 0.821171 0.980117
vt 0.818110 0.977643
vt 0.820305 0.973962
vt 0.818110 0.977643
vt 0.815683 0.981454
vt 0.812878 0.973827
vt 0.815683 0.981454
vt 0.809389 0.979304
vt 0.812878 0.973827
vt 0.815683 0.981454
vt 0.813672 0.984375
vt 0.809389 0.979304
vt 0.813672 0.984375
vt 0.806500 0.983501
vt 0.809389 0.979304
vt 0.647514 0.547573
vt 0.646460 0.549747
vt 0.640342 0.545267
vt 0.646460 0.549747
vt 0.638827 0.548391
vt 0.640342 0.545267
vt 0.646460 0.549747
vt 0.646645 0.552351
vt 0.638827 0.548391
vt 0.646645 0.552351
vt 0.639093 0.552134
vt 0.638827 0.548391
vt 0.416002 0.984375
vt 0.414629 0.981811
vt 0.423554 0.983714
vt 0.414629 0.981811
vt 0.421580 0.980030
vt 0.423554 0.983714
vt 0.414629 0.981811
vt 0.412434 0.978130
vt 0.421580 0.980030
vt 0.412434 0.978130
vt 0.418427 0.974740
vt 0.421580 0.980030
vt 0.412434 0.978130
vt 0.410006 0.974318
vt 0.418427 0.974740
vt 0.410006 0.974318
vt 0.414938 0.969263
vt 0.418427 0.974740
vt 0.410006 0.974318
vt 0.407996 0.971397
vt 0.414938 0.969263
vt 0.407996 0.971397
vt 0.412049 0.965066
vt 0.414938 0.969263
vt 0.899043 0.675815
vt 0.896868 0.674568
vt 0.900040 0.669484
vt 0.896868 0.674568
vt 0.896916 0.667691
vt 0.900040 0.669484
vt 0.896868 0.674568
vt 0.894264 0.675328
vt 0.896916 0.667691
vt 0.894264 0.675328
vt 0.893174 0.668783
vt 0.896916 0.667691
vt 0.821679 0.971397
vt 0.820305 0.973962
vt 0.818005 0.964853
vt 0.820305 0.973962
vt 0.816031 0.968537
vt 0.818005 0.964853
vt 0.820305 0.973962
vt 0.818110 0.977643
vt 0.816031 0.968537
vt 0.818110 0.977643
vt 0.812878 0.973827
vt 0.816031 0.968537
vt 0.812878 0.973827
vt 0.809389 0.979304
vt 0.805735 0.968861
vt 0.809389 0.979304
vt 0.801361 0.975729
vt 0.805735 0.968861
vt 0.809389 0.979304
vt 0.806500 0.983501
vt 0.801361 0.975729
vt 0.806500 0.983501
vt 0.797738 0.980992
vt 0.801361 0.975729
vt 0.640342 0.545267
vt 0.638827 0.548391
vt 0.631580 0.543019
vt 0.638827 0.548391
vt 0.629681 0.546936
vt 0.631580 0.543019
vt 0.638827 0.548391
vt 0.639093 0.552134
vt 0.629681 0.546936
vt 0.639093 0.552134
vt 0.630013 0.551629
vt 0.629681 0.546936
vt 0.423554 0.983714
vt 0.421580 0.980030
vt 0.432633 0.981383
vt 0.421580 0.980030
vt 0.430158 0.976763
vt 0.432633 0.981383
vt 0.421580 0.980030
vt 0.418427 0.974740
vt 0.430158 0.976763
vt 0.418427 0.974740
vt 0.426204 0.970130
vt 0.430158 0.976763
vt 0.418427 0.974740
vt 0.414938 0.969263
vt 0.426204 0.970130
vt 0.414938 0.969263
vt 0.421829 0.963261
vt 0.426204 0.970130
vt 0.414938 0.969263
vt 0.412049 0.965066
vt 0.421829 0.963261
vt 0.412049 0.965066
vt 0.418207 0.957998
vt 0.421829 0.963261
vt 0.900040 0.669484
vt 0.896916 0.667691
vt 0.900550 0.662416
vt 0.896916 0.667691
vt 0.896633 0.660168
vt 0.900550 0.662416
vt 0.896916 0.667691
vt 0.893174 0.668783
vt 0.896633 0.660168
vt 0.893174 0.668783
vt 0.891940 0.661538
vt 0.896633 0.660168
vt 0.818005 0.964853
vt 0.816031 0.968537
vt 0.812165 0.957607
vt 0.816031 0.968537
vt 0.809690 0.962228
vt 0.812165 0.957607
vt 0.816031 0.968537
vt 0.812878 0.973827
vt 0.809690 0.962228
vt 0.812878 0.973827
vt 0.805735 0.968861
vt 0.809690 0.962228
vt 0.805735 0.968861
vt 0.801361 0.975729
vt 0.797041 0.962993
vt 0.801361 0.975729
vt 0.792000 0.970908
vt 0.797041 0.962993
vt 0.801361 0.975729
vt 0.797738 0.980992
vt 0.792000 0.970908
vt 0.797738 0.980992
vt 0.787826 0.976973
vt 0.792000 0.970908
vt 0.631580 0.543019
vt 0.629681 0.546936
vt 0.621668 0.540940
vt 0.629681 0.546936
vt 0.619479 0.545455
vt 0.621668 0.540940
vt 0.629681 0.546936
vt 0.630013 0.551629
vt 0.619479 0.545455
vt 0.630013 0.551629
vt 0.619862 0.550863
vt 0.619479 0.545455
vt 0.432633 0.981383
vt 0.430158 0.976763
vt 0.442785 0.977498
vt 0.430158 0.976763
vt 0.439932 0.972173
vt 0.442785 0.977498
vt 0.430158 0.976763
vt 0.426204 0.970130
vt 0.439932 0.972173
vt 0.426204 0.970130
vt 0.435375 0.964530
vt 0.439932 0.972173
vt 0.426204 0.970130
vt 0.421829 0.963261
vt 0.435375 0.964530
vt 0.421829 0.963261
vt 0.430334 0.956615
vt 0.435375 0.964530
vt 0.421829 0.963261
vt 0.418207 0.957998
vt 0.430334 0.956615
vt 0.418207 0.957998
vt 0.426160 0.950550
vt 0.430334 0.956615
vt 0.418207 0.957998
vt 0.416307 0.955750
vt 0.426160 0.950550
vt 0.416307 0.955750
vt 0.423971 0.947959
vt 0.426160 0.950550
vt 0.896633 0.660168
vt 0.891940 0.661538
vt 0.896033 0.652377
vt 0.891940 0.661538
vt 0.890625 0.653956
vt 0.896033 0.652377
vt 0.812165 0.957607
vt 0.809690 0.962228
vt 0.804451 0.950025
vt 0.809690 0.962228
vt 0.801599 0.955350
vt 0.804451 0.950025
vt 0.809690 0.962228
vt 0.805735 0.968861
vt 0.801599 0.955350
vt 0.805735 0.968861
vt 0.797041 0.962993
vt 0.801599 0.955350
vt 0.797041 0.962993
vt 0.792000 0.970908
vt 0.787232 0.956519
vt 0.792000 0.970908
vt 0.781777 0.965083
vt 0.787232 0.956519
vt 0.792000 0.970908
vt 0.787826 0.976973
vt 0.781777 0.965083
vt 0.787826 0.976973
vt 0.777260 0.971646
vt 0.781777 0.965083
vt 0.621668 0.540940
vt 0.619479 0.545455
vt 0.611102 0.539136
vt 0.619479 0.545455
vt 0.608734 0.544021
vt 0.611102 0.539136
vt 0.619479 0.545455
vt 0.619862 0.550863
vt 0.608734 0.544021
vt 0.619862 0.550863
vt 0.609148 0.549873
vt 0.608734 0.544021
vt 0.442785 0.977498
vt 0.439932 0.972173
vt 0.453499 0.972254
vt 0.439932 0.972173
vt 0.450412 0.966492
vt 0.453499 0.972254
vt 0.439932 0.972173
vt 0.435375 0.964530
vt 0.450412 0.966492
vt 0.435375 0.964530
vt 0.445481 0.958221
vt 0.450412 0.966492
vt 0.435375 0.964530
vt 0.430334 0.956615
vt 0.445481 0.958221
vt 0.430334 0.956615
vt 0.440026 0.949657
vt 0.445481 0.958221
vt 0.430334 0.956615
vt 0.426160 0.950550
vt 0.440026 0.949657
vt 0.426160 0.950550
vt 0.435509 0.943094
vt 0.440026 0.949657
vt 0.904749 0.525200
vt 0.906937 0.529714
vt 0.895399 0.525716
vt 0.906937 0.529714
vt 0.897768 0.530601
vt 0.895399 0.525716
vt 0.906937 0.529714
vt 0.906554 0.535122
vt 0.897768 0.530601
vt 0.906554 0.535122
vt 0.897353 0.536452
vt 0.897768 0.530601
vt 0.804451 0.950025
vt 0.801599 0.955350
vt 0.795250 0.942486
vt 0.801599 0.955350
vt 0.792163 0.948247
vt 0.795250 0.942486
vt 0.801599 0.955350
vt 0.797041 0.962993
vt 0.792163 0.948247
vt 0.797041 0.962993
vt 0.787232 0.956519
vt 0.792163 0.948247
vt 0.787232 0.956519
vt 0.781777 0.965083
vt 0.776799 0.949761
vt 0.781777 0.965083
vt 0.771204 0.958546
vt 0.776799 0.949761
vt 0.781777 0.965083
vt 0.777260 0.971646
vt 0.771204 0.958546
vt 0.777260 0.971646
vt 0.766571 0.965278
vt 0.771204 0.958546
vt 0.611102 0.539136
vt 0.608734 0.544021
vt 0.600413 0.537696
vt 0.608734 0.544021
vt 0.597983 0.542707
vt 0.600413 0.537696
vt 0.608734 0.544021
vt 0.609148 0.549873
vt 0.597983 0.542707
vt 0.609148 0.549873
vt 0.598409 0.548709
vt 0.597983 0.542707
vt 0.453499 0.972254
vt 0.450412 0.966492
vt 0.464238 0.965914
vt 0.450412 0.966492
vt 0.461072 0.960004
vt 0.464238 0.965914
vt 0.450412 0.966492
vt 0.445481 0.958221
vt 0.461072 0.960004
vt 0.445481 0.958221
vt 0.456014 0.951520
vt 0.461072 0.960004
vt 0.445481 0.958221
vt 0.440026 0.949657
vt 0.456014 0.951520
vt 0.440026 0.949657
vt 0.450419 0.942735
vt 0.456014 0.951520
vt 0.440026 0.949657
vt 0.435509 0.943094
vt 0.450419 0.942735
vt 0.435509 0.943094
vt 0.445786 0.936004
vt 0.450419 0.942735
vt 0.895399 0.525716
vt 0.897768 0.530601
vt 0.885122 0.526718
vt 0.897768 0.530601
vt 0.887552 0.531729
vt 0.885122 0.526718
vt 0.897768 0.530601
vt 0.897353 0.536452
vt 0.887552 0.531729
vt 0.897353 0.536452
vt 0.887126 0.537731
vt 0.887552 0.531729
vt 0.795250 0.942486
vt 0.792163 0.948247
vt 0.785023 0.935368
vt 0.792163 0.948247
vt 0.781857 0.941277
vt 0.785023 0.935368
vt 0.792163 0.948247
vt 0.787232 0.956519
vt 0.781857 0.941277
vt 0.787232 0.956519
vt 0.776799 0.949761
vt 0.781857 0.941277
vt 0.776799 0.949761
vt 0.771204 0.958546
vt 0.763339 0.941121
vt 0.771204 0.958546
vt 0.757743 0.949906
vt 0.763339 0.941121
vt 0.771204 0.958546
vt 0.766571 0.965278
vt 0.757743 0.949906
vt 0.766571 0.965278
vt 0.753111 0.956638
vt 0.757743 0.949906
vt 0.600413 0.537696
vt 0.597983 0.542707
vt 0.586952 0.536128
vt 0.597983 0.542707
vt 0.584523 0.541139
vt 0.586952 0.536128
vt 0.597983 0.542707
vt 0.598409 0.548709
vt 0.584523 0.541139
vt 0.598409 0.548709
vt 0.584948 0.547141
vt 0.584523 0.541139
vt 0.464238 0.965914
vt 0.461072 0.960004
vt 0.477699 0.957274
vt 0.461072 0.960004
vt 0.474533 0.951364
vt 0.477699 0.957274
vt 0.461072 0.960004
vt 0.456014 0.951520
vt 0.474533 0.951364
vt 0.456014 0.951520
vt 0.469474 0.942880
vt 0.474533 0.951364
vt 0.456014 0.951520
vt 0.450419 0.942735
vt 0.469474 0.942880
vt 0.450419 0.942735
vt 0.463879 0.934095
vt 0.469474 0.942880
vt 0.450419 0.942735
vt 0.445786 0.936004
vt 0.463879 0.934095
vt 0.445786 0.936004
vt 0.459246 0.927364
vt 0.463879 0.934095
vt 0.885122 0.526718
vt 0.887552 0.531729
vt 0.871662 0.528287
vt 0.887552 0.531729
vt 0.874091 0.533298
vt 0.871662 0.528287
vt 0.887552 0.531729
vt 0.887126 0.537731
vt 0.874091 0.533298
vt 0.887126 0.537731
vt 0.873666 0.539300
vt 0.874091 0.533298
vt 0.785023 0.935368
vt 0.781857 0.941277
vt 0.771563 0.926728
vt 0.781857 0.941277
vt 0.768397 0.932637
vt 0.771563 0.926728
vt 0.781857 0.941277
vt 0.776799 0.949761
vt 0.768397 0.932637
vt 0.776799 0.949761
vt 0.763339 0.941121
vt 0.768397 0.932637
vt 0.763339 0.941121
vt 0.757743 0.949906
vt 0.749878 0.932481
vt 0.757743 0.949906
vt 0.744283 0.941266
vt 0.749878 0.932481
vt 0.757743 0.949906
vt 0.753111 0.956638
vt 0.744283 0.941266
vt 0.753111 0.956638
vt 0.739650 0.947998
vt 0.744283 0.941266
vt 0.586952 0.536128
vt 0.584523 0.541139
vt 0.573492 0.534560
vt 0.584523 0.541139
vt 0.571063 0.539570
vt 0.573492 0.534560
vt 0.584523 0.541139
vt 0.584948 0.547141
vt 0.571063 0.539570
vt 0.584948 0.547141
vt 0.571488 0.545573
vt 0.571063 0.539570
vt 0.477699 0.957274
vt 0.474533 0.951364
vt 0.491159 0.948634
vt 0.474533 0.951364
vt 0.487993 0.942724
vt 0.491159 0.948634
vt 0.474533 0.951364
vt 0.469474 0.942880
vt 0.487993 0.942724
vt 0.469474 0.942880
vt 0.482935 0.934240
vt 0.487993 0.942724
vt 0.469474 0.942880
vt 0.463879 0.934095
vt 0.482935 0.934240
vt 0.463879 0.934095
vt 0.477340 0.925455
vt 0.482935 0.934240
vt 0.463879 0.934095
vt 0.459246 0.927364
vt 0.477340 0.925455
vt 0.459246 0.927364
vt 0.472707 0.918724
vt 0.477340 0.925455
vt 0.871662 0.528287
vt 0.874091 0.533298
vt 0.858202 0.529855
vt 0.874091 0.533298
vt 0.860631 0.534866
vt 0.858202 0.529855
vt 0.874091 0.533298
vt 0.873666 0.539300
vt 0.860631 0.534866
vt 0.873666 0.539300
vt 0.860206 0.540868
vt 0.860631 0.534866
vt 0.771563 0.926728
vt 0.768397 0.932637
vt 0.758103 0.918088
vt 0.768397 0.932637
vt 0.754937 0.923997
vt 0.758103 0.918088
vt 0.768397 0.932637
vt 0.763339 0.941121
vt 0.754937 0.923997
vt 0.763339 0.941121
vt 0.749878 0.932481
vt 0.754937 0.923997
vt 0.749878 0.932481
vt 0.744283 0.941266
vt 0.736418 0.923841
vt 0.744283 0.941266
vt 0.730823 0.932626
vt 0.736418 0.923841
vt 0.744283 0.941266
vt 0.739650 0.947998
vt 0.730823 0.932626
vt 0.739650 0.947998
vt 0.726190 0.939358
vt 0.730823 0.932626
vt 0.573492 0.534560
vt 0.571063 0.539570
vt 0.560031 0.532991
vt 0.571063 0.539570
vt 0.557602 0.538002
vt 0.560031 0.532991
vt 0.571063 0.539570
vt 0.571488 0.545573
vt 0.557602 0.538002
vt 0.571488 0.545573
vt 0.558027 0.544004
vt 0.557602 0.538002
vt 0.491159 0.948634
vt 0.487993 0.942724
vt 0.504619 0.939994
vt 0.487993 0.942724
vt 0.501453 0.934084
vt 0.504619 0.939994
vt 0.487993 0.942724
vt 0.482935 0.934240
vt 0.501453 0.934084
vt 0.482935 0.934240
vt 0.496395 0.925600
vt 0.501453 0.934084
vt 0.482935 0.934240
vt 0.477340 0.925455
vt 0.496395 0.925600
vt 0.477340 0.925455
vt 0.490800 0.916815
vt 0.496395 0.925600
vt 0.477340 0.925455
vt 0.472707 0.918724
vt 0.490800 0.916815
vt 0.472707 0.918724
vt 0.486167 0.910083
vt 0.490800 0.916815
vt 0.858202 0.529855
vt 0.860631 0.534866
vt 0.844741 0.531423
vt 0.860631 0.534866
vt 0.847171 0.536434
vt 0.844741 0.531423
vt 0.860631 0.534866
vt 0.860206 0.540868
vt 0.847171 0.536434
vt 0.860206 0.540868
vt 0.846745 0.542436
vt 0.847171 0.536434
vt 0.758103 0.918088
vt 0.754937 0.923997
vt 0.744642 0.909448
vt 0.754937 0.923997
vt 0.741476 0.915357
vt 0.744642 0.909448
vt 0.754937 0.923997
vt 0.749878 0.932481
vt 0.741476 0.915357
vt 0.749878 0.932481
vt 0.736418 0.923841
vt 0.741476 0.915357
vt 0.736418 0.923841
vt 0.730823 0.932626
vt 0.722958 0.915201
vt 0.730823 0.932626
vt 0.717362 0.923986
vt 0.722958 0.915201
vt 0.730823 0.932626
vt 0.726190 0.939358
vt 0.717362 0.923986
vt 0.726190 0.939358
vt 0.712729 0.930718
vt 0.717362 0.923986
vt 0.560031 0.532991
vt 0.557602 0.538002
vt 0.546571 0.531423
vt 0.557602 0.538002
vt 0.544142 0.536434
vt 0.546571 0.531423
vt 0.557602 0.538002
vt 0.558027 0.544004
vt 0.544142 0.536434
vt 0.558027 0.544004
vt 0.544567 0.542436
vt 0.544142 0.536434
vt 0.504619 0.939994
vt 0.501453 0.934084
vt 0.518080 0.931354
vt 0.501453 0.934084
vt 0.514914 0.925444
vt 0.518080 0.931354
vt 0.501453 0.934084
vt 0.496395 0.925600
vt 0.514914 0.925444
vt 0.496395 0.925600
vt 0.509856 0.916960
vt 0.514914 0.925444
vt 0.496395 0.925600
vt 0.490800 0.916815
vt 0.509856 0.916960
vt 0.490800 0.916815
vt 0.504260 0.908175
vt 0.509856 0.916960
vt 0.490800 0.916815
vt 0.486167 0.910083
vt 0.504260 0.908175
vt 0.486167 0.910083
vt 0.499627 0.901443
vt 0.504260 0.908175
vt 0.844741 0.531423
vt 0.847171 0.536434
vt 0.831281 0.532991
vt 0.847171 0.536434
vt 0.833710 0.538002
vt 0.831281 0.532991
vt 0.847171 0.536434
vt 0.846745 0.542436
vt 0.833710 0.538002
vt 0.846745 0.542436
vt 0.833285 0.544004
vt 0.833710 0.538002
vt 0.744642 0.909448
vt 0.741476 0.915357
vt 0.731182 0.900808
vt 0.741476 0.915357
vt 0.728016 0.906717
vt 0.731182 0.900808
vt 0.741476 0.915357
vt 0.736418 0.923841
vt 0.728016 0.906717
vt 0.736418 0.923841
vt 0.722958 0.915201
vt 0.728016 0.906717
vt 0.722958 0.915201
vt 0.717362 0.923986
vt 0.709497 0.906561
vt 0.717362 0.923986
vt 0.703902 0.915346
vt 0.709497 0.906561
vt 0.717362 0.923986
vt 0.712729 0.930718
vt 0.703902 0.915346
vt 0.712729 0.930718
vt 0.699269 0.922078
vt 0.703902 0.915346
vt 0.546571 0.531423
vt 0.544142 0.536434
vt 0.533111 0.529855
vt 0.544142 0.536434
vt 0.530681 0.534866
vt 0.533111 0.529855
vt 0.544142 0.536434
vt 0.544567 0.542436
vt 0.530681 0.534866
vt 0.544567 0.542436
vt 0.531107 0.540868
vt 0.530681 0.534866
vt 0.518080 0.931354
vt 0.514914 0.925444
vt 0.531540 0.922714
vt 0.514914 0.925444
vt 0.528374 0.916804
vt 0.531540 0.922714
vt 0.514914 0.925444
vt 0.509856 0.916960
vt 0.528374 0.916804
vt 0.509856 0.916960
vt 0.523316 0.908320
vt 0.528374 0.916804
vt 0.509856 0.916960
vt 0.504260 0.908175
vt 0.523316 0.908320
vt 0.504260 0.908175
vt 0.517721 0.899535
vt 0.523316 0.908320
vt 0.504260 0.908175
vt 0.499627 0.901443
vt 0.517721 0.899535
vt 0.499627 0.901443
vt 0.513088 0.892803
vt 0.517721 0.899535
vt 0.831281 0.532991
vt 0.833710 0.538002
vt 0.817821 0.534560
vt 0.833710 0.538002
vt 0.820250 0.539570
vt 0.817821 0.534560
vt 0.833710 0.538002
vt 0.833285 0.544004
vt 0.820250 0.539570
vt 0.833285 0.544004
vt 0.819825 0.545573
vt 0.820250 0.539570
vt 0.731182 0.900808
vt 0.728016 0.906717
vt 0.717722 0.892168
vt 0.728016 0.906717
vt 0.714556 0.898077
vt 0.717722 0.892168
vt 0.728016 0.906717
vt 0.722958 0.915201
vt 0.714556 0.898077
vt 0.722958 0.915201
vt 0.709497 0.906561
vt 0.714556 0.898077
vt 0.709497 0.906561
vt 0.703902 0.915346
vt 0.696037 0.897921
vt 0.703902 0.915346
vt 0.690442 0.906706
vt 0.696037 0.897921
vt 0.703902 0.915346
vt 0.699269 0.922078
vt 0.690442 0.906706
vt 0.699269 0.922078
vt 0.685809 0.913438
vt 0.690442 0.906706
vt 0.533111 0.529855
vt 0.530681 0.534866
vt 0.519650 0.528287
vt 0.530681 0.534866
vt 0.517221 0.533298
vt 0.519650 0.528287
vt 0.530681 0.534866
vt 0.531107 0.540868
vt 0.517221 0.533298
vt 0.531107 0.540868
vt 0.517646 0.539300
vt 0.517221 0.533298
vt 0.531540 0.922714
vt 0.528374 0.916804
vt 0.545000 0.914073
vt 0.528374 0.916804
vt 0.541834 0.908164
vt 0.545000 0.914073
vt 0.528374 0.916804
vt 0.523316 0.908320
vt 0.541834 0.908164
vt 0.523316 0.908320
vt 0.536776 0.899680
vt 0.541834 0.908164
vt 0.523316 0.908320
vt 0.517721 0.899535
vt 0.536776 0.899680
vt 0.517721 0.899535
vt 0.531181 0.890895
vt 0.536776 0.899680
vt 0.517721 0.899535
vt 0.513088 0.892803
vt 0.531181 0.890895
vt 0.513088 0.892803
vt 0.526548 0.884163
vt 0.531181 0.890895
vt 0.817821 0.534560
vt 0.820250 0.539570
vt 0.804360 0.536128
vt 0.820250 0.539570
vt 0.806790 0.541139
vt 0.804360 0.536128
vt 0.820250 0.539570
vt 0.819825 0.545573
vt 0.806790 0.541139
vt 0.819825 0.545573
vt 0.806364 0.547141
vt 0.806790 0.541139
vt 0.717722 0.892168
vt 0.714556 0.898077
vt 0.704261 0.883528
vt 0.714556 0.898077
vt 0.701095 0.889437
vt 0.704261 0.883528
vt 0.714556 0.898077
vt 0.709497 0.906561
vt 0.701095 0.889437
vt 0.709497 0.906561
vt 0.696037 0.897921
vt 0.701095 0.889437
vt 0.696037 0.897921
vt 0.690442 0.906706
vt 0.682577 0.889281
vt 0.690442 0.906706
vt 0.676981 0.898066
vt 0.682577 0.889281
vt 0.690442 0.906706
vt 0.685809 0.913438
vt 0.676981 0.898066
vt 0.685809 0.913438
vt 0.672348 0.904798
vt 0.676981 0.898066
vt 0.519650 0.528287
vt 0.517221 0.533298
vt 0.506190 0.526718
vt 0.517221 0.533298
vt 0.503761 0.531729
vt 0.506190 0.526718
vt 0.517221 0.533298
vt 0.517646 0.539300
vt 0.503761 0.531729
vt 0.517646 0.539300
vt 0.504186 0.537731
vt 0.503761 0.531729
vt 0.545000 0.914073
vt 0.541834 0.908164
vt 0.558461 0.905433
vt 0.541834 0.908164
vt 0.555295 0.899524
vt 0.558461 0.905433
vt 0.541834 0.908164
vt 0.536776 0.899680
vt 0.555295 0.899524
vt 0.536776 0.899680
vt 0.550237 0.891040
vt 0.555295 0.899524
vt 0.536776 0.899680
vt 0.531181 0.890895
vt 0.550237 0.891040
vt 0.531181 0.890895
vt 0.544641 0.882255
vt 0.550237 0.891040
vt 0.531181 0.890895
vt 0.526548 0.884163
vt 0.544641 0.882255
vt 0.526548 0.884163
vt 0.540008 0.875523
vt 0.544641 0.882255
vt 0.804360 0.536128
vt 0.806790 0.541139
vt 0.790900 0.537696
vt 0.806790 0.541139
vt 0.793329 0.542707
vt 0.790900 0.537696
vt 0.806790 0.541139
vt 0.806364 0.547141
vt 0.793329 0.542707
vt 0.806364 0.547141
vt 0.792904 0.548709
vt 0.793329 0.542707
vt 0.704261 0.883528
vt 0.701095 0.889437
vt 0.690801 0.874887
vt 0.701095 0.889437
vt 0.687635 0.880797
vt 0.690801 0.874887
vt 0.701095 0.889437
vt 0.696037 0.897921
vt 0.687635 0.880797
vt 0.696037 0.897921
vt 0.682577 0.889281
vt 0.687635 0.880797
vt 0.682577 0.889281
vt 0.676981 0.898066
vt 0.672043 0.882580
vt 0.676981 0.898066
vt 0.666588 0.891145
vt 0.672043 0.882580
vt 0.676981 0.898066
vt 0.672348 0.904798
vt 0.666588 0.891145
vt 0.672348 0.904798
vt 0.662071 0.897708
vt 0.666588 0.891145
vt 0.506190 0.526718
vt 0.503761 0.531729
vt 0.495913 0.525715
vt 0.503761 0.531729
vt 0.493545 0.530601
vt 0.495913 0.525715
vt 0.503761 0.531729
vt 0.504186 0.537731
vt 0.493545 0.530601
vt 0.504186 0.537731
vt 0.493959 0.536452
vt 0.493545 0.530601
vt 0.558461 0.905433
vt 0.555295 0.899524
vt 0.568688 0.898315
vt 0.555295 0.899524
vt 0.565601 0.892554
vt 0.568688 0.898315
vt 0.555295 0.899524
vt 0.550237 0.891040
vt 0.565601 0.892554
vt 0.550237 0.891040
vt 0.560670 0.884283
vt 0.565601 0.892554
vt 0.550237 0.891040
vt 0.544641 0.882255
vt 0.560670 0.884283
vt 0.544641 0.882255
vt 0.555215 0.875718
vt 0.560670 0.884283
vt 0.544641 0.882255
vt 0.540008 0.875523
vt 0.555215 0.875718
vt 0.540008 0.875523
vt 0.550698 0.869155
vt 0.555215 0.875718
vt 0.790900 0.537696
vt 0.793329 0.542707
vt 0.780210 0.539136
vt 0.793329 0.542707
vt 0.782579 0.544021
vt 0.780210 0.539136
vt 0.793329 0.542707
vt 0.792904 0.548709
vt 0.782579 0.544021
vt 0.792904 0.548709
vt 0.782164 0.549873
vt 0.782579 0.544021
vt 0.690801 0.874887
vt 0.687635 0.880797
vt 0.680061 0.868547
vt 0.687635 0.880797
vt 0.676975 0.874309
vt 0.680061 0.868547
vt 0.687635 0.880797
vt 0.682577 0.889281
vt 0.676975 0.874309
vt 0.682577 0.889281
vt 0.672043 0.882580
vt 0.676975 0.874309
vt 0.672043 0.882580
vt 0.666588 0.891145
vt 0.661937 0.876271
vt 0.666588 0.891145
vt 0.656896 0.884186
vt 0.661937 0.876271
vt 0.666588 0.891145
vt 0.662071 0.897708
vt 0.656896 0.884186
vt 0.662071 0.897708
vt 0.652722 0.890251
vt 0.656896 0.884186
vt 0.495913 0.525715
vt 0.493545 0.530601
vt 0.486564 0.525200
vt 0.493545 0.530601
vt 0.484375 0.529714
vt 0.486564 0.525200
vt 0.493545 0.530601
vt 0.493959 0.536452
vt 0.484375 0.529714
vt 0.493959 0.536452
vt 0.484758 0.535122
vt 0.484375 0.529714
vt 0.568688 0.898315
vt 0.565601 0.892554
vt 0.577889 0.890776
vt 0.565601 0.892554
vt 0.575036 0.885452
vt 0.577889 0.890776
vt 0.565601 0.892554
vt 0.560670 0.884283
vt 0.575036 0.885452
vt 0.560670 0.884283
vt 0.570479 0.877808
vt 0.575036 0.885452
vt 0.560670 0.884283
vt 0.555215 0.875718
vt 0.570479 0.877808
vt 0.555215 0.875718
vt 0.565438 0.869893
vt 0.570479 0.877808
vt 0.555215 0.875718
vt 0.550698 0.869155
vt 0.565438 0.869893
vt 0.550698 0.869155
vt 0.561264 0.863828
vt 0.565438 0.869893
vt 0.780210 0.539136
vt 0.782579 0.544021
vt 0.769645 0.540940
vt 0.782579 0.544021
vt 0.771833 0.545455
vt 0.769645 0.540940
vt 0.782579 0.544021
vt 0.782164 0.549873
vt 0.771833 0.545455
vt 0.782164 0.549873
vt 0.771450 0.550863
vt 0.771833 0.545455
vt 0.680061 0.868547
vt 0.676975 0.874309
vt 0.669347 0.863303
vt 0.676975 0.874309
vt 0.666495 0.868628
vt 0.669347 0.863303
vt 0.676975 0.874309
vt 0.672043 0.882580
vt 0.666495 0.868628
vt 0.672043 0.882580
vt 0.661937 0.876271
vt 0.666495 0.868628
vt 0.661937 0.876271
vt 0.656896 0.884186
vt 0.652766 0.870672
vt 0.656896 0.884186
vt 0.648391 0.877540
vt 0.652766 0.870672
vt 0.656896 0.884186
vt 0.652722 0.890251
vt 0.648391 0.877540
vt 0.652722 0.890251
vt 0.644769 0.882803
vt 0.648391 0.877540
vt 0.652722 0.890251
vt 0.650533 0.892842
vt 0.644769 0.882803
vt 0.650533 0.892842
vt 0.642870 0.885051
vt 0.644769 0.882803
vt 0.849158 0.687500
vt 0.843750 0.685922
vt 0.849758 0.679709
vt 0.843750 0.685922
vt 0.845065 0.678339
vt 0.849758 0.679709
vt 0.577889 0.890776
vt 0.575036 0.885452
vt 0.585603 0.883194
vt 0.575036 0.885452
vt 0.583127 0.878573
vt 0.585603 0.883194
vt 0.575036 0.885452
vt 0.570479 0.877808
vt 0.583127 0.878573
vt 0.570479 0.877808
vt 0.579173 0.871940
vt 0.583127 0.878573
vt 0.570479 0.877808
vt 0.565438 0.869893
vt 0.579173 0.871940
vt 0.565438 0.869893
vt 0.574798 0.865072
vt 0.579173 0.871940
vt 0.565438 0.869893
vt 0.561264 0.863828
vt 0.574798 0.865072
vt 0.561264 0.863828
vt 0.571176 0.859809
vt 0.574798 0.865072
vt 0.769645 0.540940
vt 0.771833 0.545455
vt 0.759732 0.543019
vt 0.771833 0.545455
vt 0.761632 0.546936
vt 0.759732 0.543019
vt 0.771833 0.545455
vt 0.771450 0.550863
vt 0.761632 0.546936
vt 0.771450 0.550863
vt 0.761299 0.551629
vt 0.761632 0.546936
vt 0.669347 0.863303
vt 0.666495 0.868628
vt 0.659196 0.859418
vt 0.666495 0.868628
vt 0.656721 0.864039
vt 0.659196 0.859418
vt 0.666495 0.868628
vt 0.661937 0.876271
vt 0.656721 0.864039
vt 0.661937 0.876271
vt 0.652766 0.870672
vt 0.656721 0.864039
vt 0.652766 0.870672
vt 0.648391 0.877540
vt 0.644989 0.866061
vt 0.648391 0.877540
vt 0.641500 0.871538
vt 0.644989 0.866061
vt 0.648391 0.877540
vt 0.644769 0.882803
vt 0.641500 0.871538
vt 0.644769 0.882803
vt 0.638612 0.875736
vt 0.641500 0.871538
vt 0.853675 0.677461
vt 0.849758 0.679709
vt 0.853165 0.670394
vt 0.849758 0.679709
vt 0.850041 0.672186
vt 0.853165 0.670394
vt 0.849758 0.679709
vt 0.845065 0.678339
vt 0.850041 0.672186
vt 0.845065 0.678339
vt 0.846299 0.671094
vt 0.850041 0.672186
vt 0.585603 0.883194
vt 0.583127 0.878573
vt 0.591443 0.875949
vt 0.583127 0.878573
vt 0.589469 0.872264
vt 0.591443 0.875949
vt 0.583127 0.878573
vt 0.579173 0.871940
vt 0.589469 0.872264
vt 0.579173 0.871940
vt 0.586315 0.866974
vt 0.589469 0.872264
vt 0.579173 0.871940
vt 0.574798 0.865072
vt 0.586315 0.866974
vt 0.574798 0.865072
vt 0.582826 0.861497
vt 0.586315 0.866974
vt 0.574798 0.865072
vt 0.571176 0.859809
vt 0.582826 0.861497
vt 0.571176 0.859809
vt 0.579938 0.857300
vt 0.582826 0.861497
vt 0.759732 0.543019
vt 0.761632 0.546936
vt 0.750970 0.545267
vt 0.761632 0.546936
vt 0.752485 0.548391
vt 0.750970 0.545267
vt 0.761632 0.546936
vt 0.761299 0.551629
vt 0.752485 0.548391
vt 0.761299 0.551629
vt 0.752220 0.552134
vt 0.752485 0.548391
vt 0.659196 0.859418
vt 0.656721 0.864039
vt 0.650117 0.857087
vt 0.656721 0.864039
vt 0.648143 0.860772
vt 0.650117 0.857087
vt 0.656721 0.864039
vt 0.652766 0.870672
vt 0.648143 0.860772
vt 0.652766 0.870672
vt 0.644989 0.866061
vt 0.648143 0.860772
vt 0.644989 0.866061
vt 0.641500 0.871538
vt 0.638996 0.862671
vt 0.641500 0.871538
vt 0.636569 0.866483
vt 0.638996 0.862671
vt 0.641500 0.871538
vt 0.638612 0.875736
vt 0.636569 0.866483
vt 0.638612 0.875736
vt 0.634558 0.869404
vt 0.636569 0.866483
vt 0.853165 0.670394
vt 0.850041 0.672186
vt 0.852168 0.664062
vt 0.850041 0.672186
vt 0.849993 0.665309
vt 0.852168 0.664062
vt 0.850041 0.672186
vt 0.846299 0.671094
vt 0.849993 0.665309
vt 0.846299 0.671094
vt 0.847389 0.664549
vt 0.849993 0.665309
vt 0.591443 0.875949
vt 0.589469 0.872264
vt 0.595116 0.869404
vt 0.589469 0.872264
vt 0.593742 0.866840
vt 0.595116 0.869404
vt 0.589469 0.872264
vt 0.586315 0.866974
vt 0.593742 0.866840
vt 0.586315 0.866974
vt 0.591548 0.863159
vt 0.593742 0.866840
vt 0.586315 0.866974
vt 0.582826 0.861497
vt 0.591548 0.863159
vt 0.582826 0.861497
vt 0.589120 0.859347
vt 0.591548 0.863159
vt 0.582826 0.861497
vt 0.579938 0.857300
vt 0.589120 0.859347
vt 0.579938 0.857300
vt 0.587110 0.856426
vt 0.589120 0.859347
vt 0.750970 0.545267
vt 0.752485 0.548391
vt 0.743798 0.547573
vt 0.752485 0.548391
vt 0.744852 0.549747
vt 0.743798 0.547573
vt 0.752485 0.548391
vt 0.752220 0.552134
vt 0.744852 0.549747
vt 0.752220 0.552134
vt 0.744668 0.552351
vt 0.744852 0.549747
vt 0.650117 0.857087
vt 0.648143 0.860772
vt 0.642565 0.856426
vt 0.648143 0.860772
vt 0.641191 0.858990
vt 0.642565 0.856426
vt 0.648143 0.860772
vt 0.644989 0.866061
vt 0.641191 0.858990
vt 0.644989 0.866061
vt 0.638996 0.862671
vt 0.641191 0.858990
vt 0.638996 0.862671
vt 0.636569 0.866483
vt 0.635089 0.860672
vt 0.636569 0.866483
vt 0.633843 0.862627
vt 0.635089 0.860672
vt 0.636569 0.866483
vt 0.634558 0.869404
vt 0.633843 0.862627
vt 0.634558 0.869404
vt 0.632813 0.864125
vt 0.633843 0.862627
vt 0.852168 0.664062
vt 0.849993 0.665309
vt 0.850732 0.658783
vt 0.849993 0.665309
vt 0.849617 0.659423
vt 0.850732 0.658783
vt 0.849993 0.665309
vt 0.847389 0.664549
vt 0.849617 0.659423
vt 0.847389 0.664549
vt 0.848282 0.659033
vt 0.849617 0.659423
vt 0.847389 0.664549
vt 0.845053 0.661985
vt 0.848282 0.659033
vt 0.845053 0.661985
vt 0.847083 0.657718
vt 0.848282 0.659033
vt 0.593742 0.866840
vt 0.591548 0.863159
vt 0.595734 0.862573
vt 0.591548 0.863159
vt 0.594609 0.860685
vt 0.595734 0.862573
vt 0.591548 0.863159
vt 0.589120 0.859347
vt 0.594609 0.860685
vt 0.589120 0.859347
vt 0.593363 0.858730
vt 0.594609 0.860685
vt 0.589120 0.859347
vt 0.587110 0.856426
vt 0.593363 0.858730
vt 0.587110 0.856426
vt 0.592333 0.857232
vt 0.593363 0.858730
vt 0.743798 0.547573
vt 0.744852 0.549747
vt 0.738576 0.549820
vt 0.744852 0.549747
vt 0.739116 0.550935
vt 0.738576 0.549820
vt 0.744852 0.549747
vt 0.744668 0.552351
vt 0.739116 0.550935
vt 0.744668 0.552351
vt 0.739022 0.552270
vt 0.739116 0.550935
vt 0.744668 0.552351
vt 0.743294 0.554688
vt 0.739022 0.552270
vt 0.743294 0.554688
vt 0.738317 0.553469
vt 0.739022 0.552270
vt 0.641191 0.858990
vt 0.638996 0.862671
vt 0.636214 0.858784
vt 0.638996 0.862671
vt 0.635089 0.860672
vt 0.636214 0.858784
vt 0.851245 0.655330
vt 0.851328 0.657285
vt 0.848932 0.654822
vt 0.735947 0.554292
vt 0.735564 0.551896
vt 0.735564 0.551896
vt 0.851328 0.657285
vt 0.850732 0.658783
vt 0.848932 0.654822
vt 0.734916 0.553696
vt 0.735564 0.551896
vt 0.735564 0.551896
vt 0.850732 0.658783
vt 0.849617 0.659423
vt 0.848932 0.654822
vt 0.734375 0.552581
vt 0.735564 0.551896
vt 0.735564 0.551896
vt 0.849617 0.659423
vt 0.848282 0.659033
vt 0.848932 0.654822
vt 0.734470 0.551246
vt 0.735564 0.551896
vt 0.735564 0.551896
vt 0.848282 0.659033
vt 0.847083 0.657718
vt 0.848932 0.654822
vt 0.735174 0.550047
vt 0.735564 0.551896
vt 0.735564 0.551896
vt 0.847083 0.657718
vt 0.846344 0.655830
vt 0.848932 0.654822
vt 0.736300 0.549307
vt 0.735564 0.551896
vt 0.735564 0.551896
vt 0.846344 0.655830
vt 0.846260 0.653875
vt 0.848932 0.654822
vt 0.737545 0.549224
vt 0.735564 0.551896
vt 0.735564 0.551896
vt 0.846260 0.653875
vt 0.846856 0.652377
vt 0.848932 0.654822
vt 0.738576 0.549820
vt 0.735564 0.551896
vt 0.735564 0.551896
vt 0.738576 0.549820
vt 0.739116 0.550935
vt 0.735564 0.551896
vt 0.739116 0.550935
vt 0.735564 0.551896
vt 0.735564 0.551896
vt 0.739116 0.550935
vt 0.739022 0.552270
vt 0.735564 0.551896
vt 0.739022 0.552270
vt 0.735564 0.551896
vt 0.735564 0.551896
vt 0.739022 0.552270
vt 0.738317 0.553469
vt 0.735564 0.551896
vt 0.738317 0.553469
vt 0.735564 0.551896
vt 0.735564 0.551896
vt 0.850505 0.653442
vt 0.851245 0.655330
vt 0.848932 0.654822
vt 0.737192 0.554209
vt 0.735564 0.551896
vt 0.735564 0.551896
vt 0.074068 0.484201
vt 0.074068 0.484201
vt 0.074068 0.484375
vt 0.956738 0.554309
vt 0.954861 0.552000
vt 0.956738 0.551737
vt 0.074068 0.484201
vt 0.074068 0.484201
vt 0.072190 0.484217
vt 0.956738 0.554309
vt 0.953486 0.552720
vt 0.954861 0.552000
vt 0.074068 0.484201
vt 0.074068 0.484201
vt 0.070816 0.483784
vt 0.956738 0.554309
vt 0.952983 0.553704
vt 0.953486 0.552720
vt 0.074068 0.484201
vt 0.074068 0.484201
vt 0.070313 0.483194
vt 0.956738 0.554309
vt 0.953486 0.554688
vt 0.952983 0.553704
vt 0.074068 0.484201
vt 0.074068 0.484201
vt 0.070816 0.482603
vt 0.358364 0.829089
vt 0.356487 0.831119
vt 0.355112 0.830687
vt 0.074068 0.484201
vt 0.074068 0.484201
vt 0.072190 0.482171
vt 0.358364 0.829089
vt 0.358364 0.831278
vt 0.356487 0.831119
vt 0.074068 0.484201
vt 0.074068 0.484201
vt 0.074068 0.482012
vt 0.358364 0.829089
vt 0.360242 0.831119
vt 0.358364 0.831278
vt 0.074068 0.484201
vt 0.074068 0.484201
vt 0.075945 0.482171
vt 0.358364 0.829089
vt 0.361616 0.830687
vt 0.360242 0.831119
vt 0.074068 0.484201
vt 0.074068 0.484201
vt 0.077320 0.482603
vt 0.956738 0.554309
vt 0.960493 0.553704
vt 0.959990 0.554688
vt 0.074068 0.484201
vt 0.074068 0.484201
vt 0.077823 0.483194
vt 0.956738 0.554309
vt 0.959990 0.552720
vt 0.960493 0.553704
vt 0.074068 0.484201
vt 0.074068 0.484201
vt 0.077320 0.483784
vt 0.956738 0.554309
vt 0.958616 0.552000
vt 0.959990 0.552720
vt 0.074068 0.484201
vt 0.074068 0.484201
vt 0.075945 0.484217
vt 0.956738 0.554309
vt 0.956738 0.551737
vt 0.958616 0.552000
vt 0.956738 0.551737
vt 0.954861 0.552000
vt 0.956738 0.548083
vt 0.954861 0.552000
vt 0.953077 0.548597
vt 0.956738 0.548083
vt 0.954861 0.552000
vt 0.953486 0.552720
vt 0.953077 0.548597
vt 0.953486 0.552720
vt 0.950397 0.550001
vt 0.953077 0.548597
vt 0.953486 0.552720
vt 0.952983 0.553704
vt 0.950397 0.550001
vt 0.952983 0.553704
vt 0.949417 0.551919
vt 0.950397 0.550001
vt 0.369666 0.686516
vt 0.369075 0.687500
vt 0.366694 0.684732
vt 0.369075 0.687500
vt 0.365542 0.686650
vt 0.366694 0.684732
vt 0.355112 0.830687
vt 0.356487 0.831119
vt 0.352023 0.834220
vt 0.356487 0.831119
vt 0.354703 0.835063
vt 0.352023 0.834220
vt 0.356487 0.831119
vt 0.358364 0.831278
vt 0.354703 0.835063
vt 0.358364 0.831278
vt 0.358364 0.835372
vt 0.354703 0.835063
vt 0.358364 0.831278
vt 0.360242 0.831119
vt 0.358364 0.835372
vt 0.360242 0.831119
vt 0.362025 0.835063
vt 0.358364 0.835372
vt 0.360242 0.831119
vt 0.361616 0.830687
vt 0.362025 0.835063
vt 0.361616 0.830687
vt 0.364705 0.834220
vt 0.362025 0.835063
vt 0.016216 0.687500
vt 0.015625 0.686516
vt 0.019749 0.686650
vt 0.015625 0.686516
vt 0.018597 0.684732
vt 0.019749 0.686650
vt 0.960493 0.553704
vt 0.959990 0.552720
vt 0.964060 0.551919
vt 0.959990 0.552720
vt 0.963079 0.550001
vt 0.964060 0.551919
vt 0.959990 0.552720
vt 0.958616 0.552000
vt 0.963079 0.550001
vt 0.958616 0.552000
vt 0.960399 0.548597
vt 0.963079 0.550001
vt 0.958616 0.552000
vt 0.956738 0.551737
vt 0.960399 0.548597
vt 0.956738 0.551737
vt 0.956738 0.548083
vt 0.960399 0.548597
vt 0.956738 0.548083
vt 0.953077 0.548597
vt 0.956738 0.543532
vt 0.953077 0.548597
vt 0.951478 0.544270
vt 0.956738 0.543532
vt 0.953077 0.548597
vt 0.950397 0.550001
vt 0.951478 0.544270
vt 0.950397 0.550001
vt 0.947627 0.546288
vt 0.951478 0.544270
vt 0.367846 0.682814
vt 0.366694 0.684732
vt 0.363561 0.679100
vt 0.366694 0.684732
vt 0.361906 0.681857
vt 0.363561 0.679100
vt 0.366694 0.684732
vt 0.365542 0.686650
vt 0.361906 0.681857
vt 0.365542 0.686650
vt 0.360251 0.684613
vt 0.361906 0.681857
vt 0.352023 0.834220
vt 0.354703 0.835063
vt 0.349252 0.839511
vt 0.354703 0.835063
vt 0.353103 0.840723
vt 0.349252 0.839511
vt 0.354703 0.835063
vt 0.358364 0.835372
vt 0.353103 0.840723
vt 0.358364 0.835372
vt 0.358364 0.841166
vt 0.353103 0.840723
vt 0.358364 0.835372
vt 0.362025 0.835063
vt 0.358364 0.841166
vt 0.362025 0.835063
vt 0.363625 0.840723
vt 0.358364 0.841166
vt 0.362025 0.835063
vt 0.364705 0.834220
vt 0.363625 0.840723
vt 0.364705 0.834220
vt 0.367476 0.839511
vt 0.363625 0.840723
vt 0.019749 0.686650
vt 0.018597 0.684732
vt 0.025040 0.684613
vt 0.018597 0.684732
vt 0.023385 0.681857
vt 0.025040 0.684613
vt 0.018597 0.684732
vt 0.017445 0.682814
vt 0.023385 0.681857
vt 0.017445 0.682814
vt 0.021730 0.679100
vt 0.023385 0.681857
vt 0.963079 0.550001
vt 0.960399 0.548597
vt 0.965850 0.546288
vt 0.960399 0.548597
vt 0.961999 0.544270
vt 0.965850 0.546288
vt 0.960399 0.548597
vt 0.956738 0.548083
vt 0.961999 0.544270
vt 0.956738 0.548083
vt 0.956738 0.543532
vt 0.961999 0.544270
vt 0.295864 0.984375
vt 0.290603 0.983932
vt 0.295864 0.978853
vt 0.290603 0.983932
vt 0.289267 0.978296
vt 0.295864 0.978853
vt 0.951478 0.544270
vt 0.947627 0.546288
vt 0.950142 0.539237
vt 0.947627 0.546288
vt 0.945313 0.541767
vt 0.950142 0.539237
vt 0.363561 0.679100
vt 0.361906 0.681857
vt 0.357619 0.674579
vt 0.361906 0.681857
vt 0.355543 0.678035
vt 0.357619 0.674579
vt 0.361906 0.681857
vt 0.360251 0.684613
vt 0.355543 0.678035
vt 0.360251 0.684613
vt 0.353468 0.681491
vt 0.355543 0.678035
vt 0.349252 0.839511
vt 0.353103 0.840723
vt 0.346938 0.846294
vt 0.353103 0.840723
vt 0.351767 0.847814
vt 0.346938 0.846294
vt 0.353103 0.840723
vt 0.358364 0.841166
vt 0.351767 0.847814
vt 0.358364 0.841166
vt 0.358364 0.848370
vt 0.351767 0.847814
vt 0.358364 0.841166
vt 0.363625 0.840723
vt 0.358364 0.848370
vt 0.363625 0.840723
vt 0.364961 0.847814
vt 0.358364 0.848370
vt 0.363625 0.840723
vt 0.367476 0.839511
vt 0.364961 0.847814
vt 0.367476 0.839511
vt 0.369790 0.846294
vt 0.364961 0.847814
vt 0.025040 0.684613
vt 0.023385 0.681857
vt 0.031823 0.681491
vt 0.023385 0.681857
vt 0.029748 0.678035
vt 0.031823 0.681491
vt 0.023385 0.681857
vt 0.021730 0.679100
vt 0.029748 0.678035
vt 0.021730 0.679100
vt 0.027672 0.674579
vt 0.029748 0.678035
vt 0.965850 0.546288
vt 0.961999 0.544270
vt 0.968164 0.541767
vt 0.961999 0.544270
vt 0.963335 0.539237
vt 0.968164 0.541767
vt 0.301125 0.983932
vt 0.295864 0.984375
vt 0.302461 0.978296
vt 0.295864 0.984375
vt 0.295864 0.978853
vt 0.302461 0.978296
vt 0.295864 0.978853
vt 0.289267 0.978296
vt 0.295864 0.971866
vt 0.289267 0.978296
vt 0.288262 0.971225
vt 0.295864 0.971866
vt 0.289267 0.978296
vt 0.284438 0.976777
vt 0.288262 0.971225
vt 0.284438 0.976777
vt 0.282697 0.969474
vt 0.288262 0.971225
vt 0.357619 0.674579
vt 0.355543 0.678035
vt 0.350315 0.669477
vt 0.355543 0.678035
vt 0.347924 0.673460
vt 0.350315 0.669477
vt 0.355543 0.678035
vt 0.353468 0.681491
vt 0.347924 0.673460
vt 0.353468 0.681491
vt 0.345532 0.677442
vt 0.347924 0.673460
vt 0.346938 0.846294
vt 0.351767 0.847814
vt 0.345197 0.854230
vt 0.351767 0.847814
vt 0.350762 0.855981
vt 0.345197 0.854230
vt 0.351767 0.847814
vt 0.358364 0.848370
vt 0.350762 0.855981
vt 0.358364 0.848370
vt 0.358364 0.856622
vt 0.350762 0.855981
vt 0.358364 0.848370
vt 0.364961 0.847814
vt 0.358364 0.856622
vt 0.364961 0.847814
vt 0.365966 0.855981
vt 0.358364 0.856622
vt 0.364961 0.847814
vt 0.369790 0.846294
vt 0.365966 0.855981
vt 0.369790 0.846294
vt 0.371531 0.854230
vt 0.365966 0.855981
vt 0.031823 0.681491
vt 0.029748 0.678035
vt 0.039759 0.677442
vt 0.029748 0.678035
vt 0.037367 0.673460
vt 0.039759 0.677442
vt 0.029748 0.678035
vt 0.027672 0.674579
vt 0.037367 0.673460
vt 0.027672 0.674579
vt 0.034976 0.669477
vt 0.037367 0.673460
vt 0.307290 0.976777
vt 0.302461 0.978296
vt 0.309031 0.969474
vt 0.302461 0.978296
vt 0.303466 0.971225
vt 0.309031 0.969474
vt 0.302461 0.978296
vt 0.295864 0.978853
vt 0.303466 0.971225
vt 0.295864 0.978853
vt 0.295864 0.971866
vt 0.303466 0.971225
vt 0.295864 0.971866
vt 0.288262 0.971225
vt 0.295864 0.963764
vt 0.288262 0.971225
vt 0.287638 0.963071
vt 0.295864 0.963764
vt 0.288262 0.971225
vt 0.282697 0.969474
vt 0.287638 0.963071
vt 0.282697 0.969474
vt 0.281616 0.961176
vt 0.287638 0.963071
vt 0.350315 0.669477
vt 0.347924 0.673460
vt 0.342018 0.664050
vt 0.347924 0.673460
vt 0.339430 0.668359
vt 0.342018 0.664050
vt 0.347924 0.673460
vt 0.345532 0.677442
vt 0.339430 0.668359
vt 0.345532 0.677442
vt 0.336842 0.672669
vt 0.339430 0.668359
vt 0.345197 0.854230
vt 0.350762 0.855981
vt 0.344116 0.862920
vt 0.350762 0.855981
vt 0.350138 0.864815
vt 0.344116 0.862920
vt 0.350762 0.855981
vt 0.358364 0.856622
vt 0.350138 0.864815
vt 0.358364 0.856622
vt 0.358364 0.865508
vt 0.350138 0.864815
vt 0.358364 0.856622
vt 0.365966 0.855981
vt 0.358364 0.865508
vt 0.365966 0.855981
vt 0.366590 0.864815
vt 0.358364 0.865508
vt 0.365966 0.855981
vt 0.371531 0.854230
vt 0.366590 0.864815
vt 0.371531 0.854230
vt 0.372612 0.862920
vt 0.366590 0.864815
vt 0.039759 0.677442
vt 0.037367 0.673460
vt 0.048449 0.672669
vt 0.037367 0.673460
vt 0.045861 0.668359
vt 0.048449 0.672669
vt 0.037367 0.673460
vt 0.034976 0.669477
vt 0.045861 0.668359
vt 0.034976 0.669477
vt 0.043273 0.664050
vt 0.045861 0.668359
vt 0.309031 0.969474
vt 0.303466 0.971225
vt 0.310112 0.961176
vt 0.303466 0.971225
vt 0.304090 0.963071
vt 0.310112 0.961176
vt 0.303466 0.971225
vt 0.295864 0.971866
vt 0.304090 0.963071
vt 0.295864 0.971866
vt 0.295864 0.963764
vt 0.304090 0.963071
vt 0.295864 0.963764
vt 0.287638 0.963071
vt 0.295864 0.954955
vt 0.287638 0.963071
vt 0.287427 0.954244
vt 0.295864 0.954955
vt 0.287638 0.963071
vt 0.281616 0.961176
vt 0.287427 0.954244
vt 0.281616 0.961176
vt 0.281250 0.952301
vt 0.287427 0.954244
vt 0.342018 0.664050
vt 0.339430 0.668359
vt 0.333142 0.658569
vt 0.339430 0.668359
vt 0.330488 0.662989
vt 0.333142 0.658569
vt 0.339430 0.668359
vt 0.336842 0.672669
vt 0.330488 0.662989
vt 0.336842 0.672669
vt 0.327833 0.667410
vt 0.330488 0.662989
vt 0.344116 0.862920
vt 0.350138 0.864815
vt 0.343750 0.871929
vt 0.350138 0.864815
vt 0.349927 0.873872
vt 0.343750 0.871929
vt 0.350138 0.864815
vt 0.358364 0.865508
vt 0.349927 0.873872
vt 0.358364 0.865508
vt 0.358364 0.874584
vt 0.349927 0.873872
vt 0.358364 0.865508
vt 0.366590 0.864815
vt 0.358364 0.874584
vt 0.366590 0.864815
vt 0.366802 0.873872
vt 0.358364 0.874584
vt 0.366590 0.864815
vt 0.372612 0.862920
vt 0.366802 0.873872
vt 0.372612 0.862920
vt 0.372978 0.871929
vt 0.366802 0.873872
vt 0.048449 0.672669
vt 0.045861 0.668359
vt 0.057458 0.667410
vt 0.045861 0.668359
vt 0.054803 0.662989
vt 0.057458 0.667410
vt 0.045861 0.668359
vt 0.043273 0.664050
vt 0.054803 0.662989
vt 0.043273 0.664050
vt 0.052149 0.658569
vt 0.054803 0.662989
vt 0.310112 0.961176
vt 0.304090 0.963071
vt 0.310478 0.952301
vt 0.304090 0.963071
vt 0.304302 0.954244
vt 0.310478 0.952301
vt 0.304090 0.963071
vt 0.295864 0.963764
vt 0.304302 0.954244
vt 0.295864 0.963764
vt 0.295864 0.954955
vt 0.304302 0.954244
vt 0.295864 0.954955
vt 0.287427 0.954244
vt 0.295864 0.943474
vt 0.287427 0.954244
vt 0.287427 0.942762
vt 0.295864 0.943474
vt 0.287427 0.954244
vt 0.281250 0.952301
vt 0.287427 0.942762
vt 0.281250 0.952301
vt 0.281250 0.940819
vt 0.287427 0.942762
vt 0.333142 0.658569
vt 0.330488 0.662989
vt 0.321660 0.651674
vt 0.330488 0.662989
vt 0.319006 0.656094
vt 0.321660 0.651674
vt 0.330488 0.662989
vt 0.327833 0.667410
vt 0.319006 0.656094
vt 0.327833 0.667410
vt 0.316351 0.660515
vt 0.319006 0.656094
vt 0.343750 0.871929
vt 0.349927 0.873872
vt 0.343750 0.883411
vt 0.349927 0.873872
vt 0.349927 0.885354
vt 0.343750 0.883411
vt 0.349927 0.873872
vt 0.358364 0.874584
vt 0.349927 0.885354
vt 0.358364 0.874584
vt 0.358364 0.886065
vt 0.349927 0.885354
vt 0.358364 0.874584
vt 0.366802 0.873872
vt 0.358364 0.886065
vt 0.366802 0.873872
vt 0.366802 0.885354
vt 0.358364 0.886065
vt 0.366802 0.873872
vt 0.372978 0.871929
vt 0.366802 0.885354
vt 0.372978 0.871929
vt 0.372978 0.883411
vt 0.366802 0.885354
vt 0.057458 0.667410
vt 0.054803 0.662989
vt 0.068940 0.660515
vt 0.054803 0.662989
vt 0.066285 0.656094
vt 0.068940 0.660515
vt 0.054803 0.662989
vt 0.052149 0.658569
vt 0.066285 0.656094
vt 0.052149 0.658569
vt 0.063630 0.651674
vt 0.066285 0.656094
vt 0.310478 0.952301
vt 0.304302 0.954244
vt 0.310478 0.940819
vt 0.304302 0.954244
vt 0.304302 0.942762
vt 0.310478 0.940819
vt 0.304302 0.954244
vt 0.295864 0.954955
vt 0.304302 0.942762
vt 0.295864 0.954955
vt 0.295864 0.943474
vt 0.304302 0.942762
vt 0.295864 0.943474
vt 0.287427 0.942762
vt 0.295864 0.931992
vt 0.287427 0.942762
vt 0.287427 0.931281
vt 0.295864 0.931992
vt 0.287427 0.942762
vt 0.281250 0.940819
vt 0.287427 0.931281
vt 0.281250 0.940819
vt 0.281250 0.929337
vt 0.287427 0.931281
vt 0.321660 0.651674
vt 0.319006 0.656094
vt 0.310179 0.644779
vt 0.319006 0.656094
vt 0.307524 0.649199
vt 0.310179 0.644779
vt 0.319006 0.656094
vt 0.316351 0.660515
vt 0.307524 0.649199
vt 0.316351 0.660515
vt 0.304870 0.653620
vt 0.307524 0.649199
vt 0.343750 0.883411
vt 0.349927 0.885354
vt 0.343750 0.894892
vt 0.349927 0.885354
vt 0.349927 0.896836
vt 0.343750 0.894892
vt 0.349927 0.885354
vt 0.358364 0.886065
vt 0.349927 0.896836
vt 0.358364 0.886065
vt 0.358364 0.897547
vt 0.349927 0.896836
vt 0.358364 0.886065
vt 0.366802 0.885354
vt 0.358364 0.897547
vt 0.366802 0.885354
vt 0.366802 0.896836
vt 0.358364 0.897547
vt 0.366802 0.885354
vt 0.372978 0.883411
vt 0.366802 0.896836
vt 0.372978 0.883411
vt 0.372978 0.894892
vt 0.366802 0.896836
vt 0.068940 0.660515
vt 0.066285 0.656094
vt 0.080421 0.653620
vt 0.066285 0.656094
vt 0.077767 0.649199
vt 0.080421 0.653620
vt 0.066285 0.656094
vt 0.063630 0.651674
vt 0.077767 0.649199
vt 0.063630 0.651674
vt 0.075112 0.644779
vt 0.077767 0.649199
vt 0.310478 0.940819
vt 0.304302 0.942762
vt 0.310478 0.929337
vt 0.304302 0.942762
vt 0.304302 0.931281
vt 0.310478 0.929337
vt 0.304302 0.942762
vt 0.295864 0.943474
vt 0.304302 0.931281
vt 0.295864 0.943474
vt 0.295864 0.931992
vt 0.304302 0.931281
vt 0.295864 0.931992
vt 0.287427 0.931281
vt 0.295864 0.920510
vt 0.287427 0.931281
vt 0.287427 0.919799
vt 0.295864 0.920510
vt 0.287427 0.931281
vt 0.281250 0.929337
vt 0.287427 0.919799
vt 0.281250 0.929337
vt 0.281250 0.917856
vt 0.287427 0.919799
vt 0.310179 0.644779
vt 0.307524 0.649199
vt 0.298697 0.637884
vt 0.307524 0.649199
vt 0.296043 0.642305
vt 0.298697 0.637884
vt 0.307524 0.649199
vt 0.304870 0.653620
vt 0.296043 0.642305
vt 0.304870 0.653620
vt 0.293388 0.646725
vt 0.296043 0.642305
vt 0.343750 0.894892
vt 0.349927 0.896836
vt 0.343750 0.906374
vt 0.349927 0.896836
vt 0.349927 0.908317
vt 0.343750 0.906374
vt 0.349927 0.896836
vt 0.358364 0.897547
vt 0.349927 0.908317
vt 0.358364 0.897547
vt 0.358364 0.909029
vt 0.349927 0.908317
vt 0.358364 0.897547
vt 0.366802 0.896836
vt 0.358364 0.909029
vt 0.366802 0.896836
vt 0.366802 0.908317
vt 0.358364 0.909029
vt 0.366802 0.896836
vt 0.372978 0.894892
vt 0.366802 0.908317
vt 0.372978 0.894892
vt 0.372978 0.906374
vt 0.366802 0.908317
vt 0.080421 0.653620
vt 0.077767 0.649199
vt 0.091903 0.646725
vt 0.077767 0.649199
vt 0.089248 0.642305
vt 0.091903 0.646725
vt 0.077767 0.649199
vt 0.075112 0.644779
vt 0.089248 0.642305
vt 0.075112 0.644779
vt 0.086594 0.637884
vt 0.089248 0.642305
vt 0.310478 0.929337
vt 0.304302 0.931281
vt 0.310478 0.917856
vt 0.304302 0.931281
vt 0.304302 0.919799
vt 0.310478 0.917856
vt 0.304302 0.931281
vt 0.295864 0.931992
vt 0.304302 0.919799
vt 0.295864 0.931992
vt 0.295864 0.920510
vt 0.304302 0.919799
vt 0.295864 0.920510
vt 0.287427 0.919799
vt 0.295864 0.909029
vt 0.287427 0.919799
vt 0.287427 0.908317
vt 0.295864 0.909029
vt 0.287427 0.919799
vt 0.281250 0.917856
vt 0.287427 0.908317
vt 0.281250 0.917856
vt 0.281250 0.906374
vt 0.287427 0.908317
vt 0.298697 0.637884
vt 0.296043 0.642305
vt 0.287215 0.630989
vt 0.296043 0.642305
vt 0.284561 0.635410
vt 0.287215 0.630989
vt 0.296043 0.642305
vt 0.293388 0.646725
vt 0.284561 0.635410
vt 0.293388 0.646725
vt 0.281906 0.639830
vt 0.284561 0.635410
vt 0.343750 0.906374
vt 0.349927 0.908317
vt 0.343750 0.917856
vt 0.349927 0.908317
vt 0.349927 0.919799
vt 0.343750 0.917856
vt 0.349927 0.908317
vt 0.358364 0.909029
vt 0.349927 0.919799
vt 0.358364 0.909029
vt 0.358364 0.920510
vt 0.349927 0.919799
vt 0.358364 0.909029
vt 0.366802 0.908317
vt 0.358364 0.920510
vt 0.366802 0.908317
vt 0.366802 0.919799
vt 0.358364 0.920510
vt 0.366802 0.908317
vt 0.372978 0.906374
vt 0.366802 0.919799
vt 0.372978 0.906374
vt 0.372978 0.917856
vt 0.366802 0.919799
vt 0.091903 0.646725
vt 0.089248 0.642305
vt 0.103385 0.639830
vt 0.089248 0.642305
vt 0.100730 0.635410
vt 0.103385 0.639830
vt 0.089248 0.642305
vt 0.086594 0.637884
vt 0.100730 0.635410
vt 0.086594 0.637884
vt 0.098076 0.630989
vt 0.100730 0.635410
vt 0.310478 0.917856
vt 0.304302 0.919799
vt 0.310478 0.906374
vt 0.304302 0.919799
vt 0.304302 0.908317
vt 0.310478 0.906374
vt 0.304302 0.919799
vt 0.295864 0.920510
vt 0.304302 0.908317
vt 0.295864 0.920510
vt 0.295864 0.909029
vt 0.304302 0.908317
vt 0.295864 0.909029
vt 0.287427 0.908317
vt 0.295864 0.897547
vt 0.287427 0.908317
vt 0.287427 0.896836
vt 0.295864 0.897547
vt 0.287427 0.908317
vt 0.281250 0.906374
vt 0.287427 0.896836
vt 0.281250 0.906374
vt 0.281250 0.894892
vt 0.287427 0.896836
vt 0.287215 0.630989
vt 0.284561 0.635410
vt 0.275734 0.624094
vt 0.284561 0.635410
vt 0.273079 0.628515
vt 0.275734 0.624094
vt 0.284561 0.635410
vt 0.281906 0.639830
vt 0.273079 0.628515
vt 0.281906 0.639830
vt 0.270425 0.632935
vt 0.273079 0.628515
vt 0.343750 0.917856
vt 0.349927 0.919799
vt 0.343750 0.929337
vt 0.349927 0.919799
vt 0.349927 0.931281
vt 0.343750 0.929337
vt 0.349927 0.919799
vt 0.358364 0.920510
vt 0.349927 0.931281
vt 0.358364 0.920510
vt 0.358364 0.931992
vt 0.349927 0.931281
vt 0.358364 0.920510
vt 0.366802 0.919799
vt 0.358364 0.931992
vt 0.366802 0.919799
vt 0.366802 0.931281
vt 0.358364 0.931992
vt 0.366802 0.919799
vt 0.372978 0.917856
vt 0.366802 0.931281
vt 0.372978 0.917856
vt 0.372978 0.929337
vt 0.366802 0.931281
vt 0.103385 0.639830
vt 0.100730 0.635410
vt 0.114866 0.632935
vt 0.100730 0.635410
vt 0.112212 0.628515
vt 0.114866 0.632935
vt 0.100730 0.635410
vt 0.098076 0.630989
vt 0.112212 0.628515
vt 0.098076 0.630989
vt 0.109557 0.624094
vt 0.112212 0.628515
vt 0.310478 0.906374
vt 0.304302 0.908317
vt 0.310478 0.894892
vt 0.304302 0.908317
vt 0.304302 0.896836
vt 0.310478 0.894892
vt 0.304302 0.908317
vt 0.295864 0.909029
vt 0.304302 0.896836
vt 0.295864 0.909029
vt 0.295864 0.897547
vt 0.304302 0.896836
vt 0.295864 0.897547
vt 0.287427 0.896836
vt 0.295864 0.886065
vt 0.287427 0.896836
vt 0.287427 0.885354
vt 0.295864 0.886065
vt 0.287427 0.896836
vt 0.281250 0.894892
vt 0.287427 0.885354
vt 0.281250 0.894892
vt 0.281250 0.883411
vt 0.287427 0.885354
vt 0.275734 0.624094
vt 0.273079 0.628515
vt 0.264252 0.617199
vt 0.273079 0.628515
vt 0.261598 0.621620
vt 0.264252 0.617199
vt 0.273079 0.628515
vt 0.270425 0.632935
vt 0.261598 0.621620
vt 0.270425 0.632935
vt 0.258943 0.626040
vt 0.261598 0.621620
vt 0.343750 0.929337
vt 0.349927 0.931281
vt 0.343750 0.940819
vt 0.349927 0.931281
vt 0.349927 0.942762
vt 0.343750 0.940819
vt 0.349927 0.931281
vt 0.358364 0.931992
vt 0.349927 0.942762
vt 0.358364 0.931992
vt 0.358364 0.943474
vt 0.349927 0.942762
vt 0.358364 0.931992
vt 0.366802 0.931281
vt 0.358364 0.943474
vt 0.366802 0.931281
vt 0.366802 0.942762
vt 0.358364 0.943474
vt 0.366802 0.931281
vt 0.372978 0.929337
vt 0.366802 0.942762
vt 0.372978 0.929337
vt 0.372978 0.940819
vt 0.366802 0.942762
vt 0.114866 0.632935
vt 0.112212 0.628515
vt 0.126348 0.626040
vt 0.112212 0.628515
vt 0.123693 0.621620
vt 0.126348 0.626040
vt 0.112212 0.628515
vt 0.109557 0.624094
vt 0.123693 0.621620
vt 0.109557 0.624094
vt 0.121039 0.617199
vt 0.123693 0.621620
vt 0.310478 0.894892
vt 0.304302 0.896836
vt 0.310478 0.883411
vt 0.304302 0.896836
vt 0.304302 0.885354
vt 0.310478 0.883411
vt 0.304302 0.896836
vt 0.295864 0.897547
vt 0.304302 0.885354
vt 0.295864 0.897547
vt 0.295864 0.886065
vt 0.304302 0.885354
vt 0.295864 0.886065
vt 0.287427 0.885354
vt 0.295864 0.874584
vt 0.287427 0.885354
vt 0.287427 0.873872
vt 0.295864 0.874584
vt 0.287427 0.885354
vt 0.281250 0.883411
vt 0.287427 0.873872
vt 0.281250 0.883411
vt 0.281250 0.871929
vt 0.287427 0.873872
vt 0.264252 0.617199
vt 0.261598 0.621620
vt 0.252770 0.610305
vt 0.261598 0.621620
vt 0.250116 0.614725
vt 0.252770 0.610305
vt 0.261598 0.621620
vt 0.258943 0.626040
vt 0.250116 0.614725
vt 0.258943 0.626040
vt 0.247461 0.619145
vt 0.250116 0.614725
vt 0.343750 0.940819
vt 0.349927 0.942762
vt 0.343750 0.952301
vt 0.349927 0.942762
vt 0.349927 0.954244
vt 0.343750 0.952301
vt 0.349927 0.942762
vt 0.358364 0.943474
vt 0.349927 0.954244
vt 0.358364 0.943474
vt 0.358364 0.954955
vt 0.349927 0.954244
vt 0.358364 0.943474
vt 0.366802 0.942762
vt 0.358364 0.954955
vt 0.366802 0.942762
vt 0.366802 0.954244
vt 0.358364 0.954955
vt 0.366802 0.942762
vt 0.372978 0.940819
vt 0.366802 0.954244
vt 0.372978 0.940819
vt 0.372978 0.952301
vt 0.366802 0.954244
vt 0.126348 0.626040
vt 0.123693 0.621620
vt 0.137830 0.619145
vt 0.123693 0.621620
vt 0.135175 0.614725
vt 0.137830 0.619145
vt 0.123693 0.621620
vt 0.121039 0.617199
vt 0.135175 0.614725
vt 0.121039 0.617199
vt 0.132521 0.610305
vt 0.135175 0.614725
vt 0.310478 0.883411
vt 0.304302 0.885354
vt 0.310478 0.871929
vt 0.304302 0.885354
vt 0.304302 0.873872
vt 0.310478 0.871929
vt 0.304302 0.885354
vt 0.295864 0.886065
vt 0.304302 0.873872
vt 0.295864 0.886065
vt 0.295864 0.874584
vt 0.304302 0.873872
vt 0.295864 0.874584
vt 0.287427 0.873872
vt 0.295864 0.865508
vt 0.287427 0.873872
vt 0.287638 0.864815
vt 0.295864 0.865508
vt 0.287427 0.873872
vt 0.281250 0.871929
vt 0.287638 0.864815
vt 0.281250 0.871929
vt 0.281616 0.862920
vt 0.287638 0.864815
vt 0.252770 0.610305
vt 0.250116 0.614725
vt 0.243762 0.605045
vt 0.250116 0.614725
vt 0.241174 0.609355
vt 0.243762 0.605045
vt 0.250116 0.614725
vt 0.247461 0.619145
vt 0.241174 0.609355
vt 0.247461 0.619145
vt 0.238586 0.613665
vt 0.241174 0.609355
vt 0.343750 0.952301
vt 0.349927 0.954244
vt 0.344116 0.961176
vt 0.349927 0.954244
vt 0.350138 0.963071
vt 0.344116 0.961176
vt 0.349927 0.954244
vt 0.358364 0.954955
vt 0.350138 0.963071
vt 0.358364 0.954955
vt 0.358364 0.963764
vt 0.350138 0.963071
vt 0.358364 0.954955
vt 0.366802 0.954244
vt 0.358364 0.963764
vt 0.366802 0.954244
vt 0.366590 0.963071
vt 0.358364 0.963764
vt 0.366802 0.954244
vt 0.372978 0.952301
vt 0.366590 0.963071
vt 0.372978 0.952301
vt 0.372612 0.961176
vt 0.366590 0.963071
vt 0.137830 0.619145
vt 0.135175 0.614725
vt 0.146705 0.613665
vt 0.135175 0.614725
vt 0.144117 0.609355
vt 0.146705 0.613665
vt 0.135175 0.614725
vt 0.132521 0.610305
vt 0.144117 0.609355
vt 0.132521 0.610305
vt 0.141529 0.605045
vt 0.144117 0.609355
vt 0.310478 0.871929
vt 0.304302 0.873872
vt 0.310112 0.862920
vt 0.304302 0.873872
vt 0.304090 0.864815
vt 0.310112 0.862920
vt 0.304302 0.873872
vt 0.295864 0.874584
vt 0.304090 0.864815
vt 0.295864 0.874584
vt 0.295864 0.865508
vt 0.304090 0.864815
vt 0.295864 0.865508
vt 0.287638 0.864815
vt 0.295864 0.856622
vt 0.287638 0.864815
vt 0.288262 0.855981
vt 0.295864 0.856622
vt 0.287638 0.864815
vt 0.281616 0.862920
vt 0.288262 0.855981
vt 0.281616 0.862920
vt 0.282697 0.854230
vt 0.288262 0.855981
vt 0.243762 0.605045
vt 0.241174 0.609355
vt 0.235071 0.600272
vt 0.241174 0.609355
vt 0.232680 0.604254
vt 0.235071 0.600272
vt 0.241174 0.609355
vt 0.238586 0.613665
vt 0.232680 0.604254
vt 0.238586 0.613665
vt 0.230288 0.608237
vt 0.232680 0.604254
vt 0.344116 0.961176
vt 0.350138 0.963071
vt 0.345197 0.969474
vt 0.350138 0.963071
vt 0.350762 0.971225
vt 0.345197 0.969474
vt 0.350138 0.963071
vt 0.358364 0.963764
vt 0.350762 0.971225
vt 0.358364 0.963764
vt 0.358364 0.971866
vt 0.350762 0.971225
vt 0.358364 0.963764
vt 0.366590 0.963071
vt 0.358364 0.971866
vt 0.366590 0.963071
vt 0.365966 0.971225
vt 0.358364 0.971866
vt 0.366590 0.963071
vt 0.372612 0.961176
vt 0.365966 0.971225
vt 0.372612 0.961176
vt 0.371531 0.969474
vt 0.365966 0.971225
vt 0.146705 0.613665
vt 0.144117 0.609355
vt 0.155003 0.608237
vt 0.144117 0.609355
vt 0.152611 0.604254
vt 0.155003 0.608237
vt 0.144117 0.609355
vt 0.141529 0.605045
vt 0.152611 0.604254
vt 0.141529 0.605045
vt 0.150219 0.600272
vt 0.152611 0.604254
vt 0.310112 0.862920
vt 0.304090 0.864815
vt 0.309031 0.854230
vt 0.304090 0.864815
vt 0.303466 0.855981
vt 0.309031 0.854230
vt 0.304090 0.864815
vt 0.295864 0.865508
vt 0.303466 0.855981
vt 0.295864 0.865508
vt 0.295864 0.856622
vt 0.303466 0.855981
vt 0.295864 0.856622
vt 0.288262 0.855981
vt 0.295864 0.848370
vt 0.288262 0.855981
vt 0.289267 0.847814
vt 0.295864 0.848370
vt 0.288262 0.855981
vt 0.282697 0.854230
vt 0.289267 0.847814
vt 0.282697 0.854230
vt 0.284438 0.846294
vt 0.289267 0.847814
vt 0.235071 0.600272
vt 0.232680 0.604254
vt 0.227136 0.596223
vt 0.232680 0.604254
vt 0.225060 0.599679
vt 0.227136 0.596223
vt 0.232680 0.604254
vt 0.230288 0.608237
vt 0.225060 0.599679
vt 0.230288 0.608237
vt 0.222985 0.603135
vt 0.225060 0.599679
vt 0.345197 0.969474
vt 0.350762 0.971225
vt 0.346938 0.976777
vt 0.350762 0.971225
vt 0.351767 0.978296
vt 0.346938 0.976777
vt 0.350762 0.971225
vt 0.358364 0.971866
vt 0.351767 0.978296
vt 0.358364 0.971866
vt 0.358364 0.978853
vt 0.351767 0.978296
vt 0.358364 0.971866
vt 0.365966 0.971225
vt 0.358364 0.978853
vt 0.365966 0.971225
vt 0.364961 0.978296
vt 0.358364 0.978853
vt 0.365966 0.971225
vt 0.371531 0.969474
vt 0.364961 0.978296
vt 0.371531 0.969474
vt 0.369790 0.976777
vt 0.364961 0.978296
vt 0.155003 0.608237
vt 0.152611 0.604254
vt 0.162306 0.603135
vt 0.152611 0.604254
vt 0.160231 0.599679
vt 0.162306 0.603135
vt 0.152611 0.604254
vt 0.150219 0.600272
vt 0.160231 0.599679
vt 0.150219 0.600272
vt 0.158155 0.596223
vt 0.160231 0.599679
vt 0.309031 0.854230
vt 0.303466 0.855981
vt 0.307290 0.846294
vt 0.303466 0.855981
vt 0.302461 0.847814
vt 0.307290 0.846294
vt 0.303466 0.855981
vt 0.295864 0.856622
vt 0.302461 0.847814
vt 0.295864 0.856622
vt 0.295864 0.848370
vt 0.302461 0.847814
vt 0.295864 0.848370
vt 0.289267 0.847814
vt 0.295864 0.841166
vt 0.289267 0.847814
vt 0.290603 0.840723
vt 0.295864 0.841166
vt 0.289267 0.847814
vt 0.284438 0.846294
vt 0.290603 0.840723
vt 0.284438 0.846294
vt 0.286752 0.839511
vt 0.290603 0.840723
vt 0.227136 0.596223
vt 0.225060 0.599679
vt 0.220352 0.593102
vt 0.225060 0.599679
vt 0.218697 0.595858
vt 0.220352 0.593102
vt 0.225060 0.599679
vt 0.222985 0.603135
vt 0.218697 0.595858
vt 0.222985 0.603135
vt 0.217042 0.598614
vt 0.218697 0.595858
vt 0.038477 0.481845
vt 0.033648 0.484375
vt 0.036163 0.477324
vt 0.033648 0.484375
vt 0.032312 0.479342
vt 0.036163 0.477324
vt 0.351767 0.978296
vt 0.358364 0.978853
vt 0.353103 0.983932
vt 0.358364 0.978853
vt 0.358364 0.984375
vt 0.353103 0.983932
vt 0.358364 0.978853
vt 0.364961 0.978296
vt 0.358364 0.984375
vt 0.364961 0.978296
vt 0.363625 0.983932
vt 0.358364 0.984375
vt 0.020454 0.484375
vt 0.015625 0.481845
vt 0.021790 0.479342
vt 0.015625 0.481845
vt 0.017939 0.477324
vt 0.021790 0.479342
vt 0.162306 0.603135
vt 0.160231 0.599679
vt 0.168249 0.598614
vt 0.160231 0.599679
vt 0.166594 0.595858
vt 0.168249 0.598614
vt 0.160231 0.599679
vt 0.158155 0.596223
vt 0.166594 0.595858
vt 0.158155 0.596223
vt 0.164939 0.593102
vt 0.166594 0.595858
vt 0.307290 0.846294
vt 0.302461 0.847814
vt 0.304976 0.839511
vt 0.302461 0.847814
vt 0.301125 0.840723
vt 0.304976 0.839511
vt 0.302461 0.847814
vt 0.295864 0.848370
vt 0.301125 0.840723
vt 0.295864 0.848370
vt 0.295864 0.841166
vt 0.301125 0.840723
vt 0.295864 0.841166
vt 0.290603 0.840723
vt 0.295864 0.835372
vt 0.290603 0.840723
vt 0.292203 0.835063
vt 0.295864 0.835372
vt 0.290603 0.840723
vt 0.286752 0.839511
vt 0.292203 0.835063
vt 0.286752 0.839511
vt 0.289523 0.834220
vt 0.292203 0.835063
vt 0.220352 0.593102
vt 0.218697 0.595858
vt 0.215061 0.591065
vt 0.218697 0.595858
vt 0.213910 0.592983
vt 0.215061 0.591065
vt 0.218697 0.595858
vt 0.217042 0.598614
vt 0.213910 0.592983
vt 0.217042 0.598614
vt 0.212758 0.594901
vt 0.213910 0.592983
vt 0.036163 0.477324
vt 0.032312 0.479342
vt 0.033392 0.473611
vt 0.032312 0.479342
vt 0.030712 0.475015
vt 0.033392 0.473611
vt 0.032312 0.479342
vt 0.027051 0.480080
vt 0.030712 0.475015
vt 0.027051 0.480080
vt 0.027051 0.475529
vt 0.030712 0.475015
vt 0.027051 0.480080
vt 0.021790 0.479342
vt 0.027051 0.475529
vt 0.021790 0.479342
vt 0.023390 0.475015
vt 0.027051 0.475529
vt 0.021790 0.479342
vt 0.017939 0.477324
vt 0.023390 0.475015
vt 0.017939 0.477324
vt 0.020710 0.473611
vt 0.023390 0.475015
vt 0.168249 0.598614
vt 0.166594 0.595858
vt 0.172533 0.594901
vt 0.166594 0.595858
vt 0.171381 0.592983
vt 0.172533 0.594901
vt 0.166594 0.595858
vt 0.164939 0.593102
vt 0.171381 0.592983
vt 0.164939 0.593102
vt 0.170230 0.591065
vt 0.171381 0.592983
vt 0.304976 0.839511
vt 0.301125 0.840723
vt 0.302205 0.834220
vt 0.301125 0.840723
vt 0.299525 0.835063
vt 0.302205 0.834220
vt 0.301125 0.840723
vt 0.295864 0.841166
vt 0.299525 0.835063
vt 0.295864 0.841166
vt 0.295864 0.835372
vt 0.299525 0.835063
vt 0.295864 0.835372
vt 0.292203 0.835063
vt 0.295864 0.831278
vt 0.292203 0.835063
vt 0.293987 0.831119
vt 0.295864 0.831278
vt 0.292203 0.835063
vt 0.289523 0.834220
vt 0.293987 0.831119
vt 0.289523 0.834220
vt 0.292612 0.830687
vt 0.293987 0.831119
vt 0.215061 0.591065
vt 0.213910 0.592983
vt 0.211528 0.590214
vt 0.213910 0.592983
vt 0.210938 0.591198
vt 0.211528 0.590214
vt 0.034373 0.471693
vt 0.033392 0.473611
vt 0.030806 0.469908
vt 0.033392 0.473611
vt 0.030303 0.470892
vt 0.030806 0.469908
vt 0.033392 0.473611
vt 0.030712 0.475015
vt 0.030303 0.470892
vt 0.030712 0.475015
vt 0.028928 0.471612
vt 0.030303 0.470892
vt 0.030712 0.475015
vt 0.027051 0.475529
vt 0.028928 0.471612
vt 0.027051 0.475529
vt 0.027051 0.471875
vt 0.028928 0.471612
vt 0.027051 0.475529
vt 0.023390 0.475015
vt 0.027051 0.471875
vt 0.023390 0.475015
vt 0.025173 0.471612
vt 0.027051 0.471875
vt 0.023390 0.475015
vt 0.020710 0.473611
vt 0.025173 0.471612
vt 0.020710 0.473611
vt 0.023799 0.470892
vt 0.025173 0.471612
vt 0.020710 0.473611
vt 0.019729 0.471693
vt 0.023799 0.470892
vt 0.019729 0.471693
vt 0.023296 0.469908
vt 0.023799 0.470892
vt 0.171381 0.592983
vt 0.170230 0.591065
vt 0.174353 0.591198
vt 0.170230 0.591065
vt 0.173763 0.590214
vt 0.174353 0.591198
vt 0.302205 0.834220
vt 0.299525 0.835063
vt 0.299116 0.830687
vt 0.299525 0.835063
vt 0.297742 0.831119
vt 0.299116 0.830687
vt 0.299525 0.835063
vt 0.295864 0.835372
vt 0.297742 0.831119
vt 0.295864 0.835372
vt 0.295864 0.831278
vt 0.297742 0.831119
vt 0.295864 0.831278
vt 0.293987 0.831119
vt 0.295864 0.829089
vt 0.293987 0.831119
vt 0.295864 0.829089
vt 0.295864 0.829089
vt 0.293987 0.831119
vt 0.292612 0.830687
vt 0.295864 0.829089
vt 0.292612 0.830687
vt 0.295864 0.829089
vt 0.295864 0.829089
vt 0.030303 0.468924
vt 0.030806 0.469908
vt 0.027051 0.469303
vt 0.292109 0.830096
vt 0.295864 0.829089
vt 0.295864 0.829089
vt 0.030806 0.469908
vt 0.030303 0.470892
vt 0.027051 0.469303
vt 0.292612 0.829505
vt 0.295864 0.829089
vt 0.295864 0.829089
vt 0.030303 0.470892
vt 0.028928 0.471612
vt 0.027051 0.469303
vt 0.293987 0.829073
vt 0.295864 0.829089
vt 0.295864 0.829089
vt 0.028928 0.471612
vt 0.027051 0.471875
vt 0.027051 0.469303
vt 0.295864 0.828915
vt 0.295864 0.829089
vt 0.295864 0.829089
vt 0.027051 0.471875
vt 0.025173 0.471612
vt 0.027051 0.469303
vt 0.297742 0.829073
vt 0.295864 0.829089
vt 0.295864 0.829089
vt 0.025173 0.471612
vt 0.023799 0.470892
vt 0.027051 0.469303
vt 0.299116 0.829505
vt 0.295864 0.829089
vt 0.295864 0.829089
vt 0.023799 0.470892
vt 0.023296 0.469908
vt 0.027051 0.469303
vt 0.299619 0.830096
vt 0.295864 0.829089
vt 0.295864 0.829089
vt 0.023296 0.469908
vt 0.023799 0.468924
vt 0.027051 0.469303
vt 0.299116 0.830687
vt 0.295864 0.829089
vt 0.295864 0.829089
vt 0.299116 0.830687
vt 0.297742 0.831119
vt 0.295864 0.829089
vt 0.297742 0.831119
vt 0.295864 0.829089
vt 0.295864 0.829089
vt 0.297742 0.831119
vt 0.295864 0.831278
vt 0.295864 0.829089
vt 0.295864 0.831278
vt 0.295864 0.829089
vt 0.295864 0.829089
f 1/1 2/2 3/3
f 4/4 5/5 6/6
f 7/7 8/8 9/9
f 10/10 11/11 12/12
f 13/13 14/14 15/15
f 16/16 17/17 18/18
f 19/19 20/20 21/21
f 22/22 23/23 24/24
f 25/25 26/26 27/27
f 28/28 29/29 30/30
f 31/31 32/32 33/33
f 34/34 35/35 36/36
f 37/37 38/38 39/39
f 40/40 41/41 42/42
f 43/43 44/44 45/45
f 46/46 47/47 48/48
f 49/49 50/50 51/51
f 52/52 53/53 54/54
f 55/55 56/56 57/57
f 58/58 59/59 60/60
f 61/61 62/62 63/63
f 64/64 65/65 66/66
f 67/67 68/68 69/69
f 70/70 71/71 72/72
f 73/73 74/74 75/75
f 76/76 77/77 78/78
f 79/79 80/80 81/81
f 82/82 83/83 84/84
f 85/85 86/86 87/87
f 88/88 89/89 90/90
f 91/91 92/92 93/93
f 94/94 95/95 96/96
f 97/97 98/98 99/99
f 100/100 101/101 102/102
f 103/103 104/104 105/105
f 106/106 107/107 108/108
f 109/109 110/110 111/111
f 112/112 113/113 114/114
f 115/115 116/116 117/117
f 118/118 119/119 120/120
f 121/121 122/122 123/123
f 124/124 125/125 126/126
f 127/127 128/128 129/129
f 130/130 131/131 132/132
f 133/133 134/134 135/135
f 136/136 137/137 138/138
f 139/139 140/140 141/141
f 142/142 143/143 144/144
f 145/145 146/146 147/147
f 148/148 149/149 150/150
f 151/151 152/152 153/153
f 154/154 155/155 156/156
f 157/157 158/158 159/159
f 160/160 161/161 162/162
f 163/163 164/164 165/165
f 166/166 167/167 168/168
f 169/169 170/170 171/171
f 172/172 173/173 174/174
f 175/175 176/176 177/177
f 178/178 179/179 180/180
f 181/181 182/182 183/183
f 184/184 185/185 186/186
f 187/187 188/188 189/189
f 190/190 191/191 192/192
f 193/193 194/194 195/195
f 196/196 197/197 198/198
f 199/199 200/200 201/201
f 202/202 203/203 204/204
f 205/205 206/206 207/207
f 208/208 209/209 210/210
f 211/211 212/212 213/213
f 214/214 215/215 216/216
f 217/217 218/218 219/219
f 220/220 221/221 222/222
f 223/223 224/224 225/225
f 226/226 227/227 228/228
f 229/229 230/230 231/231
f 232/232 233/233 234/234
f 235/235 236/236 237/237
f 238/238 239/239 240/240
f 241/241 242/242 243/243
f 244/244 245/245 246/246
f 247/247 248/248 249/249
f 250/250 251/251 252/252
f 253/253 254/254 255/255
f 256/256 257/257 258/258
f 259/259 260/260 261/261
f 262/262 263/263 264/264
f 265/265 266/266 267/267
f 268/268 269/269 270/270
f 271/271 272/272 273/273
f 274/274 275/275 276/276
f 277/277 278/278 279/279
f 280/280 281/281 282/282
f 283/283 284/284 285/285
f 286/286 287/287 288/288
f 289/289 290/290 291/291
f 292/292 293/293 294/294
f 295/295 296/296 297/297
f 298/298 299/299 300/300
f 301/301 302/302 303/303
f 304/304 305/305 306/306
f 307/307 308/308 309/309
f 310/310 311/311 312/312
f 313/313 314/314 315/315
f 316/316 317/317 318/318
f 319/319 320/320 321/321
f 322/322 323/323 324/324
f 325/325 326/326 327/327
f 328/328 329/329 330/330
f 331/331 332/332 333/333
f 334/334 335/335 336/336
f 337/337 338/338 339/339
f 340/340 341/341 342/342
f 343/343 344/344 345/345
f 346/346 347/347 348/348
f 349/349 350/350 351/351
f 352/352 353/353 354/354
f 355/355 356/356 357/357
f 358/358 359/359 360/360
f 361/361 362/362 363/363
f 364/364 365/365 366/366
f 367/367 368/368 369/369
f 370/370 371/371 372/372
f 373/373 374/374 375/375
f 376/376 377/377 378/378
f 379/379 380/380 381/381
f 382/382 383/383 384/384
f 385/385 386/386 387/387
f 388/388 389/389 390/390
f 391/391 392/392 393/393
f 394/394 395/395 396/396
f 397/397 398/398 399/399
f 400/400 401/401 402/402
f 403/403 404/404 405/405
f 406/406 407/407 408/408
f 409/409 410/410 411/411
f 412/412 413/413 414/414
f 415/415 416/416 417/417
f 418/418 419/419 420/420
f 421/421 422/422 423/423
f 424/424 425/425 426/426
f 427/427 428/428 429/429
f 430/430 431/431 432/432
f 433/433 434/434 435/435
f 436/436 437/437 438/438
f 439/439 440/440 441/441
f 442/442 443/443 444/444
f 445/445 446/446 447/447
f 448/448 449/449 450/450
f 451/451 452/452 453/453
f 454/454 455/455 456/456
f 457/457 458/458 459/459
f 460/460 461/461 462/462
f 463/463 464/464 465/465
f 466/466 467/467 468/468
f 469/469 470/470 471/471
f 472/472 473/473 474/474
f 475/475 476/476 477/477
f 478/478 479/479 480/480
f 481/481 482/482 483/483
f 484/484 485/485 486/486
f 487/487 488/488 489/489
f 490/490 491/491 492/492
f 493/493 494/494 495/495
f 496/496 497/497 498/498
f 499/499 500/500 501/501
f 502/502 503/503 504/504
f 505/505 506/506 507/507
f 508/508 509/509 510/510
f 511/511 512/512 513/513
f 514/514 515/515 516/516
f 517/517 518/518 519/519
f 520/520 521/521 522/522
f 523/523 524/524 525/525
f 526/526 527/527 528/528
f 529/529 530/530 531/531
f 532/532 533/533 534/534
f 535/535 536/536 537/537
f 538/538 539/539 540/540
f 541/541 542/542 543/543
f 544/544 545/545 546/546
f 547/547 548/548 549/549
f 550/550 551/551 552/552
f 553/553 554/554 555/555
f 556/556 557/557 558/558
f 559/559 560/560 561/561
f 562/562 563/563 564/564
f 565/565 566/566 567/567
f 568/568 569/569 570/570
f 571/571 572/572 573/573
f 574/574 575/575 576/576
f 577/577 578/578 579/579
f 580/580 581/581 582/582
f 583/583 584/584 585/585
f 586/586 587/587 588/588
f 589/589 590/590 591/591
f 592/592 593/593 594/594
f 595/595 596/596 597/597
f 598/598 599/599 600/600
f 601/601 602/602 603/603
f 604/604 605/605 606/606
f 607/607 608/608 609/609
f 610/610 611/611 612/612
f 613/613 614/614 615/615
f 616/616 617/617 618/618
f 619/619 620/620 621/621
f 622/622 623/623 624/624
f 625/625 626/626 627/627
f 628/628 629/629 630/630
f 631/631 632/632 633/633
f 634/634 635/635 636/636
f 637/637 638/638 639/639
f 640/640 641/641 642/642
f 643/643 644/644 645/645
f 646/646 647/647 648/648
f 649/649 650/650 651/651
f 652/652 653/653 654/654
f 655/655 656/656 657/657
f 658/658 659/659 660/660
f 661/661 662/662 663/663
f 664/664 665/665 666/666
f 667/667 668/668 669/669
f 670/670 671/671 672/672
f 673/673 674/674 675/675
f 676/676 677/677 678/678
f 679/679 680/680 681/681
f 682/682 683/683 684/684
f 685/685 686/686 687/687
f 688/688 689/689 690/690
f 691/691 692/692 693/693
f 694/694 695/695 696/696
f 697/697 698/698 699/699
f 700/700 701/701 702/702
f 703/703 704/704 705/705
f 706/706 707/707 708/708
f 709/709 710/710 711/711
f 712/712 713/713 714/714
f 715/715 716/716 717/717
f 718/718 719/719 720/720
f 721/721 722/722 723/723
f 724/724 725/725 726/726
f 727/727 728/728 729/729
f 730/730 731/731 732/732
f 733/733 734/734 735/735
f 736/736 737/737 738/738
f 739/739 740/740 741/741
f 742/742 743/743 744/744
f 745/745 746/746 747/747
f 748/748 749/749 750/750
f 751/751 752/752 753/753
f 754/754 755/755 756/756
f 757/757 758/758 759/759
f 760/760 761/761 762/762
f 763/763 764/764 765/765
f 766/766 767/767 768/768
f 769/769 770/770 771/771
f 772/772 773/773 774/774
f 775/775 776/776 777/777
f 778/778 779/779 780/780
f 781/781 782/782 783/783
f 784/784 785/785 786/786
f 787/787 788/788 789/789
f 790/790 791/791 792/792
f 793/793 794/794 795/795
f 796/796 797/797 798/798
f 799/799 800/800 801/801
f 802/802 803/803 804/804
f 805/805 806/806 807/807
f 808/808 809/809 810/810
f 811/811 812/812 813/813
f 814/814 815/815 816/816
f 817/817 818/818 819/819
f 820/820 821/821 822/822
f 823/823 824/824 825/825
f 826/826 827/827 828/828
f 829/829 830/830 831/831
f 832/832 833/833 834/834
f 835/835 836/836 837/837
f 838/838 839/839 840/840
f 841/841 842/842 843/843
f 844/844 845/845 846/846
f 847/847 848/848 849/849
f 850/850 851/851 852/852
f 853/853 854/854 855/855
f 856/856 857/857 858/858
f 859/859 860/860 861/861
f 862/862 863/863 864/864
f 865/865 866/866 867/867
f 868/868 869/869 870/870
f 871/871 872/872 873/873
f 874/874 875/875 876/876
f 877/877 878/878 879/879
f 880/880 881/881 882/882
f 883/883 884/884 885/885
f 886/886 887/887 888/888
f 889/889 890/890 891/891
f 892/892 893/893 894/894
f 895/895 896/896 897/897
f 898/898 899/899 900/900
f 901/901 902/902 903/903
f 904/904 905/905 906/906
f 907/907 908/908 909/909
f 910/910 911/911 912/912
f 913/913 914/914 915/915
f 916/916 917/917 918/918
f 919/919 920/920 921/921
f 922/922 923/923 924/924
f 925/925 926/926 927/927
f 928/928 929/929 930/930
f 931/931 932/932 933/933
f 934/934 935/935 936/936
f 937/937 938/938 939/939
f 940/940 941/941 942/942
f 943/943 944/944 945/945
f 946/946 947/947 948/948
f 949/949 950/950 951/951
f 952/952 953/953 954/954
f 955/955 956/956 957/957
f 958/958 959/959 960/960
f 961/961 962/962 963/963
f 964/964 965/965 966/966
f 967/967 968/968 969/969
f 970/970 971/971 972/972
f 973/973 974/974 975/975
f 976/976 977/977 978/978
f 979/979 980/980 981/981
f 982/982 983/983 984/984
f 985/985 986/986 987/987
f 988/988 989/989 990/990
f 991/991 992/992 993/993
f 994/994 995/995 996/996
f 997/997 998/998 999/999
f 1000/1000 1001/1001 1002/1002
f 1003/1003 1004/1004 1005/1005
f 1006/1006 1007/1007 1008/1008
f 1009/1009 1010/1010 1011/1011
f 1012/1012 1013/1013 1014/1014
f 1015/1015 1016/1016 1017/1017
f 1018/1018 1019/1019 1020/1020
f 1021/1021 1022/1022 1023/1023
f 1024/1024 1025/1025 1026/1026
f 1027/1027 1028/1028 1029/1029
f 1030/1030 1031/1031 1032/1032
f 1033/1033 1034/1034 1035/1035
f 1036/1036 1037/1037 1038/1038
f 1039/1039 1040/1040 1041/1041
f 1042/1042 1043/1043 1044/1044
f 1045/1045 1046/1046 1047/1047
f 1048/1048 1049/1049 1050/1050
f 1051/1051 1052/1052 1053/1053
f 1054/1054 1055/1055 1056/1056
f 1057/1057 1058/1058 1059/1059
f 1060/1060 1061/1061 1062/1062
f 1063/1063 1064/1064 1065/1065
f 1066/1066 1067/1067 1068/1068
f 1069/1069 1070/1070 1071/1071
f 1072/1072 1073/1073 1074/1074
f 1075/1075 1076/1076 1077/1077
f 1078/1078 1079/1079 1080/1080
f 1081/1081 1082/1082 1083/1083
f 1084/1084 1085/1085 1086/1086
f 1087/1087 1088/1088 1089/1089
f 1090/1090 1091/1091 1092/1092
f 1093/1093 1094/1094 1095/1095
f 1096/1096 1097/1097 1098/1098
f 1099/1099 1100/1100 1101/1101
f 1102/1102 1103/1103 1104/1104
f 1105/1105 1106/1106 1107/1107
f 1108/1108 1109/1109 1110/1110
f 1111/1111 1112/1112 1113/1113
f 1114/1114 1115/1115 1116/1116
f 1117/1117 1118/1118 1119/1119
f 1120/1120 1121/1121 1122/1122
f 1123/1123 1124/1124 1125/1125
f 1126/1126 1127/1127 1128/1128
f 1129/1129 1130/1130 1131/1131
f 1132/1132 1133/1133 1134/1134
f 1135/1135 1136/1136 1137/1137
f 1138/1138 1139/1139 1140/1140
f 1141/1141 1142/1142 1143/1143
f 1144/1144 1145/1145 1146/1146
f 1147/1147 1148/1148 1149/1149
f 1150/1150 1151/1151 1152/1152
f 1153/1153 1154/1154 1155/1155
f 1156/1156 1157/1157 1158/1158
f 1159/1159 1160/1160 1161/1161
f 1162/1162 1163/1163 1164/1164
f 1165/1165 1166/1166 1167/1167
f 1168/1168 1169/1169 1170/1170
f 1171/1171 1172/1172 1173/1173
f 1174/1174 1175/1175 1176/1176
f 1177/1177 1178/1178 1179/1179
f 1180/1180 1181/1181 1182/1182
f 1183/1183 1184/1184 1185/1185
f 1186/1186 1187/1187 1188/1188
f 1189/1189 1190/1190 1191/1191
f 1192/1192 1193/1193 1194/1194
f 1195/1195 1196/1196 1197/1197
f 1198/1198 1199/1199 1200/1200
f 1201/1201 1202/1202 1203/1203
f 1204/1204 1205/1205 1206/1206
f 1207/1207 1208/1208 1209/1209
f 1210/1210 1211/1211 1212/1212
f 1213/1213 1214/1214 1215/1215
f 1216/1216 1217/1217 1218/1218
f 1219/1219 1220/1220 1221/1221
f 1222/1222 1223/1223 1224/1224
f 1225/1225 1226/1226 1227/1227
f 1228/1228 1229/1229 1230/1230
f 1231/1231 1232/1232 1233/1233
f 1234/1234 1235/1235 1236/1236
f 1237/1237 1238/1238 1239/1239
f 1240/1240 1241/1241 1242/1242
f 1243/1243 1244/1244 1245/1245
f 1246/1246 1247/1247 1248/1248
f 1249/1249 1250/1250 1251/1251
f 1252/1252 1253/1253 1254/1254
f 1255/1255 1256/1256 1257/1257
f 1258/1258 1259/1259 1260/1260
f 1261/1261 1262/1262 1263/1263
f 1264/1264 1265/1265 1266/1266
f 1267/1267 1268/1268 1269/1269
f 1270/1270 1271/1271 1272/1272
f 1273/1273 1274/1274 1275/1275
f 1276/1276 1277/1277 1278/1278
f 1279/1279 1280/1280 1281/1281
f 1282/1282 1283/1283 1284/1284
f 1285/1285 1286/1286 1287/1287
f 1288/1288 1289/1289 1290/1290
f 1291/1291 1292/1292 1293/1293
f 1294/1294 1295/1295 1296/1296
f 1297/1297 1298/1298 1299/1299
f 1300/1300 1301/1301 1302/1302
f 1303/1303 1304/1304 1305/1305
f 1306/1306 1307/1307 1308/1308
f 1309/1309 1310/1310 1311/1311
f 1312/1312 1313/1313 1314/1314
f 1315/1315 1316/1316 1317/1317
f 1318/1318 1319/1319 1320/1320
f 1321/1321 1322/1322 1323/1323
f 1324/1324 1325/1325 1326/1326
f 1327/1327 1328/1328 1329/1329
f 1330/1330 1331/1331 1332/1332
f 1333/1333 1334/1334 1335/1335
f 1336/1336 1337/1337 1338/1338
f 1339/1339 1340/1340 1341/1341
f 1342/1342 1343/1343 1344/1344
f 1345/1345 1346/1346 1347/1347
f 1348/1348 1349/1349 1350/1350
f 1351/1351 1352/1352 1353/1353
f 1354/1354 1355/1355 1356/1356
f 1357/1357 1358/1358 1359/1359
f 1360/1360 1361/1361 1362/1362
f 1363/1363 1364/1364 1365/1365
f 1366/1366 1367/1367 1368/1368
f 1369/1369 1370/1370 1371/1371
f 1372/1372 1373/1373 1374/1374
f 1375/1375 1376/1376 1377/1377
f 1378/1378 1379/1379 1380/1380
f 1381/1381 1382/1382 1383/1383
f 1384/1384 1385/1385 1386/1386
f 1387/1387 1388/1388 1389/1389
f 1390/1390 1391/1391 1392/1392
f 1393/1393 1394/1394 1395/1395
f 1396/1396 1397/1397 1398/1398
f 1399/1399 1400/1400 1401/1401
f 1402/1402 1403/1403 1404/1404
f 1405/1405 1406/1406 1407/1407
f 1408/1408 1409/1409 1410/1410
f 1411/1411 1412/1412 1413/1413
f 1414/1414 1415/1415 1416/1416
f 1417/1417 1418/1418 1419/1419
f 1420/1420 1421/1421 1422/1422
f 1423/1423 1424/1424 1425/1425
f 1426/1426 1427/1427 1428/1428
f 1429/1429 1430/1430 1431/1431
f 1432/1432 1433/1433 1434/1434
f 1435/1435 1436/1436 1437/1437
f 1438/1438 1439/1439 1440/1440
f 1441/1441 1442/1442 1443/1443
f 1444/1444 1445/1445 1446/1446
f 1447/1447 1448/1448 1449/1449
f 1450/1450 1451/1451 1452/1452
f 1453/1453 1454/1454 1455/1455
f 1456/1456 1457/1457 1458/1458
f 1459/1459 1460/1460 1461/1461
f 1462/1462 1463/1463 1464/1464
f 1465/1465 1466/1466 1467/1467
f 1468/1468 1469/1469 1470/1470
f 1471/1471 1472/1472 1473/1473
f 1474/1474 1475/1475 1476/1476
f 1477/1477 1478/1478 1479/1479
f 1480/1480 1481/1481 1482/1482
f 1483/1483 1484/1484 1485/1485
f 1486/1486 1487/1487 1488/1488
f 1489/1489 1490/1490 1491/1491
f 1492/1492 1493/1493 1494/1494
f 1495/1495 1496/1496 1497/1497
f 1498/1498 1499/1499 1500/1500
f 1501/1501 1502/1502 1503/1503
f 1504/1504 1505/1505 1506/1506
f 1507/1507 1508/1508 1509/1509
f 1510/1510 1511/1511 1512/1512
f 1513/1513 1514/1514 1515/1515
f 1516/1516 1517/1517 1518/1518
f 1519/1519 1520/1520 1521/1521
f 1522/1522 1523/1523 1524/1524
f 1525/1525 1526/1526 1527/1527
f 1528/1528 1529/1529 1530/1530
f 1531/1531 1532/1532 1533/1533
f 1534/1534 1535/1535 1536/1536
f 1537/1537 1538/1538 1539/1539
f 1540/1540 1541/1541 1542/1542
f 1543/1543 1544/1544 1545/1545
f 1546/1546 1547/1547 1548/1548
f 1549/1549 1550/1550 1551/1551
f 1552/1552 1553/1553 1554/1554
f 1555/1555 1556/1556 1557/1557
f 1558/1558 1559/1559 1560/1560
f 1561/1561 1562/1562 1563/1563
f 1564/1564 1565/1565 1566/1566
f 1567/1567 1568/1568 1569/1569
f 1570/1570 1571/1571 1572/1572
f 1573/1573 1574/1574 1575/1575
f 1576/1576 1577/1577 1578/1578
f 1579/1579 1580/1580 1581/1581
f 1582/1582 1583/1583 1584/1584
f 1585/1585 1586/1586 1587/1587
f 1588/1588 1589/1589 1590/1590
f 1591/1591 1592/1592 1593/1593
f 1594/1594 1595/1595 1596/1596
f 1597/1597 1598/1598 1599/1599
f 1600/1600 1601/1601 1602/1602
f 1603/1603 1604/1604 1605/1605
f 1606/1606 1607/1607 1608/1608
f 1609/1609 1610/1610 1611/1611
f 1612/1612 1613/1613 1614/1614
f 1615/1615 1616/1616 1617/1617
f 1618/1618 1619/1619 1620/1620
f 1621/1621 1622/1622 1623/1623
f 1624/1624 1625/1625 1626/1626
f 1627/1627 1628/1628 1629/1629
f 1630/1630 1631/1631 1632/1632
f 1633/1633 1634/1634 1635/1635
f 1636/1636 1637/1637 1638/1638
f 1639/1639 1640/1640 1641/1641
f 1642/1642 1643/1643 1644/1644
f 1645/1645 1646/1646 1647/1647
f 1648/1648 1649/1649 1650/1650
f 1651/1651 1652/1652 1653/1653
f 1654/1654 1655/1655 1656/1656
f 1657/1657 1658/1658 1659/1659
f 1660/1660 1661/1661 1662/1662
f 1663/1663 1664/1664 1665/1665
f 1666/1666 1667/1667 1668/1668
f 1669/1669 1670/1670 1671/1671
f 1672/1672 1673/1673 1674/1674
f 1675/1675 1676/1676 1677/1677
f 1678/1678 1679/1679 1680/1680
f 1681/1681 1682/1682 1683/1683
f 1684/1684 1685/1685 1686/1686
f 1687/1687 1688/1688 1689/1689
f 1690/1690 1691/1691 1692/1692
f 1693/1693 1694/1694 1695/1695
f 1696/1696 1697/1697 1698/1698
f 1699/1699 1700/1700 1701/1701
f 1702/1702 1703/1703 1704/1704
f 1705/1705 1706/1706 1707/1707
f 1708/1708 1709/1709 1710/1710
f 1711/1711 1712/1712 1713/1713
f 1714/1714 1715/1715 1716/1716
f 1717/1717 1718/1718 1719/1719
f 1720/1720 1721/1721 1722/1722
f 1723/1723 1724/1724 1725/1725
f 1726/1726 1727/1727 1728/1728
f 1729/1729 1730/1730 1731/1731
f 1732/1732 1733/1733 1734/1734
f 1735/1735 1736/1736 1737/1737
f 1738/1738 1739/1739 1740/1740
f 1741/1741 1742/1742 1743/1743
f 1744/1744 1745/1745 1746/1746
f 1747/1747 1748/1748 1749/1749
f 1750/1750 1751/1751 1752/1752
f 1753/1753 1754/1754 1755/1755
f 1756/1756 1757/1757 1758/1758
f 1759/1759 1760/1760 1761/1761
f 1762/1762 1763/1763 1764/1764
f 1765/1765 1766/1766 1767/1767
f 1768/1768 1769/1769 1770/1770
f 1771/1771 1772/1772 1773/1773
f 1774/1774 1775/1775 1776/1776
f 1777/1777 1778/1778 1779/1779
f 1780/1780 1781/1781 1782/1782
f 1783/1783 1784/1784 1785/1785
f 1786/1786 1787/1787 1788/1788
f 1789/1789 1790/1790 1791/1791
f 1792/1792 1793/1793 1794/1794
f 1795/1795 1796/1796 1797/1797
f 1798/1798 1799/1799 1800/1800
f 1801/1801 1802/1802 1803/1803
f 1804/1804 1805/1805 1806/1806
f 1807/1807 1808/1808 1809/1809
f 1810/1810 1811/1811 1812/1812
f 1813/1813 1814/1814 1815/1815
f 1816/1816 1817/1817 1818/1818
f 1819/1819 1820/1820 1821/1821
f 1822/1822 1823/1823 1824/1824
f 1825/1825 1826/1826 1827/1827
f 1828/1828 1829/1829 1830/1830
f 1831/1831 1832/1832 1833/1833
f 1834/1834 1835/1835 1836/1836
f 1837/1837 1838/1838 1839/1839
f 1840/1840 1841/1841 1842/1842
f 1843/1843 1844/1844 1845/1845
f 1846/1846 1847/1847 1848/1848
f 1849/1849 1850/1850 1851/1851
f 1852/1852 1853/1853 1854/1854
f 1855/1855 1856/1856 1857/1857
f 1858/1858 1859/1859 1860/1860
f 1861/1861 1862/1862 1863/1863
f 1864/1864 1865/1865 1866/1866
f 1867/1867 1868/1868 1869/1869
f 1870/1870 1871/1871 1872/1872
f 1873/1873 1874/1874 1875/1875
f 1876/1876 1877/1877 1878/1878
f 1879/1879 1880/1880 1881/1881
f 1882/1882 1883/1883 1884/1884
f 1885/1885 1886/1886 1887/1887
f 1888/1888 1889/1889 1890/1890
f 1891/1891 1892/1892 1893/1893
f 1894/1894 1895/1895 1896/1896
f 1897/1897 1898/1898 1899/1899
f 1900/1900 1901/1901 1902/1902
f 1903/1903 1904/1904 1905/1905
f 1906/1906 1907/1907 1908/1908
f 1909/1909 1910/1910 1911/1911
f 1912/1912 1913/1913 1914/1914
f 1915/1915 1916/1916 1917/1917
f 1918/1918 1919/1919 1920/1920
f 1921/1921 1922/1922 1923/1923
f 1924/1924 1925/1925 1926/1926
f 1927/1927 1928/1928 1929/1929
f 1930/1930 1931/1931 1932/1932
f 1933/1933 1934/1934 1935/1935
f 1936/1936 1937/1937 1938/1938
f 1939/1939 1940/1940 1941/1941
f 1942/1942 1943/1943 1944/1944
f 1945/1945 1946/1946 1947/1947
f 1948/1948 1949/1949 1950/1950
f 1951/1951 1952/1952 1953/1953
f 1954/1954 1955/1955 1956/1956
f 1957/1957 1958/1958 1959/1959
f 1960/1960 1961/1961 1962/1962
f 1963/1963 1964/1964 1965/1965
f 1966/1966 1967/1967 1968/1968
f 1969/1969 1970/1970 1971/1971
f 1972/1972 1973/1973 1974/1974
f 1975/1975 1976/1976 1977/1977
f 1978/1978 1979/1979 1980/1980
f 1981/1981 1982/1982 1983/1983
f 1984/1984 1985/1985 1986/1986
f 1987/1987 1988/1988 1989/1989
f 1990/1990 1991/1991 1992/1992
f 1993/1993 1994/1994 1995/1995
f 1996/1996 1997/1997 1998/1998
f 1999/1999 2000/2000 2001/2001
f 2002/2002 2003/2003 2004/2004
f 2005/2005 2006/2006 2007/2007
f 2008/2008 2009/2009 2010/2010
f 2011/2011 2012/2012 2013/2013
f 2014/2014 2015/2015 2016/2016
f 2017/2017 2018/2018 2019/2019
f 2020/2020 2021/2021 2022/2022
f 2023/2023 2024/2024 2025/2025
f 2026/2026 2027/2027 2028/2028
f 2029/2029 2030/2030 2031/2031
f 2032/2032 2033/2033 2034/2034
f 2035/2035 2036/2036 2037/2037
f 2038/2038 2039/2039 2040/2040
f 2041/2041 2042/2042 2043/2043
f 2044/2044 2045/2045 2046/2046
f 2047/2047 2048/2048 2049/2049
f 2050/2050 2051/2051 2052/2052
f 2053/2053 2054/2054 2055/2055
f 2056/2056 2057/2057 2058/2058
f 2059/2059 2060/2060 2061/2061
f 2062/2062 2063/2063 2064/2064
f 2065/2065 2066/2066 2067/2067
f 2068/2068 2069/2069 2070/2070
f 2071/2071 2072/2072 2073/2073
f 2074/2074 2075/2075 2076/2076
f 2077/2077 2078/2078 2079/2079
f 2080/2080 2081/2081 2082/2082
f 2083/2083 2084/2084 2085/2085
f 2086/2086 2087/2087 2088/2088
f 2089/2089 2090/2090 2091/2091
f 2092/2092 2093/2093 2094/2094
f 2095/2095 2096/2096 2097/2097
f 2098/2098 2099/2099 2100/2100
f 2101/2101 2102/2102 2103/2103
f 2104/2104 2105/2105 2106/2106
f 2107/2107 2108/2108 2109/2109
f 2110/2110 2111/2111 2112/2112
f 2113/2113 2114/2114 2115/2115
f 2116/2116 2117/2117 2118/2118
f 2119/2119 2120/2120 2121/2121
f 2122/2122 2123/2123 2124/2124
f 2125/2125 2126/2126 2127/2127
f 2128/2128 2129/2129 2130/2130
f 2131/2131 2132/2132 2133/2133
f 2134/2134 2135/2135 2136/2136
f 2137/2137 2138/2138 2139/2139
f 2140/2140 2141/2141 2142/2142
f 2143/2143 2144/2144 2145/2145
f 2146/2146 2147/2147 2148/2148
f 2149/2149 2150/2150 2151/2151
f 2152/2152 2153/2153 2154/2154
f 2155/2155 2156/2156 2157/2157
f 2158/2158 2159/2159 2160/2160
f 2161/2161 2162/2162 2163/2163
f 2164/2164 2165/2165 2166/2166
f 2167/2167 2168/2168 2169/2169
f 2170/2170 2171/2171 2172/2172
f 2173/2173 2174/2174 2175/2175
f 2176/2176 2177/2177 2178/2178
f 2179/2179 2180/2180 2181/2181
f 2182/2182 2183/2183 2184/2184
f 2185/2185 2186/2186 2187/2187
f 2188/2188 2189/2189 2190/2190
f 2191/2191 2192/2192 2193/2193
f 2194/2194 2195/2195 2196/2196
f 2197/2197 2198/2198 2199/2199
f 2200/2200 2201/2201 2202/2202
f 2203/2203 2204/2204 2205/2205
f 2206/2206 2207/2207 2208/2208
f 2209/2209 2210/2210 2211/2211
f 2212/2212 2213/2213 2214/2214
f 2215/2215 2216/2216 2217/2217
f 2218/2218 2219/2219 2220/2220
f 2221/2221 2222/2222 2223/2223
f 2224/2224 2225/2225 2226/2226
f 2227/2227 2228/2228 2229/2229
f 2230/2230 2231/2231 2232/2232
f 2233/2233 2234/2234 2235/2235
f 2236/2236 2237/2237 2238/2238
f 2239/2239 2240/2240 2241/2241
f 2242/2242 2243/2243 2244/2244
f 2245/2245 2246/2246 2247/2247
f 2248/2248 2249/2249 2250/2250
f 2251/2251 2252/2252 2253/2253
f 2254/2254 2255/2255 2256/2256
f 2257/2257 2258/2258 2259/2259
f 2260/2260 2261/2261 2262/2262
f 2263/2263 2264/2264 2265/2265
f 2266/2266 2267/2267 2268/2268
f 2269/2269 2270/2270 2271/2271
f 2272/2272 2273/2273 2274/2274
f 2275/2275 2276/2276 2277/2277
f 2278/2278 2279/2279 2280/2280
f 2281/2281 2282/2282 2283/2283
f 2284/2284 2285/2285 2286/2286
f 2287/2287 2288/2288 2289/2289
f 2290/2290 2291/2291 2292/2292
f 2293/2293 2294/2294 2295/2295
f 2296/2296 2297/2297 2298/2298
f 2299/2299 2300/2300 2301/2301
f 2302/2302 2303/2303 2304/2304
f 2305/2305 2306/2306 2307/2307
f 2308/2308 2309/2309 2310/2310
f 2311/2311 2312/2312 2313/2313
f 2314/2314 2315/2315 2316/2316
f 2317/2317 2318/2318 2319/2319
f 2320/2320 2321/2321 2322/2322
f 2323/2323 2324/2324 2325/2325
f 2326/2326 2327/2327 2328/2328
f 2329/2329 2330/2330 2331/2331
f 2332/2332 2333/2333 2334/2334
f 2335/2335 2336/2336 2337/2337
f 2338/2338 2339/2339 2340/2340
f 2341/2341 2342/2342 2343/2343
f 2344/2344 2345/2345 2346/2346
f 2347/2347 2348/2348 2349/2349
f 2350/2350 2351/2351 2352/2352
f 2353/2353 2354/2354 2355/2355
f 2356/2356 2357/2357 2358/2358
f 2359/2359 2360/2360 2361/2361
f 2362/2362 2363/2363 2364/2364
f 2365/2365 2366/2366 2367/2367
f 2368/2368 2369/2369 2370/2370
f 2371/2371 2372/2372 2373/2373
f 2374/2374 2375/2375 2376/2376
f 2377/2377 2378/2378 2379/2379
f 2380/2380 2381/2381 2382/2382
f 2383/2383 2384/2384 2385/2385
f 2386/2386 2387/2387 2388/2388
f 2389/2389 2390/2390 2391/2391
f 2392/2392 2393/2393 2394/2394
f 2395/2395 2396/2396 2397/2397
f 2398/2398 2399/2399 2400/2400
f 2401/2401 2402/2402 2403/2403
f 2404/2404 2405/2405 2406/2406
f 2407/2407 2408/2408 2409/2409
f 2410/2410 2411/2411 2412/2412
f 2413/2413 2414/2414 2415/2415
f 2416/2416 2417/2417 2418/2418
f 2419/2419 2420/2420 2421/2421
f 2422/2422 2423/2423 2424/2424
f 2425/2425 2426/2426 2427/2427
f 2428/2428 2429/2429 2430/2430
f 2431/2431 2432/2432 2433/2433
f 2434/2434 2435/2435 2436/2436
f 2437/2437 2438/2438 2439/2439
f 2440/2440 2441/2441 2442/2442
f 2443/2443 2444/2444 2445/2445
f 2446/2446 2447/2447 2448/2448
f 2449/2449 2450/2450 2451/2451
f 2452/2452 2453/2453 2454/2454
f 2455/2455 2456/2456 2457/2457
f 2458/2458 2459/2459 2460/2460
f 2461/2461 2462/2462 2463/2463
f 2464/2464 2465/2465 2466/2466
f 2467/2467 2468/2468 2469/2469
f 2470/2470 2471/2471 2472/2472
f 2473/2473 2474/2474 2475/2475
f 2476/2476 2477/2477 2478/2478
f 2479/2479 2480/2480 2481/2481
f 2482/2482 2483/2483 2484/2484
f 2485/2485 2486/2486 2487/2487
f 2488/2488 2489/2489 2490/2490
f 2491/2491 2492/2492 2493/2493
f 2494/2494 2495/2495 2496/2496
f 2497/2497 2498/2498 2499/2499
f 2500/2500 2501/2501 2502/2502
f 2503/2503 2504/2504 2505/2505
f 2506/2506 2507/2507 2508/2508
f 2509/2509 2510/2510 2511/2511
f 2512/2512 2513/2513 2514/2514
f 2515/2515 2516/2516 2517/2517
f 2518/2518 2519/2519 2520/2520
f 2521/2521 2522/2522 2523/2523
f 2524/2524 2525/2525 2526/2526
f 2527/2527 2528/2528 2529/2529
f 2530/2530 2531/2531 2532/2532
f 2533/2533 2534/2534 2535/2535
f 2536/2536 2537/2537 2538/2538
f 2539/2539 2540/2540 2541/2541
f 2542/2542 2543/2543 2544/2544
f 2545/2545 2546/2546 2547/2547
f 2548/2548 2549/2549 2550/2550
f 2551/2551 2552/2552 2553/2553
f 2554/2554 2555/2555 2556/2556
f 2557/2557 2558/2558 2559/2559
f 2560/2560 2561/2561 2562/2562
f 2563/2563 2564/2564 2565/2565
f 2566/2566 2567/2567 2568/2568
f 2569/2569 2570/2570 2571/2571
f 2572/2572 2573/2573 2574/2574
f 2575/2575 2576/2576 2577/2577
f 2578/2578 2579/2579 2580/2580
f 2581/2581 2582/2582 2583/2583
f 2584/2584 2585/2585 2586/2586
f 2587/2587 2588/2588 2589/2589
f 2590/2590 2591/2591 2592/2592
f 2593/2593 2594/2594 2595/2595
f 2596/2596 2597/2597 2598/2598
f 2599/2599 2600/2600 2601/2601
f 2602/2602 2603/2603 2604/2604
f 2605/2605 2606/2606 2607/2607
f 2608/2608 2609/2609 2610/2610
f 2611/2611 2612/2612 2613/2613
f 2614/2614 2615/2615 2616/2616
f 2617/2617 2618/2618 2619/2619
f 2620/2620 2621/2621 2622/2622
f 2623/2623 2624/2624 2625/2625
f 2626/2626 2627/2627 2628/2628
f 2629/2629 2630/2630 2631/2631
f 2632/2632 2633/2633 2634/2634
f 2635/2635 2636/2636 2637/2637
f 2638/2638 2639/2639 2640/2640
f 2641/2641 2642/2642 2643/2643
f 2644/2644 2645/2645 2646/2646
f 2647/2647 2648/2648 2649/2649
f 2650/2650 2651/2651 2652/2652
f 2653/2653 2654/2654 2655/2655
f 2656/2656 2657/2657 2658/2658
f 2659/2659 2660/2660 2661/2661
f 2662/2662 2663/2663 2664/2664
f 2665/2665 2666/2666 2667/2667
f 2668/2668 2669/2669 2670/2670
f 2671/2671 2672/2672 2673/2673
f 2674/2674 2675/2675 2676/2676
f 2677/2677 2678/2678 2679/2679
f 2680/2680 2681/2681 2682/2682
f 2683/2683 2684/2684 2685/2685
f 2686/2686 2687/2687 2688/2688
f 2689/2689 2690/2690 2691/2691
f 2692/2692 2693/2693 2694/2694
f 2695/2695 2696/2696 2697/2697
f 2698/2698 2699/2699 2700/2700
f 2701/2701 2702/2702 2703/2703
f 2704/2704 2705/2705 2706/2706
f 2707/2707 2708/2708 2709/2709
f 2710/2710 2711/2711 2712/2712
f 2713/2713 2714/2714 2715/2715
f 2716/2716 2717/2717 2718/2718
f 2719/2719 2720/2720 2721/2721
f 2722/2722 2723/2723 2724/2724
f 2725/2725 2726/2726 2727/2727
f 2728/2728 2729/2729 2730/2730
f 2731/2731 2732/2732 2733/2733
f 2734/2734 2735/2735 2736/2736
f 2737/2737 2738/2738 2739/2739
f 2740/2740 2741/2741 2742/2742
f 2743/2743 2744/2744 2745/2745
f 2746/2746 2747/2747 2748/2748
f 2749/2749 2750/2750 2751/2751
f 2752/2752 2753/2753 2754/2754
f 2755/2755 2756/2756 2757/2757
f 2758/2758 2759/2759 2760/2760
f 2761/2761 2762/2762 2763/2763
f 2764/2764 2765/2765 2766/2766
f 2767/2767 2768/2768 2769/2769
f 2770/2770 2771/2771 2772/2772
f 2773/2773 2774/2774 2775/2775
f 2776/2776 2777/2777 2778/2778
f 2779/2779 2780/2780 2781/2781
f 2782/2782 2783/2783 2784/2784
f 2785/2785 2786/2786 2787/2787
f 2788/2788 2789/2789 2790/2790
f 2791/2791 2792/2792 2793/2793
f 2794/2794 2795/2795 2796/2796
f 2797/2797 2798/2798 2799/2799
f 2800/2800 2801/2801 2802/2802
f 2803/2803 2804/2804 2805/2805
f 2806/2806 2807/2807 2808/2808
f 2809/2809 2810/2810 2811/2811
f 2812/2812 2813/2813 2814/2814
f 2815/2815 2816/2816 2817/2817
f 2818/2818 2819/2819 2820/2820
f 2821/2821 2822/2822 2823/2823
f 2824/2824 2825/2825 2826/2826
f 2827/2827 2828/2828 2829/2829
f 2830/2830 2831/2831 2832/2832
f 2833/2833 2834/2834 2835/2835
f 2836/2836 2837/2837 2838/2838
f 2839/2839 2840/2840 2841/2841
f 2842/2842 2843/2843 2844/2844
f 2845/2845 2846/2846 2847/2847
f 2848/2848 2849/2849 2850/2850
f 2851/2851 2852/2852 2853/2853
f 2854/2854 2855/2855 2856/2856
f 2857/2857 2858/2858 2859/2859
f 2860/2860 2861/2861 2862/2862
f 2863/2863 2864/2864 2865/2865
f 2866/2866 2867/2867 2868/2868
f 2869/2869 2870/2870 2871/2871
f 2872/2872 2873/2873 2874/2874
f 2875/2875 2876/2876 2877/2877
f 2878/2878 2879/2879 2880/2880
f 2881/2881 2882/2882 2883/2883
f 2884/2884 2885/2885 2886/2886
f 2887/2887 2888/2888 2889/2889
f 2890/2890 2891/2891 2892/2892
f 2893/2893 2894/2894 2895/2895
f 2896/2896 2897/2897 2898/2898
f 2899/2899 2900/2900 2901/2901
f 2902/2902 2903/2903 2904/2904
f 2905/2905 2906/2906 2907/2907
f 2908/2908 2909/2909 2910/2910
f 2911/2911 2912/2912 2913/2913
f 2914/2914 2915/2915 2916/2916
f 2917/2917 2918/2918 2919/2919
f 2920/2920 2921/2921 2922/2922
f 2923/2923 2924/2924 2925/2925
f 2926/2926 2927/2927 2928/2928
f 2929/2929 2930/2930 2931/2931
f 2932/2932 2933/2933 2934/2934
f 2935/2935 2936/2936 2937/2937
f 2938/2938 2939/2939 2940/2940
f 2941/2941 2942/2942 2943/2943
f 2944/2944 2945/2945 2946/2946
f 2947/2947 2948/2948 2949/2949
f 2950/2950 2951/2951 2952/2952
f 2953/2953 2954/2954 2955/2955
f 2956/2956 2957/2957 2958/2958
f 2959/2959 2960/2960 2961/2961
f 2962/2962 2963/2963 2964/2964
f 2965/2965 2966/2966 2967/2967
f 2968/2968 2969/2969 2970/2970
f 2971/2971 2972/2972 2973/2973
f 2974/2974 2975/2975 2976/2976
f 2977/2977 2978/2978 2979/2979
f 2980/2980 2981/2981 2982/2982
f 2983/2983 2984/2984 2985/2985
f 2986/2986 2987/2987 2988/2988
f 2989/2989 2990/2990 2991/2991
f 2992/2992 2993/2993 2994/2994
f 2995/2995 2996/2996 2997/2997
f 2998/2998 2999/2999 3000/3000
f 3001/3001 3002/3002 3003/3003
f 3004/3004 3005/3005 3006/3006
f 3007/3007 3008/3008 3009/3009
f 3010/3010 3011/3011 3012/3012
f 3013/3013 3014/3014 3015/3015
f 3016/3016 3017/3017 3018/3018
f 3019/3019 3020/3020 3021/3021
f 3022/3022 3023/3023 3024/3024
f 3025/3025 3026/3026 3027/3027
f 3028/3028 3029/3029 3030/3030
f 3031/3031 3032/3032 3033/3033
f 3034/3034 3035/3035 3036/3036
f 3037/3037 3038/3038 3039/3039
f 3040/3040 3041/3041 3042/3042
f 3043/3043 3044/3044 3045/3045
f 3046/3046 3047/3047 3048/3048
f 3049/3049 3050/3050 3051/3051
f 3052/3052 3053/3053 3054/3054
f 3055/3055 3056/3056 3057/3057
f 3058/3058 3059/3059 3060/3060
f 3061/3061 3062/3062 3063/3063
f 3064/3064 3065/3065 3066/3066
f 3067/3067 3068/3068 3069/3069
f 3070/3070 3071/3071 3072/3072
f 3073/3073 3074/3074 3075/3075
f 3076/3076 3077/3077 3078/3078
f 3079/3079 3080/3080 3081/3081
f 3082/3082 3083/3083 3084/3084
f 3085/3085 3086/3086 3087/3087
f 3088/3088 3089/3089 3090/3090
f 3091/3091 3092/3092 3093/3093
f 3094/3094 3095/3095 3096/3096
f 3097/3097 3098/3098 3099/3099
f 3100/3100 3101/3101 3102/3102
f 3103/3103 3104/3104 3105/3105
f 3106/3106 3107/3107 3108/3108
f 3109/3109 3110/3110 3111/3111
f 3112/3112 3113/3113 3114/3114
f 3115/3115 3116/3116 3117/3117
f 3118/3118 3119/3119 3120/3120
f 3121/3121 3122/3122 3123/3123
f 3124/3124 3125/3125 3126/3126
f 3127/3127 3128/3128 3129/3129
f 3130/3130 3131/3131 3132/3132
f 3133/3133 3134/3134 3135/3135
f 3136/3136 3137/3137 3138/3138
f 3139/3139 3140/3140 3141/3141
f 3142/3142 3143/3143 3144/3144
f 3145/3145 3146/3146 3147/3147
f 3148/3148 3149/3149 3150/3150
f 3151/3151 3152/3152 3153/3153
f 3154/3154 3155/3155 3156/3156
f 3157/3157 3158/3158 3159/3159
f 3160/3160 3161/3161 3162/3162
f 3163/3163 3164/3164 3165/3165
f 3166/3166 3167/3167 3168/3168
f 3169/3169 3170/3170 3171/3171
f 3172/3172 3173/3173 3174/3174
f 3175/3175 3176/3176 3177/3177
f 3178/3178 3179/3179 3180/3180
f 3181/3181 3182/3182 3183/3183
f 3184/3184 3185/3185 3186/3186
f 3187/3187 3188/3188 3189/3189
f 3190/3190 3191/3191 3192/3192
f 3193/3193 3194/3194 3195/3195
f 3196/3196 3197/3197 3198/3198
f 3199/3199 3200/3200 3201/3201
f 3202/3202 3203/3203 3204/3204
f 3205/3205 3206/3206 3207/3207
f 3208/3208 3209/3209 3210/3210
f 3211/3211 3212/3212 3213/3213
f 3214/3214 3215/3215 3216/3216
f 3217/3217 3218/3218 3219/3219
f 3220/3220 3221/3221 3222/3222
f 3223/3223 3224/3224 3225/3225
f 3226/3226 3227/3227 3228/3228
f 3229/3229 3230/3230 3231/3231
f 3232/3232 3233/3233 3234/3234
f 3235/3235 3236/3236 3237/3237
f 3238/3238 3239/3239 3240/3240
f 3241/3241 3242/3242 3243/3243
f 3244/3244 3245/3245 3246/3246
f 3247/3247 3248/3248 3249/3249
f 3250/3250 3251/3251 3252/3252
f 3253/3253 3254/3254 3255/3255
f 3256/3256 3257/3257 3258/3258
f 3259/3259 3260/3260 3261/3261
f 3262/3262 3263/3263 3264/3264
f 3265/3265 3266/3266 3267/3267
f 3268/3268 3269/3269 3270/3270
f 3271/3271 3272/3272 3273/3273
f 3274/3274 3275/3275 3276/3276
f 3277/3277 3278/3278 3279/3279
f 3280/3280 3281/3281 3282/3282
f 3283/3283 3284/3284 3285/3285
f 3286/3286 3287/3287 3288/3288
f 3289/3289 3290/3290 3291/3291
f 3292/3292 3293/3293 3294/3294
f 3295/3295 3296/3296 3297/3297
f 3298/3298 3299/3299 3300/3300
f 3301/3301 3302/3302 3303/3303
f 3304/3304 3305/3305 3306/3306
f 3307/3307 3308/3308 3309/3309
f 3310/3310 3311/3311 3312/3312
f 3313/3313 3314/3314 3315/3315
f 3316/3316 3317/3317 3318/3318
f 3319/3319 3320/3320 3321/3321
f 3322/3322 3323/3323 3324/3324
f 3325/3325 3326/3326 3327/3327
f 3328/3328 3329/3329 3330/3330
f 3331/3331 3332/3332 3333/3333
f 3334/3334 3335/3335 3336/3336
f 3337/3337 3338/3338 3339/3339
f 3340/3340 3341/3341 3342/3342
f 3343/3343 3344/3344 3345/3345
f 3346/3346 3347/3347 3348/3348
f 3349/3349 3350/3350 3351/3351
f 3352/3352 3353/3353 3354/3354
f 3355/3355 3356/3356 3357/3357
f 3358/3358 3359/3359 3360/3360
f 3361/3361 3362/3362 3363/3363
f 3364/3364 3365/3365 3366/3366
f 3367/3367 3368/3368 3369/3369
f 3370/3370 3371/3371 3372/3372
f 3373/3373 3374/3374 3375/3375
f 3376/3376 3377/3377 3378/3378
f 3379/3379 3380/3380 3381/3381
f 3382/3382 3383/3383 3384/3384
f 3385/3385 3386/3386 3387/3387
f 3388/3388 3389/3389 3390/3390
f 3391/3391 3392/3392 3393/3393
f 3394/3394 3395/3395 3396/3396
f 3397/3397 3398/3398 3399/3399
f 3400/3400 3401/3401 3402/3402
f 3403/3403 3404/3404 3405/3405
f 3406/3406 3407/3407 3408/3408
f 3409/3409 3410/3410 3411/3411
f 3412/3412 3413/3413 3414/3414
f 3415/3415 3416/3416 3417/3417
f 3418/3418 3419/3419 3420/3420
f 3421/3421 3422/3422 3423/3423
f 3424/3424 3425/3425 3426/3426
f 3427/3427 3428/3428 3429/3429
f 3430/3430 3431/3431 3432/3432
f 3433/3433 3434/3434 3435/3435
f 3436/3436 3437/3437 3438/3438
f 3439/3439 3440/3440 3441/3441
f 3442/3442 3443/3443 3444/3444
f 3445/3445 3446/3446 3447/3447
f 3448/3448 3449/3449 3450/3450
f 3451/3451 3452/3452 3453/3453
f 3454/3454 3455/3455 3456/3456
f 3457/3457 3458/3458 3459/3459
f 3460/3460 3461/3461 3462/3462
f 3463/3463 3464/3464 3465/3465
f 3466/3466 3467/3467 3468/3468
f 3469/3469 3470/3470 3471/3471
f 3472/3472 3473/3473 3474/3474
f 3475/3475 3476/3476 3477/3477
f 3478/3478 3479/3479 3480/3480
f 3481/3481 3482/3482 3483/3483
f 3484/3484 3485/3485 3486/3486
f 3487/3487 3488/3488 3489/3489
f 3490/3490 3491/3491 3492/3492
f 3493/3493 3494/3494 3495/3495
f 3496/3496 3497/3497 3498/3498
f 3499/3499 3500/3500 3501/3501
f 3502/3502 3503/3503 3504/3504
f 3505/3505 3506/3506 3507/3507
f 3508/3508 3509/3509 3510/3510
f 3511/3511 3512/3512 3513/3513
f 3514/3514 3515/3515 3516/3516
f 3517/3517 3518/3518 3519/3519
f 3520/3520 3521/3521 3522/3522
f 3523/3523 3524/3524 3525/3525
f 3526/3526 3527/3527 3528/3528
f 3529/3529 3530/3530 3531/3531
f 3532/3532 3533/3533 3534/3534
f 3535/3535 3536/3536 3537/3537
f 3538/3538 3539/3539 3540/3540
f 3541/3541 3542/3542 3543/3543
f 3544/3544 3545/3545 3546/3546
f 3547/3547 3548/3548 3549/3549
f 3550/3550 3551/3551 3552/3552
f 3553/3553 3554/3554 3555/3555
f 3556/3556 3557/3557 3558/3558
f 3559/3559 3560/3560 3561/3561
f 3562/3562 3563/3563 3564/3564
f 3565/3565 3566/3566 3567/3567
f 3568/3568 3569/3569 3570/3570
f 3571/3571 3572/3572 3573/3573
f 3574/3574 3575/3575 3576/3576
f 3577/3577 3578/3578 3579/3579
f 3580/3580 3581/3581 3582/3582
f 3583/3583 3584/3584 3585/3585
f 3586/3586 3587/3587 3588/3588
f 3589/3589 3590/3590 3591/3591
f 3592/3592 3593/3593 3594/3594
f 3595/3595 3596/3596 3597/3597
f 3598/3598 3599/3599 3600/3600
f 3601/3601 3602/3602 3603/3603
f 3604/3604 3605/3605 3606/3606
f 3607/3607 3608/3608 3609/3609
f 3610/3610 3611/3611 3612/3612
f 3613/3613 3614/3614 3615/3615
f 3616/3616 3617/3617 3618/3618
f 3619/3619 3620/3620 3621/3621
f 3622/3622 3623/3623 3624/3624
f 3625/3625 3626/3626 3627/3627
f 3628/3628 3629/3629 3630/3630
f 3631/3631 3632/3632 3633/3633
f 3634/3634 3635/3635 3636/3636
f 3637/3637 3638/3638 3639/3639
f 3640/3640 3641/3641 3642/3642
f 3643/3643 3644/3644 3645/3645
f 3646/3646 3647/3647 3648/3648
f 3649/3649 3650/3650 3651/3651
f 3652/3652 3653/3653 3654/3654
f 3655/3655 3656/3656 3657/3657
f 3658/3658 3659/3659 3660/3660
f 3661/3661 3662/3662 3663/3663
f 3664/3664 3665/3665 3666/3666
f 3667/3667 3668/3668 3669/3669
f 3670/3670 3671/3671 3672/3672
f 3673/3673 3674/3674 3675/3675
f 3676/3676 3677/3677 3678/3678
f 3679/3679 3680/3680 3681/3681
f 3682/3682 3683/3683 3684/3684
f 3685/3685 3686/3686 3687/3687
f 3688/3688 3689/3689 3690/3690
f 3691/3691 3692/3692 3693/3693
f 3694/3694 3695/3695 3696/3696
f 3697/3697 3698/3698 3699/3699
f 3700/3700 3701/3701 3702/3702
f 3703/3703 3704/3704 3705/3705
f 3706/3706 3707/3707 3708/3708
f 3709/3709 3710/3710 3711/3711
f 3712/3712 3713/3713 3714/3714
f 3715/3715 3716/3716 3717/3717
f 3718/3718 3719/3719 3720/3720
f 3721/3721 3722/3722 3723/3723
f 3724/3724 3725/3725 3726/3726
f 3727/3727 3728/3728 3729/3729
f 3730/3730 3731/3731 3732/3732
f 3733/3733 3734/3734 3735/3735
f 3736/3736 3737/3737 3738/3738
f 3739/3739 3740/3740 3741/3741
f 3742/3742 3743/3743 3744/3744
f 3745/3745 3746/3746 3747/3747
f 3748/3748 3749/3749 3750/3750
f 3751/3751 3752/3752 3753/3753
f 3754/3754 3755/3755 3756/3756
f 3757/3757 3758/3758 3759/3759
f 3760/3760 3761/3761 3762/3762
f 3763/3763 3764/3764 3765/3765
f 3766/3766 3767/3767 3768/3768
f 3769/3769 3770/3770 3771/3771
f 3772/3772 3773/3773 3774/3774
f 3775/3775 3776/3776 3777/3777
f 3778/3778 3779/3779 3780/3780
f 3781/3781 3782/3782 3783/3783
f 3784/3784 3785/3785 3786/3786
f 3787/3787 3788/3788 3789/3789
f 3790/3790 3791/3791 3792/3792
f 3793/3793 3794/3794 3795/3795
f 3796/3796 3797/3797 3798/3798
f 3799/3799 3800/3800 3801/3801
f 3802/3802 3803/3803 3804/3804
f 3805/3805 3806/3806 3807/3807
f 3808/3808 3809/3809 3810/3810
f 3811/3811 3812/3812 3813/3813
f 3814/3814 3815/3815 3816/3816
f 3817/3817 3818/3818 3819/3819
f 3820/3820 3821/3821 3822/3822
f 3823/3823 3824/3824 3825/3825
f 3826/3826 3827/3827 3828/3828
f 3829/3829 3830/3830 3831/3831
f 3832/3832 3833/3833 3834/3834
f 3835/3835 3836/3836 3837/3837
f 3838/3838 3839/3839 3840/3840
f 3841/3841 3842/3842 3843/3843
f 3844/3844 3845/3845 3846/3846
f 3847/3847 3848/3848 3849/3849
f 3850/3850 3851/3851 3852/3852
f 3853/3853 3854/3854 3855/3855
f 3856/3856 3857/3857 3858/3858
f 3859/3859 3860/3860 3861/3861
f 3862/3862 3863/3863 3864/3864
f 3865/3865 3866/3866 3867/3867
f 3868/3868 3869/3869 3870/3870
f 3871/3871 3872/3872 3873/3873
f 3874/3874 3875/3875 3876/3876
f 3877/3877 3878/3878 3879/3879
f 3880/3880 3881/3881 3882/3882
f 3883/3883 3884/3884 3885/3885
f 3886/3886 3887/3887 3888/3888
f 3889/3889 3890/3890 3891/3891
f 3892/3892 3893/3893 3894/3894
f 3895/3895 3896/3896 3897/3897
f 3898/3898 3899/3899 3900/3900
f 3901/3901 3902/3902 3903/3903
f 3904/3904 3905/3905 3906/3906
f 3907/3907 3908/3908 3909/3909
f 3910/3910 3911/3911 3912/3912
f 3913/3913 3914/3914 3915/3915
f 3916/3916 3917/3917 3918/3918
f 3919/3919 3920/3920 3921/3921
f 3922/3922 3923/3923 3924/3924
f 3925/3925 3926/3926 3927/3927
f 3928/3928 3929/3929 3930/3930
f 3931/3931 3932/3932 3933/3933
f 3934/3934 3935/3935 3936/3936
f 3937/3937 3938/3938 3939/3939
f 3940/3940 3941/3941 3942/3942
f 3943/3943 3944/3944 3945/3945
f 3946/3946 3947/3947 3948/3948
f 3949/3949 3950/3950 3951/3951
f 3952/3952 3953/3953 3954/3954
f 3955/3955 3956/3956 3957/3957
f 3958/3958 3959/3959 3960/3960
f 3961/3961 3962/3962 3963/3963
f 3964/3964 3965/3965 3966/3966
f 3967/3967 3968/3968 3969/3969
f 3970/3970 3971/3971 3972/3972
f 3973/3973 3974/3974 3975/3975
f 3976/3976 3977/3977 3978/3978
f 3979/3979 3980/3980 3981/3981
f 3982/3982 3983/3983 3984/3984
f 3985/3985 3986/3986 3987/3987
f 3988/3988 3989/3989 3990/3990
f 3991/3991 3992/3992 3993/3993
f 3994/3994 3995/3995 3996/3996
f 3997/3997 3998/3998 3999/3999
f 4000/4000 4001/4001 4002/4002
f 4003/4003 4004/4004 4005/4005
f 4006/4006 4007/4007 4008/4008
f 4009/4009 4010/4010 4011/4011
f 4012/4012 4013/4013 4014/4014
f 4015/4015 4016/4016 4017/4017
f 4018/4018 4019/4019 4020/4020
f 4021/4021 4022/4022 4023/4023
f 4024/4024 4025/4025 4026/4026
f 4027/4027 4028/4028 4029/4029
f 4030/4030 4031/4031 4032/4032
f 4033/4033 4034/4034 4035/4035
f 4036/4036 4037/4037 4038/4038
f 4039/4039 4040/4040 4041/4041
f 4042/4042 4043/4043 4044/4044
f 4045/4045 4046/4046 4047/4047
f 4048/4048 4049/4049 4050/4050
f 4051/4051 4052/4052 4053/4053
f 4054/4054 4055/4055 4056/4056
f 4057/4057 4058/4058 4059/4059
f 4060/4060 4061/4061 4062/4062
f 4063/4063 4064/4064 4065/4065
f 4066/4066 4067/4067 4068/4068
f 4069/4069 4070/4070 4071/4071
f 4072/4072 4073/4073 4074/4074
f 4075/4075 4076/4076 4077/4077
f 4078/4078 4079/4079 4080/4080
f 4081/4081 4082/4082 4083/4083
f 4084/4084 4085/4085 4086/4086
f 4087/4087 4088/4088 4089/4089
f 4090/4090 4091/4091 4092/4092
f 4093/4093 4094/4094 4095/4095
f 4096/4096 4097/4097 4098/4098
f 4099/4099 4100/4100 4101/4101
f 4102/4102 4103/4103 4104/4104
f 4105/4105 4106/4106 4107/4107
f 4108/4108 4109/4109 4110/4110
f 4111/4111 4112/4112 4113/4113
f 4114/4114 4115/4115 4116/4116
f 4117/4117 4118/4118 4119/4119
f 4120/4120 4121/4121 4122/4122
f 4123/4123 4124/4124 4125/4125
f 4126/4126 4127/4127 4128/4128
f 4129/4129 4130/4130 4131/4131
f 4132/4132 4133/4133 4134/4134
f 4135/4135 4136/4136 4137/4137
f 4138/4138 4139/4139 4140/4140
f 4141/4141 4142/4142 4143/4143
f 4144/4144 4145/4145 4146/4146
f 4147/4147 4148/4148 4149/4149
f 4150/4150 4151/4151 4152/4152
f 4153/4153 4154/4154 4155/4155
f 4156/4156 4157/4157 4158/4158
f 4159/4159 4160/4160 4161/4161
f 4162/4162 4163/4163 4164/4164
f 4165/4165 4166/4166 4167/4167
f 4168/4168 4169/4169 4170/4170
f 4171/4171 4172/4172 4173/4173
f 4174/4174 4175/4175 4176/4176
f 4177/4177 4178/4178 4179/4179
f 4180/4180 4181/4181 4182/4182
f 4183/4183 4184/4184 4185/4185
f 4186/4186 4187/4187 4188/4188
f 4189/4189 4190/4190 4191/4191
f 4192/4192 4193/4193 4194/4194
f 4195/4195 4196/4196 4197/4197
f 4198/4198 4199/4199 4200/4200
f 4201/4201 4202/4202 4203/4203
f 4204/4204 4205/4205 4206/4206
f 4207/4207 4208/4208 4209/4209
f 4210/4210 4211/4211 4212/4212
f 4213/4213 4214/4214 4215/4215
f 4216/4216 4217/4217 4218/4218
f 4219/4219 4220/4220 4221/4221
f 4222/4222 4223/4223 4224/4224
f 4225/4225 4226/4226 4227/4227
f 4228/4228 4229/4229 4230/4230
f 4231/4231 4232/4232 4233/4233
f 4234/4234 4235/4235 4236/4236
f 4237/4237 4238/4238 4239/4239
f 4240/4240 4241/4241 4242/4242
f 4243/4243 4244/4244 4245/4245
f 4246/4246 4247/4247 4248/4248
f 4249/4249 4250/4250 4251/4251
f 4252/4252 4253/4253 4254/4254
f 4255/4255 4256/4256 4257/4257
f 4258/4258 4259/4259 4260/4260
f 4261/4261 4262/4262 4263/4263
f 4264/4264 4265/4265 4266/4266
f 4267/4267 4268/4268 4269/4269
f 4270/4270 4271/4271 4272/4272
f 4273/4273 4274/4274 4275/4275
f 4276/4276 4277/4277 4278/4278
f 4279/4279 4280/4280 4281/4281
f 4282/4282 4283/4283 4284/4284
f 4285/4285 4286/4286 4287/4287
f 4288/4288 4289/4289 4290/4290
f 4291/4291 4292/4292 4293/4293
f 4294/4294 4295/4295 4296/4296
f 4297/4297 4298/4298 4299/4299
f 4300/4300 4301/4301 4302/4302
f 4303/4303 4304/4304 4305/4305
f 4306/4306 4307/4307 4308/4308
f 4309/4309 4310/4310 4311/4311
f 4312/4312 4313/4313 4314/4314
f 4315/4315 4316/4316 4317/4317
f 4318/4318 4319/4319 4320/4320
f 4321/4321 4322/4322 4323/4323
f 4324/4324 4325/4325 4326/4326
f 4327/4327 4328/4328 4329/4329
f 4330/4330 4331/4331 4332/4332
f 4333/4333 4334/4334 4335/4335
f 4336/4336 4337/4337 4338/4338
f 4339/4339 4340/4340 4341/4341
f 4342/4342 4343/4343 4344/4344
f 4345/4345 4346/4346 4347/4347
f 4348/4348 4349/4349 4350/4350
f 4351/4351 4352/4352 4353/4353
f 4354/4354 4355/4355 4356/4356
f 4357/4357 4358/4358 4359/4359
f 4360/4360 4361/4361 4362/4362
f 4363/4363 4364/4364 4365/4365
f 4366/4366 4367/4367 4368/4368
f 4369/4369 4370/4370 4371/4371
f 4372/4372 4373/4373 4374/4374
f 4375/4375 4376/4376 4377/4377
f 4378/4378 4379/4379 4380/4380
f 4381/4381 4382/4382 4383/4383
f 4384/4384 4385/4385 4386/4386
f 4387/4387 4388/4388 4389/4389
f 4390/4390 4391/4391 4392/4392
f 4393/4393 4394/4394 4395/4395
f 4396/4396 4397/4397 4398/4398
f 4399/4399 4400/4400 4401/4401
f 4402/4402 4403/4403 4404/4404
f 4405/4405 4406/4406 4407/4407
f 4408/4408 4409/4409 4410/4410
f 4411/4411 4412/4412 4413/4413
f 4414/4414 4415/4415 4416/4416
f 4417/4417 4418/4418 4419/4419
f 4420/4420 4421/4421 4422/4422
f 4423/4423 4424/4424 4425/4425
f 4426/4426 4427/4427 4428/4428
f 4429/4429 4430/4430 4431/4431
f 4432/4432 4433/4433 4434/4434
f 4435/4435 4436/4436 4437/4437
f 4438/4438 4439/4439 4440/4440
f 4441/4441 4442/4442 4443/4443
f 4444/4444 4445/4445 4446/4446
f 4447/4447 4448/4448 4449/4449
f 4450/4450 4451/4451 4452/4452
f 4453/4453 4454/4454 4455/4455
f 4456/4456 4457/4457 4458/4458
f 4459/4459 4460/4460 4461/4461
f 4462/4462 4463/4463 4464/4464
f 4465/4465 4466/4466 4467/4467
f 4468/4468 4469/4469 4470/4470
f 4471/4471 4472/4472 4473/4473
f 4474/4474 4475/4475 4476/4476
f 4477/4477 4478/4478 4479/4479
f 4480/4480 4481/4481 4482/4482
f 4483/4483 4484/4484 4485/4485
f 4486/4486 4487/4487 4488/4488
f 4489/4489 4490/4490 4491/4491
f 4492/4492 4493/4493 4494/4494
f 4495/4495 4496/4496 4497/4497
f 4498/4498 4499/4499 4500/4500
f 4501/4501 4502/4502 4503/4503
f 4504/4504 4505/4505 4506/4506
f 4507/4507 4508/4508 4509/4509
f 4510/4510 4511/4511 4512/4512
f 4513/4513 4514/4514 4515/4515
f 4516/4516 4517/4517 4518/4518
f 4519/4519 4520/4520 4521/4521
f 4522/4522 4523/4523 4524/4524
f 4525/4525 4526/4526 4527/4527
f 4528/4528 4529/4529 4530/4530
f 4531/4531 4532/4532 4533/4533
f 4534/4534 4535/4535 4536/4536
f 4537/4537 4538/4538 4539/4539
f 4540/4540 4541/4541 4542/4542
f 4543/4543 4544/4544 4545/4545
f 4546/4546 4547/4547 4548/4548
f 4549/4549 4550/4550 4551/4551
f 4552/4552 4553/4553 4554/4554
f 4555/4555 4556/4556 4557/4557
f 4558/4558 4559/4559 4560/4560
f 4561/4561 4562/4562 4563/4563
f 4564/4564 4565/4565 4566/4566
f 4567/4567 4568/4568 4569/4569
f 4570/4570 4571/4571 4572/4572
f 4573/4573 4574/4574 4575/4575
f 4576/4576 4577/4577 4578/4578
f 4579/4579 4580/4580 4581/4581
f 4582/4582 4583/4583 4584/4584
f 4585/4585 4586/4586 4587/4587
f 4588/4588 4589/4589 4590/4590
f 4591/4591 4592/4592 4593/4593
f 4594/4594 4595/4595 4596/4596
f 4597/4597 4598/4598 4599/4599
f 4600/4600 4601/4601 4602/4602
f 4603/4603 4604/4604 4605/4605
f 4606/4606 4607/4607 4608/4608
f 4609/4609 4610/4610 4611/4611
f 4612/4612 4613/4613 4614/4614
f 4615/4615 4616/4616 4617/4617
f 4618/4618 4619/4619 4620/4620
f 4621/4621 4622/4622 4623/4623
f 4624/4624 4625/4625 4626/4626
f 4627/4627 4628/4628 4629/4629
f 4630/4630 4631/4631 4632/4632
f 4633/4633 4634/4634 4635/4635
f 4636/4636 4637/4637 4638/4638
f 4639/4639 4640/4640 4641/4641
f 4642/4642 4643/4643 4644/4644
f 4645/4645 4646/4646 4647/4647
f 4648/4648 4649/4649 4650/4650
f 4651/4651 4652/4652 4653/4653
f 4654/4654 4655/4655 4656/4656
f 4657/4657 4658/4658 4659/4659
f 4660/4660 4661/4661 4662/4662
f 4663/4663 4664/4664 4665/4665
f 4666/4666 4667/4667 4668/4668
f 4669/4669 4670/4670 4671/4671
f 4672/4672 4673/4673 4674/4674
f 4675/4675 4676/4676 4677/4677
f 4678/4678 4679/4679 4680/4680
f 4681/4681 4682/4682 4683/4683
f 4684/4684 4685/4685 4686/4686
f 4687/4687 4688/4688 4689/4689
f 4690/4690 4691/4691 4692/4692
f 4693/4693 4694/4694 4695/4695
f 4696/4696 4697/4697 4698/4698
f 4699/4699 4700/4700 4701/4701
f 4702/4702 4703/4703 4704/4704
f 4705/4705 4706/4706 4707/4707
f 4708/4708 4709/4709 4710/4710
f 4711/4711 4712/4712 4713/4713
f 4714/4714 4715/4715 4716/4716
f 4717/4717 4718/4718 4719/4719
f 4720/4720 4721/4721 4722/4722
f 4723/4723 4724/4724 4725/4725
f 4726/4726 4727/4727 4728/4728
f 4729/4729 4730/4730 4731/4731
f 4732/4732 4733/4733 4734/4734
f 4735/4735 4736/4736 4737/4737
f 4738/4738 4739/4739 4740/4740
f 4741/4741 4742/4742 4743/4743
f 4744/4744 4745/4745 4746/4746
f 4747/4747 4748/4748 4749/4749
f 4750/4750 4751/4751 4752/4752
f 4753/4753 4754/4754 4755/4755
f 4756/4756 4757/4757 4758/4758
f 4759/4759 4760/4760 4761/4761
f 4762/4762 4763/4763 4764/4764
f 4765/4765 4766/4766 4767/4767
f 4768/4768 4769/4769 4770/4770
f 4771/4771 4772/4772 4773/4773
f 4774/4774 4775/4775 4776/4776
f 4777/4777 4778/4778 4779/4779
f 4780/4780 4781/4781 4782/4782
f 4783/4783 4784/4784 4785/4785
f 4786/4786 4787/4787 4788/4788
f 4789/4789 4790/4790 4791/4791
f 4792/4792 4793/4793 4794/4794
f 4795/4795 4796/4796 4797/4797
f 4798/4798 4799/4799 4800/4800
f 4801/4801 4802/4802 4803/4803
f 4804/4804 4805/4805 4806/4806
f 4807/4807 4808/4808 4809/4809
f 4810/4810 4811/4811 4812/4812
f 4813/4813 4814/4814 4815/4815
f 4816/4816 4817/4817 4818/4818
f 4819/4819 4820/4820 4821/4821
f 4822/4822 4823/4823 4824/4824
f 4825/4825 4826/4826 4827/4827
f 4828/4828 4829/4829 4830/4830
f 4831/4831 4832/4832 4833/4833
f 4834/4834 4835/4835 4836/4836
f 4837/4837 4838/4838 4839/4839
f 4840/4840 4841/4841 4842/4842
f 4843/4843 4844/4844 4845/4845
f 4846/4846 4847/4847 4848/4848
f 4849/4849 4850/4850 4851/4851
f 4852/4852 4853/4853 4854/4854
f 4855/4855 4856/4856 4857/4857
f 4858/4858 4859/4859 4860/4860
f 4861/4861 4862/4862 4863/4863
f 4864/4864 4865/4865 4866/4866
f 4867/4867 4868/4868 4869/4869
f 4870/4870 4871/4871 4872/4872
f 4873/4873 4874/4874 4875/4875
f 4876/4876 4877/4877 4878/4878
f 4879/4879 4880/4880 4881/4881
f 4882/4882 4883/4883 4884/4884
f 4885/4885 4886/4886 4887/4887
f 4888/4888 4889/4889 4890/4890
f 4891/4891 4892/4892 4893/4893
f 4894/4894 4895/4895 4896/4896
f 4897/4897 4898/4898 4899/4899
f 4900/4900 4901/4901 4902/4902
f 4903/4903 4904/4904 4905/4905
f 4906/4906 4907/4907 4908/4908
f 4909/4909 4910/4910 4911/4911
f 4912/4912 4913/4913 4914/4914
f 4915/4915 4916/4916 4917/4917
f 4918/4918 4919/4919 4920/4920
f 4921/4921 4922/4922 4923/4923
f 4924/4924 4925/4925 4926/4926
f 4927/4927 4928/4928 4929/4929
f 4930/4930 4931/4931 4932/4932
f 4933/4933 4934/4934 4935/4935
f 4936/4936 4937/4937 4938/4938
f 4939/4939 4940/4940 4941/4941
f 4942/4942 4943/4943 4944/4944
f 4945/4945 4946/4946 4947/4947
f 4948/4948 4949/4949 4950/4950
f 4951/4951 4952/4952 4953/4953
f 4954/4954 4955/4955 4956/4956
f 4957/4957 4958/4958 4959/4959
f 4960/4960 4961/4961 4962/4962
f 4963/4963 4964/4964 4965/4965
f 4966/4966 4967/4967 4968/4968
f 4969/4969 4970/4970 4971/4971
f 4972/4972 4973/4973 4974/4974
f 4975/4975 4976/4976 4977/4977
f 4978/4978 4979/4979 4980/4980
f 4981/4981 4982/4982 4983/4983
f 4984/4984 4985/4985 4986/4986
f 4987/4987 4988/4988 4989/4989
f 4990/4990 4991/4991 4992/4992
f 4993/4993 4994/4994 4995/4995
f 4996/4996 4997/4997 4998/4998
f 4999/4999 5000/5000 5001/5001
f 5002/5002 5003/5003 5004/5004
f 5005/5005 5006/5006 5007/5007
f 5008/5008 5009/5009 5010/5010
f 5011/5011 5012/5012 5013/5013
f 5014/5014 5015/5015 5016/5016
f 5017/5017 5018/5018 5019/5019
f 5020/5020 5021/5021 5022/5022
f 5023/5023 5024/5024 5025/5025
f 5026/5026 5027/5027 5028/5028
f 5029/5029 5030/5030 5031/5031
f 5032/5032 5033/5033 5034/5034
f 5035/5035 5036/5036 5037/5037
f 5038/5038 5039/5039 5040/5040
f 5041/5041 5042/5042 5043/5043
f 5044/5044 5045/5045 5046/5046
f 5047/5047 5048/5048 5049/5049
f 5050/5050 5051/5051 5052/5052
f 5053/5053 5054/5054 5055/5055
f 5056/5056 5057/5057 5058/5058
f 5059/5059 5060/5060 5061/5061
f 5062/5062 5063/5063 5064/5064
f 5065/5065 5066/5066 5067/5067
f 5068/5068 5069/5069 5070/5070
f 5071/5071 5072/5072 5073/5073
f 5074/5074 5075/5075 5076/5076
f 5077/5077 5078/5078 5079/5079
f 5080/5080 5081/5081 5082/5082
f 5083/5083 5084/5084 5085/5085
f 5086/5086 5087/5087 5088/5088
f 5089/5089 5090/5090 5091/5091
f 5092/5092 5093/5093 5094/5094
f 5095/5095 5096/5096 5097/5097
f 5098/5098 5099/5099 5100/5100
f 5101/5101 5102/5102 5103/5103
f 5104/5104 5105/5105 5106/5106
f 5107/5107 5108/5108 5109/5109
f 5110/5110 5111/5111 5112/5112
f 5113/5113 5114/5114 5115/5115
f 5116/5116 5117/5117 5118/5118
f 5119/5119 5120/5120 5121/5121
f 5122/5122 5123/5123 5124/5124
f 5125/5125 5126/5126 5127/5127
f 5128/5128 5129/5129 5130/5130
f 5131/5131 5132/5132 5133/5133
f 5134/5134 5135/5135 5136/5136
f 5137/5137 5138/5138 5139/5139
f 5140/5140 5141/5141 5142/5142
f 5143/5143 5144/5144 5145/5145
f 5146/5146 5147/5147 5148/5148
f 5149/5149 5150/5150 5151/5151
f 5152/5152 5153/5153 5154/5154
f 5155/5155 5156/5156 5157/5157
f 5158/5158 5159/5159 5160/5160
f 5161/5161 5162/5162 5163/5163
f 5164/5164 5165/5165 5166/5166
f 5167/5167 5168/5168 5169/5169
f 5170/5170 5171/5171 5172/5172
f 5173/5173 5174/5174 5175/5175
f 5176/5176 5177/5177 5178/5178
f 5179/5179 5180/5180 5181/5181
f 5182/5182 5183/5183 5184/5184
f 5185/5185 5186/5186 5187/5187
f 5188/5188 5189/5189 5190/5190
f 5191/5191 5192/5192 5193/5193
f 5194/5194 5195/5195 5196/5196
f 5197/5197 5198/5198 5199/5199
f 5200/5200 5201/5201 5202/5202
f 5203/5203 5204/5204 5205/5205
f 5206/5206 5207/5207 5208/5208
f 5209/5209 5210/5210 5211/5211
f 5212/5212 5213/5213 5214/5214
f 5215/5215 5216/5216 5217/5217
f 5218/5218 5219/5219 5220/5220
f 5221/5221 5222/5222 5223/5223
f 5224/5224 5225/5225 5226/5226
f 5227/5227 5228/5228 5229/5229
f 5230/5230 5231/5231 5232/5232
f 5233/5233 5234/5234 5235/5235
f 5236/5236 5237/5237 5238/5238
f 5239/5239 5240/5240 5241/5241
f 5242/5242 5243/5243 5244/5244
f 5245/5245 5246/5246 5247/5247
f 5248/5248 5249/5249 5250/5250
f 5251/5251 5252/5252 5253/5253
f 5254/5254 5255/5255 5256/5256
f 5257/5257 5258/5258 5259/5259
f 5260/5260 5261/5261 5262/5262
f 5263/5263 5264/5264 5265/5265
f 5266/5266 5267/5267 5268/5268
f 5269/5269 5270/5270 5271/5271
f 5272/5272 5273/5273 5274/5274
f 5275/5275 5276/5276 5277/5277
f 5278/5278 5279/5279 5280/5280
f 5281/5281 5282/5282 5283/5283
f 5284/5284 5285/5285 5286/5286
f 5287/5287 5288/5288 5289/5289
f 5290/5290 5291/5291 5292/5292
f 5293/5293 5294/5294 5295/5295
f 5296/5296 5297/5297 5298/5298
f 5299/5299 5300/5300 5301/5301
f 5302/5302 5303/5303 5304/5304
f 5305/5305 5306/5306 5307/5307
f 5308/5308 5309/5309 5310/5310
f 5311/5311 5312/5312 5313/5313
f 5314/5314 5315/5315 5316/5316
f 5317/5317 5318/5318 5319/5319
f 5320/5320 5321/5321 5322/5322
f 5323/5323 5324/5324 5325/5325
f 5326/5326 5327/5327 5328/5328
f 5329/5329 5330/5330 5331/5331
f 5332/5332 5333/5333 5334/5334
f 5335/5335 5336/5336 5337/5337
f 5338/5338 5339/5339 5340/5340
f 5341/5341 5342/5342 5343/5343
f 5344/5344 5345/5345 5346/5346
f 5347/5347 5348/5348 5349/5349
f 5350/5350 5351/5351 5352/5352
f 5353/5353 5354/5354 5355/5355
f 5356/5356 5357/5357 5358/5358
f 5359/5359 5360/5360 5361/5361
f 5362/5362 5363/5363 5364/5364
f 5365/5365 5366/5366 5367/5367
f 5368/5368 5369/5369 5370/5370
f 5371/5371 5372/5372 5373/5373
f 5374/5374 5375/5375 5376/5376
f 5377/5377 5378/5378 5379/5379
f 5380/5380 5381/5381 5382/5382
f 5383/5383 5384/5384 5385/5385
f 5386/5386 5387/5387 5388/5388
f 5389/5389 5390/5390 5391/5391
f 5392/5392 5393/5393 5394/5394
f 5395/5395 5396/5396 5397/5397
f 5398/5398 5399/5399 5400/5400
f 5401/5401 5402/5402 5403/5403
f 5404/5404 5405/5405 5406/5406
f 5407/5407 5408/5408 5409/5409
f 5410/5410 5411/5411 5412/5412
f 5413/5413 5414/5414 5415/5415
f 5416/5416 5417/5417 5418/5418
f 5419/5419 5420/5420 5421/5421
f 5422/5422 5423/5423 5424/5424
f 5425/5425 5426/5426 5427/5427
f 5428/5428 5429/5429 5430/5430
f 5431/5431 5432/5432 5433/5433
f 5434/5434 5435/5435 5436/5436
f 5437/5437 5438/5438 5439/5439
f 5440/5440 5441/5441 5442/5442
f 5443/5443 5444/5444 5445/5445
f 5446/5446 5447/5447 5448/5448
f 5449/5449 5450/5450 5451/5451
f 5452/5452 5453/5453 5454/5454
f 5455/5455 5456/5456 5457/5457
f 5458/5458 5459/5459 5460/5460
f 5461/5461 5462/5462 5463/5463
f 5464/5464 5465/5465 5466/5466
f 5467/5467 5468/5468 5469/5469
f 5470/5470 5471/5471 5472/5472
f 5473/5473 5474/5474 5475/5475
f 5476/5476 5477/5477 5478/5478
f 5479/5479 5480/5480 5481/5481
f 5482/5482 5483/5483 5484/5484
f 5485/5485 5486/5486 5487/5487
f 5488/5488 5489/5489 5490/5490
f 5491/5491 5492/5492 5493/5493
f 5494/5494 5495/5495 5496/5496
f 5497/5497 5498/5498 5499/5499
f 5500/5500 5501/5501 5502/5502
f 5503/5503 5504/5504 5505/5505
f 5506/5506 5507/5507 5508/5508
f 5509/5509 5510/5510 5511/5511
f 5512/5512 5513/5513 5514/5514
f 5515/5515 5516/5516 5517/5517
f 5518/5518 5519/5519 5520/5520
f 5521/5521 5522/5522 5523/5523
f 5524/5524 5525/5525 5526/5526
f 5527/5527 5528/5528 5529/5529
f 5530/5530 5531/5531 5532/5532
f 5533/5533 5534/5534 5535/5535
f 5536/5536 5537/5537 5538/5538
f 5539/5539 5540/5540 5541/5541
f 5542/5542 5543/5543 5544/5544
f 5545/5545 5546/5546 5547/5547
f 5548/5548 5549/5549 5550/5550
f 5551/5551 5552/5552 5553/5553
f 5554/5554 5555/5555 5556/5556
f 5557/5557 5558/5558 5559/5559
f 5560/5560 5561/5561 5562/5562
f 5563/5563 5564/5564 5565/5565
f 5566/5566 5567/5567 5568/5568
f 5569/5569 5570/5570 5571/5571
f 5572/5572 5573/5573 5574/5574
f 5575/5575 5576/5576 5577/5577
f 5578/5578 5579/5579 5580/5580
f 5581/5581 5582/5582 5583/5583
f 5584/5584 5585/5585 5586/5586
f 5587/5587 5588/5588 5589/5589
f 5590/5590 5591/5591 5592/5592
f 5593/5593 5594/5594 5595/5595
f 5596/5596 5597/5597 5598/5598
f 5599/5599 5600/5600 5601/5601
f 5602/5602 5603/5603 5604/5604
f 5605/5605 5606/5606 5607/5607
f 5608/5608 5609/5609 5610/5610
f 5611/5611 5612/5612 5613/5613
f 5614/5614 5615/5615 5616/5616
f 5617/5617 5618/5618 5619/5619
f 5620/5620 5621/5621 5622/5622
f 5623/5623 5624/5624 5625/5625
f 5626/5626 5627/5627 5628/5628
f 5629/5629 5630/5630 5631/5631
f 5632/5632 5633/5633 5634/5634
f 5635/5635 5636/5636 5637/5637
f 5638/5638 5639/5639 5640/5640
f 5641/5641 5642/5642 5643/5643
f 5644/5644 5645/5645 5646/5646
f 5647/5647 5648/5648 5649/5649
f 5650/5650 5651/5651 5652/5652
f 5653/5653 5654/5654 5655/5655
f 5656/5656 5657/5657 5658/5658
f 5659/5659 5660/5660 5661/5661
f 5662/5662 5663/5663 5664/5664
f 5665/5665 5666/5666 5667/5667
f 5668/5668 5669/5669 5670/5670
f 5671/5671 5672/5672 5673/5673
f 5674/5674 5675/5675 5676/5676
f 5677/5677 5678/5678 5679/5679
f 5680/5680 5681/5681 5682/5682
f 5683/5683 5684/5684 5685/5685
f 5686/5686 5687/5687 5688/5688
f 5689/5689 5690/5690 5691/5691
f 5692/5692 5693/5693 5694/5694
f 5695/5695 5696/5696 5697/5697
f 5698/5698 5699/5699 5700/5700
f 5701/5701 5702/5702 5703/5703
f 5704/5704 5705/5705 5706/5706
f 5707/5707 5708/5708 5709/5709
f 5710/5710 5711/5711 5712/5712
f 5713/5713 5714/5714 5715/5715
f 5716/5716 5717/5717 5718/5718
f 5719/5719 5720/5720 5721/5721
f 5722/5722 5723/5723 5724/5724
f 5725/5725 5726/5726 5727/5727
f 5728/5728 5729/5729 5730/5730
f 5731/5731 5732/5732 5733/5733
f 5734/5734 5735/5735 5736/5736
f 5737/5737 5738/5738 5739/5739
f 5740/5740 5741/5741 5742/5742
f 5743/5743 5744/5744 5745/5745
f 5746/5746 5747/5747 5748/5748
f 5749/5749 5750/5750 5751/5751
f 5752/5752 5753/5753 5754/5754
f 5755/5755 5756/5756 5757/5757
f 5758/5758 5759/5759 5760/5760
f 5761/5761 5762/5762 5763/5763
f 5764/5764 5765/5765 5766/5766
f 5767/5767 5768/5768 5769/5769
f 5770/5770 5771/5771 5772/5772
f 5773/5773 5774/5774 5775/5775
f 5776/5776 5777/5777 5778/5778
f 5779/5779 5780/5780 5781/5781
f 5782/5782 5783/5783 5784/5784
f 5785/5785 5786/5786 5787/5787
f 5788/5788 5789/5789 5790/5790
f 5791/5791 5792/5792 5793/5793
f 5794/5794 5795/5795 5796/5796
f 5797/5797 5798/5798 5799/5799
f 5800/5800 5801/5801 5802/5802
f 5803/5803 5804/5804 5805/5805
f 5806/5806 5807/5807 5808/5808
f 5809/5809 5810/5810 5811/5811
f 5812/5812 5813/5813 5814/5814
f 5815/5815 5816/5816 5817/5817
f 5818/5818 5819/5819 5820/5820
f 5821/5821 5822/5822 5823/5823
f 5824/5824 5825/5825 5826/5826
f 5827/5827 5828/5828 5829/5829
f 5830/5830 5831/5831 5832/5832
f 5833/5833 5834/5834 5835/5835
f 5836/5836 5837/5837 5838/5838
f 5839/5839 5840/5840 5841/5841
f 5842/5842 5843/5843 5844/5844
f 5845/5845 5846/5846 5847/5847
f 5848/5848 5849/5849 5850/5850
f 5851/5851 5852/5852 5853/5853
f 5854/5854 5855/5855 5856/5856
f 5857/5857 5858/5858 5859/5859
f 5860/5860 5861/5861 5862/5862
f 5863/5863 5864/5864 5865/5865
f 5866/5866 5867/5867 5868/5868
f 5869/5869 5870/5870 5871/5871
f 5872/5872 5873/5873 5874/5874
f 5875/5875 5876/5876 5877/5877
f 5878/5878 5879/5879 5880/5880
f 5881/5881 5882/5882 5883/5883
f 5884/5884 5885/5885 5886/5886
f 5887/5887 5888/5888 5889/5889
f 5890/5890 5891/5891 5892/5892
f 5893/5893 5894/5894 5895/5895
f 5896/5896 5897/5897 5898/5898
f 5899/5899 5900/5900 5901/5901
f 5902/5902 5903/5903 5904/5904
f 5905/5905 5906/5906 5907/5907
f 5908/5908 5909/5909 5910/5910
f 5911/5911 5912/5912 5913/5913
f 5914/5914 5915/5915 5916/5916
f 5917/5917 5918/5918 5919/5919
f 5920/5920 5921/5921 5922/5922
f 5923/5923 5924/5924 5925/5925
f 5926/5926 5927/5927 5928/5928
f 5929/5929 5930/5930 5931/5931
f 5932/5932 5933/5933 5934/5934
f 5935/5935 5936/5936 5937/5937
f 5938/5938 5939/5939 5940/5940
f 5941/5941 5942/5942 5943/5943
f 5944/5944 5945/5945 5946/5946
f 5947/5947 5948/5948 5949/5949
f 5950/5950 5951/5951 5952/5952
f 5953/5953 5954/5954 5955/5955
f 5956/5956 5957/5957 5958/5958
f 5959/5959 5960/5960 5961/5961
f 5962/5962 5963/5963 5964/5964
f 5965/5965 5966/5966 5967/5967
f 5968/5968 5969/5969 5970/5970
f 5971/5971 5972/5972 5973/5973
f 5974/5974 5975/5975 5976/5976
f 5977/5977 5978/5978 5979/5979
f 5980/5980 5981/5981 5982/5982
f 5983/5983 5984/5984 5985/5985
f 5986/5986 5987/5987 5988/5988
f 5989/5989 5990/5990 5991/5991
f 5992/5992 5993/5993 5994/5994
f 5995/5995 5996/5996 5997/5997
f 5998/5998 5999/5999 6000/6000
f 6001/6001 6002/6002 6003/6003
f 6004/6004 6005/6005 6006/6006
f 6007/6007 6008/6008 6009/6009
f 6010/6010 6011/6011 6012/6012
f 6013/6013 6014/6014 6015/6015
f 6016/6016 6017/6017 6018/6018
f 6019/6019 6020/6020 6021/6021
f 6022/6022 6023/6023 6024/6024
f 6025/6025 6026/6026 6027/6027
f 6028/6028 6029/6029 6030/6030
f 6031/6031 6032/6032 6033/6033
f 6034/6034 6035/6035 6036/6036
f 6037/6037 6038/6038 6039/6039
f 6040/6040 6041/6041 6042/6042
f 6043/6043 6044/6044 6045/6045
f 6046/6046 6047/6047 6048/6048
