# Blender 5.1.1
# www.blender.org
mtllib peace_lily.mtl
o Pot
v 0.500000 0.000000 0.000000
v 0.353553 0.000000 -0.353553
v 0.000000 0.000000 -0.500000
v -0.353553 0.000000 -0.353553
v -0.500000 0.000000 -0.000000
v -0.353553 0.000000 0.353553
v -0.000000 0.000000 0.500000
v 0.353553 0.000000 0.353553
v 0.580000 0.100000 0.000000
v 0.410122 0.100000 -0.410122
v 0.000000 0.100000 -0.580000
v -0.410122 0.100000 -0.410122
v -0.580000 0.100000 -0.000000
v -0.410122 0.100000 0.410122
v -0.000000 0.100000 0.580000
v 0.410122 0.100000 0.410122
v 0.660000 0.400000 0.000000
v 0.466690 0.400000 -0.466690
v 0.000000 0.400000 -0.660000
v -0.466690 0.400000 -0.466690
v -0.660000 0.400000 -0.000000
v -0.466690 0.400000 0.466690
v -0.000000 0.400000 0.660000
v 0.466690 0.400000 0.466690
v 0.720000 0.850000 0.000000
v 0.509117 0.850000 -0.509117
v 0.000000 0.850000 -0.720000
v -0.509117 0.850000 -0.509117
v -0.720000 0.850000 -0.000000
v -0.509117 0.850000 0.509117
v -0.000000 0.850000 0.720000
v 0.509117 0.850000 0.509117
v 0.740000 1.200000 0.000000
v 0.523259 1.200000 -0.523259
v 0.000000 1.200000 -0.740000
v -0.523259 1.200000 -0.523259
v -0.740000 1.200000 -0.000000
v -0.523259 1.200000 0.523259
v -0.000000 1.200000 0.740000
v 0.523259 1.200000 0.523259
v 0.740000 1.450000 0.000000
v 0.523259 1.450000 -0.523259
v 0.000000 1.450000 -0.740000
v -0.523259 1.450000 -0.523259
v -0.740000 1.450000 -0.000000
v -0.523259 1.450000 0.523259
v -0.000000 1.450000 0.740000
v 0.523259 1.450000 0.523259
v 0.720000 1.550000 0.000000
v 0.509117 1.550000 -0.509117
v 0.000000 1.550000 -0.720000
v -0.509117 1.550000 -0.509117
v -0.720000 1.550000 -0.000000
v -0.509117 1.550000 0.509117
v -0.000000 1.550000 0.720000
v 0.509117 1.550000 0.509117
v 0.660000 1.550000 0.000000
v 0.466690 1.550000 -0.466690
v 0.000000 1.550000 -0.660000
v -0.466690 1.550000 -0.466690
v -0.660000 1.550000 -0.000000
v -0.466690 1.550000 0.466690
v -0.000000 1.550000 0.660000
v 0.466690 1.550000 0.466690
v 0.620000 1.500000 0.000000
v 0.438406 1.500000 -0.438406
v 0.000000 1.500000 -0.620000
v -0.438406 1.500000 -0.438406
v -0.620000 1.500000 -0.000000
v -0.438406 1.500000 0.438406
v -0.000000 1.500000 0.620000
v 0.438406 1.500000 0.438406
v 0.540000 1.100000 0.000000
v 0.381838 1.100000 -0.381838
v 0.000000 1.100000 -0.540000
v -0.381838 1.100000 -0.381838
v -0.540000 1.100000 -0.000000
v -0.381838 1.100000 0.381838
v -0.000000 1.100000 0.540000
v 0.381838 1.100000 0.381838
v 0.440000 0.500000 0.000000
v 0.311127 0.500000 -0.311127
v 0.000000 0.500000 -0.440000
v -0.311127 0.500000 -0.311127
v -0.440000 0.500000 -0.000000
v -0.311127 0.500000 0.311127
v -0.000000 0.500000 0.440000
v 0.311127 0.500000 0.311127
v 0.400000 0.200000 0.000000
v 0.282843 0.200000 -0.282843
v 0.000000 0.200000 -0.400000
v -0.282843 0.200000 -0.282843
v -0.400000 0.200000 -0.000000
v -0.282843 0.200000 0.282843
v -0.000000 0.200000 0.400000
v 0.282843 0.200000 0.282843
v 0.400000 0.100000 0.000000
v 0.282843 0.100000 -0.282843
v 0.000000 0.100000 -0.400000
v -0.282843 0.100000 -0.282843
v -0.400000 0.100000 -0.000000
v -0.282843 0.100000 0.282843
v -0.000000 0.100000 0.400000
v 0.282843 0.100000 0.282843
vn 0.7430 -0.5944 -0.3077
vn 0.3077 -0.5944 -0.7430
vn -0.3077 -0.5944 -0.7430
vn -0.7430 -0.5944 -0.3077
vn -0.7430 -0.5944 0.3077
vn -0.3077 -0.5944 0.7430
vn 0.3077 -0.5944 0.7430
vn 0.7430 -0.5944 0.3077
vn 0.8971 -0.2392 -0.3716
vn 0.3716 -0.2392 -0.8971
vn -0.3716 -0.2392 -0.8971
vn -0.8971 -0.2392 -0.3716
vn -0.8971 -0.2392 0.3716
vn -0.3716 -0.2392 0.8971
vn 0.3716 -0.2392 0.8971
vn 0.8971 -0.2392 0.3716
vn 0.9169 -0.1223 -0.3798
vn 0.3798 -0.1223 -0.9169
vn -0.3798 -0.1223 -0.9169
vn -0.9169 -0.1223 -0.3798
vn -0.9169 -0.1223 0.3798
vn -0.3798 -0.1223 0.9169
vn 0.3798 -0.1223 0.9169
vn 0.9169 -0.1223 0.3798
vn 0.9226 -0.0527 -0.3822
vn 0.3822 -0.0527 -0.9226
vn -0.3822 -0.0527 -0.9226
vn -0.9226 -0.0527 -0.3822
vn -0.9226 -0.0527 0.3822
vn -0.3822 -0.0527 0.9226
vn 0.3822 -0.0527 0.9226
vn 0.9226 -0.0527 0.3822
vn 0.9239 -0.0000 -0.3827
vn 0.3827 -0.0000 -0.9239
vn -0.3827 -0.0000 -0.9239
vn -0.9239 -0.0000 -0.3827
vn -0.9239 -0.0000 0.3827
vn -0.3827 -0.0000 0.9239
vn 0.3827 -0.0000 0.9239
vn 0.9239 -0.0000 0.3827
vn 0.9085 0.1817 -0.3763
vn 0.3763 0.1817 -0.9085
vn -0.3763 0.1817 -0.9085
vn -0.9085 0.1817 -0.3763
vn -0.9085 0.1817 0.3763
vn -0.3763 0.1817 0.9085
vn 0.3763 0.1817 0.9085
vn 0.9085 0.1817 0.3763
vn -0.0000 -1.0000 -0.0000
vn -0.0000 1.0000 -0.0000
vn -0.7430 0.5944 0.3077
vn -0.3077 0.5944 0.7430
vn 0.3077 0.5944 0.7430
vn 0.7430 0.5944 0.3077
vn 0.7430 0.5944 -0.3077
vn 0.3077 0.5944 -0.7430
vn -0.3077 0.5944 -0.7430
vn -0.7430 0.5944 -0.3077
vn -0.9131 0.1522 0.3782
vn -0.3782 0.1522 0.9131
vn 0.3782 0.1522 0.9131
vn 0.9131 0.1522 0.3782
vn 0.9131 0.1522 -0.3782
vn 0.3782 0.1522 -0.9131
vn -0.3782 0.1522 -0.9131
vn -0.9131 0.1522 -0.3782
vn -0.9169 0.1223 0.3798
vn -0.3798 0.1223 0.9169
vn 0.3798 0.1223 0.9169
vn 0.9169 0.1223 0.3798
vn 0.9169 0.1223 -0.3798
vn 0.3798 0.1223 -0.9169
vn -0.3798 0.1223 -0.9169
vn -0.9169 0.1223 -0.3798
vt 0.000000 0.000000
vt 0.707107 0.000000
vt 0.820244 0.200000
vt 0.000000 0.200000
vt 0.000000 0.000000
vt 0.000000 0.200000
vt -0.707107 0.000000
vt -0.820244 0.200000
vt 0.000000 0.000000
vt 0.000000 0.200000
vt -0.000000 0.000000
vt -0.000000 0.200000
vt 0.933381 0.800000
vt 0.000000 0.800000
vt 0.000000 0.800000
vt -0.933381 0.800000
vt 0.000000 0.800000
vt -0.000000 0.800000
vt 1.018234 1.700000
vt 0.000000 1.700000
vt 0.000000 1.700000
vt -1.018234 1.700000
vt 0.000000 1.700000
vt -0.000000 1.700000
vt 1.046518 2.400000
vt 0.000000 2.400000
vt 0.000000 2.400000
vt -1.046518 2.400000
vt 0.000000 2.400000
vt -0.000000 2.400000
vt 1.046518 2.900000
vt 0.000000 2.900000
vt 0.000000 2.900000
vt -1.046518 2.900000
vt 0.000000 2.900000
vt -0.000000 2.900000
vt 1.018234 3.100000
vt 0.000000 3.100000
vt 0.000000 3.100000
vt -1.018234 3.100000
vt 0.000000 3.100000
vt -0.000000 3.100000
vt 0.707107 -0.707107
vt -0.000000 -1.000000
vt -0.707107 -0.707107
vt -1.000000 0.000000
vt -0.707107 0.707107
vt 0.000000 1.000000
vt 0.707107 0.707107
vt 1.000000 0.000000
vt 1.440000 0.000000
vt 1.018234 1.018234
vt 0.933381 0.933381
vt 1.320000 0.000000
vt 0.000000 1.440000
vt 0.000000 1.320000
vt -1.018234 1.018234
vt -0.933381 0.933381
vt -1.440000 0.000000
vt -1.320000 0.000000
vt -1.018234 -1.018234
vt -0.933381 -0.933381
vt -0.000000 -1.440000
vt -0.000000 -1.320000
vt 1.018234 -1.018234
vt 0.933381 -0.933381
vt 0.933381 3.100000
vt 0.876812 3.000000
vt 0.000000 3.000000
vt 0.000000 3.100000
vt 0.000000 3.000000
vt -0.933381 3.100000
vt -0.876812 3.000000
vt 0.000000 3.100000
vt 0.000000 3.000000
vt -0.000000 3.100000
vt -0.000000 3.000000
vt 0.763675 2.200000
vt 0.000000 2.200000
vt 0.000000 2.200000
vt -0.763675 2.200000
vt 0.000000 2.200000
vt -0.000000 2.200000
vt 0.622254 1.000000
vt 0.000000 1.000000
vt 0.000000 1.000000
vt -0.622254 1.000000
vt 0.000000 1.000000
vt -0.000000 1.000000
vt 0.565685 0.400000
vt 0.000000 0.400000
vt 0.000000 0.400000
vt -0.565685 0.400000
vt 0.000000 0.400000
vt -0.000000 0.400000
vt 0.565685 0.200000
vt 0.000000 0.200000
vt -0.565685 0.200000
vt 0.000000 0.200000
vt -0.000000 0.200000
vt 0.800000 0.000000
vt 0.565685 0.565685
vt 0.000000 0.800000
vt -0.565685 0.565685
vt -0.800000 0.000000
vt -0.565685 -0.565685
vt -0.000000 -0.800000
vt 0.565685 -0.565685
s 0
usemtl PotMat
f 1/1/1 2/2/1 10/3/1 9/4/1
f 2/2/2 3/5/2 11/6/2 10/3/2
f 3/5/3 4/7/3 12/8/3 11/6/3
f 4/2/4 5/9/4 13/10/4 12/3/4
f 5/9/5 6/7/5 14/8/5 13/10/5
f 6/7/6 7/11/6 15/12/6 14/8/6
f 7/11/7 8/2/7 16/3/7 15/12/7
f 8/7/8 1/1/8 9/4/8 16/8/8
f 9/4/9 10/3/9 18/13/9 17/14/9
f 10/3/10 11/6/10 19/15/10 18/13/10
f 11/6/11 12/8/11 20/16/11 19/15/11
f 12/3/12 13/10/12 21/17/12 20/13/12
f 13/10/13 14/8/13 22/16/13 21/17/13
f 14/8/14 15/12/14 23/18/14 22/16/14
f 15/12/15 16/3/15 24/13/15 23/18/15
f 16/8/16 9/4/16 17/14/16 24/16/16
f 17/14/17 18/13/17 26/19/17 25/20/17
f 18/13/18 19/15/18 27/21/18 26/19/18
f 19/15/19 20/16/19 28/22/19 27/21/19
f 20/13/20 21/17/20 29/23/20 28/19/20
f 21/17/21 22/16/21 30/22/21 29/23/21
f 22/16/22 23/18/22 31/24/22 30/22/22
f 23/18/23 24/13/23 32/19/23 31/24/23
f 24/16/24 17/14/24 25/20/24 32/22/24
f 25/20/25 26/19/25 34/25/25 33/26/25
f 26/19/26 27/21/26 35/27/26 34/25/26
f 27/21/27 28/22/27 36/28/27 35/27/27
f 28/19/28 29/23/28 37/29/28 36/25/28
f 29/23/29 30/22/29 38/28/29 37/29/29
f 30/22/30 31/24/30 39/30/30 38/28/30
f 31/24/31 32/19/31 40/25/31 39/30/31
f 32/22/32 25/20/32 33/26/32 40/28/32
f 33/26/33 34/25/33 42/31/33 41/32/33
f 34/25/34 35/27/34 43/33/34 42/31/34
f 35/27/35 36/28/35 44/34/35 43/33/35
f 36/25/36 37/29/36 45/35/36 44/31/36
f 37/29/37 38/28/37 46/34/37 45/35/37
f 38/28/38 39/30/38 47/36/38 46/34/38
f 39/30/39 40/25/39 48/31/39 47/36/39
f 40/28/40 33/26/40 41/32/40 48/34/40
f 41/32/41 42/31/41 50/37/41 49/38/41
f 42/31/42 43/33/42 51/39/42 50/37/42
f 43/33/43 44/34/43 52/40/43 51/39/43
f 44/31/44 45/35/44 53/41/44 52/37/44
f 45/35/45 46/34/45 54/40/45 53/41/45
f 46/34/46 47/36/46 55/42/46 54/40/46
f 47/36/47 48/31/47 56/37/47 55/42/47
f 48/34/48 41/32/48 49/38/48 56/40/48
f 8/43/49 7/44/49 6/45/49 5/46/49 4/47/49 3/48/49 2/49/49 1/50/49
f 49/51/50 50/52/50 58/53/50 57/54/50
f 50/52/50 51/55/50 59/56/50 58/53/50
f 51/55/50 52/57/50 60/58/50 59/56/50
f 52/57/50 53/59/50 61/60/50 60/58/50
f 53/59/50 54/61/50 62/62/50 61/60/50
f 54/61/50 55/63/50 63/64/50 62/62/50
f 55/63/50 56/65/50 64/66/50 63/64/50
f 56/65/50 49/51/50 57/54/50 64/66/50
f 58/67/51 66/68/51 65/69/51 57/38/51
f 59/70/52 67/71/52 66/68/52 58/67/52
f 60/72/53 68/73/53 67/71/53 59/70/53
f 61/74/54 69/75/54 68/68/54 60/67/54
f 62/72/55 70/73/55 69/75/55 61/74/55
f 63/76/56 71/77/56 70/73/56 62/72/56
f 64/67/57 72/68/57 71/77/57 63/76/57
f 57/38/58 65/69/58 72/73/58 64/72/58
f 66/68/45 74/78/45 73/79/45 65/69/45
f 67/71/46 75/80/46 74/78/46 66/68/46
f 68/73/47 76/81/47 75/80/47 67/71/47
f 69/75/48 77/82/48 76/78/48 68/68/48
f 70/73/41 78/81/41 77/82/41 69/75/41
f 71/77/42 79/83/42 78/81/42 70/73/42
f 72/68/43 80/78/43 79/83/43 71/77/43
f 65/69/44 73/79/44 80/81/44 72/73/44
f 74/78/59 82/84/59 81/85/59 73/79/59
f 75/80/60 83/86/60 82/84/60 74/78/60
f 76/81/61 84/87/61 83/86/61 75/80/61
f 77/82/62 85/88/62 84/84/62 76/78/62
f 78/81/63 86/87/63 85/88/63 77/82/63
f 79/83/64 87/89/64 86/87/64 78/81/64
f 80/78/65 88/84/65 87/89/65 79/83/65
f 73/79/66 81/85/66 88/87/66 80/81/66
f 82/84/67 90/90/67 89/91/67 81/85/67
f 83/86/68 91/92/68 90/90/68 82/84/68
f 84/87/69 92/93/69 91/92/69 83/86/69
f 85/88/70 93/94/70 92/90/70 84/84/70
f 86/87/71 94/93/71 93/94/71 85/88/71
f 87/89/72 95/95/72 94/93/72 86/87/72
f 88/84/73 96/90/73 95/95/73 87/89/73
f 81/85/74 89/91/74 96/93/74 88/87/74
f 90/90/37 98/96/37 97/4/37 89/91/37
f 91/92/38 99/97/38 98/96/38 90/90/38
f 92/93/39 100/98/39 99/97/39 91/92/39
f 93/94/40 101/99/40 100/96/40 92/90/40
f 94/93/33 102/98/33 101/99/33 93/94/33
f 95/95/34 103/100/34 102/98/34 94/93/34
f 96/90/35 104/96/35 103/100/35 95/95/35
f 89/91/36 97/4/36 104/98/36 96/93/36
f 97/101/50 98/102/50 99/103/50 100/104/50 101/105/50 102/106/50 103/107/50 104/108/50
o Soil
v 0.000000 1.510000 0.000000
v 0.320000 1.505000 0.000000
v 0.226274 1.495000 -0.226274
v 0.000000 1.505000 -0.320000
v -0.226274 1.495000 -0.226274
v -0.320000 1.505000 -0.000000
v -0.226274 1.495000 0.226274
v -0.000000 1.505000 0.320000
v 0.226274 1.495000 0.226274
v 0.572805 1.490000 -0.237264
v 0.237264 1.490000 -0.572805
v -0.237264 1.490000 -0.572805
v -0.572805 1.490000 -0.237264
v -0.572805 1.490000 0.237264
v -0.237264 1.490000 0.572805
v 0.237264 1.490000 0.572805
v 0.572805 1.490000 0.237264
vn 0.0156 0.9986 -0.0506
vn 0.0506 0.9986 -0.0156
vn -0.0506 0.9986 -0.0156
vn -0.0156 0.9986 -0.0506
vn -0.0156 0.9986 0.0506
vn -0.0506 0.9986 0.0156
vn 0.0506 0.9986 0.0156
vn 0.0156 0.9986 0.0506
vn 0.0135 0.9995 -0.0281
vn 0.0197 0.9990 -0.0408
vn -0.0281 0.9995 -0.0135
vn -0.0408 0.9990 -0.0197
vn -0.0135 0.9995 0.0281
vn -0.0197 0.9990 0.0408
vn 0.0281 0.9995 0.0135
vn 0.0408 0.9990 0.0197
vt 0.000000 0.000000
vt 1.280000 0.000000
vt 0.905097 0.905097
vt 0.000000 1.280000
vt -0.905097 0.905097
vt -1.280000 0.000000
vt -0.905097 -0.905097
vt -0.000000 -1.280000
vt 0.905097 -0.905097
vt 2.291221 0.949055
vt 0.949055 2.291221
vt -0.949055 2.291221
vt -2.291221 0.949055
vt -2.291221 -0.949055
vt -0.949055 -2.291221
vt 0.949055 -2.291221
vt 2.291221 -0.949055
s 0
usemtl SoilMat
f 105/109/75 106/110/75 107/111/75
f 105/109/76 107/111/76 108/112/76
f 105/109/77 108/112/77 109/113/77
f 105/109/78 109/113/78 110/114/78
f 105/109/79 110/114/79 111/115/79
f 105/109/80 111/115/80 112/116/80
f 105/109/81 112/116/81 113/117/81
f 105/109/82 113/117/82 106/110/82
f 106/110/83 114/118/83 115/119/83 107/111/83
f 107/111/84 115/119/84 116/120/84 108/112/84
f 108/112/85 116/120/85 117/121/85 109/113/85
f 109/113/86 117/121/86 118/122/86 110/114/86
f 110/114/87 118/122/87 119/123/87 111/115/87
f 111/115/88 119/123/88 120/124/88 112/116/88
f 112/116/89 120/124/89 121/125/89 113/117/89
f 113/117/90 121/125/90 114/118/90 106/110/90
o Saucer
v 0.780000 -0.060000 0.000000
v 0.551543 -0.060000 -0.551543
v 0.000000 -0.060000 -0.780000
v -0.551543 -0.060000 -0.551543
v -0.780000 -0.060000 -0.000000
v -0.551543 -0.060000 0.551543
v -0.000000 -0.060000 0.780000
v 0.551543 -0.060000 0.551543
v 0.820000 -0.020000 0.000000
v 0.579828 -0.020000 -0.579828
v 0.000000 -0.020000 -0.820000
v -0.579828 -0.020000 -0.579828
v -0.820000 -0.020000 -0.000000
v -0.579828 -0.020000 0.579828
v -0.000000 -0.020000 0.820000
v 0.579828 -0.020000 0.579828
v 0.780000 0.040000 0.000000
v 0.551543 0.040000 -0.551543
v 0.000000 0.040000 -0.780000
v -0.551543 0.040000 -0.551543
v -0.780000 0.040000 -0.000000
v -0.551543 0.040000 0.551543
v -0.000000 0.040000 0.780000
v 0.551543 0.040000 0.551543
vn 0.6786 -0.6786 -0.2811
vn 0.2811 -0.6786 -0.6786
vn -0.2811 -0.6786 -0.6786
vn -0.6786 -0.6786 -0.2811
vn -0.6786 -0.6786 0.2811
vn -0.2811 -0.6786 0.6786
vn 0.2811 -0.6786 0.6786
vn 0.6786 -0.6786 0.2811
vn 0.7866 0.5244 -0.3258
vn 0.3258 0.5244 -0.7866
vn -0.3258 0.5244 -0.7866
vn -0.7866 0.5244 -0.3258
vn -0.7866 0.5244 0.3258
vn -0.3258 0.5244 0.7866
vn 0.3258 0.5244 0.7866
vn 0.7866 0.5244 0.3258
vn -0.0000 -1.0000 -0.0000
vn -0.0000 1.0000 -0.0000
vt 0.000000 -0.240000
vt 2.206173 -0.240000
vt 2.319310 -0.080000
vt 0.000000 -0.080000
vt 0.000000 -0.240000
vt 0.000000 -0.080000
vt -2.206173 -0.240000
vt -2.319310 -0.080000
vt 0.000000 -0.240000
vt 0.000000 -0.080000
vt -0.000000 -0.240000
vt -0.000000 -0.080000
vt 2.206173 0.160000
vt 0.000000 0.160000
vt 0.000000 0.160000
vt -2.206173 0.160000
vt 0.000000 0.160000
vt -0.000000 0.160000
vt 2.206173 -2.206173
vt -0.000000 -3.120000
vt -2.206173 -2.206173
vt -3.120000 0.000000
vt -2.206173 2.206173
vt 0.000000 3.120000
vt 2.206173 2.206173
vt 3.120000 0.000000
s 0
usemtl SaucerMat
f 122/126/91 123/127/91 131/128/91 130/129/91
f 123/127/92 124/130/92 132/131/92 131/128/92
f 124/130/93 125/132/93 133/133/93 132/131/93
f 125/127/94 126/134/94 134/135/94 133/128/94
f 126/134/95 127/132/95 135/133/95 134/135/95
f 127/132/96 128/136/96 136/137/96 135/133/96
f 128/136/97 129/127/97 137/128/97 136/137/97
f 129/132/98 122/126/98 130/129/98 137/133/98
f 130/129/99 131/128/99 139/138/99 138/139/99
f 131/128/100 132/131/100 140/140/100 139/138/100
f 132/131/101 133/133/101 141/141/101 140/140/101
f 133/128/102 134/135/102 142/142/102 141/138/102
f 134/135/103 135/133/103 143/141/103 142/142/103
f 135/133/104 136/137/104 144/143/104 143/141/104
f 136/137/105 137/128/105 145/138/105 144/143/105
f 137/133/106 130/129/106 138/139/106 145/141/106
f 129/144/107 128/145/107 127/146/107 126/147/107 125/148/107 124/149/107 123/150/107 122/151/107
f 138/151/108 139/150/108 140/149/108 141/148/108 142/147/108 143/146/108 144/145/108 145/144/108
o PlantBase
v 0.100000 1.500000 0.000000
v 0.070711 1.500000 -0.070711
v 0.000000 1.500000 -0.100000
v -0.070711 1.500000 -0.070711
v -0.100000 1.500000 -0.000000
v -0.070711 1.500000 0.070711
v -0.000000 1.500000 0.100000
v 0.070711 1.500000 0.070711
v 0.060000 1.580000 0.000000
v 0.042426 1.580000 -0.042426
v 0.000000 1.580000 -0.060000
v -0.042426 1.580000 -0.042426
v -0.060000 1.580000 -0.000000
v -0.042426 1.580000 0.042426
v -0.000000 1.580000 0.060000
v 0.042426 1.580000 0.042426
vn 0.8387 0.4194 -0.3474
vn 0.3474 0.4194 -0.8387
vn -0.3474 0.4194 -0.8387
vn -0.8387 0.4194 -0.3474
vn -0.8387 0.4194 0.3474
vn -0.3474 0.4194 0.8387
vn 0.3474 0.4194 0.8387
vn 0.8387 0.4194 0.3474
vn -0.0000 -1.0000 -0.0000
vn -0.0000 1.0000 -0.0000
vt 0.800000 6.000000
vt 0.565685 6.000000
vt 0.339411 6.320000
vt 0.480000 6.320000
vt 0.000000 6.000000
vt 0.000000 6.320000
vt -0.565685 6.000000
vt -0.339411 6.320000
vt -0.800000 6.000000
vt -0.480000 6.320000
vt -0.000000 6.000000
vt -0.000000 6.320000
s 0
usemtl PetioleMat
f 146/152/109 147/153/109 155/154/109 154/155/109
f 147/153/110 148/156/110 156/157/110 155/154/110
f 148/156/111 149/158/111 157/159/111 156/157/111
f 149/158/112 150/160/112 158/161/112 157/159/112
f 150/160/113 151/158/113 159/159/113 158/161/113
f 151/158/114 152/162/114 160/163/114 159/159/114
f 152/162/115 153/153/115 161/154/115 160/163/115
f 153/153/116 146/152/116 154/155/116 161/154/116
f 153/153/117 152/162/117 151/158/117 150/160/117 149/158/117 148/156/117 147/153/117 146/152/117
f 154/155/118 155/154/118 156/157/118 157/159/118 158/161/118 159/159/118 160/163/118 161/154/118
o Petiole_000
v -0.002322 1.561790 0.143494
v -0.023808 1.557927 0.158620
v -0.015601 1.551366 0.183013
v 0.010957 1.551174 0.182962
v 0.019165 1.557616 0.158537
v 0.001586 2.066200 0.280484
v -0.017481 2.062599 0.293866
v -0.010198 2.056237 0.315362
v 0.013371 2.055906 0.315266
v 0.020654 2.062064 0.293710
v -0.006182 2.484810 0.435281
v 0.007360 2.479268 0.449758
v 0.026274 2.481385 0.441919
v 0.024422 2.488235 0.422598
v 0.004363 2.490351 0.418495
v 0.011837 2.828601 0.569016
v 0.023879 2.822770 0.580444
v 0.039765 2.824997 0.573214
v 0.037541 2.832205 0.557317
v 0.020281 2.834432 0.554723
v 0.035556 3.091974 0.701692
v 0.045692 3.086600 0.710734
v 0.058779 3.088652 0.704577
v 0.056731 3.095295 0.691730
v 0.042378 3.097347 0.689946
vn -0.5878 0.2163 -0.7796
vn -0.9509 -0.0689 0.3016
vn 0.0002 -0.2536 0.9673
vn 0.9511 -0.0826 0.2978
vn 0.5877 0.2078 -0.7820
vn -0.9824 0.0825 -0.1678
vn -0.4791 -0.2476 0.8421
vn 0.6861 -0.2266 0.6913
vn 0.9036 0.1167 -0.4123
vn -0.1280 0.3076 -0.9429
vn -0.7401 -0.2088 0.6393
vn 0.4091 -0.3406 0.8465
vn 0.9936 0.0052 -0.1129
vn 0.2048 0.3511 -0.9136
vn -0.8662 0.2190 -0.4491
vn -0.7224 -0.2577 0.6416
vn 0.4305 -0.4276 0.7949
vn 0.9893 0.0019 -0.1461
vn 0.1812 0.4373 -0.8809
vn -0.8762 0.2771 -0.3944
vn -0.0075 -0.9663 -0.2574
vn 0.0716 0.8906 0.4491
vt -0.018575 6.247159
vt -0.190466 6.231708
vt -0.139850 8.250395
vt 0.012691 8.264801
vt -0.124809 6.205465
vt -0.081585 8.224947
vt 0.087660 6.204696
vt 0.106966 8.223625
vt 0.153316 6.230464
vt 0.165232 8.248256
vt 0.058878 9.917073
vt -0.049458 9.939240
vt 0.210193 9.925540
vt 0.195375 9.952939
vt 0.034902 9.961406
vt 0.191032 11.291079
vt 0.094699 11.314404
vt 0.318119 11.299988
vt 0.300332 11.328819
vt 0.162250 11.337729
vt 0.365535 12.346398
vt 0.284448 12.367894
vt 0.470228 12.354609
vt 0.453845 12.381179
vt 0.339027 12.389390
s 0
usemtl PetioleMat
f 162/164/119 163/165/119 168/166/119 167/167/119
f 163/165/120 164/168/120 169/169/120 168/166/120
f 164/168/121 165/170/121 170/171/121 169/169/121
f 165/170/122 166/172/122 171/173/122 170/171/122
f 166/172/123 162/164/123 167/167/123 171/173/123
f 167/167/124 168/166/124 173/174/124 172/175/124
f 168/166/125 169/169/125 174/176/125 173/174/125
f 169/169/126 170/171/126 175/177/126 174/176/126
f 170/171/127 171/173/127 176/178/127 175/177/127
f 171/173/128 167/167/128 172/175/128 176/178/128
f 172/175/129 173/174/129 178/179/129 177/180/129
f 173/174/130 174/176/130 179/181/130 178/179/130
f 174/176/131 175/177/131 180/182/131 179/181/131
f 175/177/132 176/178/132 181/183/132 180/182/132
f 176/178/133 172/175/133 177/180/133 181/183/133
f 177/180/134 178/179/134 183/184/134 182/185/134
f 178/179/135 179/181/135 184/186/135 183/184/135
f 179/181/136 180/182/136 185/187/136 184/186/136
f 180/182/137 181/183/137 186/188/137 185/187/137
f 181/183/138 177/180/138 182/185/138 186/188/138
f 166/172/139 165/170/139 164/168/139 163/165/139 162/164/139
f 182/185/140 183/184/140 184/186/140 185/187/140 186/188/140
o Leaf_000
v -0.253796 3.105413 0.716552
v 0.047827 3.091974 0.699736
v 0.349451 3.078534 0.682919
v -0.238696 3.223170 0.893289
v 0.061128 3.146988 0.894333
v 0.364551 3.196291 0.859656
v -0.224504 3.309255 1.079042
v 0.074002 3.187143 1.093161
v 0.378743 3.282376 1.045409
v -0.212115 3.332467 1.282693
v 0.085909 3.193544 1.301598
v 0.391132 3.305588 1.249060
v -0.201066 3.308996 1.499633
v 0.097440 3.186884 1.513752
v 0.402181 3.282117 1.466000
v -0.190602 3.265113 1.722383
v 0.109222 3.188932 1.723428
v 0.412645 3.238234 1.688750
v -0.179746 3.234893 1.941245
v 0.121877 3.221453 1.924428
v 0.423501 3.208014 1.907612
vn 0.1224 0.8962 -0.4264
vn -0.0890 0.9057 -0.4146
vn 0.3056 0.8981 -0.3163
vn -0.2580 0.9232 -0.2849
vn 0.4034 0.9107 -0.0892
vn -0.3285 0.9433 -0.0484
vn 0.3985 0.9161 0.0434
vn -0.3084 0.9476 0.0828
vn 0.3120 0.9471 0.0756
vn -0.2164 0.9706 0.1050
vn 0.1470 0.9890 -0.0137
vn -0.0594 0.9982 -0.0021
vt -0.000000 -0.000000
vt 0.000000 0.166667
vt 0.500000 0.166667
vt 0.500000 0.000000
vt 1.000000 0.166667
vt 1.000000 0.000000
vt 0.000000 0.333333
vt 0.500000 0.333333
vt 1.000000 0.333333
vt 0.000000 0.500000
vt 0.500000 0.500000
vt 1.000000 0.500000
vt 0.000000 0.666667
vt 0.500000 0.666667
vt 1.000000 0.666667
vt 0.000000 0.833333
vt 0.500000 0.833333
vt 1.000000 0.833333
vt -0.000000 1.000000
vt 0.500000 1.000000
vt 1.000000 1.000000
s 0
usemtl LeafMat
f 187/189/141 190/190/141 191/191/141 188/192/141
f 188/192/142 191/191/142 192/193/142 189/194/142
f 190/190/143 193/195/143 194/196/143 191/191/143
f 191/191/144 194/196/144 195/197/144 192/193/144
f 193/195/145 196/198/145 197/199/145 194/196/145
f 194/196/146 197/199/146 198/200/146 195/197/146
f 196/198/147 199/201/147 200/202/147 197/199/147
f 197/199/148 200/202/148 201/203/148 198/200/148
f 199/201/149 202/204/149 203/205/149 200/202/149
f 200/202/150 203/205/150 204/206/150 201/203/150
f 202/204/151 205/207/151 206/208/151 203/205/151
f 203/205/152 206/208/152 207/209/152 204/206/152
o Petiole_001
v 0.248304 1.538141 0.022990
v 0.230761 1.541461 0.036310
v 0.237462 1.538602 0.057360
v 0.259146 1.533516 0.057050
v 0.265847 1.533230 0.035809
v 0.319121 1.838675 0.043413
v 0.303644 1.842085 0.055231
v 0.309556 1.839549 0.073924
v 0.328687 1.834571 0.073659
v 0.334598 1.834031 0.054803
v 0.390699 2.087913 0.056857
v 0.377416 2.091884 0.067144
v 0.382490 2.089682 0.083497
v 0.398908 2.084350 0.083317
v 0.403981 2.083256 0.066853
v 0.462961 2.285894 0.088440
v 0.473985 2.281190 0.079831
v 0.469877 2.282987 0.065771
v 0.456315 2.288802 0.065691
v 0.452040 2.290599 0.079701
v 0.536507 2.433214 0.083680
v 0.545120 2.428807 0.076165
v 0.541314 2.430490 0.064643
v 0.530348 2.435939 0.065036
v 0.527377 2.437622 0.076802
vn -0.5702 0.1886 -0.7995
vn -0.9248 0.2039 0.3212
vn 0.0005 -0.0551 0.9985
vn 0.9269 -0.2305 0.2963
vn 0.5742 -0.0799 -0.8148
vn -0.5629 0.2047 -0.8008
vn -0.9126 0.2540 0.3204
vn 0.0012 -0.0388 0.9992
vn 0.9160 -0.2692 0.2973
vn 0.5675 -0.1188 -0.8148
vn -0.6292 0.3534 -0.6923
vn -0.8179 0.3987 0.4148
vn 0.0808 0.0590 0.9950
vn 0.9415 -0.2384 0.2382
vn 0.4700 -0.0429 -0.8816
vn 0.5450 -0.2445 0.8020
vn 0.8511 -0.4163 -0.3199
vn -0.0127 0.0002 -0.9999
vn -0.8527 0.4294 -0.2977
vn -0.5083 0.2783 0.8150
vn -0.2288 -0.9717 -0.0591
vn 0.4444 0.8957 -0.0159
vt 1.986432 6.152563
vt 1.846087 6.165842
vt 2.429156 7.368340
vt 2.552970 7.354699
vt 1.899694 6.154408
vt 2.476449 7.358195
vt 2.073169 6.134062
vt 2.629492 7.338284
vt 2.126776 6.132922
vt 2.676785 7.336124
vt 3.019329 8.367537
vt 3.125589 8.351651
vt 3.059917 8.358727
vt 3.191261 8.337399
vt 3.231848 8.333024
vt 3.791883 9.124759
vt 3.703691 9.143578
vt 3.759019 9.131947
vt 3.650516 9.155209
vt 3.616322 9.162396
vt 4.360962 9.715227
vt 4.292052 9.732858
vt 4.330511 9.721961
vt 4.242782 9.743754
vt 4.219013 9.750488
s 0
usemtl PetioleMat
f 208/210/153 209/211/153 214/212/153 213/213/153
f 209/211/154 210/214/154 215/215/154 214/212/154
f 210/214/155 211/216/155 216/217/155 215/215/155
f 211/216/156 212/218/156 217/219/156 216/217/156
f 212/218/157 208/210/157 213/213/157 217/219/157
f 213/213/158 214/212/158 219/220/158 218/221/158
f 214/212/159 215/215/159 220/222/159 219/220/159
f 215/215/160 216/217/160 221/223/160 220/222/160
f 216/217/161 217/219/161 222/224/161 221/223/161
f 217/219/162 213/213/162 218/221/162 222/224/162
f 218/221/163 219/220/163 224/225/163 223/226/163
f 219/220/164 220/222/164 225/227/164 224/225/164
f 220/222/165 221/223/165 226/228/165 225/227/165
f 221/223/166 222/224/166 227/229/166 226/228/166
f 222/224/167 218/221/167 223/226/167 227/229/167
f 223/226/168 224/225/168 229/230/168 228/231/168
f 224/225/169 225/227/169 230/232/169 229/230/169
f 225/227/170 226/228/170 231/233/170 230/232/170
f 226/228/171 227/229/171 232/234/171 231/233/171
f 227/229/172 223/226/172 228/231/172 232/234/172
f 212/218/173 211/216/173 210/214/173 209/211/173 208/210/173
f 228/231/174 229/230/174 230/232/174 231/233/174 232/234/174
o Leaf_001
v 0.503082 2.431330 0.317580
v 0.536133 2.433214 0.073265
v 0.569184 2.435099 -0.171050
v 0.680680 2.508460 0.342201
v 0.721492 2.466229 0.098595
v 0.746782 2.512229 -0.146429
v 0.863017 2.558651 0.367255
v 0.909510 2.484125 0.124169
v 0.929119 2.562420 -0.121375
v 1.054996 2.554027 0.393190
v 1.103569 2.467680 0.150294
v 1.121099 2.557796 -0.095440
v 1.253472 2.512473 0.419720
v 1.299965 2.437947 0.176634
v 1.319575 2.516243 -0.068910
v 1.453992 2.459304 0.446436
v 1.494804 2.417072 0.202830
v 1.520094 2.463073 -0.042194
v 1.651137 2.425318 0.472844
v 1.684188 2.427202 0.228529
v 1.717239 2.429087 -0.015786
vn -0.2731 0.9544 -0.1203
vn -0.2972 0.9531 0.0578
vn -0.1410 0.9567 -0.2548
vn -0.2056 0.9530 0.2226
vn 0.0919 0.9505 -0.2967
vn 0.0078 0.9458 0.3248
vn 0.2060 0.9403 -0.2710
vn 0.1247 0.9356 0.3302
vn 0.2055 0.9594 -0.1933
vn 0.1448 0.9559 0.2555
vn 0.0710 0.9949 -0.0715
vn 0.0475 0.9936 0.1029
vt -0.000000 0.000000
vt -0.000000 0.166667
vt 0.500000 0.166667
vt 0.500000 0.000000
vt 1.000000 0.166667
vt 1.000000 -0.000000
vt -0.000000 0.333333
vt 0.500000 0.333333
vt 1.000000 0.333333
vt -0.000000 0.500000
vt 0.500000 0.500000
vt 1.000000 0.500000
vt -0.000000 0.666667
vt 0.500000 0.666667
vt 1.000000 0.666667
vt -0.000000 0.833333
vt 0.500000 0.833333
vt 1.000000 0.833333
vt -0.000000 1.000000
vt 0.500000 1.000000
vt 1.000000 1.000000
s 0
usemtl LeafMat
f 233/235/175 236/236/175 237/237/175 234/238/175
f 234/238/176 237/237/176 238/239/176 235/240/176
f 236/236/177 239/241/177 240/242/177 237/237/177
f 237/237/178 240/242/178 241/243/178 238/239/178
f 239/241/179 242/244/179 243/245/179 240/242/179
f 240/242/180 243/245/180 244/246/180 241/243/180
f 242/244/181 245/247/181 246/248/181 243/245/181
f 243/245/182 246/248/182 247/249/182 244/246/182
f 245/247/183 248/250/183 249/251/183 246/248/183
f 246/248/184 249/251/184 250/252/184 247/249/184
f 248/250/185 251/253/185 252/254/185 249/251/185
f 249/251/186 252/254/186 253/255/186 250/252/186
o Petiole_002
v -0.078942 1.550169 -0.134715
v -0.099898 1.537952 -0.140572
v -0.116771 1.542619 -0.122788
v -0.106243 1.557720 -0.105941
v -0.082863 1.562387 -0.113312
v -0.179680 1.794440 -0.291395
v -0.198191 1.783056 -0.295664
v -0.212766 1.787405 -0.279565
v -0.203262 1.801476 -0.265346
v -0.182813 1.805824 -0.272658
v -0.289309 2.002295 -0.441761
v -0.305117 1.991344 -0.443810
v -0.317206 1.995527 -0.429305
v -0.308868 2.009063 -0.418291
v -0.291627 2.013246 -0.425990
v -0.407497 2.173732 -0.585314
v -0.420403 2.163401 -0.585465
v -0.430254 2.167347 -0.572788
v -0.423436 2.180117 -0.564802
v -0.409371 2.184063 -0.572543
v -0.533979 2.308753 -0.721804
v -0.544343 2.299772 -0.721243
v -0.552359 2.303203 -0.710643
v -0.546948 2.314303 -0.704653
v -0.535589 2.317733 -0.711551
vn 0.4264 -0.3563 -0.8314
vn -0.6730 -0.5683 -0.4734
vn -0.8453 0.0117 0.5341
vn 0.1479 0.5826 0.7992
vn 0.9337 0.3552 -0.0447
vn 0.4035 -0.3853 -0.8299
vn -0.6653 -0.6273 -0.4048
vn -0.8187 0.0044 0.5742
vn 0.1562 0.6375 0.7545
vn 0.9110 0.3967 -0.1128
vn 0.3783 -0.4255 -0.8221
vn -0.6483 -0.6926 -0.3161
vn -0.7844 0.0039 0.6203
vn 0.1595 0.7027 0.6933
vn 0.8773 0.4375 -0.1973
vn 0.3711 -0.4643 -0.8042
vn -0.6033 -0.7665 -0.2201
vn -0.7503 -0.0027 0.6610
vn 0.1339 0.7719 0.6215
vn 0.8263 0.4868 -0.2832
vn 0.3207 -0.7961 0.5132
vn -0.5421 0.5881 -0.6002
vt -0.631534 6.200678
vt -0.799186 6.151809
vt -1.585530 7.132226
vt -1.437436 7.177762
vt -0.934171 6.170475
vt -1.702126 7.149619
vt -0.849945 6.230880
vt -1.626093 7.205904
vt -0.662905 6.249547
vt -1.462506 7.223297
vt -2.440938 7.965376
vt -2.314468 8.009179
vt -2.537646 7.982108
vt -2.470945 8.036251
vt -2.333014 8.052982
vt -3.363227 8.653605
vt -3.259975 8.694928
vt -3.442034 8.669390
vt -3.387489 8.720467
vt -3.274970 8.736251
vt -4.354747 9.199089
vt -4.271834 9.235011
vt -4.418869 9.212811
vt -4.375587 9.257212
vt -4.284714 9.270933
s 0
usemtl PetioleMat
f 254/256/187 255/257/187 260/258/187 259/259/187
f 255/257/188 256/260/188 261/261/188 260/258/188
f 256/260/189 257/262/189 262/263/189 261/261/189
f 257/262/190 258/264/190 263/265/190 262/263/190
f 258/264/191 254/256/191 259/259/191 263/265/191
f 259/259/192 260/258/192 265/266/192 264/267/192
f 260/258/193 261/261/193 266/268/193 265/266/193
f 261/261/194 262/263/194 267/269/194 266/268/194
f 262/263/195 263/265/195 268/270/195 267/269/195
f 263/265/196 259/259/196 264/267/196 268/270/196
f 264/267/197 265/266/197 270/271/197 269/272/197
f 265/266/198 266/268/198 271/273/198 270/271/198
f 266/268/199 267/269/199 272/274/199 271/273/199
f 267/269/200 268/270/200 273/275/200 272/274/200
f 268/270/201 264/267/201 269/272/201 273/275/201
f 269/272/202 270/271/202 275/276/202 274/277/202
f 270/271/203 271/273/203 276/278/203 275/276/203
f 271/273/204 272/274/204 277/279/204 276/278/204
f 272/274/205 273/275/205 278/280/205 277/279/205
f 273/275/206 269/272/206 274/277/206 278/280/206
f 258/264/207 257/262/207 256/260/207 255/257/207 254/256/207
f 274/277/208 275/276/208 276/278/208 277/279/208 278/280/208
o Leaf_002
v -0.374503 2.304033 -0.842817
v -0.542644 2.308753 -0.713979
v -0.710784 2.313472 -0.585141
v -0.453175 2.384218 -0.948425
v -0.628223 2.333711 -0.826579
v -0.789456 2.393657 -0.690750
v -0.535063 2.438684 -1.057289
v -0.715168 2.347748 -0.940561
v -0.871345 2.448123 -0.799614
v -0.623260 2.442713 -1.172539
v -0.805215 2.336979 -1.057684
v -0.959541 2.452152 -0.914863
v -0.716359 2.407547 -1.292750
v -0.896463 2.316611 -1.176022
v -1.052640 2.416986 -1.035075
v -0.811863 2.353149 -1.415396
v -0.986911 2.302642 -1.293550
v -1.148145 2.362588 -1.157721
v -0.906417 2.306350 -1.537080
v -1.074558 2.311070 -1.408242
v -1.242698 2.315789 -1.279405
vn 0.1309 0.9281 0.3487
vn 0.3354 0.9223 0.1920
vn -0.1170 0.9209 0.3718
vn 0.4217 0.9058 -0.0411
vn -0.3426 0.9092 0.2365
vn 0.3493 0.8898 -0.2937
vn -0.4176 0.9016 0.1128
vn 0.2491 0.8829 -0.3980
vn -0.3615 0.9323 0.0145
vn 0.1408 0.9182 -0.3704
vn -0.1591 0.9866 -0.0375
vn 0.0399 0.9810 -0.1900
vt -0.000000 0.000000
vt -0.000000 0.166667
vt 0.500000 0.166667
vt 0.500000 0.000000
vt 1.000000 0.166667
vt 1.000000 -0.000000
vt -0.000000 0.333333
vt 0.500000 0.333333
vt 1.000000 0.333333
vt -0.000000 0.500000
vt 0.500000 0.500000
vt 1.000000 0.500000
vt -0.000000 0.666667
vt 0.500000 0.666667
vt 1.000000 0.666667
vt -0.000000 0.833334
vt 0.500000 0.833333
vt 1.000000 0.833333
vt -0.000000 1.000000
vt 0.500000 1.000000
vt 1.000000 1.000000
s 0
usemtl LeafMat
f 279/281/209 282/282/209 283/283/209 280/284/209
f 280/284/210 283/283/210 284/285/210 281/286/210
f 282/282/211 285/287/211 286/288/211 283/283/211
f 283/283/212 286/288/212 287/289/212 284/285/212
f 285/287/213 288/290/213 289/291/213 286/288/213
f 286/288/214 289/291/214 290/292/214 287/289/214
f 288/290/215 291/293/215 292/294/215 289/291/215
f 289/291/216 292/294/216 293/295/216 290/292/216
f 291/293/217 294/296/217 295/297/217 292/294/217
f 292/294/218 295/297/218 296/298/218 293/295/218
f 294/296/219 297/299/219 298/300/219 295/297/219
f 295/297/220 298/300/220 299/301/220 296/298/220
o Petiole_003
v 0.001760 1.552019 0.191920
v 0.021495 1.541932 0.209780
v 0.047014 1.545785 0.197776
v 0.043052 1.558252 0.172497
v 0.015083 1.562105 0.168878
v 0.015456 1.699004 0.261643
v 0.032471 1.689465 0.277694
v 0.055430 1.693109 0.267806
v 0.052604 1.704899 0.245645
v 0.027898 1.708543 0.241835
v 0.025293 1.824275 0.331328
v 0.039321 1.814785 0.345461
v 0.059827 1.818410 0.338181
v 0.058472 1.830141 0.319549
v 0.037128 1.833766 0.315313
v 0.031352 1.927834 0.401591
v 0.042656 1.918467 0.413427
v 0.060502 1.922045 0.408498
v 0.060229 1.933623 0.393616
v 0.042213 1.937201 0.389347
v 0.033601 2.009679 0.472825
v 0.042740 2.001339 0.482417
v 0.057653 2.004524 0.478874
v 0.057730 2.014834 0.467093
v 0.042866 2.018019 0.463354
vn -0.7245 -0.2411 0.6457
vn 0.4275 -0.4060 0.8077
vn 0.9904 0.0068 -0.1382
vn 0.1856 0.4270 -0.8850
vn -0.8745 0.2737 -0.4005
vn -0.7518 -0.2779 0.5980
vn 0.3918 -0.4576 0.7982
vn 0.9955 0.0135 -0.0943
vn 0.2242 0.4842 -0.8458
vn -0.8558 0.3043 -0.4184
vn -0.7838 -0.3196 0.5325
vn 0.3461 -0.5252 0.7774
vn 0.9992 0.0149 -0.0382
vn 0.2715 0.5542 -0.7869
vn -0.8305 0.3479 -0.4349
vn -0.8056 -0.3774 0.4567
vn 0.3141 -0.6088 0.7285
vn 0.9997 0.0227 0.0113
vn 0.3035 0.6433 -0.7029
vn -0.8116 0.3971 -0.4285
vn -0.0678 -0.8990 -0.4327
vn -0.0043 0.7526 0.6585
vt 0.014082 6.208075
vt 0.171959 6.167728
vt 0.259769 6.757860
vt 0.123644 6.796015
vt 0.376116 6.183139
vt 0.443440 6.772434
vt 0.344415 6.233010
vt 0.420830 6.819596
vt 0.120667 6.248421
vt 0.223185 6.834170
vt 0.314568 7.259139
vt 0.202341 7.297102
vt 0.478615 7.273640
vt 0.467774 7.320564
vt 0.297028 7.335065
vt 0.341245 7.673869
vt 0.250816 7.711336
vt 0.484019 7.688179
vt 0.481829 7.734492
vt 0.337702 7.748803
vt 0.341922 8.005355
vt 0.268811 8.038716
vt 0.461222 8.018098
vt 0.461843 8.059335
vt 0.342927 8.072078
s 0
usemtl PetioleMat
f 300/302/221 301/303/221 306/304/221 305/305/221
f 301/303/222 302/306/222 307/307/222 306/304/222
f 302/306/223 303/308/223 308/309/223 307/307/223
f 303/308/224 304/310/224 309/311/224 308/309/224
f 304/310/225 300/302/225 305/305/225 309/311/225
f 305/305/226 306/304/226 311/312/226 310/313/226
f 306/304/227 307/307/227 312/314/227 311/312/227
f 307/307/228 308/309/228 313/315/228 312/314/228
f 308/309/229 309/311/229 314/316/229 313/315/229
f 309/311/230 305/305/230 310/313/230 314/316/230
f 310/313/231 311/312/231 316/317/231 315/318/231
f 311/312/232 312/314/232 317/319/232 316/317/232
f 312/314/233 313/315/233 318/320/233 317/319/233
f 313/315/234 314/316/234 319/321/234 318/320/234
f 314/316/235 310/313/235 315/318/235 319/321/235
f 315/318/236 316/317/236 321/322/236 320/323/236
f 316/317/237 317/319/237 322/324/237 321/322/237
f 317/319/238 318/320/238 323/325/238 322/324/238
f 318/320/239 319/321/239 324/326/239 323/325/239
f 319/321/240 315/318/240 320/323/240 324/326/240
f 304/310/241 303/308/241 302/306/241 301/303/241 300/302/241
f 320/323/242 321/322/242 322/324/242 323/325/242 324/326/242
o Leaf_003
v -0.122999 1.989971 0.491493
v 0.046918 2.009679 0.472913
v 0.216835 2.029388 0.454333
v -0.115489 2.031553 0.604281
v 0.058343 2.019742 0.588067
v 0.224345 2.070971 0.567121
v -0.106050 2.057605 0.718235
v 0.070647 2.022719 0.703753
v 0.233784 2.097023 0.681076
v -0.092796 2.052936 0.834495
v 0.084950 2.009604 0.820647
v 0.247038 2.092353 0.797336
v -0.076670 2.025148 0.952491
v 0.100027 1.990262 0.938009
v 0.263163 2.064565 0.915331
v -0.059244 1.986883 1.071273
v 0.114588 1.975071 1.055059
v 0.280590 2.026299 1.034113
v -0.042572 1.954701 1.189598
v 0.127344 1.974409 1.171018
v 0.297261 1.994118 1.152438
vn -0.0444 0.9751 -0.2172
vn -0.2247 0.9542 -0.1975
vn 0.1192 0.9836 -0.1356
vn -0.3647 0.9274 -0.0827
vn 0.2189 0.9745 0.0485
vn -0.4182 0.9006 0.1181
vn 0.2250 0.9607 0.1626
vn -0.3965 0.8886 0.2305
vn 0.1466 0.9688 0.1997
vn -0.3159 0.9152 0.2503
vn -0.0086 0.9901 0.1399
vn -0.1860 0.9696 0.1593
vt -0.000000 -0.000000
vt -0.000000 0.166667
vt 0.500000 0.166667
vt 0.500000 0.000000
vt 1.000000 0.166667
vt 1.000000 0.000000
vt -0.000000 0.333333
vt 0.500000 0.333333
vt 1.000000 0.333333
vt -0.000000 0.500000
vt 0.500000 0.500000
vt 1.000000 0.500000
vt -0.000000 0.666667
vt 0.500000 0.666667
vt 1.000000 0.666667
vt -0.000000 0.833334
vt 0.500000 0.833333
vt 1.000000 0.833333
vt -0.000000 1.000000
vt 0.500000 1.000000
vt 1.000000 1.000000
s 0
usemtl LeafMat
f 325/327/243 328/328/243 329/329/243 326/330/243
f 326/330/244 329/329/244 330/331/244 327/332/244
f 328/328/245 331/333/245 332/334/245 329/329/245
f 329/329/246 332/334/246 333/335/246 330/331/246
f 331/333/247 334/336/247 335/337/247 332/334/247
f 332/334/248 335/337/248 336/338/248 333/335/248
f 334/336/249 337/339/249 338/340/249 335/337/249
f 335/337/250 338/340/250 339/341/250 336/338/250
f 337/339/251 340/342/251 341/343/251 338/340/251
f 338/340/252 341/343/252 342/344/252 339/341/252
f 340/342/253 343/345/253 344/346/253 341/343/253
f 341/343/254 344/346/254 345/347/254 342/344/254
o Petiole_004
v 0.280620 1.536024 -0.035392
v 0.261841 1.541817 -0.020913
v 0.269014 1.538971 0.002245
v 0.292226 1.531420 0.002079
v 0.299399 1.529598 -0.021182
v 0.366315 1.806034 0.009614
v 0.384294 1.800113 -0.000923
v 0.380660 1.802375 -0.022159
v 0.360435 1.809694 -0.024748
v 0.351569 1.811956 -0.005111
v 0.450627 2.027548 0.022383
v 0.466835 2.021297 0.014892
v 0.465916 2.023684 -0.003852
v 0.449140 2.031411 -0.007945
v 0.439691 2.033798 0.008269
v 0.533247 2.200106 0.044529
v 0.547034 2.193344 0.039458
v 0.548310 2.195927 0.023545
v 0.535311 2.204285 0.018781
v 0.526002 2.206868 0.031750
v 0.614832 2.323709 0.076445
v 0.626045 2.317399 0.072613
v 0.627899 2.319809 0.059536
v 0.617832 2.327610 0.055287
v 0.609756 2.330020 0.065738
vn -0.9091 0.3794 -0.1721
vn -0.4407 0.2051 0.8739
vn 0.6639 -0.1512 0.7324
vn 0.8789 -0.1971 -0.4344
vn -0.1088 0.1360 -0.9847
vn 0.3975 -0.2075 0.8938
vn 0.9288 -0.3410 -0.1454
vn 0.1805 0.0071 -0.9836
vn -0.8129 0.3555 -0.4614
vn -0.6794 0.2230 0.6991
vn 0.2767 -0.2563 0.9262
vn 0.9060 -0.4202 -0.0509
vn 0.2894 0.0087 -0.9572
vn -0.7207 0.4374 -0.5378
vn -0.7299 0.2741 0.6261
vn 0.1515 -0.3419 0.9274
vn 0.8426 -0.5385 -0.0018
vn 0.3781 0.0235 -0.9255
vn -0.5995 0.5662 -0.5657
vn -0.7406 0.3417 0.5787
vn -0.3094 -0.9507 -0.0210
vn 0.5353 0.8139 0.2259
vt 2.244963 6.144096
vt 2.094731 6.167268
vt 3.074353 7.200451
vt 2.930521 7.224137
vt 2.152115 6.155885
vt 3.045280 7.209498
vt 2.337811 6.125679
vt 2.883479 7.238775
vt 2.395194 6.118393
vt 2.812554 7.247822
vt 3.734679 8.085187
vt 3.605016 8.110190
vt 3.727325 8.094737
vt 3.593118 8.125644
vt 3.517527 8.135194
vt 4.376275 8.773375
vt 4.265980 8.800424
vt 4.386479 8.783707
vt 4.282491 8.817141
vt 4.208018 8.827473
vt 5.008362 9.269594
vt 4.918658 9.294837
vt 5.023196 9.279236
vt 4.942659 9.310438
vt 4.878052 9.320080
s 0
usemtl PetioleMat
f 346/348/255 347/349/255 352/350/255 351/351/255
f 347/349/256 348/352/256 353/353/256 352/350/256
f 348/352/257 349/354/257 354/355/257 353/353/257
f 349/354/258 350/356/258 355/357/258 354/355/258
f 350/356/259 346/348/259 351/351/259 355/357/259
f 351/351/260 352/350/260 357/358/260 356/359/260
f 352/350/261 353/353/261 358/360/261 357/358/261
f 353/353/262 354/355/262 359/361/262 358/360/262
f 354/355/263 355/357/263 360/362/263 359/361/263
f 355/357/264 351/351/264 356/359/264 360/362/264
f 356/359/265 357/358/265 362/363/265 361/364/265
f 357/358/266 358/360/266 363/365/266 362/363/266
f 358/360/267 359/361/267 364/366/267 363/365/267
f 359/361/268 360/362/268 365/367/268 364/366/268
f 360/362/269 356/359/269 361/364/269 365/367/269
f 361/364/270 362/363/270 367/368/270 366/369/270
f 362/363/271 363/365/271 368/370/271 367/368/271
f 363/365/272 364/366/272 369/371/272 368/370/272
f 364/366/273 365/367/273 370/372/273 369/371/273
f 365/367/274 361/364/274 366/369/274 370/372/274
f 350/356/275 349/354/275 348/352/275 347/349/275 346/348/275
f 366/369/276 367/368/276 368/370/276 369/371/276 370/372/276
o Leaf_004
v 0.585213 2.342947 0.353807
v 0.619273 2.323709 0.065924
v 0.653333 2.304471 -0.221960
v 0.760210 2.453026 0.367155
v 0.807179 2.357056 0.085927
v 0.828330 2.414550 -0.208611
v 0.940925 2.529112 0.383452
v 0.997344 2.376972 0.107095
v 1.009046 2.490636 -0.192315
v 1.132765 2.539077 0.405483
v 1.192643 2.366377 0.130910
v 1.200885 2.500601 -0.170284
v 1.333508 2.496117 0.432104
v 1.389927 2.343977 0.155748
v 1.401629 2.457641 -0.143662
v 1.538918 2.425416 0.461132
v 1.585888 2.329447 0.179903
v 1.607039 2.386940 -0.114635
v 1.743153 2.361701 0.489553
v 1.777214 2.342463 0.201670
v 1.811274 2.323225 -0.086213
vn -0.3389 0.9116 -0.2328
vn -0.3695 0.9289 0.0260
vn -0.1857 0.8845 -0.4280
vn -0.2663 0.9300 0.2533
vn 0.0603 0.8654 -0.4975
vn -0.0435 0.9240 0.3799
vn 0.2017 0.8617 -0.4655
vn 0.1014 0.9184 0.3824
vn 0.2391 0.9028 -0.3574
vn 0.1635 0.9455 0.2815
vn 0.1471 0.9733 -0.1761
vn 0.1173 0.9902 0.0762
vt -0.000000 0.000000
vt 0.000000 0.166667
vt 0.500000 0.166667
vt 0.500000 0.000000
vt 1.000000 0.166667
vt 1.000000 -0.000000
vt 0.000000 0.333333
vt 0.500000 0.333333
vt 1.000000 0.333333
vt -0.000000 0.500000
vt 0.500000 0.500000
vt 1.000000 0.500000
vt -0.000000 0.666667
vt 0.500000 0.666667
vt 1.000000 0.666667
vt -0.000000 0.833333
vt 0.500000 0.833333
vt 1.000000 0.833333
vt -0.000000 1.000000
vt 0.500000 1.000000
vt 1.000000 1.000000
s 0
usemtl LeafMat
f 371/373/277 374/374/277 375/375/277 372/376/277
f 372/376/278 375/375/278 376/377/278 373/378/278
f 374/374/279 377/379/279 378/380/279 375/375/279
f 375/375/280 378/380/280 379/381/280 376/377/280
f 377/379/281 380/382/281 381/383/281 378/380/281
f 378/380/282 381/383/282 382/384/282 379/381/282
f 380/382/283 383/385/283 384/386/283 381/383/283
f 381/383/284 384/386/284 385/387/284 382/384/284
f 383/385/285 386/388/285 387/389/285 384/386/285
f 384/386/286 387/389/286 388/390/286 385/387/286
f 386/388/287 389/391/287 390/392/287 387/389/287
f 387/389/288 390/392/288 391/393/288 388/390/288
o Petiole_005
v -0.019454 1.535644 -0.197642
v -0.037620 1.528252 -0.215048
v -0.061173 1.531075 -0.203873
v -0.057564 1.540213 -0.179561
v -0.031780 1.543036 -0.175710
v -0.035565 1.786579 -0.289034
v -0.051254 1.779633 -0.304756
v -0.072420 1.782286 -0.295452
v -0.069812 1.790872 -0.273979
v -0.047034 1.793525 -0.270013
v -0.046999 2.006696 -0.380479
v -0.059967 1.999868 -0.394558
v -0.078844 2.002476 -0.387499
v -0.077544 2.010916 -0.369059
v -0.057862 2.013524 -0.364720
v -0.053822 2.195995 -0.472511
v -0.064278 2.189327 -0.484677
v -0.080702 2.191874 -0.479623
v -0.080397 2.200116 -0.464333
v -0.063785 2.202663 -0.459938
v -0.056010 2.354476 -0.565465
v -0.064452 2.348557 -0.575549
v -0.078182 2.350818 -0.571755
v -0.078224 2.358134 -0.559326
v -0.064521 2.360395 -0.555439
vn 0.7269 -0.1944 -0.6587
vn -0.4264 -0.3255 -0.8440
vn -0.9911 0.0030 0.1334
vn -0.1866 0.3372 0.9227
vn 0.8752 0.2152 0.4332
vn 0.7520 -0.2212 -0.6209
vn -0.3929 -0.3625 -0.8451
vn -0.9955 0.0080 0.0941
vn -0.2226 0.3782 0.8986
vn 0.8575 0.2366 0.4569
vn 0.7827 -0.2509 -0.5696
vn -0.3490 -0.4108 -0.8423
vn -0.9990 0.0089 0.0431
vn -0.2685 0.4282 0.8629
vn 0.8328 0.2678 0.4846
vn 0.8041 -0.2932 -0.5171
vn -0.3167 -0.4712 -0.8232
vn -0.9999 0.0153 0.0009
vn -0.3012 0.4936 0.8159
vn 0.8136 0.3032 0.4962
vn 0.0512 -0.9373 0.3447
vn 0.0017 0.8618 -0.5073
vt -0.155635 6.142576
vt -0.300959 6.113006
vt -0.410034 7.118533
vt -0.284521 7.146316
vt -0.489383 6.124300
vt -0.579358 7.129145
vt -0.460510 6.160851
vt -0.558494 7.163487
vt -0.254242 6.172145
vt -0.376274 7.174099
vt -0.479733 7.999470
vt -0.375993 8.026784
vt -0.630754 8.009903
vt -0.620350 8.043665
vt -0.462899 8.054097
vt -0.514223 8.757308
vt -0.430578 8.783979
vt -0.645617 8.767495
vt -0.643178 8.800464
vt -0.510276 8.810651
vt -0.515619 9.394227
vt -0.448078 9.417903
vt -0.625453 9.403271
vt -0.625793 9.432535
vt -0.516169 9.441579
s 0
usemtl PetioleMat
f 392/394/289 393/395/289 398/396/289 397/397/289
f 393/395/290 394/398/290 399/399/290 398/396/290
f 394/398/291 395/400/291 400/401/291 399/399/291
f 395/400/292 396/402/292 401/403/292 400/401/292
f 396/402/293 392/394/293 397/397/293 401/403/293
f 397/397/294 398/396/294 403/404/294 402/405/294
f 398/396/295 399/399/295 404/406/295 403/404/295
f 399/399/296 400/401/296 405/407/296 404/406/296
f 400/401/297 401/403/297 406/408/297 405/407/297
f 401/403/298 397/397/298 402/405/298 406/408/298
f 402/405/299 403/404/299 408/409/299 407/410/299
f 403/404/300 404/406/300 409/411/300 408/409/300
f 404/406/301 405/407/301 410/412/301 409/411/301
f 405/407/302 406/408/302 411/413/302 410/412/302
f 406/408/303 402/405/303 407/410/303 411/413/303
f 407/410/304 408/409/304 413/414/304 412/415/304
f 408/409/305 409/411/305 414/416/305 413/414/305
f 409/411/306 410/412/306 415/417/306 414/416/306
f 410/412/307 411/413/307 416/418/307 415/417/307
f 411/413/308 407/410/308 412/415/308 416/418/308
f 396/402/309 395/400/309 394/398/309 393/395/309 392/394/309
f 412/415/310 413/414/310 414/416/310 415/417/310 416/418/310
o Leaf_005
v 0.157812 2.352272 -0.593196
v -0.068278 2.354476 -0.565507
v -0.294367 2.356679 -0.537818
v 0.139555 2.423847 -0.747960
v -0.087862 2.383307 -0.727708
v -0.312624 2.428254 -0.692582
v 0.120639 2.474169 -0.906422
v -0.107750 2.402340 -0.891615
v -0.331540 2.478576 -0.851044
v 0.100415 2.482399 -1.072208
v -0.128329 2.399117 -1.059394
v -0.351764 2.486806 -1.016830
v 0.079213 2.459110 -1.243479
v -0.149176 2.387281 -1.228672
v -0.372966 2.463517 -1.188101
v 0.057573 2.421726 -1.417202
v -0.169844 2.381186 -1.396950
v -0.394606 2.426133 -1.361824
v 0.036201 2.392983 -1.589422
v -0.189888 2.395187 -1.561733
v -0.415978 2.397390 -1.534043
vn -0.0479 0.9506 0.3068
vn 0.1388 0.9487 0.2840
vn -0.2162 0.9488 0.2302
vn 0.2835 0.9440 0.1690
vn -0.3180 0.9466 0.0531
vn 0.3395 0.9402 -0.0274
vn -0.3239 0.9443 -0.0574
vn 0.3185 0.9381 -0.1361
vn -0.2450 0.9651 -0.0924
vn 0.2340 0.9604 -0.1510
vn -0.0876 0.9956 -0.0328
vn 0.0962 0.9938 -0.0553
vt 0.000000 -0.000000
vt 0.000000 0.166667
vt 0.500000 0.166667
vt 0.500000 0.000000
vt 1.000000 0.166667
vt 1.000000 0.000000
vt 0.000000 0.333333
vt 0.500000 0.333333
vt 1.000000 0.333333
vt 0.000000 0.500000
vt 0.500000 0.500000
vt 1.000000 0.500000
vt 0.000000 0.666667
vt 0.500000 0.666667
vt 1.000000 0.666667
vt 0.000000 0.833333
vt 0.500000 0.833333
vt 1.000000 0.833333
vt 0.000000 1.000000
vt 0.500000 1.000000
vt 1.000000 1.000000
s 0
usemtl LeafMat
f 417/419/311 420/420/311 421/421/311 418/422/311
f 418/422/312 421/421/312 422/423/312 419/424/312
f 420/420/313 423/425/313 424/426/313 421/421/313
f 421/421/314 424/426/314 425/427/314 422/423/314
f 423/425/315 426/428/315 427/429/315 424/426/315
f 424/426/316 427/429/316 428/430/316 425/427/316
f 426/428/317 429/431/317 430/432/317 427/429/317
f 427/429/318 430/432/318 431/433/318 428/430/318
f 429/431/319 432/434/319 433/435/319 430/432/319
f 430/432/320 433/435/320 434/436/320 431/433/320
f 432/434/321 435/437/321 436/438/321 433/435/321
f 433/435/322 436/438/322 437/439/322 434/436/322
o Petiole_006
v 0.094215 1.533507 0.075024
v 0.075886 1.534506 0.089068
v 0.082887 1.528865 0.110359
v 0.105542 1.524381 0.109474
v 0.112543 1.527249 0.087636
v 0.188939 1.994009 0.168134
v 0.172673 1.994642 0.180614
v 0.178886 1.989246 0.199403
v 0.198992 1.985279 0.198535
v 0.205205 1.988222 0.179209
v 0.262019 2.399561 0.292988
v 0.278760 2.394895 0.297322
v 0.288962 2.396677 0.282708
v 0.278527 2.402445 0.269342
v 0.261875 2.404228 0.275696
v 0.338509 2.757546 0.396624
v 0.352297 2.752996 0.401486
v 0.362197 2.754734 0.389936
v 0.354528 2.760359 0.377936
v 0.339888 2.762097 0.382069
v 0.405950 3.064235 0.508597
v 0.417155 3.060189 0.513030
v 0.425803 3.061735 0.503844
v 0.419943 3.066736 0.493733
v 0.407673 3.068282 0.496671
vn -0.5769 0.2743 -0.7693
vn -0.9309 0.1278 0.3421
vn 0.0026 -0.1903 0.9817
vn 0.9336 -0.2405 0.2657
vn 0.5754 0.0467 -0.8166
vn -0.9779 0.1951 0.0745
vn -0.2764 -0.1607 0.9475
vn 0.8097 -0.2823 0.5144
vn 0.7788 -0.0014 -0.6272
vn -0.3261 0.2936 -0.8986
vn -0.3367 -0.1967 0.9208
vn 0.7715 -0.3204 0.5497
vn 0.8150 0.0048 -0.5795
vn -0.2665 0.3294 -0.9058
vn -0.9785 0.2049 0.0214
vn -0.4084 -0.2333 0.8825
vn 0.7215 -0.3665 0.5874
vn 0.8558 0.0136 -0.5171
vn -0.1911 0.3817 -0.9043
vn -0.9726 0.2292 -0.0395
vn -0.1978 -0.9617 -0.1897
vn 0.1973 0.9193 0.3404
vt 0.753717 6.134027
vt 0.607090 6.138023
vt 1.381384 7.978567
vt 1.511510 7.976036
vt 0.663097 6.115462
vt 1.431088 7.956985
vt 0.844338 6.097523
vt 1.591932 7.941115
vt 0.900344 6.108997
vt 1.641636 7.952889
vt 2.230081 9.579580
vt 2.096152 9.598246
vt 2.311698 9.586710
vt 2.228212 9.609781
vt 2.094997 9.616911
vt 2.818373 11.011985
vt 2.708071 11.030186
vt 2.897578 11.018937
vt 2.836227 11.041434
vt 2.719105 11.048387
vt 3.337238 12.240756
vt 3.247596 12.256942
vt 3.406427 12.246939
vt 3.359547 12.266945
vt 3.261384 12.273128
s 0
usemtl PetioleMat
f 438/440/323 439/441/323 444/442/323 443/443/323
f 439/441/324 440/444/324 445/445/324 444/442/324
f 440/444/325 441/446/325 446/447/325 445/445/325
f 441/446/326 442/448/326 447/449/326 446/447/326
f 442/448/327 438/440/327 443/443/327 447/449/327
f 443/443/328 444/442/328 449/450/328 448/451/328
f 444/442/329 445/445/329 450/452/329 449/450/329
f 445/445/330 446/447/330 451/453/330 450/452/330
f 446/447/331 447/449/331 452/454/331 451/453/331
f 447/449/332 443/443/332 448/451/332 452/454/332
f 448/451/333 449/450/333 454/455/333 453/456/333
f 449/450/334 450/452/334 455/457/334 454/455/334
f 450/452/335 451/453/335 456/458/335 455/457/335
f 451/453/336 452/454/336 457/459/336 456/458/336
f 452/454/337 448/451/337 453/456/337 457/459/337
f 453/456/338 454/455/338 459/460/338 458/461/338
f 454/455/339 455/457/339 460/462/339 459/460/339
f 455/457/340 456/458/340 461/463/340 460/462/340
f 456/458/341 457/459/341 462/464/341 461/463/341
f 457/459/342 453/456/342 458/461/342 462/464/342
f 442/448/343 441/446/343 440/444/343 439/441/343 438/440/343
f 458/461/344 459/460/344 460/462/344 461/463/344 462/464/344
o Leaf_006
v 0.157020 3.026739 0.730068
v 0.415305 3.064235 0.503175
v 0.673590 3.101732 0.276282
v 0.278023 3.164859 0.890639
v 0.556713 3.126892 0.674502
v 0.794594 3.239851 0.436852
v 0.408398 3.268320 1.056149
v 0.702025 3.175111 0.847887
v 0.924969 3.343313 0.602363
v 0.557111 3.303963 1.231327
v 0.856205 3.190534 1.025947
v 1.073681 3.378956 0.777541
v 0.720189 3.286476 1.414078
v 1.013815 3.193267 1.205816
v 1.236759 3.361468 0.960292
v 0.890449 3.242427 1.600616
v 1.169139 3.204460 1.384479
v 1.407020 3.317419 1.146829
v 1.058171 3.207766 1.785815
v 1.316456 3.245262 1.558922
v 1.574741 3.282758 1.332028
vn -0.2724 0.9034 -0.3311
vn -0.4393 0.8792 -0.1845
vn -0.0595 0.9283 -0.3671
vn -0.5032 0.8639 0.0227
vn 0.1477 0.9530 -0.2644
vn -0.4306 0.8691 0.2436
vn 0.2242 0.9615 -0.1591
vn -0.3376 0.8799 0.3343
vn 0.1750 0.9822 -0.0676
vn -0.2456 0.9212 0.3018
vn -0.0077 0.9999 -0.0104
vn -0.1712 0.9762 0.1333
vt -0.000000 -0.000000
vt 0.000000 0.166667
vt 0.500000 0.166667
vt 0.500000 0.000000
vt 1.000000 0.166667
vt 1.000000 0.000000
vt 0.000000 0.333333
vt 0.500000 0.333333
vt 1.000000 0.333333
vt 0.000000 0.500000
vt 0.500000 0.500000
vt 1.000000 0.500000
vt 0.000000 0.666667
vt 0.500000 0.666667
vt 1.000000 0.666667
vt 0.000000 0.833333
vt 0.500000 0.833333
vt 1.000000 0.833333
vt 0.000000 1.000000
vt 0.500000 1.000000
vt 1.000000 1.000000
s 0
usemtl LeafMat
f 463/465/345 466/466/345 467/467/345 464/468/345
f 464/468/346 467/467/346 468/469/346 465/470/346
f 466/466/347 469/471/347 470/472/347 467/467/347
f 467/467/348 470/472/348 471/473/348 468/469/348
f 469/471/349 472/474/349 473/475/349 470/472/349
f 470/472/350 473/475/350 474/476/350 471/473/350
f 472/474/351 475/477/351 476/478/351 473/475/351
f 473/475/352 476/478/352 477/479/352 474/476/352
f 475/477/353 478/480/353 479/481/353 476/478/353
f 476/478/354 479/481/354 480/482/354 477/479/354
f 478/480/355 481/483/355 482/484/355 479/481/355
f 479/481/356 482/484/356 483/485/356 480/482/356
o Petiole_007
v 0.043532 1.522412 -0.272918
v 0.034401 1.514553 -0.291455
v 0.012538 1.517555 -0.290107
v 0.008158 1.527270 -0.270736
v 0.027314 1.530272 -0.260113
v 0.075434 1.837734 -0.423598
v 0.067506 1.830242 -0.439908
v 0.048112 1.833104 -0.439091
v 0.044053 1.842364 -0.422275
v 0.060938 1.845226 -0.412700
v 0.111335 2.101885 -0.573072
v 0.104644 2.094320 -0.586914
v 0.087755 2.097210 -0.586884
v 0.084008 2.106561 -0.573024
v 0.098581 2.109451 -0.564488
v 0.151291 2.314867 -0.721574
v 0.145661 2.307288 -0.732771
v 0.131318 2.310183 -0.733439
v 0.128085 2.319550 -0.722653
v 0.140429 2.322445 -0.715320
v 0.195355 2.476677 -0.869246
v 0.190664 2.469890 -0.878178
v 0.178816 2.472482 -0.879041
v 0.176184 2.480872 -0.870643
v 0.186406 2.483465 -0.864589
vn 0.9084 -0.2518 -0.3338
vn -0.1063 -0.4143 -0.9039
vn -0.9737 0.0017 -0.2280
vn -0.4946 0.4215 0.7601
vn 0.6686 0.2648 0.6949
vn 0.9098 -0.2916 -0.2954
vn -0.0956 -0.4745 -0.8750
vn -0.9684 0.0049 -0.2494
vn -0.5014 0.4842 0.7171
vn 0.6591 0.3012 0.6891
vn 0.9089 -0.3398 -0.2417
vn -0.0854 -0.5523 -0.8292
vn -0.9610 0.0055 -0.2764
vn -0.5062 0.5629 0.6534
vn 0.6489 0.3501 0.6755
vn 0.8986 -0.4031 -0.1731
vn -0.0920 -0.6497 -0.7546
vn -0.9538 0.0093 -0.3003
vn -0.4947 0.6628 0.5622
vn 0.6495 0.4087 0.6412
vn -0.0969 -0.8983 0.4286
vn 0.2063 0.7238 -0.6584
vt 0.348258 6.089650
vt 0.275206 6.058211
vt 0.540050 7.320967
vt 0.603468 7.350936
vt 0.100307 6.070220
vt 0.384894 7.332414
vt 0.065266 6.109079
vt 0.352422 7.369458
vt 0.218508 6.121088
vt 0.487508 7.380905
vt 0.837153 8.377280
vt 0.890677 8.407541
vt 0.702043 8.388839
vt 0.672064 8.426244
vt 0.788646 8.437802
vt 1.165284 9.229152
vt 1.210332 9.259466
vt 1.050543 9.240731
vt 1.024677 9.278201
vt 1.123432 9.289781
vt 1.525316 9.879559
vt 1.562842 9.906710
vt 1.430526 9.889930
vt 1.409469 9.923490
vt 1.491245 9.933861
s 0
usemtl PetioleMat
f 484/486/357 485/487/357 490/488/357 489/489/357
f 485/487/358 486/490/358 491/491/358 490/488/358
f 486/490/359 487/492/359 492/493/359 491/491/359
f 487/492/360 488/494/360 493/495/360 492/493/360
f 488/494/361 484/486/361 489/489/361 493/495/361
f 489/489/362 490/488/362 495/496/362 494/497/362
f 490/488/363 491/491/363 496/498/363 495/496/363
f 491/491/364 492/493/364 497/499/364 496/498/364
f 492/493/365 493/495/365 498/500/365 497/499/365
f 493/495/366 489/489/366 494/497/366 498/500/366
f 494/497/367 495/496/367 500/501/367 499/502/367
f 495/496/368 496/498/368 501/503/368 500/501/368
f 496/498/369 497/499/369 502/504/369 501/503/369
f 497/499/370 498/500/370 503/505/370 502/504/370
f 498/500/371 494/497/371 499/502/371 503/505/371
f 499/502/372 500/501/372 505/506/372 504/507/372
f 500/501/373 501/503/373 506/508/373 505/506/373
f 501/503/374 502/504/374 507/509/374 506/508/374
f 502/504/375 503/505/375 508/510/375 507/509/375
f 503/505/376 499/502/376 504/507/376 508/510/376
f 488/494/377 487/492/377 486/490/377 485/487/377 484/486/377
f 504/507/378 505/506/378 506/508/378 507/509/378 508/510/378
o Leaf_007
v 0.427007 2.483242 -0.819800
v 0.185485 2.476677 -0.872339
v -0.056037 2.470113 -0.924878
v 0.457947 2.568461 -0.972680
v 0.219977 2.505944 -1.034558
v -0.025097 2.555331 -1.077758
v 0.490443 2.629170 -1.129651
v 0.255074 2.525695 -1.198366
v 0.007400 2.616041 -1.234729
v 0.525960 2.642296 -1.294564
v 0.291543 2.523828 -1.365782
v 0.042917 2.629167 -1.399642
v 0.563912 2.617073 -1.465878
v 0.328544 2.513597 -1.534593
v 0.080869 2.603944 -1.570956
v 0.603159 2.571459 -1.640596
v 0.365190 2.508943 -1.702474
v 0.120116 2.558330 -1.745674
v 0.642119 2.530369 -1.814559
v 0.400597 2.523805 -1.867098
v 0.159075 2.517240 -1.919637
vn -0.2051 0.9328 0.2963
vn 0.0149 0.9388 0.3442
vn -0.3645 0.9185 0.1536
vn 0.2196 0.9343 0.2806
vn -0.4121 0.9092 -0.0585
vn 0.3515 0.9300 0.1076
vn -0.3766 0.9092 -0.1778
vn 0.3687 0.9294 -0.0156
vn -0.2750 0.9406 -0.1989
vn 0.2836 0.9558 -0.0774
vn -0.1179 0.9877 -0.1024
vn 0.0983 0.9936 -0.0554
vt -0.000000 -0.000000
vt -0.000000 0.166667
vt 0.500000 0.166667
vt 0.500000 0.000000
vt 1.000000 0.166667
vt 1.000000 0.000000
vt -0.000000 0.333333
vt 0.500000 0.333333
vt 1.000000 0.333333
vt 0.000000 0.500000
vt 0.500000 0.500000
vt 1.000000 0.500000
vt -0.000000 0.666667
vt 0.500000 0.666667
vt 1.000000 0.666667
vt -0.000000 0.833333
vt 0.500000 0.833333
vt 1.000000 0.833333
vt -0.000000 1.000000
vt 0.500000 1.000000
vt 1.000000 1.000000
s 0
usemtl LeafMat
f 509/511/379 512/512/379 513/513/379 510/514/379
f 510/514/380 513/513/380 514/515/380 511/516/380
f 512/512/381 515/517/381 516/518/381 513/513/381
f 513/513/382 516/518/382 517/519/382 514/515/382
f 515/517/383 518/520/383 519/521/383 516/518/383
f 516/518/384 519/521/384 520/522/384 517/519/384
f 518/520/385 521/523/385 522/524/385 519/521/385
f 519/521/386 522/524/386 523/525/386 520/522/386
f 521/523/387 524/526/387 525/527/387 522/524/387
f 522/524/388 525/527/388 526/528/388 523/525/388
f 524/526/389 527/529/389 528/530/389 525/527/389
f 525/527/390 528/530/390 529/531/390 526/528/390
o Petiole_008
v 0.190383 1.533061 0.255822
v 0.212492 1.524521 0.259658
v 0.225288 1.527783 0.239607
v 0.211088 1.538339 0.223378
v 0.189515 1.541601 0.233399
v 0.237019 1.668814 0.305515
v 0.256616 1.660560 0.306873
v 0.266396 1.663713 0.288206
v 0.252843 1.673915 0.275312
v 0.234687 1.677068 0.286010
v 0.290802 1.774939 0.346297
v 0.307047 1.766171 0.343964
v 0.312953 1.769520 0.326640
v 0.300358 1.780359 0.318266
v 0.286668 1.783708 0.330415
v 0.350461 1.851437 0.376956
v 0.362204 1.841968 0.371910
v 0.365253 1.845585 0.356724
v 0.355395 1.857289 0.352384
v 0.346253 1.860906 0.364888
v 0.414806 1.898306 0.397340
v 0.423201 1.889575 0.392079
v 0.425176 1.892910 0.379455
v 0.418001 1.903701 0.376915
v 0.411592 1.907036 0.387969
vn -0.2220 -0.2608 0.9395
vn 0.8186 -0.4013 0.4109
vn 0.7334 0.0277 -0.6792
vn -0.3605 0.4341 -0.8256
vn -0.9508 0.2558 0.1750
vn -0.1134 -0.2933 0.9493
vn 0.8324 -0.4805 0.2760
vn 0.6372 0.0130 -0.7706
vn -0.4315 0.5073 -0.7459
vn -0.8939 0.3178 0.3162
vn 0.0080 -0.3644 0.9312
vn 0.7962 -0.5982 0.0911
vn 0.5013 0.0114 -0.8652
vn -0.4747 0.6276 -0.6170
vn -0.7770 0.3953 0.4898
vn 0.0503 -0.4495 0.8919
vn 0.6327 -0.7705 -0.0783
vn 0.3653 -0.0081 -0.9309
vn -0.3861 0.7839 -0.4862
vn -0.5794 0.5114 0.6346
vn -0.2895 -0.8982 -0.3309
vn 0.7703 0.5764 0.2727
vt 1.523063 6.132244
vt 1.699932 6.098084
vt 2.052931 6.642241
vt 1.896150 6.675257
vt 1.802303 6.111132
vt 2.131171 6.654852
vt 1.688701 6.153356
vt 2.022745 6.695662
vt 1.516121 6.166403
vt 1.877494 6.708272
vt 2.456378 7.064683
vt 2.326419 7.099757
vt 2.503624 7.078080
vt 2.402864 7.121434
vt 2.293345 7.134831
vt 2.897631 7.367871
vt 2.803690 7.405746
vt 2.922027 7.382338
vt 2.843163 7.429155
vt 2.770027 7.443622
vt 3.385609 7.558302
vt 3.318450 7.593223
vt 3.401406 7.571640
vt 3.344009 7.614805
vt 3.292740 7.628143
s 0
usemtl PetioleMat
f 530/532/391 531/533/391 536/534/391 535/535/391
f 531/533/392 532/536/392 537/537/392 536/534/392
f 532/536/393 533/538/393 538/539/393 537/537/393
f 533/538/394 534/540/394 539/541/394 538/539/394
f 534/540/395 530/532/395 535/535/395 539/541/395
f 535/535/396 536/534/396 541/542/396 540/543/396
f 536/534/397 537/537/397 542/544/397 541/542/397
f 537/537/398 538/539/398 543/545/398 542/544/398
f 538/539/399 539/541/399 544/546/399 543/545/399
f 539/541/400 535/535/400 540/543/400 544/546/400
f 540/543/401 541/542/401 546/547/401 545/548/401
f 541/542/402 542/544/402 547/549/402 546/547/402
f 542/544/403 543/545/403 548/550/403 547/549/403
f 543/545/404 544/546/404 549/551/404 548/550/404
f 544/546/405 540/543/405 545/548/405 549/551/405
f 545/548/406 546/547/406 551/552/406 550/553/406
f 546/547/407 547/549/407 552/554/407 551/552/407
f 547/549/408 548/550/408 553/555/408 552/554/408
f 548/550/409 549/551/409 554/556/409 553/555/409
f 549/551/410 545/548/410 550/553/410 554/556/410
f 534/540/411 533/538/411 532/536/411 531/533/411 530/532/411
f 550/553/412 551/552/412 552/554/412 553/555/412 554/556/412
o Leaf_008
v 0.303988 1.913122 0.508842
v 0.418555 1.898306 0.386751
v 0.533123 1.883490 0.264661
v 0.392296 1.967432 0.585118
v 0.507011 1.908778 0.468486
v 0.621431 1.937800 0.340937
v 0.480670 2.002346 0.663809
v 0.595492 1.911600 0.551172
v 0.709804 1.972714 0.419629
v 0.569170 1.999536 0.747197
v 0.684031 1.897045 0.636022
v 0.798304 1.969905 0.503016
v 0.657771 1.966510 0.834347
v 0.772593 1.875764 0.721710
v 0.886906 1.936878 0.590166
v 0.746425 1.917621 0.923471
v 0.861140 1.858967 0.806839
v 0.975560 1.887989 0.679291
v 0.835067 1.872675 1.012105
v 0.949634 1.857859 0.890015
v 1.064201 1.843043 0.767924
vn -0.0463 0.9414 -0.3342
vn -0.2211 0.9640 -0.1479
vn 0.1786 0.8965 -0.4054
vn -0.2810 0.9560 0.0845
vn 0.3980 0.8558 -0.3305
vn -0.1962 0.9326 0.3028
vn 0.4844 0.8437 -0.2314
vn -0.0935 0.9184 0.3844
vn 0.4505 0.8840 -0.1249
vn 0.0144 0.9404 0.3398
vn 0.2776 0.9602 -0.0289
vn 0.1065 0.9824 0.1536
vt -0.000000 -0.000000
vt -0.000000 0.166667
vt 0.500000 0.166667
vt 0.500000 0.000000
vt 1.000000 0.166667
vt 1.000000 0.000000
vt 0.000000 0.333333
vt 0.500000 0.333333
vt 1.000000 0.333333
vt 0.000000 0.500000
vt 0.500000 0.500000
vt 1.000000 0.500000
vt 0.000000 0.666667
vt 0.500000 0.666667
vt 1.000000 0.666667
vt -0.000000 0.833333
vt 0.500000 0.833333
vt 1.000000 0.833333
vt 0.000000 1.000000
vt 0.500000 1.000000
vt 1.000000 1.000000
s 0
usemtl LeafMat
f 555/557/413 558/558/413 559/559/413 556/560/413
f 556/560/414 559/559/414 560/561/414 557/562/414
f 558/558/415 561/563/415 562/564/415 559/559/415
f 559/559/416 562/564/416 563/565/416 560/561/416
f 561/563/417 564/566/417 565/567/417 562/564/417
f 562/564/418 565/567/418 566/568/418 563/565/418
f 564/566/419 567/569/419 568/570/419 565/567/419
f 565/567/420 568/570/420 569/571/420 566/568/420
f 567/569/421 570/572/421 571/573/421 568/570/421
f 568/570/422 571/573/422 572/574/422 569/571/422
f 570/572/423 573/575/423 574/576/423 571/573/423
f 571/573/424 574/576/424 575/577/424 572/574/424
o Petiole_009
v 0.123462 1.525605 -0.056552
v 0.129949 1.517983 -0.076319
v 0.113255 1.520894 -0.090594
v 0.096451 1.530315 -0.079649
v 0.102759 1.533226 -0.058609
v 0.267953 1.894702 -0.153202
v 0.273013 1.887350 -0.170724
v 0.257966 1.890158 -0.183068
v 0.243605 1.899246 -0.173175
v 0.249778 1.902054 -0.154716
v 0.407574 2.195492 -0.256625
v 0.410689 2.187871 -0.271695
v 0.397257 2.190782 -0.281990
v 0.385841 2.200202 -0.273283
v 0.392218 2.203113 -0.257607
v 0.541977 2.427974 -0.366582
v 0.543212 2.420090 -0.378902
v 0.531626 2.423101 -0.387397
v 0.523229 2.432847 -0.380327
v 0.529626 2.435859 -0.367463
v 0.670964 2.592149 -0.482876
v 0.671323 2.584990 -0.492732
v 0.661723 2.587724 -0.499723
v 0.655432 2.596574 -0.494189
v 0.661144 2.599308 -0.483777
vn 0.8920 -0.2499 0.3766
vn 0.5459 -0.3991 -0.7367
vn -0.5524 0.0084 -0.8336
vn -0.8852 0.4096 0.2204
vn 0.0073 0.2500 0.9682
vn 0.8888 -0.2890 0.3557
vn 0.4896 -0.4698 -0.7346
vn -0.5832 0.0042 -0.8123
vn -0.8471 0.4785 0.2312
vn 0.0619 0.2976 0.9527
vn 0.8761 -0.3465 0.3353
vn 0.4069 -0.5630 -0.7193
vn -0.6204 0.0043 -0.7843
vn -0.7860 0.5727 0.2329
vn 0.1374 0.3564 0.9242
vn 0.8414 -0.4172 0.3435
vn 0.2976 -0.6877 -0.6622
vn -0.6521 -0.0013 -0.7581
vn -0.6947 0.6937 0.1901
vn 0.2269 0.4374 0.8702
vn -0.3563 -0.9051 0.2321
vn 0.5452 0.6875 -0.4796
vt 0.987695 6.102418
vt 1.039591 6.071932
vt 2.184107 7.549399
vt 2.143621 7.578808
vt 0.906041 6.083577
vt 2.063727 7.560632
vt 0.771607 6.121260
vt 1.948843 7.596984
vt 0.822072 6.132905
vt 1.998220 7.608218
vt 3.285510 8.751482
vt 3.260593 8.781967
vt 3.178058 8.763126
vt 3.086732 8.800808
vt 3.137742 8.812452
vt 4.345700 9.680359
vt 4.335813 9.711897
vt 4.253006 9.692406
vt 4.185832 9.731388
vt 4.237009 9.743435
vt 5.370580 10.339960
vt 5.367714 10.368596
vt 5.293786 10.350898
vt 5.243459 10.386294
vt 5.289149 10.397232
s 0
usemtl PetioleMat
f 576/578/425 577/579/425 582/580/425 581/581/425
f 577/579/426 578/582/426 583/583/426 582/580/426
f 578/582/427 579/584/427 584/585/427 583/583/427
f 579/584/428 580/586/428 585/587/428 584/585/428
f 580/586/429 576/578/429 581/581/429 585/587/429
f 581/581/430 582/580/430 587/588/430 586/589/430
f 582/580/431 583/583/431 588/590/431 587/588/431
f 583/583/432 584/585/432 589/591/432 588/590/432
f 584/585/433 585/587/433 590/592/433 589/591/433
f 585/587/434 581/581/434 586/589/434 590/592/434
f 586/589/435 587/588/435 592/593/435 591/594/435
f 587/588/436 588/590/436 593/595/436 592/593/436
f 588/590/437 589/591/437 594/596/437 593/595/437
f 589/591/438 590/592/438 595/597/438 594/596/438
f 590/592/439 586/589/439 591/594/439 595/597/439
f 591/594/440 592/593/440 597/598/440 596/599/440
f 592/593/441 593/595/441 598/600/441 597/598/441
f 593/595/442 594/596/442 599/601/442 598/600/442
f 594/596/443 595/597/443 600/602/443 599/601/443
f 595/597/444 591/594/444 596/599/444 600/602/444
f 580/586/445 579/584/445 578/582/445 577/579/445 576/578/445
f 596/599/446 597/598/446 598/600/446 599/601/446 600/602/446
o Leaf_009
v 0.804826 2.578530 -0.304252
v 0.664117 2.592149 -0.490660
v 0.523408 2.605768 -0.677067
v 0.920456 2.655404 -0.385919
v 0.785093 2.618692 -0.580038
v 0.639039 2.682642 -0.758734
v 1.038670 2.707951 -0.471313
v 0.907220 2.634394 -0.671078
v 0.757253 2.735189 -0.844128
v 1.161981 2.712512 -0.564060
v 1.031963 2.625468 -0.765892
v 0.880563 2.739749 -0.936875
v 1.289168 2.680571 -0.662400
v 1.157717 2.607014 -0.862165
v 1.007750 2.707809 -1.035215
v 1.418161 2.631624 -0.763346
v 1.282797 2.594912 -0.957465
v 1.136743 2.658862 -1.136161
v 1.546225 2.591426 -0.862951
v 1.405516 2.605045 -1.049358
v 1.264807 2.618664 -1.235766
vn -0.2971 0.9416 0.1584
vn -0.1680 0.9291 0.3294
vn -0.3102 0.9490 -0.0555
vn 0.0339 0.9157 0.4004
vn -0.1809 0.9481 -0.2614
vn 0.2669 0.9048 0.3319
vn -0.0680 0.9408 -0.3320
vn 0.3653 0.8989 0.2420
vn 0.0152 0.9602 -0.2791
vn 0.3389 0.9288 0.1498
vn 0.0471 0.9944 -0.0945
vn 0.1732 0.9822 0.0726
vt -0.000000 -0.000000
vt 0.000000 0.166667
vt 0.500000 0.166667
vt 0.500000 0.000000
vt 1.000000 0.166667
vt 1.000000 0.000000
vt -0.000000 0.333333
vt 0.500000 0.333333
vt 1.000000 0.333333
vt 0.000000 0.500000
vt 0.500000 0.500000
vt 1.000000 0.500000
vt 0.000000 0.666667
vt 0.500000 0.666667
vt 1.000000 0.666667
vt 0.000000 0.833333
vt 0.500000 0.833333
vt 1.000000 0.833333
vt 0.000000 1.000000
vt 0.500000 1.000000
vt 1.000000 1.000000
s 0
usemtl LeafMat
f 601/603/447 604/604/447 605/605/447 602/606/447
f 602/606/448 605/605/448 606/607/448 603/608/448
f 604/604/449 607/609/449 608/610/449 605/605/449
f 605/605/450 608/610/450 609/611/450 606/607/450
f 607/609/451 610/612/451 611/613/451 608/610/451
f 608/610/452 611/613/452 612/614/452 609/611/452
f 610/612/453 613/615/453 614/616/453 611/613/453
f 611/613/454 614/616/454 615/617/454 612/614/454
f 613/615/455 616/618/455 617/619/455 614/616/455
f 614/616/456 617/619/456 618/620/456 615/617/456
f 616/618/457 619/621/457 620/622/457 617/619/457
f 617/619/458 620/622/458 621/623/458 618/620/458
o Petiole_010
v 0.100992 1.548834 -0.003985
v 0.084275 1.552675 0.008519
v 0.090661 1.551028 0.028696
v 0.111324 1.546170 0.028661
v 0.117709 1.544813 0.008463
v 0.202470 1.980519 0.001155
v 0.187674 1.983979 0.012291
v 0.193325 1.982268 0.030180
v 0.211614 1.977750 0.030100
v 0.217266 1.976670 0.012162
v 0.302800 2.368008 0.014063
v 0.289964 2.371124 0.023869
v 0.294867 2.369138 0.039446
v 0.310733 2.364796 0.039267
v 0.315636 2.364098 0.023579
v 0.401983 2.711141 0.034740
v 0.391110 2.713893 0.043223
v 0.395263 2.711667 0.056473
v 0.408703 2.707539 0.056178
v 0.412856 2.707213 0.042747
v 0.497438 3.008810 0.082650
v 0.507856 3.005769 0.078347
v 0.507444 3.006930 0.066738
v 0.496771 3.010689 0.063865
v 0.490587 3.011851 0.073699
vn -0.5722 0.1442 -0.8073
vn -0.9246 0.2190 0.3117
vn 0.0020 -0.0039 1.0000
vn 0.9270 -0.2164 0.3064
vn 0.5721 -0.1249 -0.8106
vn -0.5682 0.1740 -0.8043
vn -0.9196 0.2337 0.3158
vn 0.0013 -0.0241 0.9997
vn 0.9217 -0.2431 0.3022
vn 0.5699 -0.1206 -0.8128
vn -0.5637 0.2112 -0.7985
vn -0.9124 0.2512 0.3233
vn 0.0017 -0.0499 0.9988
vn 0.9150 -0.2759 0.2943
vn 0.5657 -0.1145 -0.8166
vn -0.9345 0.3473 -0.0777
vn -0.3817 0.0776 0.9210
vn 0.7125 -0.2580 0.6525
vn 0.8341 -0.1947 -0.5161
vn -0.1868 0.1802 -0.9657
vn -0.2289 -0.9734 -0.0070
vn 0.3109 0.9468 0.0837
vt 0.807939 6.195336
vt 0.674204 6.210700
vt 1.501391 7.935918
vt 1.619759 7.922078
vt 0.725286 6.204113
vt 1.546604 7.929072
vt 0.890591 6.184678
vt 1.692914 7.911001
vt 0.941673 6.179254
vt 1.738127 7.906678
vt 2.319712 9.484494
vt 2.422401 9.472033
vt 2.358936 9.476554
vt 2.485866 9.459186
vt 2.525090 9.456390
vt 3.128881 10.855572
vt 3.215866 10.844563
vt 3.162106 10.846667
vt 3.269625 10.830154
vt 3.302851 10.828854
vt 4.062849 12.023075
vt 3.979503 12.035239
vt 4.059551 12.027721
vt 3.974166 12.042757
vt 3.924694 12.047403
s 0
usemtl PetioleMat
f 622/624/459 623/625/459 628/626/459 627/627/459
f 623/625/460 624/628/460 629/629/460 628/626/460
f 624/628/461 625/630/461 630/631/461 629/629/461
f 625/630/462 626/632/462 631/633/462 630/631/462
f 626/632/463 622/624/463 627/627/463 631/633/463
f 627/627/464 628/626/464 633/634/464 632/635/464
f 628/626/465 629/629/465 634/636/465 633/634/465
f 629/629/466 630/631/466 635/637/466 634/636/466
f 630/631/467 631/633/467 636/638/467 635/637/467
f 631/633/468 627/627/468 632/635/468 636/638/468
f 632/635/469 633/634/469 638/639/469 637/640/469
f 633/634/470 634/636/470 639/641/470 638/639/470
f 634/636/471 635/637/471 640/642/471 639/641/471
f 635/637/472 636/638/472 641/643/472 640/642/472
f 636/638/473 632/635/473 637/640/473 641/643/473
f 637/640/474 638/639/474 643/644/474 642/645/474
f 638/639/475 639/641/475 644/646/475 643/644/475
f 639/641/476 640/642/476 645/647/476 644/646/476
f 640/642/477 641/643/477 646/648/477 645/647/477
f 641/643/478 637/640/478 642/645/478 646/648/478
f 626/632/479 625/630/479 624/628/479 623/625/479 622/624/479
f 642/645/480 643/644/480 644/646/480 645/647/480 646/648/480
o Leaf_010
v 0.457991 3.023102 0.332816
v 0.500019 3.008810 0.073060
v 0.542047 2.994518 -0.186696
v 0.636135 3.141388 0.355131
v 0.695123 3.064423 0.101567
v 0.720191 3.112804 -0.164381
v 0.822472 3.229399 0.380437
v 0.893875 3.106554 0.131407
v 0.906528 3.200815 -0.139074
v 1.024968 3.257696 0.411643
v 1.100916 3.118058 0.164273
v 1.109023 3.229112 -0.107868
v 1.239759 3.240556 0.447339
v 1.311163 3.117712 0.198309
v 1.323815 3.211972 -0.072172
v 1.460284 3.202231 0.485128
v 1.519272 3.125266 0.231565
v 1.544340 3.173647 -0.034383
v 1.677871 3.174762 0.521845
v 1.719899 3.160470 0.262089
v 1.761927 3.146178 0.002333
vn -0.3842 0.8930 -0.2344
vn -0.4229 0.9062 0.0048
vn -0.2383 0.8797 -0.4116
vn -0.3404 0.9144 0.2192
vn -0.0122 0.8825 -0.4702
vn -0.1442 0.9273 0.3454
vn 0.1088 0.8918 -0.4393
vn -0.0195 0.9354 0.3532
vn 0.1231 0.9327 -0.3389
vn 0.0265 0.9656 0.2586
vn 0.0096 0.9848 -0.1732
vn -0.0283 0.9977 0.0611
vt 0.000000 0.000000
vt -0.000000 0.166667
vt 0.500000 0.166667
vt 0.500000 0.000000
vt 1.000000 0.166667
vt 1.000000 -0.000000
vt 0.000000 0.333333
vt 0.500000 0.333333
vt 1.000000 0.333333
vt -0.000000 0.500000
vt 0.500000 0.500000
vt 1.000000 0.500000
vt 0.000000 0.666667
vt 0.500000 0.666667
vt 1.000000 0.666667
vt 0.000000 0.833334
vt 0.500000 0.833333
vt 1.000000 0.833333
vt 0.000000 1.000000
vt 0.500000 1.000000
vt 1.000000 1.000000
s 0
usemtl LeafMat
f 647/649/481 650/650/481 651/651/481 648/652/481
f 648/652/482 651/651/482 652/653/482 649/654/482
f 650/650/483 653/655/483 654/656/483 651/651/483
f 651/651/484 654/656/484 655/657/484 652/653/484
f 653/655/485 656/658/485 657/659/485 654/656/485
f 654/656/486 657/659/486 658/660/486 655/657/486
f 656/658/487 659/661/487 660/662/487 657/659/487
f 657/659/488 660/662/488 661/663/488 658/660/488
f 659/661/489 662/664/489 663/665/489 660/662/489
f 660/662/490 663/665/490 664/666/490 661/663/490
f 662/664/491 665/667/491 666/668/491 663/665/491
f 663/665/492 666/668/492 667/669/492 664/666/492
o Petiole_011
v -0.194476 1.525475 0.213324
v -0.212367 1.523247 0.226178
v -0.205534 1.521428 0.247160
v -0.183419 1.522532 0.247274
v -0.176585 1.525033 0.226362
v -0.218519 2.001830 0.264584
v -0.234388 1.999630 0.275965
v -0.228326 1.998011 0.294588
v -0.208712 1.999210 0.294717
v -0.202651 2.001570 0.276173
v -0.248159 2.406405 0.311608
v -0.261988 2.404016 0.321485
v -0.256706 2.402594 0.337750
v -0.239613 2.404103 0.337926
v -0.234331 2.406459 0.321770
v -0.283396 2.739157 0.354393
v -0.295165 2.736522 0.362744
v -0.290670 2.735292 0.376653
v -0.276123 2.737167 0.376898
v -0.271628 2.739555 0.363141
v -0.324231 2.999952 0.392920
v -0.333967 2.997468 0.399801
v -0.330248 2.996439 0.411351
v -0.318213 2.998286 0.411609
v -0.314494 3.000457 0.400218
vn -0.5872 0.0572 -0.8074
vn -0.9501 -0.0756 0.3028
vn -0.0003 -0.0990 0.9951
vn 0.9496 0.0193 0.3127
vn 0.5869 0.1159 -0.8013
vn -0.5865 0.0510 -0.8083
vn -0.9489 -0.0985 0.2999
vn -0.0004 -0.1061 0.9944
vn 0.9482 0.0387 0.3152
vn 0.5860 0.1358 -0.7988
vn -0.5850 0.0422 -0.8099
vn -0.9464 -0.1311 0.2951
vn -0.0008 -0.1163 0.9932
vn 0.9453 0.0662 0.3195
vn 0.5842 0.1641 -0.7948
vn -0.5823 0.0288 -0.8124
vn -0.9406 -0.1807 0.2874
vn -0.0003 -0.1318 0.9913
vn 0.9391 0.1080 0.3263
vn 0.5794 0.2072 -0.7882
vn 0.0501 -0.9935 -0.1025
vn -0.1531 0.9787 0.1366
vt -1.555811 6.101902
vt -1.698938 6.092988
vt -1.875100 7.998520
vt -1.748155 8.007318
vt -1.644268 6.085711
vt -1.826611 7.992045
vt -1.467354 6.090127
vt -1.669698 7.996842
vt -1.412684 6.100133
vt -1.621209 8.006281
vt -2.095901 9.616065
vt -1.985275 9.625622
vt -2.053646 9.610374
vt -1.916904 9.616413
vt -1.874648 9.625836
vt -2.361321 10.946090
vt -2.267172 10.956629
vt -2.325359 10.941169
vt -2.208984 10.948667
vt -2.173023 10.958221
vt -2.671735 11.989873
vt -2.593845 11.999806
vt -2.641984 11.985754
vt -2.545707 11.993142
vt -2.515956 12.001827
s 0
usemtl PetioleMat
f 668/670/493 669/671/493 674/672/493 673/673/493
f 669/671/494 670/674/494 675/675/494 674/672/494
f 670/674/495 671/676/495 676/677/495 675/675/495
f 671/676/496 672/678/496 677/679/496 676/677/496
f 672/678/497 668/670/497 673/673/497 677/679/497
f 673/673/498 674/672/498 679/680/498 678/681/498
f 674/672/499 675/675/499 680/682/499 679/680/499
f 675/675/500 676/677/500 681/683/500 680/682/500
f 676/677/501 677/679/501 682/684/501 681/683/501
f 677/679/502 673/673/502 678/681/502 682/684/502
f 678/681/503 679/680/503 684/685/503 683/686/503
f 679/680/504 680/682/504 685/687/504 684/685/504
f 680/682/505 681/683/505 686/688/505 685/687/505
f 681/683/506 682/684/506 687/689/506 686/688/506
f 682/684/507 678/681/507 683/686/507 687/689/507
f 683/686/508 684/685/508 689/690/508 688/691/508
f 684/685/509 685/687/509 690/692/509 689/690/509
f 685/687/510 686/688/510 691/693/510 690/692/510
f 686/688/511 687/689/511 692/694/511 691/693/511
f 687/689/512 683/686/512 688/691/512 692/694/512
f 672/678/513 671/676/513 670/674/513 669/671/513 668/670/513
f 688/691/514 689/690/514 690/692/514 691/693/514 692/694/514
o Leaf_011
v -0.519372 3.016113 0.239882
v -0.324231 2.998520 0.403180
v -0.129089 2.980927 0.566477
v -0.624969 3.124958 0.377798
v -0.442856 3.051910 0.550690
v -0.234686 3.089772 0.704393
v -0.736441 3.208797 0.520040
v -0.563865 3.095153 0.699956
v -0.346158 3.173611 0.846635
v -0.859374 3.243852 0.670723
v -0.690289 3.115349 0.853209
v -0.469091 3.208666 0.997318
v -0.991384 3.240270 0.828090
v -0.818808 3.126626 1.008005
v -0.601101 3.205084 1.154685
v -1.128044 3.216897 0.988881
v -0.945930 3.143849 1.161772
v -0.737761 3.181711 1.315475
v -1.263305 3.199474 1.148643
v -1.068164 3.181881 1.311940
v -0.873023 3.164288 1.475237
vn 0.3940 0.8970 -0.2003
vn 0.2237 0.9124 -0.3429
vn 0.4719 0.8816 -0.0080
vn 0.0203 0.9223 -0.3859
vn 0.4264 0.8846 0.1890
vn -0.1646 0.9378 -0.3055
vn 0.3497 0.8972 0.2698
vn -0.2293 0.9494 -0.2148
vn 0.2589 0.9368 0.2354
vn -0.1760 0.9760 -0.1285
vn 0.1691 0.9827 0.0752
vn 0.0012 0.9979 -0.0653
vt 0.000000 -0.000000
vt 0.000000 0.166667
vt 0.500000 0.166667
vt 0.500000 0.000000
vt 1.000000 0.166667
vt 1.000000 0.000000
vt 0.000000 0.333333
vt 0.500000 0.333333
vt 1.000000 0.333333
vt 0.000000 0.500000
vt 0.500000 0.500000
vt 1.000000 0.500000
vt 0.000000 0.666667
vt 0.500000 0.666667
vt 1.000000 0.666667
vt -0.000000 0.833333
vt 0.500000 0.833333
vt 1.000000 0.833333
vt 0.000000 1.000000
vt 0.500000 1.000000
vt 1.000000 1.000000
s 0
usemtl LeafMat
f 693/695/515 696/696/515 697/697/515 694/698/515
f 694/698/516 697/697/516 698/699/516 695/700/516
f 696/696/517 699/701/517 700/702/517 697/697/517
f 697/697/518 700/702/518 701/703/518 698/699/518
f 699/701/519 702/704/519 703/705/519 700/702/519
f 700/702/520 703/705/520 704/706/520 701/703/520
f 702/704/521 705/707/521 706/708/521 703/705/521
f 703/705/522 706/708/522 707/709/522 704/706/522
f 705/707/523 708/710/523 709/711/523 706/708/523
f 706/708/524 709/711/524 710/712/524 707/709/524
f 708/710/525 711/713/525 712/714/525 709/711/525
f 709/711/526 712/714/526 713/715/526 710/712/526
o Petiole_012
v 0.118086 1.521704 0.089876
v 0.141212 1.513497 0.085639
v 0.146177 1.516632 0.061440
v 0.126120 1.526776 0.050720
v 0.108759 1.529911 0.068295
v 0.245175 1.842857 0.155092
v 0.265494 1.834880 0.151641
v 0.270499 1.837927 0.130331
v 0.253272 1.847786 0.120612
v 0.237621 1.850833 0.135915
v 0.368921 2.101249 0.225308
v 0.386085 2.092847 0.222619
v 0.391504 2.096056 0.204376
v 0.377688 2.106441 0.195791
v 0.363731 2.109651 0.208728
v 0.489687 2.296879 0.300729
v 0.503389 2.288009 0.298333
v 0.509079 2.291397 0.283223
v 0.498893 2.302361 0.276280
v 0.486909 2.305750 0.287099
v 0.607687 2.429749 0.381525
v 0.618491 2.421625 0.379319
v 0.623680 2.424728 0.367030
v 0.616084 2.434770 0.361641
v 0.606200 2.437873 0.370599
vn 0.0853 -0.2313 0.9691
vn 0.9116 -0.3836 0.1476
vn 0.4811 0.0010 -0.8766
vn -0.6116 0.3912 -0.6877
vn -0.8564 0.2477 0.4530
vn 0.0352 -0.2791 0.9596
vn 0.8763 -0.4549 0.1590
vn 0.5107 0.0057 -0.8597
vn -0.5570 0.4662 -0.6873
vn -0.8515 0.2906 0.4366
vn -0.0362 -0.3412 0.9393
vn 0.8160 -0.5549 0.1620
vn 0.5474 0.0067 -0.8368
vn -0.4727 0.5678 -0.6739
vn -0.8345 0.3538 0.4224
vn -0.1298 -0.4292 0.8939
vn 0.7145 -0.6892 0.1204
vn 0.5799 0.0127 -0.8146
vn -0.3486 0.7055 -0.6170
vn -0.7876 0.4341 0.4373
vn -0.3593 -0.9133 -0.1920
vn 0.5980 0.6800 0.4242
vt 0.944687 6.086815
vt 1.129692 6.053988
vt 2.123954 7.339520
vt 1.961396 7.371427
vt 1.169414 6.066526
vt 2.163991 7.351707
vt 1.008958 6.107103
vt 2.026179 7.391146
vt 0.870069 6.119642
vt 1.900968 7.403333
vt 3.088684 8.371387
vt 2.951368 8.404995
vt 3.132029 8.384224
vt 3.021502 8.425766
vt 2.909848 8.438603
vt 4.027111 9.152035
vt 3.917496 9.187517
vt 4.072628 9.165588
vt 3.991145 9.209446
vt 3.895268 9.223000
vt 4.947927 9.686501
vt 4.861498 9.718996
vt 4.989443 9.698913
vt 4.928674 9.739079
vt 4.849599 9.751492
s 0
usemtl PetioleMat
f 714/716/527 715/717/527 720/718/527 719/719/527
f 715/717/528 716/720/528 721/721/528 720/718/528
f 716/720/529 717/722/529 722/723/529 721/721/529
f 717/722/530 718/724/530 723/725/530 722/723/530
f 718/724/531 714/716/531 719/719/531 723/725/531
f 719/719/532 720/718/532 725/726/532 724/727/532
f 720/718/533 721/721/533 726/728/533 725/726/533
f 721/721/534 722/723/534 727/729/534 726/728/534
f 722/723/535 723/725/535 728/730/535 727/729/535
f 723/725/536 719/719/536 724/727/536 728/730/536
f 724/727/537 725/726/537 730/731/537 729/732/537
f 725/726/538 726/728/538 731/733/538 730/731/538
f 726/728/539 727/729/539 732/734/539 731/733/539
f 727/729/540 728/730/540 733/735/540 732/734/540
f 728/730/541 724/727/541 729/732/541 733/735/541
f 729/732/542 730/731/542 735/736/542 734/737/542
f 730/731/543 731/733/543 736/738/543 735/736/543
f 731/733/544 732/734/544 737/739/544 736/738/544
f 732/734/545 733/735/545 738/740/545 737/739/545
f 733/735/546 729/732/546 734/737/546 738/740/546
f 718/724/547 717/722/547 716/720/547 715/717/547 714/716/547
f 734/737/548 735/736/548 736/738/548 737/739/548 738/740/548
o Leaf_012
v 0.482255 2.448304 0.583997
v 0.614429 2.429749 0.372023
v 0.746602 2.411194 0.160049
v 0.624595 2.544408 0.664338
v 0.764029 2.460611 0.462602
v 0.888942 2.507297 0.240391
v 0.770466 2.608778 0.749659
v 0.915215 2.477221 0.555418
v 1.034813 2.571667 0.325712
v 0.923309 2.610496 0.844812
v 1.070003 2.461458 0.653315
v 1.187656 2.573385 0.420865
v 1.081437 2.564726 0.947417
v 1.226186 2.433170 0.753176
v 1.345784 2.527615 0.523470
v 1.242005 2.497028 1.053463
v 1.381439 2.413231 0.851728
v 1.506352 2.459917 0.629516
v 1.401266 2.441076 1.157666
v 1.533440 2.422521 0.945692
v 1.665613 2.403965 0.733719
vn -0.1919 0.9159 -0.3526
vn -0.3283 0.9350 -0.1338
vn 0.0332 0.8878 -0.4590
vn -0.3258 0.9382 0.1167
vn 0.2946 0.8648 -0.4065
vn -0.1649 0.9293 0.3304
vn 0.4060 0.8572 -0.3168
vn -0.0359 0.9192 0.3920
vn 0.3861 0.8980 -0.2113
vn 0.0526 0.9448 0.3235
vn 0.2108 0.9722 -0.1021
vn 0.0782 0.9908 0.1105
vt -0.000000 -0.000000
vt -0.000000 0.166667
vt 0.500000 0.166667
vt 0.500000 0.000000
vt 1.000000 0.166667
vt 1.000000 -0.000000
vt -0.000000 0.333333
vt 0.500000 0.333333
vt 1.000000 0.333333
vt -0.000000 0.500000
vt 0.500000 0.500000
vt 1.000000 0.500000
vt 0.000000 0.666667
vt 0.500000 0.666667
vt 1.000000 0.666667
vt 0.000000 0.833333
vt 0.500000 0.833333
vt 1.000000 0.833333
vt 0.000000 1.000000
vt 0.500000 1.000000
vt 1.000000 1.000000
s 0
usemtl LeafMat
f 739/741/549 742/742/549 743/743/549 740/744/549
f 740/744/550 743/743/550 744/745/550 741/746/550
f 742/742/551 745/747/551 746/748/551 743/743/551
f 743/743/552 746/748/552 747/749/552 744/745/552
f 745/747/553 748/750/553 749/751/553 746/748/553
f 746/748/554 749/751/554 750/752/554 747/749/554
f 748/750/555 751/753/555 752/754/555 749/751/555
f 749/751/556 752/754/556 753/755/556 750/752/556
f 751/753/557 754/756/557 755/757/557 752/754/557
f 752/754/558 755/757/558 756/758/558 753/755/558
f 754/756/559 757/759/559 758/760/559 755/757/559
f 755/757/560 758/760/560 759/761/560 756/758/560
o Petiole_013
v -0.123168 1.548467 -0.063630
v -0.147938 1.535556 -0.053460
v -0.149514 1.540488 -0.024188
v -0.125719 1.556447 -0.016267
v -0.109436 1.561379 -0.040643
v -0.324557 1.880232 -0.127672
v -0.346053 1.868123 -0.118328
v -0.347388 1.872748 -0.092388
v -0.326717 1.887716 -0.085702
v -0.312607 1.892341 -0.107508
v -0.527041 2.163795 -0.188485
v -0.544799 2.151997 -0.179754
v -0.545934 2.156503 -0.157189
v -0.528878 2.171086 -0.151975
v -0.517202 2.175593 -0.171317
v -0.730437 2.399157 -0.246008
v -0.744437 2.387859 -0.237995
v -0.745499 2.392174 -0.218809
v -0.732156 2.406139 -0.214964
v -0.722847 2.410455 -0.231774
v -0.934628 2.586316 -0.300212
v -0.945668 2.576419 -0.293323
v -0.946632 2.580199 -0.277445
v -0.936188 2.592433 -0.274522
v -0.928769 2.596214 -0.288592
vn -0.2209 -0.3121 -0.9240
vn -0.8621 -0.5051 0.0420
vn -0.3163 0.0067 0.9486
vn 0.6626 0.5161 0.5428
vn 0.7215 0.3191 -0.6145
vn -0.2105 -0.3458 -0.9144
vn -0.8242 -0.5627 0.0640
vn -0.3044 0.0050 0.9525
vn 0.6312 0.5731 0.5227
vn 0.6894 0.3565 -0.6306
vn -0.1937 -0.3871 -0.9014
vn -0.7714 -0.6296 0.0924
vn -0.2900 0.0051 0.9570
vn 0.5860 0.6404 0.4965
vn 0.6458 0.3983 -0.6514
vn -0.1615 -0.4328 -0.8869
vn -0.6965 -0.7070 0.1230
vn -0.2771 0.0034 0.9608
vn 0.5173 0.7164 0.4681
vn 0.5890 0.4473 -0.6731
vn 0.5094 -0.8437 0.1696
vn -0.7206 0.6634 -0.2017
vt -0.985345 6.193870
vt -1.183504 6.142225
vt -2.768422 7.472491
vt -2.596456 7.520928
vt -1.196115 6.161952
vt -2.779101 7.490993
vt -1.005752 6.225788
vt -2.613735 7.550863
vt -0.875489 6.245514
vt -2.500854 7.569365
vt -4.358389 8.607987
vt -4.216331 8.655179
vt -4.367471 8.626013
vt -4.231026 8.684345
vt -4.137616 8.702371
vt -5.955493 9.551435
vt -5.843493 9.596626
vt -5.963994 9.568696
vt -5.857248 9.624557
vt -5.782774 9.641818
vt -7.565344 10.305675
vt -7.477023 10.345265
vt -7.573056 10.320797
vt -7.489501 10.369734
vt -7.430149 10.384856
s 0
usemtl PetioleMat
f 760/762/561 761/763/561 766/764/561 765/765/561
f 761/763/562 762/766/562 767/767/562 766/764/562
f 762/766/563 763/768/563 768/769/563 767/767/563
f 763/768/564 764/770/564 769/771/564 768/769/564
f 764/770/565 760/762/565 765/765/565 769/771/565
f 765/765/566 766/764/566 771/772/566 770/773/566
f 766/764/567 767/767/567 772/774/567 771/772/567
f 767/767/568 768/769/568 773/775/568 772/774/568
f 768/769/569 769/771/569 774/776/569 773/775/569
f 769/771/570 765/765/570 770/773/570 774/776/570
f 770/773/571 771/772/571 776/777/571 775/778/571
f 771/772/572 772/774/572 777/779/572 776/777/572
f 772/774/573 773/775/573 778/780/573 777/779/573
f 773/775/574 774/776/574 779/781/574 778/780/574
f 774/776/575 770/773/575 775/778/575 779/781/575
f 775/778/576 776/777/576 781/782/576 780/783/576
f 776/777/577 777/779/577 782/784/577 781/782/577
f 777/779/578 778/780/578 783/785/578 782/784/578
f 778/780/579 779/781/579 784/786/579 783/785/579
f 779/781/580 775/778/580 780/783/580 784/786/580
f 764/770/581 763/768/581 762/766/581 761/763/581 760/762/581
f 780/783/582 781/782/582 782/784/582 783/785/582 784/786/582
o Leaf_013
v -0.875808 2.569085 -0.501925
v -0.938377 2.586316 -0.286819
v -1.000945 2.603547 -0.071712
v -1.022349 2.645752 -0.550691
v -1.094118 2.615055 -0.334421
v -1.147486 2.680214 -0.120478
v -1.173836 2.696656 -0.598832
v -1.252339 2.630873 -0.381711
v -1.298973 2.731118 -0.168619
v -1.335225 2.695968 -0.645720
v -1.416193 2.617343 -0.428287
v -1.460362 2.730430 -0.215508
v -1.503724 2.658239 -0.691710
v -1.582227 2.592456 -0.474589
v -1.628861 2.692701 -0.261497
v -1.675040 2.605837 -0.737343
v -1.746808 2.575140 -0.521074
v -1.800177 2.640299 -0.307131
v -1.843734 2.567091 -0.783308
v -1.906303 2.584321 -0.568202
v -1.968871 2.601552 -0.353095
vn 0.2923 0.9487 0.1207
vn 0.3518 0.9323 -0.0839
vn 0.1271 0.9579 0.2573
vn 0.2855 0.9143 -0.2873
vn -0.1202 0.9545 0.2731
vn 0.0848 0.8980 -0.4318
vn -0.2391 0.9443 0.2261
vn -0.0412 0.8898 -0.4545
vn -0.2361 0.9627 0.1324
vn -0.0878 0.9218 -0.3776
vn -0.0905 0.9959 0.0029
vn -0.0324 0.9799 -0.1969
vt 0.000000 0.000000
vt -0.000000 0.166667
vt 0.500000 0.166667
vt 0.500000 0.000000
vt 1.000000 0.166667
vt 1.000000 0.000000
vt -0.000000 0.333333
vt 0.500000 0.333333
vt 1.000000 0.333333
vt 0.000000 0.500000
vt 0.500000 0.500000
vt 1.000000 0.500000
vt 0.000000 0.666667
vt 0.500000 0.666667
vt 1.000000 0.666667
vt 0.000000 0.833334
vt 0.500000 0.833334
vt 1.000000 0.833334
vt 0.000000 1.000000
vt 0.500000 1.000000
vt 1.000000 1.000000
s 0
usemtl LeafMat
f 785/787/583 788/788/583 789/789/583 786/790/583
f 786/790/584 789/789/584 790/791/584 787/792/584
f 788/788/585 791/793/585 792/794/585 789/789/585
f 789/789/586 792/794/586 793/795/586 790/791/586
f 791/793/587 794/796/587 795/797/587 792/794/587
f 792/794/588 795/797/588 796/798/588 793/795/588
f 794/796/589 797/799/589 798/800/589 795/797/589
f 795/797/590 798/800/590 799/801/590 796/798/590
f 797/799/591 800/802/591 801/803/591 798/800/591
f 798/800/592 801/803/592 802/804/592 799/801/592
f 800/802/593 803/805/593 804/806/593 801/803/593
f 801/803/594 804/806/594 805/807/594 802/804/594
o Petiole_014
v 0.022917 1.548505 -0.236567
v 0.000842 1.552594 -0.220992
v 0.009274 1.556918 -0.195365
v 0.036559 1.555503 -0.195101
v 0.044991 1.550303 -0.220565
v 0.057090 2.185196 -0.352591
v 0.037493 2.188938 -0.338808
v 0.044978 2.193201 -0.316140
v 0.069201 2.192094 -0.315914
v 0.076686 2.187146 -0.338442
v 0.079668 2.728521 -0.470140
v 0.062545 2.732025 -0.458184
v 0.069085 2.736628 -0.438577
v 0.090250 2.735969 -0.438415
v 0.096790 2.730959 -0.457922
v 0.090651 3.178754 -0.589240
v 0.076007 3.182036 -0.579118
v 0.081600 3.187039 -0.562645
v 0.099701 3.186850 -0.562587
v 0.105294 3.181729 -0.579024
v 0.102822 3.540698 -0.698069
v 0.093932 3.536727 -0.709516
v 0.079661 3.538244 -0.705056
v 0.079732 3.543151 -0.690852
v 0.094046 3.544668 -0.686534
vn -0.5865 -0.1147 -0.8018
vn -0.9497 0.1090 0.2936
vn -0.0002 0.1865 0.9825
vn 0.9498 0.0106 0.3127
vn 0.5874 -0.1755 -0.7900
vn -0.5871 -0.1478 -0.7959
vn -0.9501 0.1081 0.2926
vn 0.0002 0.2198 0.9756
vn 0.9504 0.0329 0.3093
vn 0.5874 -0.1944 -0.7856
vn -0.5875 -0.1936 -0.7858
vn -0.9507 0.1067 0.2913
vn 0.0003 0.2655 0.9641
vn 0.9508 0.0635 0.3031
vn 0.5875 -0.2203 -0.7787
vn 0.0626 -0.3184 -0.9459
vn -0.9298 -0.1142 -0.3499
vn -0.6371 0.2581 0.7263
vn 0.5356 0.2840 0.7953
vn 0.9685 -0.0723 -0.2382
vn -0.0527 -0.9817 0.1830
vn -0.0016 0.9452 -0.3265
vt 0.183333 6.194021
vt 0.006739 6.210375
vt 0.299943 8.755754
vt 0.456717 8.740784
vt 0.074192 6.227674
vt 0.359825 8.772805
vt 0.292473 6.222011
vt 0.553609 8.768374
vt 0.359926 6.201213
vt 0.613491 8.748584
vt 0.500361 10.928100
vt 0.637341 10.914084
vt 0.552683 10.946513
vt 0.721999 10.943877
vt 0.774321 10.923836
vt 0.608055 12.728143
vt 0.725204 12.715015
vt 0.652802 12.748157
vt 0.797607 12.747398
vt 0.842354 12.726915
vt 0.751453 14.146910
vt 0.822573 14.162790
vt 0.637291 14.152976
vt 0.637854 14.172605
vt 0.752365 14.178671
s 0
usemtl PetioleMat
f 806/808/595 807/809/595 812/810/595 811/811/595
f 807/809/596 808/812/596 813/813/596 812/810/596
f 808/812/597 809/814/597 814/815/597 813/813/597
f 809/814/598 810/816/598 815/817/598 814/815/598
f 810/816/599 806/808/599 811/811/599 815/817/599
f 811/811/600 812/810/600 817/818/600 816/819/600
f 812/810/601 813/813/601 818/820/601 817/818/601
f 813/813/602 814/815/602 819/821/602 818/820/602
f 814/815/603 815/817/603 820/822/603 819/821/603
f 815/817/604 811/811/604 816/819/604 820/822/604
f 816/819/605 817/818/605 822/823/605 821/824/605
f 817/818/606 818/820/606 823/825/606 822/823/606
f 818/820/607 819/821/607 824/826/607 823/825/607
f 819/821/608 820/822/608 825/827/608 824/826/608
f 820/822/609 816/819/609 821/824/609 825/827/609
f 821/824/610 822/823/610 827/828/610 826/829/610
f 822/823/611 823/825/611 828/830/611 827/828/611
f 823/825/612 824/826/612 829/831/612 828/830/612
f 824/826/613 825/827/613 830/832/613 829/831/613
f 825/827/614 821/824/614 826/829/614 830/832/614
f 810/816/615 809/814/615 808/812/615 807/809/615 806/808/615
f 826/829/616 827/828/616 828/830/616 829/831/616 830/832/616
o Leaf_014
v 0.319120 3.523984 -0.673208
v 0.090038 3.540698 -0.698005
v -0.139044 3.557411 -0.722802
v 0.343045 3.615092 -0.832820
v 0.112206 3.589570 -0.869855
v -0.115119 3.648520 -0.882414
v 0.366110 3.685547 -0.998416
v 0.133985 3.629105 -1.044410
v -0.092054 3.718974 -1.048010
v 0.387478 3.715191 -1.175837
v 0.154882 3.647432 -1.225110
v -0.070686 3.748618 -1.225431
v 0.407563 3.713994 -1.362194
v 0.175438 3.657552 -1.408188
v -0.050601 3.747421 -1.411788
v 0.427060 3.698667 -1.552646
v 0.196221 3.673144 -1.589681
v -0.031104 3.732094 -1.602240
v 0.446883 3.691170 -1.740829
v 0.217801 3.707883 -1.765626
v -0.011281 3.724597 -1.790423
vn -0.0688 0.9224 0.3800
vn 0.1179 0.9088 0.4002
vn -0.2152 0.9372 0.2747
vn 0.2840 0.9007 0.3287
vn -0.2753 0.9566 0.0957
vn 0.3829 0.9086 0.1669
vn -0.2572 0.9663 -0.0050
vn 0.3883 0.9192 0.0649
vn -0.1712 0.9851 -0.0178
vn 0.3106 0.9499 0.0343
vn -0.0287 0.9970 0.0713
vn 0.1556 0.9836 0.0913
vt 0.000000 -0.000000
vt -0.000000 0.166667
vt 0.500000 0.166667
vt 0.500000 0.000000
vt 1.000000 0.166667
vt 1.000000 0.000000
vt 0.000000 0.333333
vt 0.500000 0.333333
vt 1.000000 0.333333
vt 0.000000 0.500000
vt 0.500000 0.500000
vt 1.000000 0.500000
vt -0.000000 0.666667
vt 0.500000 0.666667
vt 1.000000 0.666667
vt 0.000000 0.833333
vt 0.500000 0.833333
vt 1.000000 0.833333
vt 0.000000 1.000000
vt 0.500000 1.000000
vt 1.000000 1.000000
s 0
usemtl LeafMat
f 831/833/617 834/834/617 835/835/617 832/836/617
f 832/836/618 835/835/618 836/837/618 833/838/618
f 834/834/619 837/839/619 838/840/619 835/835/619
f 835/835/620 838/840/620 839/841/620 836/837/620
f 837/839/621 840/842/621 841/843/621 838/840/621
f 838/840/622 841/843/622 842/844/622 839/841/622
f 840/842/623 843/845/623 844/846/623 841/843/623
f 841/843/624 844/846/624 845/847/624 842/844/624
f 843/845/625 846/848/625 847/849/625 844/846/625
f 844/846/626 847/849/626 848/850/626 845/847/626
f 846/848/627 849/851/627 850/852/627 847/849/627
f 847/849/628 850/852/628 851/853/628 848/850/628
o Petiole_015
v 0.145973 1.539852 -0.131352
v 0.137539 1.532003 -0.149815
v 0.115993 1.535001 -0.149175
v 0.111110 1.544703 -0.130315
v 0.129640 1.547701 -0.119300
v 0.163005 1.695563 -0.205670
v 0.156756 1.687948 -0.222285
v 0.137694 1.690857 -0.223388
v 0.132160 1.700269 -0.207455
v 0.147803 1.703177 -0.196505
v 0.189849 1.816941 -0.274099
v 0.186221 1.808836 -0.288439
v 0.170082 1.811932 -0.292237
v 0.163735 1.821951 -0.280244
v 0.175951 1.825047 -0.269035
v 0.226956 1.903988 -0.337938
v 0.224765 1.895273 -0.349213
v 0.211986 1.898602 -0.355001
v 0.206279 1.909374 -0.347302
v 0.215531 1.912703 -0.336757
v 0.275052 1.956702 -0.397764
v 0.273213 1.948694 -0.406468
v 0.263189 1.951752 -0.412251
v 0.258833 1.961652 -0.407121
v 0.266166 1.964710 -0.398168
vn 0.9285 -0.2410 -0.2824
vn -0.0507 -0.4197 -0.9063
vn -0.9589 -0.0062 -0.2836
vn -0.5399 0.4278 0.7249
vn 0.6270 0.2826 0.7260
vn 0.9421 -0.3010 -0.1477
vn 0.0367 -0.4940 -0.8687
vn -0.9176 0.0100 -0.3973
vn -0.5992 0.5134 0.6142
vn 0.5506 0.3219 0.7702
vn 0.9255 -0.3768 0.0372
vn 0.1223 -0.6136 -0.7801
vn -0.8464 0.0135 -0.5324
vn -0.6350 0.6357 0.4389
vn 0.4595 0.3967 0.7947
vn 0.8359 -0.4920 0.2432
vn 0.1028 -0.7712 -0.6283
vn -0.7617 0.0309 -0.6472
vn -0.5592 0.8011 0.2132
vn 0.4268 0.4829 0.7646
vn -0.1117 -0.8951 0.4316
vn 0.5352 0.5622 -0.6304
vt 1.167785 6.159408
vt 1.100311 6.128013
vt 1.254051 6.751794
vt 1.304036 6.782251
vt 0.927940 6.140004
vt 1.101548 6.763428
vt 0.888884 6.178811
vt 1.057281 6.801075
vt 1.037116 6.190803
vt 1.182426 6.812709
vt 1.489772 7.235346
vt 1.518789 7.267766
vt 1.360659 7.247729
vt 1.309879 7.287803
vt 1.407609 7.300186
vt 1.798123 7.581091
vt 1.815647 7.615952
vt 1.695890 7.594407
vt 1.650231 7.637496
vt 1.724245 7.650812
vt 2.185701 7.794774
vt 2.200420 7.826808
vt 2.105509 7.807010
vt 2.070666 7.846606
vt 2.129324 7.858842
s 0
usemtl PetioleMat
f 852/854/629 853/855/629 858/856/629 857/857/629
f 853/855/630 854/858/630 859/859/630 858/856/630
f 854/858/631 855/860/631 860/861/631 859/859/631
f 855/860/632 856/862/632 861/863/632 860/861/632
f 856/862/633 852/854/633 857/857/633 861/863/633
f 857/857/634 858/856/634 863/864/634 862/865/634
f 858/856/635 859/859/635 864/866/635 863/864/635
f 859/859/636 860/861/636 865/867/636 864/866/636
f 860/861/637 861/863/637 866/868/637 865/867/637
f 861/863/638 857/857/638 862/865/638 866/868/638
f 862/865/639 863/864/639 868/869/639 867/870/639
f 863/864/640 864/866/640 869/871/640 868/869/640
f 864/866/641 865/867/641 870/872/641 869/871/641
f 865/867/642 866/868/642 871/873/642 870/872/642
f 866/868/643 862/865/643 867/870/643 871/873/643
f 867/870/644 868/869/644 873/874/644 872/875/644
f 868/869/645 869/871/645 874/876/645 873/874/645
f 869/871/646 870/872/646 875/877/646 874/876/646
f 870/872/647 871/873/647 876/878/647 875/877/647
f 871/873/648 867/870/648 872/875/648 876/878/648
f 856/862/649 855/860/649 854/858/649 853/855/649 852/854/649
f 872/875/650 873/874/650 874/876/650 875/877/650 876/878/650
o Leaf_015
v 0.413076 1.946878 -0.309010
v 0.267291 1.956702 -0.404354
v 0.121505 1.966526 -0.499699
v 0.475529 1.998365 -0.399197
v 0.329766 1.966554 -0.498867
v 0.183958 2.018013 -0.589886
v 0.537992 2.030026 -0.491444
v 0.392246 1.967736 -0.594280
v 0.246421 2.049674 -0.682133
v 0.600477 2.022671 -0.587744
v 0.454737 1.949225 -0.691738
v 0.308906 2.042320 -0.778433
v 0.662979 1.985384 -0.687153
v 0.517232 1.923094 -0.789988
v 0.371408 2.005033 -0.877842
v 0.725488 1.933854 -0.788041
v 0.579725 1.902043 -0.887711
v 0.433917 1.953502 -0.978730
v 0.787993 1.888947 -0.888241
v 0.642208 1.898772 -0.983586
v 0.496422 1.908596 -1.078931
vn -0.1972 0.9625 0.1863
vn -0.0014 0.9493 0.3143
vn -0.2906 0.9565 -0.0261
vn 0.2290 0.9215 0.3138
vn -0.2370 0.9312 -0.2771
vn 0.4346 0.8859 0.1621
vn -0.1495 0.9101 -0.3865
vn 0.4979 0.8664 0.0369
vn -0.0446 0.9289 -0.3675
vn 0.4407 0.8962 -0.0501
vn 0.0610 0.9776 -0.2014
vn 0.2517 0.9648 -0.0766
vt -0.000000 -0.000000
vt -0.000000 0.166667
vt 0.500000 0.166667
vt 0.500000 0.000000
vt 1.000000 0.166667
vt 1.000000 0.000000
vt -0.000000 0.333333
vt 0.500000 0.333333
vt 1.000000 0.333333
vt 0.000000 0.500000
vt 0.500000 0.500000
vt 1.000000 0.500000
vt 0.000000 0.666667
vt 0.500000 0.666667
vt 1.000000 0.666667
vt -0.000000 0.833333
vt 0.500000 0.833333
vt 1.000000 0.833333
vt -0.000000 1.000000
vt 0.500000 1.000000
vt 1.000000 1.000000
s 0
usemtl LeafMat
f 877/879/651 880/880/651 881/881/651 878/882/651
f 878/882/652 881/881/652 882/883/652 879/884/652
f 880/880/653 883/885/653 884/886/653 881/881/653
f 881/881/654 884/886/654 885/887/654 882/883/654
f 883/885/655 886/888/655 887/889/655 884/886/655
f 884/886/656 887/889/656 888/890/656 885/887/656
f 886/888/657 889/891/657 890/892/657 887/889/657
f 887/889/658 890/892/658 891/893/658 888/890/658
f 889/891/659 892/894/659 893/895/659 890/892/659
f 890/892/660 893/895/660 894/896/660 891/893/660
f 892/894/661 895/897/661 896/898/661 893/895/661
f 893/895/662 896/898/662 897/899/662 894/896/662
o Petiole_016
v -0.104954 1.542213 0.062351
v -0.111658 1.536239 0.081809
v -0.095283 1.538521 0.095445
v -0.078460 1.545906 0.084414
v -0.084436 1.548188 0.063961
v -0.203394 1.865414 0.129355
v -0.208774 1.859732 0.146690
v -0.193977 1.861902 0.158441
v -0.179453 1.868925 0.148369
v -0.185273 1.871095 0.130392
v -0.298484 2.141698 0.201094
v -0.302170 2.135969 0.216242
v -0.288862 2.138157 0.225935
v -0.276951 2.145238 0.216778
v -0.282898 2.147427 0.201426
v -0.389877 2.371065 0.277331
v -0.392039 2.365295 0.290121
v -0.380404 2.367499 0.297953
v -0.371051 2.374631 0.290003
v -0.376905 2.376835 0.277257
v -0.477383 2.553516 0.357870
v -0.478754 2.548318 0.368359
v -0.469024 2.550304 0.374708
v -0.461639 2.556729 0.368142
v -0.466805 2.558715 0.357736
vn -0.9100 -0.2012 -0.3626
vn -0.5698 -0.3219 0.7561
vn 0.5558 0.0084 0.8313
vn 0.9114 0.3335 -0.2411
vn 0.0056 0.2039 -0.9790
vn -0.9147 -0.2264 -0.3348
vn -0.5268 -0.3694 0.7655
vn 0.5865 0.0050 0.8099
vn 0.8868 0.3796 -0.2635
vn -0.0407 0.2366 -0.9708
vn -0.9166 -0.2639 -0.3005
vn -0.4669 -0.4304 0.7725
vn 0.6246 0.0055 0.7809
vn 0.8497 0.4419 -0.2878
vn -0.1023 0.2755 -0.9558
vn -0.9076 -0.3095 -0.2836
vn -0.4022 -0.5138 0.7578
vn 0.6548 0.0008 0.7558
vn 0.8024 0.5231 -0.2873
vn -0.1626 0.3315 -0.9293
vn 0.2882 -0.9388 -0.1889
vn -0.4074 0.8383 0.3622
vt -0.839632 6.168853
vt -0.893263 6.144956
vt -1.670189 7.438930
vt -1.627152 7.461655
vt -0.762267 6.154084
vt -1.551816 7.447610
vt -0.627678 6.183623
vt -1.435621 7.475699
vt -0.675492 6.192751
vt -1.482181 7.484380
vt -2.417357 8.543877
vt -2.387870 8.566792
vt -2.310895 8.552629
vt -2.215611 8.580954
vt -2.263184 8.589706
vt -3.136316 9.461180
vt -3.119014 9.484261
vt -3.043234 9.469995
vt -2.968405 9.498526
vt -3.015239 9.507341
vt -3.830030 10.193273
vt -3.819061 10.214066
vt -3.752188 10.201215
vt -3.693111 10.226916
vt -3.734441 10.234859
s 0
usemtl PetioleMat
f 898/900/663 899/901/663 904/902/663 903/903/663
f 899/901/664 900/904/664 905/905/664 904/902/664
f 900/904/665 901/906/665 906/907/665 905/905/665
f 901/906/666 902/908/666 907/909/666 906/907/666
f 902/908/667 898/900/667 903/903/667 907/909/667
f 903/903/668 904/902/668 909/910/668 908/911/668
f 904/902/669 905/905/669 910/912/669 909/910/669
f 905/905/670 906/907/670 911/913/670 910/912/670
f 906/907/671 907/909/671 912/914/671 911/913/671
f 907/909/672 903/903/672 908/911/672 912/914/672
f 908/911/673 909/910/673 914/915/673 913/916/673
f 909/910/674 910/912/674 915/917/674 914/915/674
f 910/912/675 911/913/675 916/918/675 915/917/675
f 911/913/676 912/914/676 917/919/676 916/918/676
f 912/914/677 908/911/677 913/916/677 917/919/677
f 913/916/678 914/915/678 919/920/678 918/921/678
f 914/915/679 915/917/679 920/922/679 919/920/679
f 915/917/680 916/918/680 921/923/680 920/922/680
f 916/918/681 917/919/681 922/924/681 921/923/681
f 917/919/682 913/916/682 918/921/682 922/924/682
f 902/908/683 901/906/683 900/904/683 899/901/683 898/900/683
f 918/921/684 919/920/684 920/922/684 921/923/684 922/924/684
o Leaf_016
v -0.613408 2.581305 0.173532
v -0.470721 2.553516 0.365363
v -0.328034 2.525728 0.557193
v -0.737494 2.669842 0.278655
v -0.607168 2.583997 0.471270
v -0.452120 2.614266 0.662316
v -0.867545 2.730363 0.384156
v -0.746267 2.602018 0.577345
v -0.582171 2.674787 0.767817
v -1.009359 2.735636 0.490404
v -0.891393 2.591735 0.683803
v -0.723985 2.680060 0.874065
v -1.160128 2.698846 0.597219
v -1.038851 2.570501 0.790408
v -0.874754 2.643270 0.980880
v -1.315080 2.642412 0.704300
v -1.184754 2.556567 0.896915
v -1.029706 2.586836 1.087961
v -1.467903 2.595976 0.811246
v -1.325216 2.568187 1.003077
v -1.182529 2.540399 1.194907
vn 0.4042 0.9145 -0.0167
vn 0.2611 0.9424 -0.2091
vn 0.4239 0.8805 0.2124
vn 0.0458 0.9541 -0.2960
vn 0.2966 0.8575 0.4203
vn -0.1917 0.9526 -0.2362
vn 0.1830 0.8535 0.4878
vn -0.2898 0.9456 -0.1478
vn 0.0981 0.8959 0.4334
vn -0.2577 0.9652 -0.0451
vn 0.0613 0.9682 0.2426
vn -0.0785 0.9954 0.0546
vt -0.000000 0.000000
vt -0.000000 0.166667
vt 0.500000 0.166667
vt 0.500000 0.000000
vt 1.000000 0.166667
vt 1.000000 -0.000000
vt 0.000000 0.333333
vt 0.500000 0.333333
vt 1.000000 0.333333
vt -0.000000 0.500000
vt 0.500000 0.500000
vt 1.000000 0.500000
vt -0.000000 0.666667
vt 0.500000 0.666667
vt 1.000000 0.666667
vt -0.000000 0.833333
vt 0.500000 0.833333
vt 1.000000 0.833333
vt -0.000000 1.000000
vt 0.500000 1.000000
vt 1.000000 1.000000
s 0
usemtl LeafMat
f 923/925/685 926/926/685 927/927/685 924/928/685
f 924/928/686 927/927/686 928/929/686 925/930/686
f 926/926/687 929/931/687 930/932/687 927/927/687
f 927/927/688 930/932/688 931/933/688 928/929/688
f 929/931/689 932/934/689 933/935/689 930/932/689
f 930/932/690 933/935/690 934/936/690 931/933/690
f 932/934/691 935/937/691 936/938/691 933/935/691
f 933/935/692 936/938/692 937/939/692 934/936/692
f 935/937/693 938/940/693 939/941/693 936/938/693
f 936/938/694 939/941/694 940/942/694 937/939/694
f 938/940/695 941/943/695 942/944/695 939/941/695
f 939/941/696 942/944/696 943/945/696 940/942/696
o Petiole_017
v 0.078494 1.530836 -0.078169
v 0.072205 1.524470 -0.097800
v 0.050806 1.526902 -0.099060
v 0.043869 1.534771 -0.080208
v 0.060981 1.537203 -0.067297
v 0.119830 1.852689 -0.196535
v 0.114958 1.846545 -0.214002
v 0.096065 1.848892 -0.216043
v 0.089262 1.856486 -0.199836
v 0.103949 1.858833 -0.187780
v 0.170260 2.116673 -0.309773
v 0.167065 2.110258 -0.324880
v 0.150865 2.112708 -0.328212
v 0.144048 2.120637 -0.315165
v 0.156035 2.123087 -0.303769
v 0.230062 2.322787 -0.418555
v 0.227992 2.316022 -0.430974
v 0.214596 2.318606 -0.435232
v 0.208386 2.326968 -0.425445
v 0.217944 2.329552 -0.415138
v 0.299554 2.471032 -0.523247
v 0.297950 2.464813 -0.533224
v 0.287069 2.467189 -0.537316
v 0.281948 2.474876 -0.529868
v 0.289664 2.477252 -0.521173
vn 0.9543 -0.2041 -0.2183
vn 0.0360 -0.3445 -0.9381
vn -0.9314 -0.0026 -0.3639
vn -0.6106 0.3492 0.7108
vn 0.5549 0.2246 0.8010
vn 0.9586 -0.2467 -0.1423
vn 0.0845 -0.4025 -0.9115
vn -0.9055 0.0051 -0.4243
vn -0.6422 0.4127 0.6460
vn 0.5098 0.2573 0.8209
vn 0.9533 -0.2997 -0.0388
vn 0.1380 -0.4880 -0.8619
vn -0.8666 0.0063 -0.4989
vn -0.6699 0.4997 0.5491
vn 0.4543 0.3114 0.8347
vn 0.9210 -0.3830 0.0710
vn 0.1450 -0.6066 -0.7817
vn -0.8280 0.0174 -0.5605
vn -0.6515 0.6257 0.4290
vn 0.4285 0.3795 0.8200
vn -0.1260 -0.9311 0.3423
vn 0.3671 0.7617 -0.5339
vt 0.627951 6.123345
vt 0.577640 6.097879
vt 0.919660 7.386181
vt 0.958642 7.410756
vt 0.406446 6.107606
vt 0.768520 7.395568
vt 0.350953 6.139084
vt 0.714092 7.425944
vt 0.487850 6.148811
vt 0.831595 7.435331
vt 1.336517 8.441033
vt 1.362080 8.466690
vt 1.206917 8.450833
vt 1.152382 8.482547
vt 1.248278 8.492347
vt 1.823938 9.264088
vt 1.840493 9.291148
vt 1.716765 9.274424
vt 1.667084 9.307873
vt 1.743552 9.318209
vt 2.383603 9.859252
vt 2.396433 9.884130
vt 2.296553 9.868754
vt 2.255584 9.899505
vt 2.317313 9.909007
s 0
usemtl PetioleMat
f 944/946/697 945/947/697 950/948/697 949/949/697
f 945/947/698 946/950/698 951/951/698 950/948/698
f 946/950/699 947/952/699 952/953/699 951/951/699
f 947/952/700 948/954/700 953/955/700 952/953/700
f 948/954/701 944/946/701 949/949/701 953/955/701
f 949/949/702 950/948/702 955/956/702 954/957/702
f 950/948/703 951/951/703 956/958/703 955/956/703
f 951/951/704 952/953/704 957/959/704 956/958/704
f 952/953/705 953/955/705 958/960/705 957/959/705
f 953/955/706 949/949/706 954/957/706 958/960/706
f 954/957/707 955/956/707 960/961/707 959/962/707
f 955/956/708 956/958/708 961/963/708 960/961/708
f 956/958/709 957/959/709 962/964/709 961/963/709
f 957/959/710 958/960/710 963/965/710 962/964/710
f 958/960/711 954/957/711 959/962/711 963/965/711
f 959/962/712 960/961/712 965/966/712 964/967/712
f 960/961/713 961/963/713 966/968/713 965/966/713
f 961/963/714 962/964/714 967/969/714 966/968/714
f 962/964/715 963/965/715 968/970/715 967/969/715
f 963/965/716 959/962/716 964/967/716 968/970/716
f 948/954/717 947/952/717 946/950/717 945/947/717 944/946/717
f 964/967/718 965/966/718 966/968/718 967/969/718 968/970/718
o Leaf_017
v 0.485874 2.458488 -0.424330
v 0.291237 2.471032 -0.528966
v 0.096600 2.483577 -0.633601
v 0.552441 2.531259 -0.539428
v 0.359422 2.495980 -0.652808
v 0.163167 2.556349 -0.748700
v 0.619829 2.579761 -0.658964
v 0.427994 2.509474 -0.778744
v 0.230555 2.604851 -0.868236
v 0.688848 2.580049 -0.787315
v 0.497447 2.496947 -0.909437
v 0.299574 2.605139 -0.996587
v 0.759075 2.544641 -0.922191
v 0.567240 2.474353 -1.041971
v 0.369801 2.569731 -1.131463
v 0.829826 2.493750 -1.059899
v 0.636806 2.458471 -1.173278
v 0.440551 2.518840 -1.269170
v 0.900215 2.453536 -1.195654
v 0.705578 2.466080 -1.300290
v 0.510941 2.478625 -1.404925
vn -0.2062 0.9409 0.2685
vn -0.0168 0.9287 0.3704
vn -0.3039 0.9500 0.0716
vn 0.2013 0.9174 0.3432
vn -0.2623 0.9471 -0.1850
vn 0.3916 0.9049 0.1666
vn -0.1852 0.9358 -0.3000
vn 0.4439 0.8952 0.0383
vn -0.0899 0.9546 -0.2838
vn 0.3803 0.9243 -0.0311
vn 0.0085 0.9929 -0.1187
vn 0.1930 0.9810 -0.0195
vt 0.000000 0.000000
vt 0.000000 0.166667
vt 0.500000 0.166667
vt 0.500000 0.000000
vt 1.000000 0.166667
vt 1.000000 0.000000
vt 0.000000 0.333333
vt 0.500000 0.333333
vt 1.000000 0.333333
vt 0.000000 0.500000
vt 0.500000 0.500000
vt 1.000000 0.500000
vt 0.000000 0.666667
vt 0.500000 0.666667
vt 1.000000 0.666667
vt 0.000000 0.833334
vt 0.500000 0.833334
vt 1.000000 0.833334
vt 0.000000 1.000000
vt 0.500000 1.000000
vt 1.000000 1.000000
s 0
usemtl LeafMat
f 969/971/719 972/972/719 973/973/719 970/974/719
f 970/974/720 973/973/720 974/975/720 971/976/720
f 972/972/721 975/977/721 976/978/721 973/973/721
f 973/973/722 976/978/722 977/979/722 974/975/722
f 975/977/723 978/980/723 979/981/723 976/978/723
f 976/978/724 979/981/724 980/982/724 977/979/724
f 978/980/725 981/983/725 982/984/725 979/981/725
f 979/981/726 982/984/726 983/985/726 980/982/726
f 981/983/727 984/986/727 985/987/727 982/984/727
f 982/984/728 985/987/728 986/988/728 983/985/728
f 984/986/729 987/989/729 988/990/729 985/987/729
f 985/987/730 988/990/730 989/991/730 986/988/730
o Petiole_018
v -0.166737 1.536655 -0.144032
v -0.191092 1.525671 -0.141972
v -0.199987 1.529867 -0.117045
v -0.181129 1.543444 -0.103700
v -0.160580 1.547640 -0.120378
v -0.312418 1.837953 -0.243983
v -0.333758 1.827579 -0.242377
v -0.342229 1.831541 -0.220511
v -0.326124 1.844364 -0.208603
v -0.307700 1.848326 -0.223109
v -0.453588 2.092136 -0.349217
v -0.471602 2.081873 -0.348019
v -0.479998 2.085793 -0.329433
v -0.467172 2.098479 -0.319145
v -0.450850 2.102399 -0.331372
v -0.590588 2.299206 -0.459987
v -0.605206 2.289194 -0.458865
v -0.613312 2.293018 -0.443541
v -0.603704 2.305394 -0.435191
v -0.589660 2.309218 -0.445356
v -0.723606 2.459162 -0.576479
v -0.735343 2.450314 -0.575398
v -0.742462 2.453694 -0.562943
v -0.735125 2.464630 -0.556328
v -0.723471 2.468010 -0.564693
vn 0.0586 -0.2893 -0.9554
vn -0.8474 -0.4781 -0.2311
vn -0.5860 0.0009 0.8103
vn 0.4819 0.4857 0.7293
vn 0.8804 0.3063 -0.3620
vn 0.1065 -0.3305 -0.9378
vn -0.8104 -0.5375 -0.2331
vn -0.6119 0.0058 0.7909
vn 0.4281 0.5486 0.7182
vn 0.8725 0.3411 -0.3498
vn 0.1692 -0.3766 -0.9108
vn -0.7573 -0.6117 -0.2288
vn -0.6432 0.0064 0.7656
vn 0.3547 0.6235 0.6967
vn 0.8574 0.3875 -0.3387
vn 0.2385 -0.4347 -0.8684
vn -0.6883 -0.6984 -0.1961
vn -0.6707 0.0114 0.7417
vn 0.2674 0.7131 0.6481
vn 0.8295 0.4382 -0.3462
vn 0.4136 -0.8621 0.2927
vn -0.5511 0.6703 -0.4969
vt -1.333897 6.146621
vt -1.528736 6.102684
vt -2.670065 7.310316
vt -2.499345 7.351810
vt -1.599894 6.119466
vt -2.737829 7.326165
vt -1.449032 6.173776
vt -2.608989 7.377456
vt -1.284637 6.190558
vt -2.461598 7.393305
vt -3.772819 8.327493
vt -3.628703 8.368545
vt -3.839983 8.343173
vt -3.737377 8.393916
vt -3.606799 8.409596
vt -4.841645 9.156776
vt -4.724706 9.196824
vt -4.906492 9.172073
vt -4.829631 9.221575
vt -4.717281 9.236872
vt -5.882742 9.801256
vt -5.788846 9.836648
vt -5.939697 9.814775
vt -5.881000 9.858521
vt -5.787769 9.872040
s 0
usemtl PetioleMat
f 990/992/731 991/993/731 996/994/731 995/995/731
f 991/993/732 992/996/732 997/997/732 996/994/732
f 992/996/733 993/998/733 998/999/733 997/997/733
f 993/998/734 994/1000/734 999/1001/734 998/999/734
f 994/1000/735 990/992/735 995/995/735 999/1001/735
f 995/995/736 996/994/736 1001/1002/736 1000/1003/736
f 996/994/737 997/997/737 1002/1004/737 1001/1002/737
f 997/997/738 998/999/738 1003/1005/738 1002/1004/738
f 998/999/739 999/1001/739 1004/1006/739 1003/1005/739
f 999/1001/740 995/995/740 1000/1003/740 1004/1006/740
f 1000/1003/741 1001/1002/741 1006/1007/741 1005/1008/741
f 1001/1002/742 1002/1004/742 1007/1009/742 1006/1007/742
f 1002/1004/743 1003/1005/743 1008/1010/743 1007/1009/743
f 1003/1005/744 1004/1006/744 1009/1011/744 1008/1010/744
f 1004/1006/745 1000/1003/745 1005/1008/745 1009/1011/745
f 1005/1008/746 1006/1007/746 1011/1012/746 1010/1013/746
f 1006/1007/747 1007/1009/747 1012/1014/747 1011/1012/747
f 1007/1009/748 1008/1010/748 1013/1015/748 1012/1014/748
f 1008/1010/749 1009/1011/749 1014/1016/749 1013/1015/749
f 1009/1011/750 1005/1008/750 1010/1013/750 1014/1016/750
f 994/1000/751 993/998/751 992/996/751 991/993/751 990/992/751
f 1010/1013/752 1011/1012/752 1012/1014/752 1013/1015/752 1014/1016/752
o Leaf_018
v -0.592633 2.471576 -0.743463
v -0.732001 2.459162 -0.567168
v -0.871370 2.446748 -0.390873
v -0.721346 2.543551 -0.840148
v -0.865135 2.488883 -0.670322
v -1.000083 2.518723 -0.487557
v -0.852448 2.592698 -0.940328
v -0.999472 2.507098 -0.775238
v -1.131184 2.567870 -0.587737
v -0.988335 2.596097 -1.047512
v -1.136543 2.499175 -0.884156
v -1.267071 2.571269 -0.694922
v -1.127648 2.566740 -1.159712
v -1.274672 2.481139 -0.994623
v -1.406385 2.541911 -0.807122
v -1.268308 2.524514 -1.273882
v -1.412096 2.469846 -1.104057
v -1.547044 2.499685 -0.921292
v -1.407683 2.494564 -1.386173
v -1.547052 2.482150 -1.209878
v -1.686420 2.469735 -1.033583
vn 0.1398 0.9445 0.2974
vn 0.2566 0.9549 0.1497
vn -0.0390 0.9333 0.3570
vn 0.2735 0.9611 -0.0383
vn -0.2465 0.9241 0.2920
vn 0.1626 0.9606 -0.2255
vn -0.3294 0.9194 0.2148
vn 0.0688 0.9549 -0.2889
vn -0.2946 0.9453 0.1401
vn 0.0027 0.9718 -0.2359
vn -0.1307 0.9878 0.0845
vn -0.0160 0.9980 -0.0606
vt -0.000000 -0.000000
vt 0.000000 0.166667
vt 0.500000 0.166667
vt 0.500000 0.000000
vt 1.000000 0.166667
vt 1.000000 0.000000
vt -0.000000 0.333333
vt 0.500000 0.333333
vt 1.000000 0.333334
vt -0.000000 0.500000
vt 0.500000 0.500000
vt 1.000000 0.500000
vt -0.000000 0.666667
vt 0.500000 0.666667
vt 1.000000 0.666667
vt -0.000000 0.833333
vt 0.500000 0.833333
vt 1.000000 0.833333
vt 0.000000 1.000000
vt 0.500000 1.000000
vt 1.000000 1.000000
s 0
usemtl LeafMat
f 1015/1017/753 1018/1018/753 1019/1019/753 1016/1020/753
f 1016/1020/754 1019/1019/754 1020/1021/754 1017/1022/754
f 1018/1018/755 1021/1023/755 1022/1024/755 1019/1019/755
f 1019/1019/756 1022/1024/756 1023/1025/756 1020/1021/756
f 1021/1023/757 1024/1026/757 1025/1027/757 1022/1024/757
f 1022/1024/758 1025/1027/758 1026/1028/758 1023/1025/758
f 1024/1026/759 1027/1029/759 1028/1030/759 1025/1027/759
f 1025/1027/760 1028/1030/760 1029/1031/760 1026/1028/760
f 1027/1029/761 1030/1032/761 1031/1033/761 1028/1030/761
f 1028/1030/762 1031/1033/762 1032/1034/762 1029/1031/762
f 1030/1032/763 1033/1035/763 1034/1036/763 1031/1033/763
f 1031/1033/764 1034/1036/764 1035/1037/764 1032/1034/764
o Petiole_019
v -0.119363 1.542723 0.148900
v -0.141302 1.535349 0.163523
v -0.132922 1.529261 0.188865
v -0.105804 1.532873 0.189905
v -0.097424 1.541193 0.165205
v -0.165726 1.725917 0.217771
v -0.159862 1.719381 0.240427
v -0.135829 1.721878 0.242979
v -0.126839 1.729956 0.221902
v -0.145316 1.732453 0.206322
v -0.184742 1.882546 0.277363
v -0.177251 1.875705 0.295997
v -0.156195 1.878318 0.295958
v -0.150673 1.886774 0.277298
v -0.168316 1.889387 0.265806
v -0.196726 2.006167 0.338446
v -0.188403 1.998843 0.352800
v -0.170576 2.001640 0.350974
v -0.167881 2.010695 0.335490
v -0.184042 2.013492 0.327748
v -0.201699 2.096781 0.400137
v -0.194149 2.089973 0.411245
v -0.179464 2.092573 0.409165
v -0.177939 2.100988 0.396772
v -0.191681 2.103589 0.391192
vn -0.9176 -0.0045 -0.3974
vn -0.6433 -0.2840 0.7110
vn 0.5171 -0.1543 0.8419
vn 0.9609 0.2055 -0.1857
vn 0.0739 0.2981 -0.9517
vn -0.9494 -0.1996 0.2424
vn -0.0153 -0.3295 0.9440
vn 0.9376 0.0121 0.3475
vn 0.5925 0.3535 -0.7239
vn -0.5733 0.2226 -0.7885
vn -0.9112 -0.2440 0.3320
vn 0.0997 -0.4025 0.9100
vn 0.9705 0.0138 0.2407
vn 0.4974 0.4308 -0.7530
vn -0.6644 0.2715 -0.6963
vn -0.8752 -0.3016 0.3782
vn 0.1864 -0.5193 0.8340
vn 0.9884 0.0033 0.1517
vn 0.4215 0.5433 -0.7260
vn -0.7282 0.3551 -0.5862
vn 0.1373 -0.9519 -0.2741
vn -0.0683 0.8293 0.5547
vt -0.954906 6.170893
vt -1.130418 6.141396
vt -1.278899 6.877524
vt -1.325806 6.903668
vt -1.063378 6.117044
vt -1.086630 6.887510
vt -0.846434 6.131491
vt -1.014709 6.919826
vt -0.779394 6.164772
vt -1.162527 6.929811
vt -1.418005 7.502820
vt -1.477934 7.530184
vt -1.249558 7.513272
vt -1.205382 7.547096
vt -1.346526 7.557549
vt -1.507226 7.995370
vt -1.573807 8.024670
vt -1.364610 8.006561
vt -1.343049 8.042778
vt -1.472340 8.053969
vt -1.553191 8.359891
vt -1.613593 8.387123
vt -1.435714 8.370293
vt -1.423510 8.403954
vt -1.533445 8.414355
s 0
usemtl PetioleMat
f 1036/1038/765 1037/1039/765 1042/1040/765 1041/1041/765
f 1037/1039/766 1038/1042/766 1043/1043/766 1042/1040/766
f 1038/1042/767 1039/1044/767 1044/1045/767 1043/1043/767
f 1039/1044/768 1040/1046/768 1045/1047/768 1044/1045/768
f 1040/1046/769 1036/1038/769 1041/1041/769 1045/1047/769
f 1041/1041/770 1042/1040/770 1047/1048/770 1046/1049/770
f 1042/1040/771 1043/1043/771 1048/1050/771 1047/1048/771
f 1043/1043/772 1044/1045/772 1049/1051/772 1048/1050/772
f 1044/1045/773 1045/1047/773 1050/1052/773 1049/1051/773
f 1045/1047/774 1041/1041/774 1046/1049/774 1050/1052/774
f 1046/1049/775 1047/1048/775 1052/1053/775 1051/1054/775
f 1047/1048/776 1048/1050/776 1053/1055/776 1052/1053/776
f 1048/1050/777 1049/1051/777 1054/1056/777 1053/1055/777
f 1049/1051/778 1050/1052/778 1055/1057/778 1054/1056/778
f 1050/1052/779 1046/1049/779 1051/1054/779 1055/1057/779
f 1051/1054/780 1052/1053/780 1057/1058/780 1056/1059/780
f 1052/1053/781 1053/1055/781 1058/1060/781 1057/1058/781
f 1053/1055/782 1054/1056/782 1059/1061/782 1058/1060/782
f 1054/1056/783 1055/1057/783 1060/1062/783 1059/1061/783
f 1055/1057/784 1051/1054/784 1056/1059/784 1060/1062/784
f 1040/1046/785 1039/1044/785 1038/1042/785 1037/1039/785 1036/1038/785
f 1056/1059/786 1057/1058/786 1058/1060/786 1059/1061/786 1060/1062/786
o Leaf_019
v -0.361497 2.081480 0.322013
v -0.188986 2.096781 0.401702
v -0.016476 2.112081 0.481392
v -0.418187 2.141048 0.433298
v -0.243917 2.108001 0.518462
v -0.073166 2.171649 0.592677
v -0.474007 2.176675 0.547294
v -0.298449 2.108236 0.636465
v -0.128986 2.207276 0.706673
v -0.528101 2.164909 0.666656
v -0.352072 2.083515 0.757294
v -0.183080 2.195510 0.826035
v -0.580902 2.117579 0.790045
v -0.405344 2.049140 0.879215
v -0.235881 2.148180 0.949424
v -0.633120 2.054248 0.915245
v -0.458850 2.021201 1.000409
v -0.288099 2.084849 1.074624
v -0.685686 2.000492 1.039361
v -0.513175 2.015792 1.119051
v -0.340665 2.031093 1.198740
vn 0.1552 0.9624 -0.2228
vn -0.0702 0.9424 -0.3269
vn 0.2845 0.9586 -0.0129
vn -0.3109 0.9058 -0.2879
vn 0.2634 0.9292 0.2593
vn -0.4991 0.8616 -0.0929
vn 0.1894 0.9041 0.3830
vn -0.5419 0.8392 0.0452
vn 0.0802 0.9230 0.3763
vn -0.4699 0.8742 0.1222
vn -0.0522 0.9753 0.2147
vn -0.2708 0.9559 0.1137
vt -0.000000 0.000000
vt -0.000000 0.166667
vt 0.500000 0.166667
vt 0.500000 0.000000
vt 1.000000 0.166667
vt 1.000000 0.000000
vt -0.000000 0.333333
vt 0.500000 0.333333
vt 1.000000 0.333333
vt -0.000000 0.500000
vt 0.500000 0.500000
vt 1.000000 0.500000
vt -0.000000 0.666667
vt 0.500000 0.666667
vt 1.000000 0.666667
vt -0.000000 0.833333
vt 0.500000 0.833334
vt 1.000000 0.833333
vt 0.000000 1.000000
vt 0.500000 1.000000
vt 1.000000 1.000000
s 0
usemtl LeafMat
f 1061/1063/787 1064/1064/787 1065/1065/787 1062/1066/787
f 1062/1066/788 1065/1065/788 1066/1067/788 1063/1068/788
f 1064/1064/789 1067/1069/789 1068/1070/789 1065/1065/789
f 1065/1065/790 1068/1070/790 1069/1071/790 1066/1067/790
f 1067/1069/791 1070/1072/791 1071/1073/791 1068/1070/791
f 1068/1070/792 1071/1073/792 1072/1074/792 1069/1071/792
f 1070/1072/793 1073/1075/793 1074/1076/793 1071/1073/793
f 1071/1073/794 1074/1076/794 1075/1077/794 1072/1074/794
f 1073/1075/795 1076/1078/795 1077/1079/795 1074/1076/795
f 1074/1076/796 1077/1079/796 1078/1080/796 1075/1077/796
f 1076/1078/797 1079/1081/797 1080/1082/797 1077/1079/797
f 1077/1079/798 1080/1082/798 1081/1083/798 1078/1080/798
o Petiole_020
v -0.291126 1.529993 -0.077695
v -0.315532 1.519629 -0.063263
v -0.311238 1.523588 -0.033644
v -0.284178 1.536399 -0.029771
v -0.271748 1.540358 -0.056996
v -0.380864 1.725275 -0.087584
v -0.402783 1.715194 -0.075931
v -0.400626 1.719045 -0.049504
v -0.377373 1.731506 -0.044824
v -0.365160 1.735357 -0.068358
v -0.467208 1.879666 -0.106276
v -0.486218 1.868960 -0.097825
v -0.487189 1.873049 -0.074809
v -0.468778 1.886283 -0.069035
v -0.456430 1.890372 -0.088482
v -0.551412 1.993166 -0.134021
v -0.566577 1.981717 -0.127778
v -0.570131 1.986090 -0.108588
v -0.557162 2.000242 -0.102970
v -0.545593 2.004615 -0.118688
v -0.634188 2.065774 -0.171300
v -0.645975 2.055251 -0.166199
v -0.650047 2.059271 -0.150612
v -0.640776 2.072278 -0.146079
v -0.630975 2.076298 -0.158864
vn -0.3978 -0.2314 -0.8878
vn -0.9040 -0.3967 0.1593
vn -0.1675 -0.0003 0.9859
vn 0.7940 0.4102 0.4486
vn 0.6519 0.2673 -0.7097
vn -0.3015 -0.2859 -0.9096
vn -0.8774 -0.4699 0.0965
vn -0.2499 0.0112 0.9682
vn 0.7135 0.4921 0.4987
vn 0.6829 0.3090 -0.6620
vn -0.1655 -0.3550 -0.9201
vn -0.8138 -0.5804 0.0291
vn -0.3518 0.0137 0.9360
vn 0.5826 0.6056 0.5420
vn 0.7004 0.3793 -0.6046
vn 0.0007 -0.4594 -0.8882
vn -0.6842 -0.7288 0.0259
vn -0.4424 0.0273 0.8964
vn 0.3917 0.7606 0.5177
vn 0.6666 0.4636 -0.5837
vn 0.4201 -0.9055 0.0601
vn -0.7038 0.6215 -0.3441
vt -2.329007 6.119973
vt -2.524260 6.078515
vt -3.222264 6.860775
vt -3.046910 6.901101
vt -2.489906 6.094350
vt -3.205005 6.876178
vt -2.273421 6.145595
vt -3.018985 6.926024
vt -2.173981 6.161431
vt -2.921277 6.941427
vt -3.889745 7.475841
vt -3.737664 7.518665
vt -3.897510 7.492198
vt -3.750228 7.545132
vt -3.651437 7.561489
vt -4.532619 7.926869
vt -4.411299 7.972664
vt -4.561044 7.944361
vt -4.457292 8.000967
vt -4.364744 8.018459
vt -5.167803 8.221004
vt -5.073503 8.263098
vt -5.200378 8.237082
vt -5.126211 8.289113
vt -5.047798 8.305192
s 0
usemtl PetioleMat
f 1082/1084/799 1083/1085/799 1088/1086/799 1087/1087/799
f 1083/1085/800 1084/1088/800 1089/1089/800 1088/1086/800
f 1084/1088/801 1085/1090/801 1090/1091/801 1089/1089/801
f 1085/1090/802 1086/1092/802 1091/1093/802 1090/1091/802
f 1086/1092/803 1082/1084/803 1087/1087/803 1091/1093/803
f 1087/1087/804 1088/1086/804 1093/1094/804 1092/1095/804
f 1088/1086/805 1089/1089/805 1094/1096/805 1093/1094/805
f 1089/1089/806 1090/1091/806 1095/1097/806 1094/1096/806
f 1090/1091/807 1091/1093/807 1096/1098/807 1095/1097/807
f 1091/1093/808 1087/1087/808 1092/1095/808 1096/1098/808
f 1092/1095/809 1093/1094/809 1098/1099/809 1097/1100/809
f 1093/1094/810 1094/1096/810 1099/1101/810 1098/1099/810
f 1094/1096/811 1095/1097/811 1100/1102/811 1099/1101/811
f 1095/1097/812 1096/1098/812 1101/1103/812 1100/1102/812
f 1096/1098/813 1092/1095/813 1097/1100/813 1101/1103/813
f 1097/1100/814 1098/1099/814 1103/1104/814 1102/1105/814
f 1098/1099/815 1099/1101/815 1104/1106/815 1103/1104/815
f 1099/1101/816 1100/1102/816 1105/1107/816 1104/1106/816
f 1100/1102/817 1101/1103/817 1106/1108/817 1105/1107/817
f 1101/1103/818 1097/1100/818 1102/1105/818 1106/1108/818
f 1086/1092/819 1085/1090/819 1084/1088/819 1083/1085/819 1082/1084/819
f 1102/1105/820 1103/1104/820 1104/1106/820 1105/1107/820 1106/1108/820
o Leaf_020
v -0.599113 2.072408 -0.322875
v -0.640392 2.065774 -0.158611
v -0.681671 2.059141 0.005653
v -0.721421 2.119151 -0.351723
v -0.765364 2.076970 -0.189563
v -0.803979 2.105884 -0.023194
v -0.845256 2.145523 -0.381777
v -0.891147 2.077319 -0.221158
v -0.927813 2.132256 -0.053248
v -0.972172 2.130760 -0.414266
v -1.018777 2.053032 -0.254212
v -1.054729 2.117493 -0.085738
v -1.101229 2.087415 -0.448448
v -1.147121 2.019211 -0.287830
v -1.183787 2.074148 -0.119920
v -1.231046 2.033927 -0.483231
v -1.274988 1.991746 -0.321071
v -1.313604 2.020660 -0.154702
v -1.359910 1.993158 -0.517260
v -1.401189 1.986524 -0.352996
v -1.442468 1.979891 -0.188732
vn 0.1798 0.9649 0.1912
vn 0.2304 0.9730 -0.0099
vn 0.0200 0.9443 0.3285
vn 0.1546 0.9659 -0.2075
vn -0.2290 0.9092 0.3477
vn -0.0551 0.9372 -0.3445
vn -0.3462 0.8875 0.3041
vn -0.1785 0.9145 -0.3631
vn -0.3442 0.9136 0.2166
vn -0.2185 0.9338 -0.2834
vn -0.2001 0.9753 0.0936
vn -0.1507 0.9832 -0.1027
vt -0.000000 0.000000
vt -0.000000 0.166667
vt 0.500000 0.166667
vt 0.500000 0.000000
vt 1.000000 0.166667
vt 1.000000 -0.000000
vt -0.000000 0.333333
vt 0.500000 0.333333
vt 1.000000 0.333333
vt -0.000000 0.500000
vt 0.500000 0.500000
vt 1.000000 0.500000
vt -0.000000 0.666667
vt 0.500000 0.666667
vt 1.000000 0.666667
vt 0.000000 0.833334
vt 0.500000 0.833333
vt 1.000000 0.833333
vt -0.000000 1.000000
vt 0.500000 1.000000
vt 1.000000 1.000000
s 0
usemtl LeafMat
f 1107/1109/821 1110/1110/821 1111/1111/821 1108/1112/821
f 1108/1112/822 1111/1111/822 1112/1113/822 1109/1114/822
f 1110/1110/823 1113/1115/823 1114/1116/823 1111/1111/823
f 1111/1111/824 1114/1116/824 1115/1117/824 1112/1113/824
f 1113/1115/825 1116/1118/825 1117/1119/825 1114/1116/825
f 1114/1116/826 1117/1119/826 1118/1120/826 1115/1117/826
f 1116/1118/827 1119/1121/827 1120/1122/827 1117/1119/827
f 1117/1119/828 1120/1122/828 1121/1123/828 1118/1120/828
f 1119/1121/829 1122/1124/829 1123/1125/829 1120/1122/829
f 1120/1122/830 1123/1125/830 1124/1126/830 1121/1123/830
f 1122/1124/831 1125/1127/831 1126/1128/831 1123/1125/831
f 1123/1125/832 1126/1128/832 1127/1129/832 1124/1126/832
o Petiole_021
v 0.088027 1.524898 -0.121424
v 0.066648 1.531289 -0.106623
v 0.074814 1.534767 -0.081360
v 0.101240 1.530525 -0.080548
v 0.109406 1.524425 -0.105309
v 0.159809 1.956365 -0.201419
v 0.140850 1.962335 -0.188395
v 0.148092 1.965752 -0.166021
v 0.171527 1.961894 -0.165217
v 0.178769 1.956093 -0.187095
v 0.227264 2.337049 -0.284574
v 0.210737 2.342845 -0.273443
v 0.217050 2.346488 -0.254013
v 0.237478 2.342944 -0.253137
v 0.243791 2.337111 -0.272024
v 0.302928 2.671580 -0.348081
v 0.301779 2.666714 -0.365102
v 0.284892 2.668573 -0.370206
v 0.275604 2.674587 -0.356340
v 0.286751 2.676445 -0.342667
v 0.359754 2.951365 -0.442020
v 0.358417 2.947026 -0.456030
v 0.344328 2.948683 -0.459982
v 0.336957 2.954047 -0.448415
v 0.346491 2.955704 -0.437314
vn -0.5783 -0.0548 -0.8140
vn -0.9382 0.2131 0.2726
vn -0.0005 0.1928 0.9812
vn 0.9390 -0.0878 0.3326
vn 0.5818 -0.2408 -0.7769
vn -0.5781 -0.0752 -0.8125
vn -0.9363 0.2309 0.2646
vn 0.0006 0.2249 0.9744
vn 0.9380 -0.0850 0.3361
vn 0.5802 -0.2704 -0.7683
vn 0.2890 -0.2883 -0.9129
vn -0.8034 0.0060 -0.5954
vn -0.7831 0.3082 0.5401
vn 0.3220 0.2008 0.9252
vn 0.9854 -0.1681 0.0269
vn 0.9788 -0.2042 -0.0179
vn 0.2279 -0.3412 -0.9119
vn -0.8361 0.0022 -0.5486
vn -0.7426 0.3515 0.5701
vn 0.3787 0.2240 0.8980
vn -0.1613 -0.9693 0.1856
vn 0.1957 0.9313 -0.3071
vt 0.704217 6.099591
vt 0.533187 6.125158
vt 1.126802 7.849339
vt 1.278476 7.825460
vt 0.598515 6.139068
vt 1.184736 7.863008
vt 0.809919 6.122098
vt 1.372216 7.847577
vt 0.875246 6.097700
vt 1.430150 7.824371
vt 1.685899 9.371380
vt 1.818112 9.348198
vt 1.736400 9.385953
vt 1.899824 9.371778
vt 1.950325 9.348444
vt 2.414229 10.666858
vt 2.423423 10.686319
vt 2.279133 10.674292
vt 2.204832 10.698347
vt 2.294008 10.705781
vt 2.867336 11.788103
vt 2.878034 11.805460
vt 2.754621 11.794733
vt 2.695656 11.816187
vt 2.771930 11.822817
s 0
usemtl PetioleMat
f 1128/1130/833 1129/1131/833 1134/1132/833 1133/1133/833
f 1129/1131/834 1130/1134/834 1135/1135/834 1134/1132/834
f 1130/1134/835 1131/1136/835 1136/1137/835 1135/1135/835
f 1131/1136/836 1132/1138/836 1137/1139/836 1136/1137/836
f 1132/1138/837 1128/1130/837 1133/1133/837 1137/1139/837
f 1133/1133/838 1134/1132/838 1139/1140/838 1138/1141/838
f 1134/1132/839 1135/1135/839 1140/1142/839 1139/1140/839
f 1135/1135/840 1136/1137/840 1141/1143/840 1140/1142/840
f 1136/1137/841 1137/1139/841 1142/1144/841 1141/1143/841
f 1137/1139/842 1133/1133/842 1138/1141/842 1142/1144/842
f 1138/1141/843 1139/1140/843 1144/1145/843 1143/1146/843
f 1139/1140/844 1140/1142/844 1145/1147/844 1144/1145/844
f 1140/1142/845 1141/1143/845 1146/1148/845 1145/1147/845
f 1141/1143/846 1142/1144/846 1147/1149/846 1146/1148/846
f 1142/1144/847 1138/1141/847 1143/1146/847 1147/1149/847
f 1143/1146/848 1144/1145/848 1149/1150/848 1148/1151/848
f 1144/1145/849 1145/1147/849 1150/1152/849 1149/1150/849
f 1145/1147/850 1146/1148/850 1151/1153/850 1150/1152/850
f 1146/1148/851 1147/1149/851 1152/1154/851 1151/1153/851
f 1147/1149/852 1143/1146/852 1148/1151/852 1152/1154/852
f 1132/1138/853 1131/1136/853 1130/1134/853 1129/1131/853 1128/1130/853
f 1148/1151/854 1149/1150/854 1150/1152/854 1151/1153/854 1152/1154/854
o Leaf_021
v 0.638973 2.949098 -0.224072
v 0.349189 2.951365 -0.448752
v 0.059406 2.953632 -0.673433
v 0.765406 3.111087 -0.385505
v 0.491825 3.016875 -0.632057
v 0.185838 3.115621 -0.834866
v 0.898388 3.234075 -0.555780
v 0.636669 3.069235 -0.818343
v 0.318821 3.238609 -1.005141
v 1.043907 3.282417 -0.742976
v 0.786530 3.091725 -1.011400
v 0.464339 3.286951 -1.192337
v 1.200050 3.267499 -0.944514
v 0.938331 3.102659 -1.207077
v 0.620482 3.272032 -1.393875
v 1.362419 3.215509 -1.154455
v 1.088838 3.121297 -1.401007
v 0.782851 3.220043 -1.603816
v 1.524601 3.164636 -1.364144
v 1.234817 3.166903 -1.588824
v 0.945033 3.169169 -1.813505
vn -0.3808 0.8801 0.2836
vn -0.1712 0.8785 0.4461
vn -0.4788 0.8760 0.0577
vn 0.0719 0.8717 0.4847
vn -0.4320 0.8856 -0.1706
vn 0.2815 0.8800 0.3826
vn -0.3389 0.9007 -0.2718
vn 0.3564 0.8953 0.2673
vn -0.2202 0.9433 -0.2485
vn 0.3047 0.9392 0.1585
vn -0.0916 0.9922 -0.0841
vn 0.1140 0.9906 0.0752
vt 0.000000 -0.000000
vt 0.000000 0.166667
vt 0.500000 0.166667
vt 0.500000 0.000000
vt 1.000000 0.166667
vt 1.000000 0.000000
vt 0.000000 0.333333
vt 0.500000 0.333333
vt 1.000000 0.333333
vt 0.000000 0.500000
vt 0.500000 0.500000
vt 1.000000 0.500000
vt 0.000000 0.666667
vt 0.500000 0.666667
vt 1.000000 0.666667
vt 0.000000 0.833333
vt 0.500000 0.833333
vt 1.000000 0.833333
vt 0.000000 1.000000
vt 0.500000 1.000000
vt 1.000000 1.000000
s 0
usemtl LeafMat
f 1153/1155/855 1156/1156/855 1157/1157/855 1154/1158/855
f 1154/1158/856 1157/1157/856 1158/1159/856 1155/1160/856
f 1156/1156/857 1159/1161/857 1160/1162/857 1157/1157/857
f 1157/1157/858 1160/1162/858 1161/1163/858 1158/1159/858
f 1159/1161/859 1162/1164/859 1163/1165/859 1160/1162/859
f 1160/1162/860 1163/1165/860 1164/1166/860 1161/1163/860
f 1162/1164/861 1165/1167/861 1166/1168/861 1163/1165/861
f 1163/1165/862 1166/1168/862 1167/1169/862 1164/1166/862
f 1165/1167/863 1168/1170/863 1169/1171/863 1166/1168/863
f 1166/1168/864 1169/1171/864 1170/1172/864 1167/1169/864
f 1168/1170/865 1171/1173/865 1172/1174/865 1169/1171/865
f 1169/1171/866 1172/1174/866 1173/1175/866 1170/1172/866
o Petiole_022
v 0.114380 1.550145 0.208412
v 0.134463 1.541439 0.219269
v 0.153305 1.544765 0.204075
v 0.144868 1.555526 0.183826
v 0.120811 1.558851 0.186507
v 0.178905 1.880927 0.357185
v 0.196586 1.872807 0.366758
v 0.213429 1.875909 0.353457
v 0.206157 1.885946 0.335664
v 0.184820 1.889048 0.337968
v 0.241442 2.173425 0.506667
v 0.256619 2.165585 0.514838
v 0.271535 2.168580 0.503565
v 0.265577 2.178271 0.488427
v 0.246979 2.181265 0.490344
v 0.302041 2.427639 0.656979
v 0.314750 2.420178 0.663675
v 0.327692 2.423028 0.654379
v 0.322982 2.432251 0.641939
v 0.307129 2.435101 0.643545
v 0.360729 2.643569 0.808194
v 0.371160 2.637038 0.813589
v 0.381984 2.639533 0.806025
v 0.378242 2.647606 0.795955
v 0.365105 2.650101 0.797296
vn -0.5452 -0.2533 0.7991
vn 0.6122 -0.4146 0.6732
vn 0.9249 0.0033 -0.3801
vn -0.0395 0.4231 -0.9052
vn -0.9481 0.2645 -0.1764
vn -0.5579 -0.2803 0.7811
vn 0.5977 -0.4564 0.6592
vn 0.9289 0.0050 -0.3702
vn -0.0223 0.4663 -0.8844
vn -0.9412 0.2901 -0.1730
vn -0.5744 -0.3111 0.7572
vn 0.5784 -0.5063 0.6396
vn 0.9339 0.0054 -0.3575
vn 0.0001 0.5170 -0.8560
vn -0.9320 0.3215 -0.1674
vn -0.5910 -0.3489 0.7273
vn 0.5581 -0.5653 0.6075
vn 0.9380 0.0073 -0.3466
vn 0.0235 0.5774 -0.8161
vn -0.9213 0.3575 -0.1527
vn -0.1694 -0.8978 -0.4065
vn 0.2093 0.7994 0.5631
vt 0.915041 6.200581
vt 1.075701 6.165758
vt 1.572689 7.491228
vt 1.431236 7.523709
vt 1.226441 6.179059
vt 1.707434 7.503634
vt 1.158944 6.222103
vt 1.649258 7.543784
vt 0.966488 6.235404
vt 1.478558 7.556191
vt 2.052951 8.662341
vt 1.931535 8.693701
vt 2.172284 8.674319
vt 2.124619 8.713082
vt 1.975829 8.725060
vt 2.518000 9.680711
vt 2.416331 9.710557
vt 2.621535 9.692111
vt 2.583853 9.729003
vt 2.457030 9.740403
vt 2.969282 10.548151
vt 2.885830 10.574277
vt 3.055872 10.558130
vt 3.025935 10.590424
vt 2.920843 10.600403
s 0
usemtl PetioleMat
f 1174/1176/867 1175/1177/867 1180/1178/867 1179/1179/867
f 1175/1177/868 1176/1180/868 1181/1181/868 1180/1178/868
f 1176/1180/869 1177/1182/869 1182/1183/869 1181/1181/869
f 1177/1182/870 1178/1184/870 1183/1185/870 1182/1183/870
f 1178/1184/871 1174/1176/871 1179/1179/871 1183/1185/871
f 1179/1179/872 1180/1178/872 1185/1186/872 1184/1187/872
f 1180/1178/873 1181/1181/873 1186/1188/873 1185/1186/873
f 1181/1181/874 1182/1183/874 1187/1189/874 1186/1188/874
f 1182/1183/875 1183/1185/875 1188/1190/875 1187/1189/875
f 1183/1185/876 1179/1179/876 1184/1187/876 1188/1190/876
f 1184/1187/877 1185/1186/877 1190/1191/877 1189/1192/877
f 1185/1186/878 1186/1188/878 1191/1193/878 1190/1191/878
f 1186/1188/879 1187/1189/879 1192/1194/879 1191/1193/879
f 1187/1189/880 1188/1190/880 1193/1195/880 1192/1194/880
f 1188/1190/881 1184/1187/881 1189/1192/881 1193/1195/881
f 1189/1192/882 1190/1191/882 1195/1196/882 1194/1197/882
f 1190/1191/883 1191/1193/883 1196/1198/883 1195/1196/883
f 1191/1193/884 1192/1194/884 1197/1199/884 1196/1198/884
f 1192/1194/885 1193/1195/885 1198/1200/885 1197/1199/885
f 1193/1195/886 1189/1192/886 1194/1197/886 1198/1200/886
f 1178/1184/887 1177/1182/887 1176/1180/887 1175/1177/887 1174/1176/887
f 1194/1197/888 1195/1196/888 1196/1198/888 1197/1199/888 1198/1200/888
o Leaf_022
v 0.140364 2.669842 0.905834
v 0.371444 2.643569 0.804212
v 0.602524 2.617296 0.702589
v 0.216082 2.747666 1.057890
v 0.446074 2.674978 0.965793
v 0.678242 2.695119 0.854645
v 0.291271 2.802922 1.214577
v 0.520466 2.696256 1.129452
v 0.753431 2.750376 1.011332
v 0.365416 2.813626 1.380407
v 0.594319 2.694524 1.297834
v 0.827576 2.761080 1.177162
v 0.438768 2.790553 1.553168
v 0.667963 2.683887 1.468043
v 0.900928 2.738006 1.349923
v 0.511754 2.751874 1.729132
v 0.741746 2.679186 1.637035
v 0.973914 2.699328 1.525887
v 0.584936 2.721534 1.903385
v 0.816016 2.695261 1.801762
v 1.047096 2.668988 1.700140
vn 0.0531 0.9348 -0.3511
vn -0.1147 0.9539 -0.2772
vn 0.2316 0.9162 -0.3270
vn -0.2181 0.9673 -0.1292
vn 0.3767 0.9064 -0.1912
vn -0.2164 0.9738 0.0697
vn 0.4141 0.9059 -0.0884
vn -0.1662 0.9719 0.1667
vn 0.3527 0.9352 -0.0325
vn -0.0795 0.9843 0.1576
vn 0.1926 0.9804 -0.0425
vn 0.0271 0.9992 0.0303
vt -0.000000 -0.000000
vt -0.000000 0.166667
vt 0.500000 0.166667
vt 0.500000 0.000000
vt 1.000000 0.166667
vt 1.000000 0.000000
vt -0.000000 0.333333
vt 0.500000 0.333333
vt 1.000000 0.333333
vt -0.000000 0.500000
vt 0.500000 0.500000
vt 1.000000 0.500000
vt -0.000000 0.666667
vt 0.500000 0.666667
vt 1.000000 0.666667
vt -0.000000 0.833333
vt 0.500000 0.833333
vt 1.000000 0.833334
vt -0.000000 1.000000
vt 0.500000 1.000000
vt 1.000000 1.000000
s 0
usemtl LeafMat
f 1199/1201/889 1202/1202/889 1203/1203/889 1200/1204/889
f 1200/1204/890 1203/1203/890 1204/1205/890 1201/1206/890
f 1202/1202/891 1205/1207/891 1206/1208/891 1203/1203/891
f 1203/1203/892 1206/1208/892 1207/1209/892 1204/1205/892
f 1205/1207/893 1208/1210/893 1209/1211/893 1206/1208/893
f 1206/1208/894 1209/1211/894 1210/1212/894 1207/1209/894
f 1208/1210/895 1211/1213/895 1212/1214/895 1209/1211/895
f 1209/1211/896 1212/1214/896 1213/1215/896 1210/1212/896
f 1211/1213/897 1214/1216/897 1215/1217/897 1212/1214/897
f 1212/1214/898 1215/1217/898 1216/1218/898 1213/1215/898
f 1214/1216/899 1217/1219/899 1218/1220/899 1215/1217/899
f 1215/1217/900 1218/1220/900 1219/1221/900 1216/1218/900
o Petiole_023
v 0.133540 1.559753 0.018839
v 0.148251 1.549398 0.005208
v 0.141983 1.553353 -0.016112
v 0.123397 1.566153 -0.015657
v 0.118179 1.570109 0.005944
v 0.289429 1.786145 0.012860
v 0.301917 1.776288 0.000688
v 0.296408 1.780053 -0.018201
v 0.280516 1.792238 -0.017702
v 0.276202 1.796003 0.001494
v 0.445289 1.969389 0.004868
v 0.454968 1.959520 -0.005853
v 0.450361 1.963290 -0.022302
v 0.437835 1.975488 -0.021747
v 0.434701 1.979258 -0.004955
v 0.601006 2.109485 -0.005132
v 0.607758 2.099813 -0.014322
v 0.604175 2.103507 -0.028362
v 0.595207 2.115462 -0.027849
v 0.593249 2.119157 -0.013492
v 0.756506 2.206432 -0.017134
v 0.761339 2.197904 -0.024752
v 0.758571 2.201162 -0.036407
v 0.752028 2.211703 -0.035993
v 0.750751 2.214961 -0.024082
vn 0.5094 -0.3294 0.7950
vn 0.7785 -0.5336 -0.3305
vn -0.0229 0.0066 -0.9997
vn -0.7877 0.5451 -0.2872
vn -0.4589 0.3375 0.8219
vn 0.4828 -0.3756 0.7911
vn 0.7173 -0.6106 -0.3355
vn -0.0325 0.0054 -0.9995
vn -0.7309 0.6218 -0.2814
vn -0.4131 0.3868 0.8244
vn 0.4399 -0.4322 0.7872
vn 0.6260 -0.7018 -0.3400
vn -0.0438 0.0052 -0.9990
vn -0.6445 0.7130 -0.2762
vn -0.3466 0.4437 0.8265
vn 0.3684 -0.4932 0.7880
vn 0.4902 -0.8032 -0.3385
vn -0.0543 0.0037 -0.9985
vn -0.5128 0.8122 -0.2781
vn -0.2523 0.5063 0.8246
vn -0.5669 -0.8237 0.0139
vn 0.8475 0.5281 -0.0536
vt 1.068322 6.239012
vt 1.186011 6.197590
vt 2.415336 7.105150
vt 2.315431 7.144581
vt 1.135860 6.213412
vt 2.371267 7.120212
vt 0.987175 6.264612
vt 2.244126 7.168950
vt 0.945435 6.280434
vt 2.209618 7.184011
vt 3.639743 7.838081
vt 3.562315 7.877556
vt 3.602885 7.853159
vt 3.502679 7.901952
vt 3.477605 7.917030
vt 4.862066 8.399250
vt 4.808045 8.437939
vt 4.833397 8.414028
vt 4.761657 8.461849
vt 4.745989 8.476627
vt 6.090710 8.791615
vt 6.052045 8.825729
vt 6.068569 8.804646
vt 6.016221 8.846812
vt 6.006009 8.859843
s 0
usemtl PetioleMat
f 1220/1222/901 1221/1223/901 1226/1224/901 1225/1225/901
f 1221/1223/902 1222/1226/902 1227/1227/902 1226/1224/902
f 1222/1226/903 1223/1228/903 1228/1229/903 1227/1227/903
f 1223/1228/904 1224/1230/904 1229/1231/904 1228/1229/904
f 1224/1230/905 1220/1222/905 1225/1225/905 1229/1231/905
f 1225/1225/906 1226/1224/906 1231/1232/906 1230/1233/906
f 1226/1224/907 1227/1227/907 1232/1234/907 1231/1232/907
f 1227/1227/908 1228/1229/908 1233/1235/908 1232/1234/908
f 1228/1229/909 1229/1231/909 1234/1236/909 1233/1235/909
f 1229/1231/910 1225/1225/910 1230/1233/910 1234/1236/910
f 1230/1233/911 1231/1232/911 1236/1237/911 1235/1238/911
f 1231/1232/912 1232/1234/912 1237/1239/912 1236/1237/912
f 1232/1234/913 1233/1235/913 1238/1240/913 1237/1239/913
f 1233/1235/914 1234/1236/914 1239/1241/914 1238/1240/914
f 1234/1236/915 1230/1233/915 1235/1238/915 1239/1241/915
f 1235/1238/916 1236/1237/916 1241/1242/916 1240/1243/916
f 1236/1237/917 1237/1239/917 1242/1244/917 1241/1242/917
f 1237/1239/918 1238/1240/918 1243/1245/918 1242/1244/918
f 1238/1240/919 1239/1241/919 1244/1246/919 1243/1245/919
f 1239/1241/920 1235/1238/920 1240/1243/920 1244/1246/920
f 1224/1230/921 1223/1228/921 1222/1226/921 1221/1223/921 1220/1222/921
f 1240/1243/922 1241/1242/922 1242/1244/922 1243/1245/922 1244/1246/922
o Leaf_023
v 0.762531 2.219531 0.186233
v 0.755839 2.206432 -0.027673
v 0.749147 2.193334 -0.241580
v 0.906627 2.290770 0.177362
v 0.905128 2.219423 -0.033139
v 0.893243 2.264573 -0.250450
v 1.052973 2.336778 0.169967
v 1.055276 2.222789 -0.038043
v 1.039589 2.310580 -0.257846
v 1.203678 2.333891 0.165429
v 1.207372 2.204295 -0.041669
v 1.190294 2.307694 -0.262384
v 1.357920 2.291331 0.163210
v 1.360222 2.177342 -0.044800
v 1.344536 2.265133 -0.264603
v 1.514069 2.227376 0.162241
v 1.512570 2.156029 -0.048261
v 1.500685 2.201179 -0.265572
v 1.669850 2.167550 0.161031
v 1.663158 2.154452 -0.052875
v 1.656466 2.141353 -0.266782
vn -0.2795 0.9427 -0.1822
vn -0.2712 0.9589 0.0830
vn -0.1667 0.9014 -0.3995
vn -0.1449 0.9440 0.2963
vn 0.0472 0.8618 -0.5050
vn 0.0753 0.9168 0.3923
vn 0.1835 0.8490 -0.4955
vn 0.2108 0.9023 0.3759
vn 0.2398 0.8879 -0.3927
vn 0.2604 0.9282 0.2659
vn 0.1892 0.9624 -0.1951
vn 0.1973 0.9782 0.0642
vt -0.000000 -0.000000
vt -0.000000 0.166667
vt 0.500000 0.166667
vt 0.500000 0.000000
vt 1.000000 0.166667
vt 1.000000 0.000000
vt -0.000000 0.333333
vt 0.500000 0.333333
vt 1.000000 0.333333
vt -0.000000 0.500000
vt 0.500000 0.500000
vt 1.000000 0.500000
vt -0.000000 0.666667
vt 0.500000 0.666667
vt 1.000000 0.666667
vt -0.000000 0.833333
vt 0.500000 0.833333
vt 1.000000 0.833333
vt -0.000000 1.000000
vt 0.500000 1.000000
vt 1.000000 1.000000
s 0
usemtl LeafMat
f 1245/1247/923 1248/1248/923 1249/1249/923 1246/1250/923
f 1246/1250/924 1249/1249/924 1250/1251/924 1247/1252/924
f 1248/1248/925 1251/1253/925 1252/1254/925 1249/1249/925
f 1249/1249/926 1252/1254/926 1253/1255/926 1250/1251/926
f 1251/1253/927 1254/1256/927 1255/1257/927 1252/1254/927
f 1252/1254/928 1255/1257/928 1256/1258/928 1253/1255/928
f 1254/1256/929 1257/1259/929 1258/1260/929 1255/1257/929
f 1255/1257/930 1258/1260/930 1259/1261/930 1256/1258/930
f 1257/1259/931 1260/1262/931 1261/1263/931 1258/1260/931
f 1258/1260/932 1261/1263/932 1262/1264/932 1259/1261/932
f 1260/1262/933 1263/1265/933 1264/1266/933 1261/1263/933
f 1261/1263/934 1264/1266/934 1265/1267/934 1262/1264/934
o Petiole_024
v 0.009765 1.529550 0.149783
v 0.025794 1.522014 0.165712
v 0.047472 1.524893 0.156268
v 0.044842 1.534208 0.134502
v 0.021537 1.537086 0.130495
v 0.031563 1.913287 0.311128
v 0.045571 1.906205 0.325290
v 0.064933 1.908910 0.317244
v 0.062891 1.917663 0.298108
v 0.042267 1.920368 0.294328
v 0.049050 2.248853 0.472685
v 0.060920 2.241905 0.485000
v 0.078020 2.244559 0.478568
v 0.076718 2.253147 0.462277
v 0.058814 2.255801 0.458642
v 0.062254 2.536250 0.634710
v 0.072093 2.529501 0.645040
v 0.086861 2.532079 0.640108
v 0.086149 2.540421 0.626731
v 0.070941 2.542999 0.623394
v 0.071176 2.775476 0.797361
v 0.079228 2.769507 0.805798
v 0.091541 2.771787 0.801947
v 0.091099 2.779166 0.791130
v 0.078513 2.781446 0.788295
vn -0.7420 -0.2239 0.6319
vn 0.4064 -0.3686 0.8360
vn 0.9936 0.0017 -0.1128
vn 0.2078 0.3753 -0.9033
vn -0.8649 0.2358 -0.4431
vn -0.7555 -0.2524 0.6046
vn 0.3880 -0.4109 0.8250
vn 0.9958 0.0046 -0.0917
vn 0.2275 0.4199 -0.8786
vn -0.8548 0.2612 -0.4485
vn -0.7722 -0.2853 0.5677
vn 0.3641 -0.4642 0.8074
vn 0.9979 0.0051 -0.0648
vn 0.2525 0.4739 -0.8436
vn -0.8414 0.2947 -0.4530
vn -0.7848 -0.3284 0.5256
vn 0.3462 -0.5294 0.7745
vn 0.9991 0.0086 -0.0421
vn 0.2713 0.5418 -0.7955
vn -0.8310 0.3338 -0.4450
vn -0.0469 -0.9204 -0.3882
vn 0.0230 0.8263 0.5627
vt 0.078118 6.118201
vt 0.206348 6.088056
vt 0.364568 7.624822
vt 0.252502 7.653146
vt 0.379778 6.099570
vt 0.519464 7.635641
vt 0.358733 6.136831
vt 0.503129 7.670652
vt 0.172297 6.148346
vt 0.338137 7.681471
vt 0.487360 8.967621
vt 0.392400 8.995412
vt 0.624158 8.978236
vt 0.613744 9.012588
vt 0.470510 9.023203
vt 0.576746 10.118003
vt 0.498033 10.144999
vt 0.694889 10.128314
vt 0.689193 10.161683
vt 0.567530 10.171994
vt 0.633820 11.078027
vt 0.569405 11.101905
vt 0.732328 11.087148
vt 0.728795 11.116662
vt 0.628103 11.125783
s 0
usemtl PetioleMat
f 1266/1268/935 1267/1269/935 1272/1270/935 1271/1271/935
f 1267/1269/936 1268/1272/936 1273/1273/936 1272/1270/936
f 1268/1272/937 1269/1274/937 1274/1275/937 1273/1273/937
f 1269/1274/938 1270/1276/938 1275/1277/938 1274/1275/938
f 1270/1276/939 1266/1268/939 1271/1271/939 1275/1277/939
f 1271/1271/940 1272/1270/940 1277/1278/940 1276/1279/940
f 1272/1270/941 1273/1273/941 1278/1280/941 1277/1278/941
f 1273/1273/942 1274/1275/942 1279/1281/942 1278/1280/942
f 1274/1275/943 1275/1277/943 1280/1282/943 1279/1281/943
f 1275/1277/944 1271/1271/944 1276/1279/944 1280/1282/944
f 1276/1279/945 1277/1278/945 1282/1283/945 1281/1284/945
f 1277/1278/946 1278/1280/946 1283/1285/946 1282/1283/946
f 1278/1280/947 1279/1281/947 1284/1286/947 1283/1285/947
f 1279/1281/948 1280/1282/948 1285/1287/948 1284/1286/948
f 1280/1282/949 1276/1279/949 1281/1284/949 1285/1287/949
f 1281/1284/950 1282/1283/950 1287/1288/950 1286/1289/950
f 1282/1283/951 1283/1285/951 1288/1290/951 1287/1288/951
f 1283/1285/952 1284/1286/952 1289/1291/952 1288/1290/952
f 1284/1286/953 1285/1287/953 1290/1292/953 1289/1291/953
f 1285/1287/954 1281/1284/954 1286/1289/954 1290/1292/954
f 1270/1276/955 1269/1274/955 1268/1272/955 1267/1269/955 1266/1268/955
f 1286/1289/956 1287/1288/956 1288/1290/956 1289/1291/956 1290/1292/956
o Leaf_024
v -0.199472 2.782822 0.824708
v 0.082311 2.775476 0.796906
v 0.364095 2.768131 0.769104
v -0.179507 2.869983 1.004032
v 0.101821 2.808987 0.985796
v 0.384060 2.855292 0.948429
v -0.159752 2.932371 1.187773
v 0.121243 2.832099 1.176539
v 0.403814 2.917680 1.132170
v -0.140408 2.946239 1.380165
v 0.140465 2.831592 1.371493
v 0.423158 2.931548 1.324561
v -0.121386 2.922216 1.579312
v 0.159609 2.821945 1.568077
v 0.442180 2.907526 1.523708
v -0.102523 2.879387 1.781811
v 0.178805 2.818391 1.763575
v 0.461043 2.864697 1.726208
v -0.083601 2.843507 1.983072
v 0.198182 2.836162 1.955270
v 0.479965 2.828816 1.927468
vn 0.0885 0.9437 -0.3188
vn -0.1002 0.9486 -0.3001
vn 0.2559 0.9363 -0.2405
vn -0.2493 0.9495 -0.1907
vn 0.3544 0.9327 -0.0675
vn -0.3121 0.9500 -0.0017
vn 0.3583 0.9325 0.0448
vn -0.2940 0.9495 0.1091
vn 0.2788 0.9566 0.0848
vn -0.2071 0.9693 0.1328
vn 0.1231 0.9918 0.0337
vn -0.0628 0.9967 0.0521
vt -0.000000 -0.000000
vt -0.000000 0.166667
vt 0.500000 0.166667
vt 0.500000 0.000000
vt 1.000000 0.166667
vt 1.000000 0.000000
vt -0.000000 0.333333
vt 0.500000 0.333333
vt 1.000000 0.333333
vt -0.000000 0.500000
vt 0.500000 0.500000
vt 1.000000 0.500000
vt -0.000000 0.666667
vt 0.500000 0.666667
vt 1.000000 0.666667
vt -0.000000 0.833333
vt 0.500000 0.833333
vt 1.000000 0.833333
vt -0.000000 1.000000
vt 0.500000 1.000000
vt 1.000000 1.000000
s 0
usemtl LeafMat
f 1291/1293/957 1294/1294/957 1295/1295/957 1292/1296/957
f 1292/1296/958 1295/1295/958 1296/1297/958 1293/1298/958
f 1294/1294/959 1297/1299/959 1298/1300/959 1295/1295/959
f 1295/1295/960 1298/1300/960 1299/1301/960 1296/1297/960
f 1297/1299/961 1300/1302/961 1301/1303/961 1298/1300/961
f 1298/1300/962 1301/1303/962 1302/1304/962 1299/1301/962
f 1300/1302/963 1303/1305/963 1304/1306/963 1301/1303/963
f 1301/1303/964 1304/1306/964 1305/1307/964 1302/1304/964
f 1303/1305/965 1306/1308/965 1307/1309/965 1304/1306/965
f 1304/1306/966 1307/1309/966 1308/1310/966 1305/1307/966
f 1306/1308/967 1309/1311/967 1310/1312/967 1307/1309/967
f 1307/1309/968 1310/1312/968 1311/1313/968 1308/1310/968
o Petiole_025
v -0.126367 1.529810 0.150590
v -0.149181 1.521251 0.166169
v -0.140467 1.517571 0.193500
v -0.112267 1.523856 0.194812
v -0.103553 1.531420 0.168293
v -0.196429 1.761479 0.208240
v -0.200312 1.754711 0.232693
v -0.178084 1.757296 0.245265
v -0.160462 1.765661 0.228581
v -0.171800 1.768246 0.205699
v -0.247639 1.956859 0.262840
v -0.249649 1.949733 0.283996
v -0.229845 1.952455 0.294133
v -0.215595 1.961263 0.279243
v -0.226592 1.963985 0.259903
v -0.296023 2.110923 0.319780
v -0.296355 2.103307 0.337359
v -0.279206 2.106216 0.345396
v -0.268277 2.115630 0.332785
v -0.278670 2.118539 0.316953
v -0.341358 2.223670 0.378751
v -0.341032 2.216611 0.393001
v -0.326765 2.219307 0.399498
v -0.318274 2.228034 0.389263
v -0.327292 2.230730 0.376441
vn -0.8194 -0.0613 -0.5699
vn -0.7605 -0.2881 0.5819
vn 0.3460 -0.1040 0.9324
vn 0.9716 0.2368 -0.0030
vn 0.2512 0.2632 -0.9315
vn -0.9627 -0.1978 -0.1847
vn -0.4172 -0.3259 0.8484
vn 0.7010 0.0101 0.7131
vn 0.8466 0.3461 -0.4043
vn -0.1813 0.2177 -0.9590
vn -0.9585 -0.2424 -0.1502
vn -0.3551 -0.3988 0.8455
vn 0.7336 0.0118 0.6795
vn 0.8028 0.4228 -0.4205
vn -0.2421 0.2658 -0.9331
vn -0.9423 -0.3040 -0.1404
vn -0.2847 -0.5096 0.8119
vn 0.7585 0.0086 0.6516
vn 0.7449 0.5338 -0.4002
vn -0.3047 0.3410 -0.8893
vn 0.2220 -0.9545 -0.1993
vn -0.3503 0.8361 0.4222
vt -1.010936 6.119241
vt -1.193448 6.085005
vt -1.602498 7.018846
vt -1.571431 7.045916
vt -1.123734 6.070286
vt -1.424670 7.029185
vt -0.898137 6.095424
vt -1.283699 7.062646
vt -0.828424 6.125680
vt -1.374403 7.072986
vt -1.997196 7.798934
vt -1.981109 7.827437
vt -1.838761 7.809821
vt -1.724757 7.845053
vt -1.812733 7.855940
vt -2.370836 8.413230
vt -2.368183 8.443693
vt -2.233652 8.424866
vt -2.146214 8.462521
vt -2.229360 8.474156
vt -2.728258 8.866443
vt -2.730863 8.894682
vt -2.614123 8.877229
vt -2.546189 8.912135
vt -2.618338 8.922921
s 0
usemtl PetioleMat
f 1312/1314/969 1313/1315/969 1318/1316/969 1317/1317/969
f 1313/1315/970 1314/1318/970 1319/1319/970 1318/1316/970
f 1314/1318/971 1315/1320/971 1320/1321/971 1319/1319/971
f 1315/1320/972 1316/1322/972 1321/1323/972 1320/1321/972
f 1316/1322/973 1312/1314/973 1317/1317/973 1321/1323/973
f 1317/1317/974 1318/1316/974 1323/1324/974 1322/1325/974
f 1318/1316/975 1319/1319/975 1324/1326/975 1323/1324/975
f 1319/1319/976 1320/1321/976 1325/1327/976 1324/1326/976
f 1320/1321/977 1321/1323/977 1326/1328/977 1325/1327/977
f 1321/1323/978 1317/1317/978 1322/1325/978 1326/1328/978
f 1322/1325/979 1323/1324/979 1328/1329/979 1327/1330/979
f 1323/1324/980 1324/1326/980 1329/1331/980 1328/1329/980
f 1324/1326/981 1325/1327/981 1330/1332/981 1329/1331/981
f 1325/1327/982 1326/1328/982 1331/1333/982 1330/1332/982
f 1326/1328/983 1322/1325/983 1327/1330/983 1331/1333/983
f 1327/1330/984 1328/1329/984 1333/1334/984 1332/1335/984
f 1328/1329/985 1329/1331/985 1334/1336/985 1333/1334/985
f 1329/1331/986 1330/1332/986 1335/1337/986 1334/1336/986
f 1330/1332/987 1331/1333/987 1336/1338/987 1335/1337/987
f 1331/1333/988 1327/1330/988 1332/1335/988 1336/1338/988
f 1316/1322/989 1315/1320/989 1314/1318/989 1313/1315/989 1312/1314/989
f 1332/1335/990 1333/1334/990 1334/1336/990 1335/1337/990 1336/1338/990
o Leaf_025
v -0.540779 2.213441 0.210505
v -0.330944 2.223670 0.387391
v -0.121109 2.233900 0.564277
v -0.652930 2.307087 0.338131
v -0.448368 2.255573 0.524843
v -0.233260 2.327545 0.691903
v -0.767547 2.371847 0.470354
v -0.566846 2.275134 0.664258
v -0.347878 2.392305 0.824125
v -0.887006 2.379919 0.611598
v -0.687717 2.266662 0.808135
v -0.467337 2.400377 0.965369
v -1.010217 2.344055 0.759834
v -0.809515 2.247343 0.953738
v -0.590547 2.364514 1.113605
v -1.135258 2.286769 0.911479
v -0.930696 2.235255 1.098190
v -0.715588 2.307227 1.265250
v -1.259550 2.238247 1.061729
v -1.049715 2.248476 1.238615
v -0.839880 2.258705 1.415501
vn 0.2749 0.9390 -0.2067
vn 0.1039 0.9307 -0.3508
vn 0.3420 0.9397 0.0018
vn -0.1126 0.9175 -0.3814
vn 0.2688 0.9358 0.2279
vn -0.3226 0.9070 -0.2706
vn 0.1753 0.9307 0.3209
vn -0.3982 0.9028 -0.1625
vn 0.0781 0.9543 0.2885
vn -0.3514 0.9334 -0.0735
vn -0.0040 0.9931 0.1173
vn -0.1713 0.9849 -0.0238
vt -0.000000 0.000000
vt -0.000000 0.166667
vt 0.500000 0.166667
vt 0.500000 0.000000
vt 1.000000 0.166667
vt 1.000000 -0.000000
vt -0.000000 0.333333
vt 0.500000 0.333333
vt 1.000000 0.333333
vt -0.000000 0.500000
vt 0.500000 0.500000
vt 1.000000 0.500000
vt 0.000000 0.666667
vt 0.500000 0.666667
vt 1.000000 0.666667
vt -0.000000 0.833333
vt 0.500000 0.833333
vt 1.000000 0.833333
vt -0.000000 1.000000
vt 0.500000 1.000000
vt 1.000000 1.000000
s 0
usemtl LeafMat
f 1337/1339/991 1340/1340/991 1341/1341/991 1338/1342/991
f 1338/1342/992 1341/1341/992 1342/1343/992 1339/1344/992
f 1340/1340/993 1343/1345/993 1344/1346/993 1341/1341/993
f 1341/1341/994 1344/1346/994 1345/1347/994 1342/1343/994
f 1343/1345/995 1346/1348/995 1347/1349/995 1344/1346/995
f 1344/1346/996 1347/1349/996 1348/1350/996 1345/1347/996
f 1346/1348/997 1349/1351/997 1350/1352/997 1347/1349/997
f 1347/1349/998 1350/1352/998 1351/1353/998 1348/1350/998
f 1349/1351/999 1352/1354/999 1353/1355/999 1350/1352/999
f 1350/1352/1000 1353/1355/1000 1354/1356/1000 1351/1353/1000
f 1352/1354/1001 1355/1357/1001 1356/1358/1001 1353/1355/1001
f 1353/1355/1002 1356/1358/1002 1357/1359/1002 1354/1356/1002
o Petiole_026
v 0.034367 1.523697 -0.318516
v 0.013479 1.515409 -0.328933
v -0.004953 1.518574 -0.312693
v 0.004543 1.528819 -0.292238
v 0.028844 1.531985 -0.295837
v 0.000381 1.692139 -0.386033
v -0.017524 1.684075 -0.395912
v -0.034658 1.687155 -0.382489
v -0.027342 1.697124 -0.364313
v -0.005687 1.700204 -0.366504
v -0.026521 1.825862 -0.455158
v -0.040999 1.817297 -0.464405
v -0.057120 1.820569 -0.454509
v -0.052604 1.831155 -0.439146
v -0.033693 1.834427 -0.439547
v -0.046699 1.924865 -0.526780
v -0.057980 1.915698 -0.534394
v -0.072617 1.919199 -0.527853
v -0.070382 1.930531 -0.516197
v -0.054364 1.934033 -0.515533
v -0.060166 1.989149 -0.601545
v -0.069126 1.980710 -0.607383
v -0.081546 1.983933 -0.602805
v -0.080261 1.994364 -0.594137
v -0.067047 1.997588 -0.593358
vn 0.5247 -0.2262 -0.8206
vn -0.6298 -0.3866 -0.6737
vn -0.9170 0.0003 0.3989
vn 0.0608 0.3999 0.9145
vn 0.9522 0.2598 0.1608
vn 0.5905 -0.2790 -0.7573
vn -0.5673 -0.4583 -0.6842
vn -0.9450 0.0108 0.3268
vn -0.0191 0.4798 0.8772
vn 0.9306 0.3011 0.2081
vn 0.6689 -0.3461 -0.6579
vn -0.4821 -0.5660 -0.6688
vn -0.9725 0.0131 0.2324
vn -0.1205 0.5905 0.7980
vn 0.8948 0.3699 0.2501
vn 0.7314 -0.4482 -0.5140
vn -0.4109 -0.7123 -0.5690
vn -0.9893 0.0260 0.1435
vn -0.2025 0.7435 0.6374
vn 0.8602 0.4538 0.2327
vn 0.1742 -0.9105 0.3752
vn -0.1123 0.6432 -0.7574
vt 0.274936 6.094788
vt 0.107834 6.061635
vt -0.140193 6.736299
vt 0.003049 6.768558
vt -0.039625 6.074298
vt -0.277264 6.748621
vt 0.036343 6.115277
vt -0.218736 6.788495
vt 0.230753 6.127941
vt -0.045493 6.800816
vt -0.327995 7.269190
vt -0.212167 7.303449
vt -0.456958 7.282276
vt -0.420833 7.324622
vt -0.269544 7.337708
vt -0.463843 7.662791
vt -0.373595 7.699461
vt -0.580936 7.676798
vt -0.563056 7.722125
vt -0.434912 7.736132
vt -0.553011 7.922840
vt -0.481328 7.956595
vt -0.652365 7.935733
vt -0.642086 7.977457
vt -0.536379 7.990350
s 0
usemtl PetioleMat
f 1358/1360/1003 1359/1361/1003 1364/1362/1003 1363/1363/1003
f 1359/1361/1004 1360/1364/1004 1365/1365/1004 1364/1362/1004
f 1360/1364/1005 1361/1366/1005 1366/1367/1005 1365/1365/1005
f 1361/1366/1006 1362/1368/1006 1367/1369/1006 1366/1367/1006
f 1362/1368/1007 1358/1360/1007 1363/1363/1007 1367/1369/1007
f 1363/1363/1008 1364/1362/1008 1369/1370/1008 1368/1371/1008
f 1364/1362/1009 1365/1365/1009 1370/1372/1009 1369/1370/1009
f 1365/1365/1010 1366/1367/1010 1371/1373/1010 1370/1372/1010
f 1366/1367/1011 1367/1369/1011 1372/1374/1011 1371/1373/1011
f 1367/1369/1012 1363/1363/1012 1368/1371/1012 1372/1374/1012
f 1368/1371/1013 1369/1370/1013 1374/1375/1013 1373/1376/1013
f 1369/1370/1014 1370/1372/1014 1375/1377/1014 1374/1375/1014
f 1370/1372/1015 1371/1373/1015 1376/1378/1015 1375/1377/1015
f 1371/1373/1016 1372/1374/1016 1377/1379/1016 1376/1378/1016
f 1372/1374/1017 1368/1371/1017 1373/1376/1017 1377/1379/1017
f 1373/1376/1018 1374/1375/1018 1379/1380/1018 1378/1381/1018
f 1374/1375/1019 1375/1377/1019 1380/1382/1019 1379/1380/1019
f 1375/1377/1020 1376/1378/1020 1381/1383/1020 1380/1382/1020
f 1376/1378/1021 1377/1379/1021 1382/1384/1021 1381/1383/1021
f 1377/1379/1022 1373/1376/1022 1378/1381/1022 1382/1384/1022
f 1362/1368/1023 1361/1366/1023 1360/1364/1023 1359/1361/1023 1358/1360/1023
f 1378/1381/1024 1379/1380/1024 1380/1382/1024 1381/1383/1024 1382/1384/1024
o Leaf_026
v 0.121544 2.003258 -0.621678
v -0.071629 1.989149 -0.599846
v -0.264803 1.975040 -0.578014
v 0.103354 2.063850 -0.743476
v -0.086735 2.000227 -0.726349
v -0.282994 2.035633 -0.699812
v 0.086594 2.101475 -0.867456
v -0.101237 2.001605 -0.853773
v -0.299753 2.073257 -0.823793
v 0.072638 2.094085 -0.995714
v -0.114366 1.980948 -0.983291
v -0.313709 2.065868 -0.952050
v 0.060867 2.051636 -1.127302
v -0.126964 1.951766 -1.113619
v -0.325480 2.023418 -1.083639
v 0.050173 1.991890 -1.260534
v -0.139916 1.928268 -1.243407
v -0.336174 1.963673 -1.216871
v 0.039067 1.938771 -1.393137
v -0.154107 1.924663 -1.371305
v -0.347281 1.910554 -1.349473
vn -0.1613 0.9422 0.2936
vn 0.0855 0.9603 0.2657
vn -0.3771 0.9070 0.1876
vn 0.2752 0.9546 0.1139
vn -0.4958 0.8674 -0.0423
vn 0.3444 0.9287 -0.1372
vn -0.4952 0.8486 -0.1860
vn 0.3145 0.9078 -0.2775
vn -0.4018 0.8828 -0.2433
vn 0.2068 0.9273 -0.3121
vn -0.2135 0.9587 -0.1880
vn 0.0267 0.9762 -0.2152
vt 0.000000 -0.000000
vt 0.000000 0.166667
vt 0.500000 0.166667
vt 0.500000 0.000000
vt 1.000000 0.166667
vt 1.000000 0.000000
vt 0.000000 0.333333
vt 0.500000 0.333333
vt 1.000000 0.333333
vt -0.000000 0.500000
vt 0.500000 0.500000
vt 1.000000 0.500000
vt 0.000000 0.666667
vt 0.500000 0.666667
vt 1.000000 0.666667
vt -0.000000 0.833333
vt 0.500000 0.833333
vt 1.000000 0.833333
vt 0.000000 1.000000
vt 0.500000 1.000000
vt 1.000000 1.000000
s 0
usemtl LeafMat
f 1383/1385/1025 1386/1386/1025 1387/1387/1025 1384/1388/1025
f 1384/1388/1026 1387/1387/1026 1388/1389/1026 1385/1390/1026
f 1386/1386/1027 1389/1391/1027 1390/1392/1027 1387/1387/1027
f 1387/1387/1028 1390/1392/1028 1391/1393/1028 1388/1389/1028
f 1389/1391/1029 1392/1394/1029 1393/1395/1029 1390/1392/1029
f 1390/1392/1030 1393/1395/1030 1394/1396/1030 1391/1393/1030
f 1392/1394/1031 1395/1397/1031 1396/1398/1031 1393/1395/1031
f 1393/1395/1032 1396/1398/1032 1397/1399/1032 1394/1396/1032
f 1395/1397/1033 1398/1400/1033 1399/1401/1033 1396/1398/1033
f 1396/1398/1034 1399/1401/1034 1400/1402/1034 1397/1399/1034
f 1398/1400/1035 1401/1403/1035 1402/1404/1035 1399/1401/1035
f 1399/1401/1036 1402/1404/1036 1403/1405/1036 1400/1402/1036
o Petiole_027
v -0.086992 1.538727 -0.168264
v -0.110465 1.525291 -0.177901
v -0.131839 1.530423 -0.159430
v -0.121577 1.547031 -0.138377
v -0.093860 1.552163 -0.143837
v -0.134656 1.685059 -0.259746
v -0.154886 1.672055 -0.268171
v -0.174466 1.677022 -0.252639
v -0.166338 1.693096 -0.234615
v -0.141734 1.698063 -0.239007
v -0.176866 1.796383 -0.353001
v -0.193384 1.782957 -0.359484
v -0.211481 1.788085 -0.347595
v -0.206148 1.804681 -0.333765
v -0.184754 1.809810 -0.337106
v -0.213883 1.872699 -0.448607
v -0.226823 1.859249 -0.452279
v -0.243156 1.864387 -0.443993
v -0.240311 1.881012 -0.435199
v -0.222220 1.886149 -0.438051
v -0.245789 1.914007 -0.546947
v -0.256029 1.902138 -0.548850
v -0.269921 1.906671 -0.542864
v -0.268267 1.921343 -0.537263
v -0.253352 1.925877 -0.539786
vn 0.5224 -0.3248 -0.7884
vn -0.6119 -0.5419 -0.5761
vn -0.9059 0.0036 0.4234
vn 0.0482 0.5583 0.8283
vn 0.9314 0.3553 0.0796
vn 0.5731 -0.3903 -0.7206
vn -0.5580 -0.6366 -0.5324
vn -0.9252 0.0114 0.3793
vn -0.0179 0.6581 0.7527
vn 0.9085 0.4111 0.0746
vn 0.6366 -0.4653 -0.6150
vn -0.4842 -0.7549 -0.4422
vn -0.9459 0.0121 0.3242
vn -0.1042 0.7759 0.6222
vn 0.8740 0.4838 0.0445
vn 0.7042 -0.5443 -0.4559
vn -0.4052 -0.8749 -0.2652
vn -0.9632 0.0150 0.2685
vn -0.1952 0.8923 0.4071
vn 0.8336 0.5510 -0.0394
vn 0.2535 -0.8157 0.5200
vn -0.2632 0.3699 -0.8910
vt -0.695939 6.154908
vt -0.883722 6.101162
vt -1.239085 6.688220
vt -1.077248 6.740237
vt -1.054716 6.121692
vt -1.395731 6.708088
vt -0.972612 6.188125
vt -1.330708 6.772385
vt -0.750876 6.208654
vt -1.133874 6.792254
vt -1.547074 7.131826
vt -1.414928 7.185533
vt -1.691852 7.152340
vt -1.649184 7.218725
vt -1.478036 7.239239
vt -1.814584 7.436996
vt -1.711068 7.490797
vt -1.945249 7.457546
vt -1.922488 7.524048
vt -1.777756 7.544598
vt -2.048232 7.608550
vt -1.966309 7.656029
vt -2.159371 7.626686
vt -2.146136 7.685373
vt -2.026817 7.703508
s 0
usemtl PetioleMat
f 1404/1406/1037 1405/1407/1037 1410/1408/1037 1409/1409/1037
f 1405/1407/1038 1406/1410/1038 1411/1411/1038 1410/1408/1038
f 1406/1410/1039 1407/1412/1039 1412/1413/1039 1411/1411/1039
f 1407/1412/1040 1408/1414/1040 1413/1415/1040 1412/1413/1040
f 1408/1414/1041 1404/1406/1041 1409/1409/1041 1413/1415/1041
f 1409/1409/1042 1410/1408/1042 1415/1416/1042 1414/1417/1042
f 1410/1408/1043 1411/1411/1043 1416/1418/1043 1415/1416/1043
f 1411/1411/1044 1412/1413/1044 1417/1419/1044 1416/1418/1044
f 1412/1413/1045 1413/1415/1045 1418/1420/1045 1417/1419/1045
f 1413/1415/1046 1409/1409/1046 1414/1417/1046 1418/1420/1046
f 1414/1417/1047 1415/1416/1047 1420/1421/1047 1419/1422/1047
f 1415/1416/1048 1416/1418/1048 1421/1423/1048 1420/1421/1048
f 1416/1418/1049 1417/1419/1049 1422/1424/1049 1421/1423/1049
f 1417/1419/1050 1418/1420/1050 1423/1425/1050 1422/1424/1050
f 1418/1420/1051 1414/1417/1051 1419/1422/1051 1423/1425/1051
f 1419/1422/1052 1420/1421/1052 1425/1426/1052 1424/1427/1052
f 1420/1421/1053 1421/1423/1053 1426/1428/1053 1425/1426/1053
f 1421/1423/1054 1422/1424/1054 1427/1429/1054 1426/1428/1054
f 1422/1424/1055 1423/1425/1055 1428/1430/1055 1427/1429/1055
f 1423/1425/1056 1419/1422/1056 1424/1427/1056 1428/1430/1056
f 1408/1414/1057 1407/1412/1057 1406/1410/1057 1405/1407/1057 1404/1406/1057
f 1424/1427/1058 1425/1426/1058 1426/1428/1058 1427/1429/1058 1428/1430/1058
o Leaf_027
v -0.114080 1.920498 -0.611379
v -0.258672 1.914007 -0.543142
v -0.403264 1.907516 -0.474905
v -0.160600 1.963077 -0.705903
v -0.305207 1.923418 -0.640854
v -0.449784 1.950095 -0.569429
v -0.207128 1.988110 -0.802113
v -0.351746 1.924171 -0.739397
v -0.496312 1.975128 -0.665640
v -0.253672 1.978084 -0.901693
v -0.398294 1.905257 -0.839831
v -0.542856 1.965102 -0.765219
v -0.300227 1.942673 -1.003712
v -0.444846 1.878734 -0.940995
v -0.589411 1.929691 -0.867238
v -0.346788 1.896942 -1.106722
v -0.491395 1.857283 -1.041673
v -0.635972 1.883960 -0.970249
v -0.393344 1.860080 -1.208880
v -0.537936 1.853589 -1.140644
v -0.682528 1.847098 -1.072407
vn -0.0275 0.9615 0.2733
vn 0.1575 0.9698 0.1860
vn -0.2334 0.9432 0.2364
vn 0.2608 0.9654 0.0032
vn -0.4065 0.9119 0.0573
vn 0.2346 0.9406 -0.2453
vn -0.4495 0.8909 -0.0656
vn 0.1687 0.9186 -0.3573
vn -0.3835 0.9148 -0.1264
vn 0.0783 0.9356 -0.3444
vn -0.2027 0.9739 -0.1026
vn -0.0221 0.9820 -0.1878
vt 0.000000 -0.000000
vt 0.000000 0.166667
vt 0.500000 0.166667
vt 0.500000 0.000000
vt 1.000000 0.166667
vt 1.000000 0.000000
vt 0.000000 0.333333
vt 0.500000 0.333333
vt 1.000000 0.333333
vt 0.000000 0.500000
vt 0.500000 0.500000
vt 1.000000 0.500000
vt 0.000000 0.666667
vt 0.500000 0.666667
vt 1.000000 0.666667
vt -0.000000 0.833333
vt 0.500000 0.833333
vt 1.000000 0.833333
vt 0.000000 1.000000
vt 0.500000 1.000000
vt 1.000000 1.000000
s 0
usemtl LeafMat
f 1429/1431/1059 1432/1432/1059 1433/1433/1059 1430/1434/1059
f 1430/1434/1060 1433/1433/1060 1434/1435/1060 1431/1436/1060
f 1432/1432/1061 1435/1437/1061 1436/1438/1061 1433/1433/1061
f 1433/1433/1062 1436/1438/1062 1437/1439/1062 1434/1435/1062
f 1435/1437/1063 1438/1440/1063 1439/1441/1063 1436/1438/1063
f 1436/1438/1064 1439/1441/1064 1440/1442/1064 1437/1439/1064
f 1438/1440/1065 1441/1443/1065 1442/1444/1065 1439/1441/1065
f 1439/1441/1066 1442/1444/1066 1443/1445/1066 1440/1442/1066
f 1441/1443/1067 1444/1446/1067 1445/1447/1067 1442/1444/1067
f 1442/1444/1068 1445/1447/1068 1446/1448/1068 1443/1445/1068
f 1444/1446/1069 1447/1449/1069 1448/1450/1069 1445/1447/1069
f 1445/1447/1070 1448/1450/1070 1449/1451/1070 1446/1448/1070
o Petiole_028
v -0.109171 1.551074 -0.134194
v -0.130620 1.549913 -0.117549
v -0.122427 1.557441 -0.092757
v -0.095915 1.563255 -0.094079
v -0.087722 1.559320 -0.119688
v -0.227763 2.131035 -0.257406
v -0.250927 2.124693 -0.259602
v -0.261396 2.127115 -0.238011
v -0.244702 2.134955 -0.222471
v -0.223915 2.137378 -0.234458
v -0.369387 2.640935 -0.379062
v -0.389505 2.634741 -0.379710
v -0.397666 2.637107 -0.360440
v -0.382592 2.644763 -0.347883
v -0.365114 2.647129 -0.359392
v -0.517369 3.085901 -0.492666
v -0.534330 3.079892 -0.492092
v -0.540481 3.082187 -0.475328
v -0.527321 3.089614 -0.465542
v -0.513037 3.091909 -0.476257
v -0.671381 3.465932 -0.598021
v -0.685317 3.460612 -0.597094
v -0.690115 3.462644 -0.583086
v -0.679144 3.469220 -0.575355
v -0.667565 3.471252 -0.584585
vn -0.2561 -0.2664 -0.9292
vn -0.9753 -0.2211 -0.0004
vn -0.3479 0.1347 0.9278
vn 0.7592 0.3093 0.5727
vn 0.8159 0.0614 -0.5749
vn 0.1211 -0.1973 -0.9728
vn -0.8752 -0.3217 -0.3613
vn -0.6634 0.0035 0.7482
vn 0.4639 0.3290 0.8225
vn 0.9487 0.2048 -0.2410
vn 0.0750 -0.2221 -0.9721
vn -0.8814 -0.3622 -0.3032
vn -0.6218 0.0038 0.7832
vn 0.4955 0.3702 0.7858
vn 0.9260 0.2306 -0.2988
vn 0.0446 -0.2496 -0.9673
vn -0.8738 -0.4157 -0.2524
vn -0.5871 -0.0011 0.8095
vn 0.5087 0.4212 0.7509
vn 0.8989 0.2676 -0.3470
vn 0.2194 -0.9513 0.2164
vn -0.3596 0.8980 -0.2534
vt -0.873368 6.204297
vt -1.044959 6.199653
vt -2.007418 8.498771
vt -1.822102 8.524140
vt -0.979417 6.229764
vt -2.091172 8.508461
vt -0.767319 6.253019
vt -1.957618 8.539820
vt -0.701777 6.237279
vt -1.791323 8.549510
vt -3.116044 10.538965
vt -2.955097 10.563741
vt -3.181331 10.548429
vt -3.060735 10.579053
vt -2.920914 10.588516
vt -4.274638 12.319569
vt -4.138950 12.343603
vt -4.323845 12.328749
vt -4.218569 12.358458
vt -4.104298 12.367638
vt -5.482538 13.842449
vt -5.371047 13.863729
vt -5.520919 13.850577
vt -5.433149 13.876880
vt -5.340523 13.885008
s 0
usemtl PetioleMat
f 1450/1452/1071 1451/1453/1071 1456/1454/1071 1455/1455/1071
f 1451/1453/1072 1452/1456/1072 1457/1457/1072 1456/1454/1072
f 1452/1456/1073 1453/1458/1073 1458/1459/1073 1457/1457/1073
f 1453/1458/1074 1454/1460/1074 1459/1461/1074 1458/1459/1074
f 1454/1460/1075 1450/1452/1075 1455/1455/1075 1459/1461/1075
f 1455/1455/1076 1456/1454/1076 1461/1462/1076 1460/1463/1076
f 1456/1454/1077 1457/1457/1077 1462/1464/1077 1461/1462/1077
f 1457/1457/1078 1458/1459/1078 1463/1465/1078 1462/1464/1078
f 1458/1459/1079 1459/1461/1079 1464/1466/1079 1463/1465/1079
f 1459/1461/1080 1455/1455/1080 1460/1463/1080 1464/1466/1080
f 1460/1463/1081 1461/1462/1081 1466/1467/1081 1465/1468/1081
f 1461/1462/1082 1462/1464/1082 1467/1469/1082 1466/1467/1082
f 1462/1464/1083 1463/1465/1083 1468/1470/1083 1467/1469/1083
f 1463/1465/1084 1464/1466/1084 1469/1471/1084 1468/1470/1084
f 1464/1466/1085 1460/1463/1085 1465/1468/1085 1469/1471/1085
f 1465/1468/1086 1466/1467/1086 1471/1472/1086 1470/1473/1086
f 1466/1467/1087 1467/1469/1087 1472/1474/1087 1471/1472/1087
f 1467/1469/1088 1468/1470/1088 1473/1475/1088 1472/1474/1088
f 1468/1470/1089 1469/1471/1089 1474/1476/1089 1473/1475/1089
f 1469/1471/1090 1465/1468/1090 1470/1473/1090 1474/1476/1090
f 1454/1460/1091 1453/1458/1091 1452/1456/1091 1451/1453/1091 1450/1452/1091
f 1470/1473/1092 1471/1472/1092 1472/1474/1092 1473/1475/1092 1474/1476/1092
o Leaf_028
v -0.478253 3.474878 -0.815293
v -0.678704 3.465932 -0.587628
v -0.879156 3.456987 -0.359963
v -0.620653 3.587492 -0.936246
v -0.831783 3.523042 -0.720165
v -1.021556 3.569601 -0.480917
v -0.769375 3.667247 -1.064057
v -0.988322 3.562166 -0.856455
v -1.170277 3.649356 -0.608728
v -0.930913 3.680386 -1.205770
v -1.152722 3.560433 -1.001272
v -1.331816 3.662495 -0.750441
v -1.101215 3.647972 -1.356990
v -1.320163 3.542891 -1.149388
v -1.502118 3.630081 -0.901660
v -1.274446 3.600338 -1.511386
v -1.485576 3.535888 -1.295304
v -1.675349 3.582447 -1.056056
v -1.443441 3.574718 -1.661187
v -1.643893 3.565772 -1.433522
v -1.844344 3.556827 -1.205858
vn 0.2190 0.9094 0.3536
vn 0.3429 0.9149 0.2129
vn 0.0212 0.9206 0.3899
vn 0.3533 0.9354 0.0127
vn -0.2145 0.9353 0.2813
vn 0.2150 0.9545 -0.2066
vn -0.3032 0.9346 0.1861
vn 0.1094 0.9530 -0.2825
vn -0.2603 0.9581 0.1192
vn 0.0477 0.9719 -0.2306
vn -0.0724 0.9926 0.0970
vn 0.0483 0.9980 -0.0401
vt -0.000000 -0.000000
vt 0.000000 0.166667
vt 0.500000 0.166667
vt 0.500000 0.000000
vt 1.000000 0.166667
vt 1.000000 0.000000
vt -0.000000 0.333333
vt 0.500000 0.333333
vt 1.000000 0.333333
vt 0.000000 0.500000
vt 0.500000 0.500000
vt 1.000000 0.500000
vt -0.000000 0.666667
vt 0.500000 0.666667
vt 1.000000 0.666667
vt 0.000000 0.833333
vt 0.500000 0.833333
vt 1.000000 0.833333
vt -0.000000 1.000000
vt 0.500000 1.000000
vt 1.000000 1.000000
s 0
usemtl LeafMat
f 1475/1477/1093 1478/1478/1093 1479/1479/1093 1476/1480/1093
f 1476/1480/1094 1479/1479/1094 1480/1481/1094 1477/1482/1094
f 1478/1478/1095 1481/1483/1095 1482/1484/1095 1479/1479/1095
f 1479/1479/1096 1482/1484/1096 1483/1485/1096 1480/1481/1096
f 1481/1483/1097 1484/1486/1097 1485/1487/1097 1482/1484/1097
f 1482/1484/1098 1485/1487/1098 1486/1488/1098 1483/1485/1098
f 1484/1486/1099 1487/1489/1099 1488/1490/1099 1485/1487/1099
f 1485/1487/1100 1488/1490/1100 1489/1491/1100 1486/1488/1100
f 1487/1489/1101 1490/1492/1101 1491/1493/1101 1488/1490/1101
f 1488/1490/1102 1491/1493/1102 1492/1494/1102 1489/1491/1102
f 1490/1492/1103 1493/1495/1103 1494/1496/1103 1491/1493/1103
f 1491/1493/1104 1494/1496/1104 1495/1497/1104 1492/1494/1104
o Petiole_029
v -0.054618 1.555068 0.104278
v -0.048288 1.546343 0.124324
v -0.025897 1.549676 0.126689
v -0.018390 1.560461 0.108106
v -0.036140 1.563794 0.094255
v -0.132910 1.953447 0.303890
v -0.127145 1.945136 0.321375
v -0.107316 1.948310 0.323557
v -0.100826 1.958583 0.307421
v -0.116644 1.961758 0.295266
v -0.210631 2.285456 0.503744
v -0.205284 2.277092 0.518326
v -0.188065 2.280287 0.520438
v -0.182771 2.290624 0.507162
v -0.196717 2.293819 0.496845
v -0.287771 2.551095 0.703817
v -0.282810 2.542775 0.715373
v -0.268221 2.545953 0.717478
v -0.264165 2.556237 0.707223
v -0.276247 2.559414 0.698780
v -0.364323 2.750364 0.904092
v -0.360004 2.742946 0.913204
v -0.347962 2.745780 0.915117
v -0.344838 2.754949 0.907188
v -0.354950 2.757782 0.900374
vn -0.9444 -0.2754 0.1794
vn -0.0274 -0.4471 0.8940
vn 0.9267 0.0037 0.3758
vn 0.5990 0.4542 -0.6595
vn -0.5573 0.2818 -0.7810
vn -0.9354 -0.3153 0.1602
vn -0.0115 -0.5122 0.8588
vn 0.9274 0.0037 0.3742
vn 0.5828 0.5197 -0.6247
vn -0.5678 0.3228 -0.7572
vn -0.9216 -0.3656 0.1301
vn 0.0122 -0.5933 0.8049
vn 0.9281 0.0040 0.3723
vn 0.5588 0.6014 -0.5710
vn -0.5834 0.3736 -0.7211
vn -0.9010 -0.4264 0.0799
vn 0.0478 -0.6927 0.7196
vn 0.9287 0.0039 0.3708
vn 0.5232 0.7006 -0.4851
vn -0.6066 0.4354 -0.6652
vn 0.1775 -0.8806 -0.4394
vn -0.2685 0.6808 0.6815
vt -0.436945 6.220273
vt -0.386301 6.185370
vt -1.017160 7.780544
vt -1.063282 7.813788
vt -0.207177 6.198702
vt -0.858527 7.793242
vt -0.147116 6.241845
vt -0.806607 7.834334
vt -0.289121 6.255177
vt -0.933152 7.847032
vt -1.642272 9.108370
vt -1.685048 9.141823
vt -1.504523 9.121148
vt -1.462165 9.162498
vt -1.573735 9.175276
vt -2.262478 10.171102
vt -2.302165 10.204379
vt -2.145765 10.183812
vt -2.113319 10.224946
vt -2.209980 10.237657
vt -2.880033 10.971785
vt -2.914585 11.001456
vt -2.783694 10.983118
vt -2.758705 11.019794
vt -2.839599 11.031128
s 0
usemtl PetioleMat
f 1496/1498/1105 1497/1499/1105 1502/1500/1105 1501/1501/1105
f 1497/1499/1106 1498/1502/1106 1503/1503/1106 1502/1500/1106
f 1498/1502/1107 1499/1504/1107 1504/1505/1107 1503/1503/1107
f 1499/1504/1108 1500/1506/1108 1505/1507/1108 1504/1505/1108
f 1500/1506/1109 1496/1498/1109 1501/1501/1109 1505/1507/1109
f 1501/1501/1110 1502/1500/1110 1507/1508/1110 1506/1509/1110
f 1502/1500/1111 1503/1503/1111 1508/1510/1111 1507/1508/1111
f 1503/1503/1112 1504/1505/1112 1509/1511/1112 1508/1510/1112
f 1504/1505/1113 1505/1507/1113 1510/1512/1113 1509/1511/1113
f 1505/1507/1114 1501/1501/1114 1506/1509/1114 1510/1512/1114
f 1506/1509/1115 1507/1508/1115 1512/1513/1115 1511/1514/1115
f 1507/1508/1116 1508/1510/1116 1513/1515/1116 1512/1513/1116
f 1508/1510/1117 1509/1511/1117 1514/1516/1117 1513/1515/1117
f 1509/1511/1118 1510/1512/1118 1515/1517/1118 1514/1516/1118
f 1510/1512/1119 1506/1509/1119 1511/1514/1119 1515/1517/1119
f 1511/1514/1120 1512/1513/1120 1517/1518/1120 1516/1519/1120
f 1512/1513/1121 1513/1515/1121 1518/1520/1121 1517/1518/1121
f 1513/1515/1122 1514/1516/1122 1519/1521/1122 1518/1520/1122
f 1514/1516/1123 1515/1517/1123 1520/1522/1123 1519/1521/1123
f 1515/1517/1124 1511/1514/1124 1516/1519/1124 1520/1522/1124
f 1500/1506/1125 1499/1504/1125 1498/1502/1125 1497/1499/1125 1496/1498/1125
f 1516/1519/1126 1517/1518/1126 1518/1520/1126 1519/1521/1126 1520/1522/1126
o Leaf_029
v -0.615860 2.735608 0.808741
v -0.354415 2.750364 0.907995
v -0.092971 2.765120 1.007249
v -0.680583 2.830378 0.965138
v -0.419987 2.782188 1.075985
v -0.157693 2.859890 1.163646
v -0.745696 2.896155 1.126875
v -0.485721 2.801885 1.246209
v -0.222807 2.925667 1.325383
v -0.811575 2.905172 1.299066
v -0.551827 2.794035 1.421506
v -0.288685 2.934684 1.497573
v -0.878052 2.869798 1.479432
v -0.618077 2.775528 1.598766
v -0.355162 2.899310 1.677939
v -0.944827 2.812316 1.663870
v -0.684230 2.764126 1.774717
v -0.421937 2.841829 1.862377
v -1.011494 2.762838 1.846834
v -0.750049 2.777594 1.946088
v -0.488604 2.792350 2.045341
vn 0.1787 0.9388 -0.2946
vn -0.0302 0.9270 -0.3739
vn 0.3111 0.9428 -0.1201
vn -0.2445 0.9114 -0.3310
vn 0.3173 0.9410 0.1174
vn -0.4061 0.9002 -0.1573
vn 0.2595 0.9361 0.2374
vn -0.4421 0.8965 -0.0290
vn 0.1558 0.9580 0.2406
vn -0.3693 0.9284 0.0412
vn 0.0200 0.9939 0.1085
vn -0.1844 0.9824 0.0309
vt 0.000000 -0.000000
vt 0.000000 0.166667
vt 0.500000 0.166667
vt 0.500000 0.000000
vt 1.000000 0.166667
vt 1.000000 -0.000000
vt 0.000000 0.333334
vt 0.500000 0.333333
vt 1.000000 0.333333
vt 0.000000 0.500000
vt 0.500000 0.500000
vt 1.000000 0.500000
vt 0.000000 0.666667
vt 0.500000 0.666667
vt 1.000000 0.666667
vt 0.000000 0.833333
vt 0.500000 0.833333
vt 1.000000 0.833333
vt 0.000000 1.000000
vt 0.500000 1.000000
vt 1.000000 1.000000
s 0
usemtl LeafMat
f 1521/1523/1127 1524/1524/1127 1525/1525/1127 1522/1526/1127
f 1522/1526/1128 1525/1525/1128 1526/1527/1128 1523/1528/1128
f 1524/1524/1129 1527/1529/1129 1528/1530/1129 1525/1525/1129
f 1525/1525/1130 1528/1530/1130 1529/1531/1130 1526/1527/1130
f 1527/1529/1131 1530/1532/1131 1531/1533/1131 1528/1530/1131
f 1528/1530/1132 1531/1533/1132 1532/1534/1132 1529/1531/1132
f 1530/1532/1133 1533/1535/1133 1534/1536/1133 1531/1533/1133
f 1531/1533/1134 1534/1536/1134 1535/1537/1134 1532/1534/1134
f 1533/1535/1135 1536/1538/1135 1537/1539/1135 1534/1536/1135
f 1534/1536/1136 1537/1539/1136 1538/1540/1136 1535/1537/1136
f 1536/1538/1137 1539/1541/1137 1540/1542/1137 1537/1539/1137
f 1537/1539/1138 1540/1542/1138 1541/1543/1138 1538/1540/1138
o Petiole_030
v -0.270140 1.553538 0.059091
v -0.291106 1.543993 0.076822
v -0.282062 1.547639 0.104207
v -0.255506 1.559437 0.103402
v -0.248138 1.563083 0.075519
v -0.382532 1.806834 0.065283
v -0.400868 1.797847 0.081051
v -0.392879 1.801280 0.105341
v -0.369605 1.812387 0.104585
v -0.363210 1.815820 0.079827
v -0.494932 2.027025 0.071937
v -0.510372 2.018178 0.085754
v -0.503505 2.021557 0.106943
v -0.483821 2.032492 0.106222
v -0.478523 2.035871 0.084587
v -0.607293 2.214111 0.079053
v -0.619801 2.205493 0.090892
v -0.614101 2.208785 0.108991
v -0.598070 2.219437 0.108338
v -0.593862 2.222729 0.089835
v -0.719583 2.368094 0.086630
v -0.729618 2.360464 0.096464
v -0.724984 2.363378 0.111486
v -0.712085 2.372809 0.110936
v -0.708747 2.375724 0.095573
vn -0.5655 -0.2315 -0.7916
vn -0.8625 -0.3784 0.3361
vn 0.0278 0.0078 0.9996
vn 0.8751 0.3935 0.2817
vn 0.5084 0.2457 -0.8253
vn -0.5552 -0.2593 -0.7902
vn -0.8400 -0.4245 0.3380
vn 0.0302 0.0081 0.9995
vn 0.8530 0.4407 0.2797
vn 0.4913 0.2756 -0.8262
vn -0.5401 -0.2941 -0.7886
vn -0.8080 -0.4812 0.3401
vn 0.0331 0.0088 0.9994
vn 0.8211 0.4989 0.2774
vn 0.4672 0.3118 -0.8273
vn -0.5151 -0.3368 -0.7882
vn -0.7613 -0.5516 0.3409
vn 0.0352 0.0092 0.9993
vn 0.7734 0.5703 0.2768
vn 0.4337 0.3568 -0.8274
vn 0.4057 -0.9139 -0.0123
vn -0.5893 0.8075 0.0251
vt -2.161117 6.214153
vt -2.328847 6.175974
vt -3.206942 7.191390
vt -3.060253 7.227334
vt -2.256494 6.190557
vt -3.143031 7.205119
vt -2.044048 6.237749
vt -2.956843 7.249550
vt -1.985102 6.252332
vt -2.905684 7.263279
vt -4.082977 8.072713
vt -3.959456 8.108099
vt -4.028041 8.086229
vt -3.870568 8.129969
vt -3.828180 8.143485
vt -4.958409 8.821974
vt -4.858340 8.856445
vt -4.912811 8.835141
vt -4.784561 8.877749
vt -4.750896 8.890917
vt -5.836945 9.441855
vt -5.756667 9.472375
vt -5.799870 9.453513
vt -5.696680 9.491237
vt -5.669978 9.502894
s 0
usemtl PetioleMat
f 1542/1544/1139 1543/1545/1139 1548/1546/1139 1547/1547/1139
f 1543/1545/1140 1544/1548/1140 1549/1549/1140 1548/1546/1140
f 1544/1548/1141 1545/1550/1141 1550/1551/1141 1549/1549/1141
f 1545/1550/1142 1546/1552/1142 1551/1553/1142 1550/1551/1142
f 1546/1552/1143 1542/1544/1143 1547/1547/1143 1551/1553/1143
f 1547/1547/1144 1548/1546/1144 1553/1554/1144 1552/1555/1144
f 1548/1546/1145 1549/1549/1145 1554/1556/1145 1553/1554/1145
f 1549/1549/1146 1550/1551/1146 1555/1557/1146 1554/1556/1146
f 1550/1551/1147 1551/1553/1147 1556/1558/1147 1555/1557/1147
f 1551/1553/1148 1547/1547/1148 1552/1555/1148 1556/1558/1148
f 1552/1555/1149 1553/1554/1149 1558/1559/1149 1557/1560/1149
f 1553/1554/1150 1554/1556/1150 1559/1561/1150 1558/1559/1150
f 1554/1556/1151 1555/1557/1151 1560/1562/1151 1559/1561/1151
f 1555/1557/1152 1556/1558/1152 1561/1563/1152 1560/1562/1152
f 1556/1558/1153 1552/1555/1153 1557/1560/1153 1561/1563/1153
f 1557/1560/1154 1558/1559/1154 1563/1564/1154 1562/1565/1154
f 1558/1559/1155 1559/1561/1155 1564/1566/1155 1563/1564/1155
f 1559/1561/1156 1560/1562/1156 1565/1567/1156 1564/1566/1156
f 1560/1562/1157 1561/1563/1157 1566/1568/1157 1565/1567/1157
f 1561/1563/1158 1557/1560/1158 1562/1565/1158 1566/1568/1158
f 1546/1552/1159 1545/1550/1159 1544/1548/1159 1543/1545/1159 1542/1544/1159
f 1562/1565/1160 1563/1564/1160 1564/1566/1160 1565/1567/1160 1566/1568/1160
o Leaf_030
v -0.742512 2.382062 -0.086297
v -0.719003 2.368094 0.100218
v -0.695495 2.354126 0.286733
v -0.875995 2.458294 -0.063764
v -0.861897 2.393554 0.120135
v -0.828978 2.430358 0.309266
v -1.013686 2.511821 -0.042401
v -1.006478 2.409913 0.139583
v -0.966669 2.483885 0.330629
v -1.159577 2.521110 -0.023317
v -1.154891 2.405598 0.157966
v -1.112560 2.493174 0.349713
v -1.311994 2.495191 -0.006047
v -1.304786 2.393283 0.175937
v -1.264977 2.467255 0.366983
v -1.467791 2.451041 0.010283
v -1.453693 2.386301 0.194182
v -1.420774 2.423105 0.383313
v -1.622649 2.411953 0.026874
v -1.599141 2.397985 0.213389
v -1.575632 2.384017 0.399904
vn 0.3623 0.9185 0.1584
vn 0.3289 0.9383 -0.1065
vn 0.2739 0.8812 0.3854
vn 0.1865 0.9331 -0.3076
vn 0.0794 0.8565 0.5100
vn -0.0331 0.9233 -0.3826
vn -0.0484 0.8564 0.5141
vn -0.1579 0.9214 -0.3550
vn -0.1041 0.9028 0.4173
vn -0.1872 0.9521 -0.2416
vn -0.0635 0.9749 0.2136
vn -0.0962 0.9943 -0.0460
vt 0.000000 -0.000000
vt 0.000000 0.166667
vt 0.500000 0.166667
vt 0.500000 0.000000
vt 1.000000 0.166667
vt 1.000000 0.000000
vt 0.000000 0.333333
vt 0.500000 0.333333
vt 1.000000 0.333333
vt 0.000000 0.500000
vt 0.500000 0.500000
vt 1.000000 0.500000
vt 0.000000 0.666667
vt 0.500000 0.666666
vt 1.000000 0.666667
vt 0.000000 0.833333
vt 0.500000 0.833333
vt 1.000000 0.833333
vt -0.000000 1.000000
vt 0.500000 1.000000
vt 1.000000 1.000000
s 0
usemtl LeafMat
f 1567/1569/1161 1570/1570/1161 1571/1571/1161 1568/1572/1161
f 1568/1572/1162 1571/1571/1162 1572/1573/1162 1569/1574/1162
f 1570/1570/1163 1573/1575/1163 1574/1576/1163 1571/1571/1163
f 1571/1571/1164 1574/1576/1164 1575/1577/1164 1572/1573/1164
f 1573/1575/1165 1576/1578/1165 1577/1579/1165 1574/1576/1165
f 1574/1576/1166 1577/1579/1166 1578/1580/1166 1575/1577/1166
f 1576/1578/1167 1579/1581/1167 1580/1582/1167 1577/1579/1167
f 1577/1579/1168 1580/1582/1168 1581/1583/1168 1578/1580/1168
f 1579/1581/1169 1582/1584/1169 1583/1585/1169 1580/1582/1169
f 1580/1582/1170 1583/1585/1170 1584/1586/1170 1581/1583/1170
f 1582/1584/1171 1585/1587/1171 1586/1588/1171 1583/1585/1171
f 1583/1585/1172 1586/1588/1172 1587/1589/1172 1584/1586/1172
o Petiole_031
v -0.283643 1.523075 -0.004539
v -0.301337 1.519324 0.008930
v -0.294578 1.522136 0.030261
v -0.272707 1.527625 0.029975
v -0.265948 1.528205 0.008468
v -0.399924 1.985195 -0.026449
v -0.415573 1.981719 -0.014466
v -0.409595 1.984397 0.004446
v -0.390252 1.989528 0.004152
v -0.384274 1.990021 -0.014943
v -0.515764 2.397799 -0.050248
v -0.529313 2.394481 -0.039719
v -0.524138 2.397179 -0.023245
v -0.507390 2.402164 -0.023593
v -0.502214 2.402547 -0.040282
v -0.628073 2.762060 -0.075605
v -0.641266 2.758043 -0.069858
v -0.640497 2.759577 -0.055017
v -0.626829 2.764543 -0.051591
v -0.619150 2.766078 -0.064315
v -0.743478 3.075850 -0.103245
v -0.754390 3.072298 -0.098539
v -0.753875 3.073655 -0.086221
v -0.742645 3.078045 -0.083314
v -0.736219 3.079401 -0.093836
vn -0.5715 -0.1817 -0.8002
vn -0.9231 -0.2118 0.3210
vn -0.0003 0.0557 0.9984
vn 0.9217 0.2511 0.2958
vn 0.5687 0.1044 -0.8159
vn -0.5672 -0.2052 -0.7976
vn -0.9169 -0.2327 0.3243
vn -0.0009 0.0667 0.9978
vn 0.9147 0.2794 0.2919
vn 0.5648 0.1113 -0.8177
vn -0.4659 -0.2091 -0.8598
vn -0.9367 -0.2762 0.2151
vn -0.1150 0.0444 0.9924
vn 0.8637 0.3097 0.3976
vn 0.6469 0.1531 -0.7470
vn -0.3347 -0.2043 -0.9199
vn -0.9402 -0.3313 0.0797
vn -0.2487 0.0063 0.9686
vn 0.7840 0.3419 0.5182
vn 0.7309 0.2118 -0.6488
vn 0.2437 -0.9685 0.0505
vn -0.3426 0.9353 -0.0887
vt -2.269140 6.092301
vt -2.410696 6.077297
vt -3.324583 7.926877
vt -3.199389 7.940779
vt -2.356627 6.088545
vt -3.276763 7.937588
vt -2.181654 6.110500
vt -3.122015 7.958111
vt -2.127585 6.112822
vt -3.074196 7.960083
vt -4.234504 9.577925
vt -4.126110 9.591197
vt -4.193101 9.588715
vt -4.059119 9.608655
vt -4.017716 9.610189
vt -5.130126 11.032171
vt -5.024582 11.048241
vt -5.123977 11.038309
vt -5.014632 11.058172
vt -4.953203 11.064310
vt -6.035119 12.289193
vt -5.947820 12.303399
vt -6.031002 12.294620
vt -5.941159 12.312179
vt -5.889750 12.317605
s 0
usemtl PetioleMat
f 1588/1590/1173 1589/1591/1173 1594/1592/1173 1593/1593/1173
f 1589/1591/1174 1590/1594/1174 1595/1595/1174 1594/1592/1174
f 1590/1594/1175 1591/1596/1175 1596/1597/1175 1595/1595/1175
f 1591/1596/1176 1592/1598/1176 1597/1599/1176 1596/1597/1176
f 1592/1598/1177 1588/1590/1177 1593/1593/1177 1597/1599/1177
f 1593/1593/1178 1594/1592/1178 1599/1600/1178 1598/1601/1178
f 1594/1592/1179 1595/1595/1179 1600/1602/1179 1599/1600/1179
f 1595/1595/1180 1596/1597/1180 1601/1603/1180 1600/1602/1180
f 1596/1597/1181 1597/1599/1181 1602/1604/1181 1601/1603/1181
f 1597/1599/1182 1593/1593/1182 1598/1601/1182 1602/1604/1182
f 1598/1601/1183 1599/1600/1183 1604/1605/1183 1603/1606/1183
f 1599/1600/1184 1600/1602/1184 1605/1607/1184 1604/1605/1184
f 1600/1602/1185 1601/1603/1185 1606/1608/1185 1605/1607/1185
f 1601/1603/1186 1602/1604/1186 1607/1609/1186 1606/1608/1186
f 1602/1604/1187 1598/1601/1187 1603/1606/1187 1607/1609/1187
f 1603/1606/1188 1604/1605/1188 1609/1610/1188 1608/1611/1188
f 1604/1605/1189 1605/1607/1189 1610/1612/1189 1609/1610/1189
f 1605/1607/1190 1606/1608/1190 1611/1613/1190 1610/1612/1190
f 1606/1608/1191 1607/1609/1191 1612/1614/1191 1611/1613/1191
f 1607/1609/1192 1603/1606/1192 1608/1611/1192 1612/1614/1192
f 1592/1598/1193 1591/1596/1193 1590/1594/1193 1589/1591/1193 1588/1590/1193
f 1608/1611/1194 1609/1610/1194 1610/1612/1194 1611/1613/1194 1612/1614/1194
o Leaf_031
v -0.700890 3.108526 -0.381307
v -0.746121 3.075850 -0.093031
v -0.791353 3.043174 0.195245
v -0.902208 3.240804 -0.397900
v -0.965931 3.138328 -0.120438
v -0.992671 3.175452 0.178651
v -1.112156 3.340509 -0.419541
v -1.189415 3.186935 -0.149994
v -1.202619 3.275156 0.157011
v -1.339032 3.376313 -0.451080
v -1.421247 3.204036 -0.184431
v -1.429495 3.310961 0.125472
v -1.579047 3.362520 -0.490303
v -1.656307 3.208946 -0.220756
v -1.669511 3.297168 0.086249
v -1.825491 3.324461 -0.533285
v -1.889215 3.221984 -0.255823
v -1.915955 3.259108 0.043266
v -2.069355 3.296143 -0.574758
v -2.114587 3.263467 -0.286482
v -2.159818 3.230790 0.001794
vn 0.3780 0.8814 0.2834
vn 0.4155 0.9085 0.0440
vn 0.2380 0.8547 0.4614
vn 0.3369 0.9262 -0.1693
vn 0.0228 0.8513 0.5241
vn 0.1511 0.9440 -0.2934
vn -0.0950 0.8630 0.4962
vn 0.0300 0.9533 -0.3005
vn -0.1122 0.9108 0.3974
vn -0.0179 0.9789 -0.2036
vn -0.0082 0.9730 0.2309
vn 0.0287 0.9996 -0.0041
vt 0.000000 0.000000
vt 0.000000 0.166667
vt 0.500000 0.166667
vt 0.500000 0.000000
vt 1.000000 0.166667
vt 1.000000 -0.000000
vt 0.000000 0.333333
vt 0.500000 0.333333
vt 1.000000 0.333333
vt 0.000000 0.500000
vt 0.500000 0.500000
vt 1.000000 0.500000
vt 0.000000 0.666667
vt 0.500000 0.666667
vt 1.000000 0.666667
vt 0.000000 0.833333
vt 0.500000 0.833334
vt 1.000000 0.833333
vt 0.000000 1.000000
vt 0.500000 1.000000
vt 1.000000 1.000000
s 0
usemtl LeafMat
f 1613/1615/1195 1616/1616/1195 1617/1617/1195 1614/1618/1195
f 1614/1618/1196 1617/1617/1196 1618/1619/1196 1615/1620/1196
f 1616/1616/1197 1619/1621/1197 1620/1622/1197 1617/1617/1197
f 1617/1617/1198 1620/1622/1198 1621/1623/1198 1618/1619/1198
f 1619/1621/1199 1622/1624/1199 1623/1625/1199 1620/1622/1199
f 1620/1622/1200 1623/1625/1200 1624/1626/1200 1621/1623/1200
f 1622/1624/1201 1625/1627/1201 1626/1628/1201 1623/1625/1201
f 1623/1625/1202 1626/1628/1202 1627/1629/1202 1624/1626/1202
f 1625/1627/1203 1628/1630/1203 1629/1631/1203 1626/1628/1203
f 1626/1628/1204 1629/1631/1204 1630/1632/1204 1627/1629/1204
f 1628/1630/1205 1631/1633/1205 1632/1634/1205 1629/1631/1205
f 1629/1631/1206 1632/1634/1206 1633/1635/1206 1630/1632/1206
o SpathStalk_00
v 0.080436 1.538830 -0.147456
v 0.067196 1.541038 -0.137933
v 0.072253 1.541811 -0.122291
v 0.088619 1.540081 -0.122146
v 0.093677 1.538239 -0.137699
v 0.138019 2.079708 -0.192286
v 0.125283 2.081946 -0.183136
v 0.130148 2.082731 -0.168081
v 0.145890 2.080978 -0.167927
v 0.150755 2.079110 -0.182886
v 0.195601 2.567703 -0.237109
v 0.183380 2.570095 -0.228353
v 0.188048 2.570937 -0.213888
v 0.203155 2.569065 -0.213703
v 0.207823 2.567066 -0.228055
v 0.253184 3.002861 -0.281929
v 0.241482 3.005446 -0.273578
v 0.245952 3.006359 -0.259702
v 0.260416 3.004339 -0.259477
v 0.264886 3.002177 -0.273214
v 0.310767 3.385283 -0.326755
v 0.299574 3.387913 -0.318787
v 0.303849 3.388845 -0.305500
v 0.317684 3.386791 -0.305256
v 0.321960 3.384589 -0.318393
vn -0.5842 -0.0051 -0.8116
vn -0.9457 0.1266 0.2993
vn -0.0002 0.0844 0.9964
vn 0.9458 -0.0734 0.3165
vn 0.5848 -0.1286 -0.8009
vn -0.5836 -0.0057 -0.8120
vn -0.9445 0.1399 0.2973
vn -0.0000 0.0934 0.9956
vn 0.9446 -0.0810 0.3179
vn 0.5839 -0.1423 -0.7992
vn -0.5825 -0.0067 -0.8128
vn -0.9428 0.1564 0.2943
vn -0.0000 0.1046 0.9945
vn 0.9430 -0.0904 0.3202
vn 0.5830 -0.1592 -0.7967
vn -0.5816 -0.0078 -0.8135
vn -0.9403 0.1772 0.2907
vn 0.0007 0.1188 0.9929
vn 0.9409 -0.1023 0.3228
vn 0.5811 -0.1805 -0.7936
vn -0.1055 -0.9909 0.0831
vn 0.1479 0.9821 -0.1165
vt 0.643490 6.155320
vt 0.537566 6.164153
vt 1.002262 8.327784
vt 1.104151 8.318832
vt 0.578026 6.167246
vt 1.041180 8.330923
vt 0.708955 6.160326
vt 1.167122 8.323912
vt 0.749414 6.152955
vt 1.206041 8.316439
vt 1.467038 10.280381
vt 1.564812 10.270812
vt 1.504384 10.283748
vt 1.625240 10.276259
vt 1.662586 10.268265
vt 1.931858 12.021784
vt 2.025473 12.011444
vt 1.967616 12.025437
vt 2.083330 12.017357
vt 2.119088 12.008708
vt 2.396589 13.551652
vt 2.486134 13.541131
vt 2.430792 13.555381
vt 2.541476 13.547164
vt 2.575679 13.538357
s 0
usemtl SpathStalkMat
f 1634/1636/1207 1635/1637/1207 1640/1638/1207 1639/1639/1207
f 1635/1637/1208 1636/1640/1208 1641/1641/1208 1640/1638/1208
f 1636/1640/1209 1637/1642/1209 1642/1643/1209 1641/1641/1209
f 1637/1642/1210 1638/1644/1210 1643/1645/1210 1642/1643/1210
f 1638/1644/1211 1634/1636/1211 1639/1639/1211 1643/1645/1211
f 1639/1639/1212 1640/1638/1212 1645/1646/1212 1644/1647/1212
f 1640/1638/1213 1641/1641/1213 1646/1648/1213 1645/1646/1213
f 1641/1641/1214 1642/1643/1214 1647/1649/1214 1646/1648/1214
f 1642/1643/1215 1643/1645/1215 1648/1650/1215 1647/1649/1215
f 1643/1645/1216 1639/1639/1216 1644/1647/1216 1648/1650/1216
f 1644/1647/1217 1645/1646/1217 1650/1651/1217 1649/1652/1217
f 1645/1646/1218 1646/1648/1218 1651/1653/1218 1650/1651/1218
f 1646/1648/1219 1647/1649/1219 1652/1654/1219 1651/1653/1219
f 1647/1649/1220 1648/1650/1220 1653/1655/1220 1652/1654/1220
f 1648/1650/1221 1644/1647/1221 1649/1652/1221 1653/1655/1221
f 1649/1652/1222 1650/1651/1222 1655/1656/1222 1654/1657/1222
f 1650/1651/1223 1651/1653/1223 1656/1658/1223 1655/1656/1223
f 1651/1653/1224 1652/1654/1224 1657/1659/1224 1656/1658/1224
f 1652/1654/1225 1653/1655/1225 1658/1660/1225 1657/1659/1225
f 1653/1655/1226 1649/1652/1226 1654/1657/1226 1658/1660/1226
f 1638/1644/1227 1637/1642/1227 1636/1640/1227 1635/1637/1227 1634/1636/1227
f 1654/1657/1228 1655/1656/1228 1656/1658/1228 1657/1659/1228 1658/1660/1228
o Spathe_00
v 0.508823 3.388412 -0.014321
v 0.310767 3.386684 -0.314938
v 0.112710 3.384956 -0.615555
v 0.414201 3.632656 0.046615
v 0.322279 3.623739 -0.323885
v 0.018087 3.629200 -0.554618
v 0.406262 3.871028 0.050476
v 0.358302 3.859133 -0.348972
v 0.010148 3.867572 -0.550758
v 0.498463 4.102618 -0.011600
v 0.406541 4.093700 -0.382101
v 0.102349 4.099162 -0.612834
v 0.634513 4.331236 -0.102549
v 0.436457 4.329508 -0.403166
v 0.238400 4.327780 -0.703783
vn -0.8988 -0.1975 0.3915
vn -0.7133 -0.1959 0.6729
vn -0.9821 0.0661 0.1766
vn -0.5502 0.0699 0.8321
vn -0.9353 0.3148 0.1614
vn -0.5191 0.3184 0.7932
vn -0.8476 0.3897 0.3601
vn -0.6674 0.3913 0.6336
vt 0.000000 -0.000000
vt -0.000000 0.250000
vt 0.500000 0.250000
vt 0.500000 0.000000
vt 1.000000 0.250000
vt 1.000000 0.000000
vt -0.000000 0.500000
vt 0.500000 0.500000
vt 1.000000 0.500000
vt -0.000000 0.750000
vt 0.500000 0.750000
vt 1.000000 0.750000
vt -0.000000 1.000000
vt 0.500000 1.000000
vt 1.000000 1.000000
s 0
usemtl SpatheMat
f 1659/1661/1229 1662/1662/1229 1663/1663/1229 1660/1664/1229
f 1660/1664/1230 1663/1663/1230 1664/1665/1230 1661/1666/1230
f 1662/1662/1231 1665/1667/1231 1666/1668/1231 1663/1663/1231
f 1663/1663/1232 1666/1668/1232 1667/1669/1232 1664/1665/1232
f 1665/1667/1233 1668/1670/1233 1669/1671/1233 1666/1668/1233
f 1666/1668/1234 1669/1671/1234 1670/1672/1234 1667/1669/1234
f 1668/1670/1235 1671/1673/1235 1672/1674/1235 1669/1671/1235
f 1669/1671/1236 1672/1674/1236 1673/1675/1236 1670/1672/1236
o SpathStalk_01
v 0.026586 1.540925 0.063371
v 0.013272 1.540460 0.073035
v 0.018357 1.539359 0.088649
v 0.034814 1.539144 0.088635
v 0.039899 1.540112 0.073012
v 0.033777 2.089791 0.100254
v 0.020962 2.089321 0.109555
v 0.025857 2.088210 0.124579
v 0.041696 2.087993 0.124564
v 0.046591 2.088970 0.109530
v 0.040967 2.589728 0.137140
v 0.028653 2.589229 0.146076
v 0.033356 2.588052 0.160507
v 0.048578 2.587822 0.160489
v 0.053282 2.588858 0.146048
v 0.048158 3.040701 0.174028
v 0.036343 3.040167 0.182599
v 0.040856 3.038908 0.196434
v 0.055461 3.038662 0.196413
v 0.059974 3.039770 0.182565
v 0.055349 3.442641 0.210912
v 0.044033 3.442101 0.219119
v 0.048356 3.440826 0.232363
v 0.062343 3.440578 0.232340
v 0.066665 3.441699 0.219083
vn -0.5877 0.0619 -0.8067
vn -0.9510 -0.0073 0.3092
vn -0.0000 -0.0653 0.9979
vn 0.9510 -0.0321 0.3076
vn 0.5877 0.0466 -0.8077
vn -0.5877 0.0679 -0.8062
vn -0.9509 -0.0080 0.3093
vn -0.0000 -0.0717 0.9974
vn 0.9510 -0.0352 0.3073
vn 0.5877 0.0511 -0.8074
vn -0.5877 0.0753 -0.8056
vn -0.9509 -0.0088 0.3093
vn -0.0000 -0.0794 0.9968
vn 0.9510 -0.0390 0.3069
vn 0.5877 0.0566 -0.8071
vn -0.5876 0.0844 -0.8047
vn -0.9509 -0.0099 0.3093
vn -0.0000 -0.0890 0.9960
vn 0.9509 -0.0437 0.3064
vn 0.5877 0.0635 -0.8066
vn -0.0131 -0.9977 -0.0661
vn 0.0178 0.9958 0.0901
vt 0.212685 6.163701
vt 0.106176 6.161838
vt 0.167698 8.357285
vt 0.270212 8.359165
vt 0.146859 6.157435
vt 0.206855 8.352839
vt 0.278511 6.156576
vt 0.333569 8.351973
vt 0.319194 6.160449
vt 0.372726 8.355882
vt 0.229221 10.356917
vt 0.327740 10.358912
vt 0.266852 10.352206
vt 0.388627 10.351288
vt 0.426258 10.355432
vt 0.290745 12.160669
vt 0.385267 12.162803
vt 0.326849 12.155630
vt 0.443684 12.154649
vt 0.479788 12.159081
vt 0.352268 13.768404
vt 0.442794 13.770563
vt 0.386846 13.763303
vt 0.498742 13.762310
vt 0.533320 13.766797
s 0
usemtl SpathStalkMat
f 1674/1676/1237 1675/1677/1237 1680/1678/1237 1679/1679/1237
f 1675/1677/1238 1676/1680/1238 1681/1681/1238 1680/1678/1238
f 1676/1680/1239 1677/1682/1239 1682/1683/1239 1681/1681/1239
f 1677/1682/1240 1678/1684/1240 1683/1685/1240 1682/1683/1240
f 1678/1684/1241 1674/1676/1241 1679/1679/1241 1683/1685/1241
f 1679/1679/1242 1680/1678/1242 1685/1686/1242 1684/1687/1242
f 1680/1678/1243 1681/1681/1243 1686/1688/1243 1685/1686/1243
f 1681/1681/1244 1682/1683/1244 1687/1689/1244 1686/1688/1244
f 1682/1683/1245 1683/1685/1245 1688/1690/1245 1687/1689/1245
f 1683/1685/1246 1679/1679/1246 1684/1687/1246 1688/1690/1246
f 1684/1687/1247 1685/1686/1247 1690/1691/1247 1689/1692/1247
f 1685/1686/1248 1686/1688/1248 1691/1693/1248 1690/1691/1248
f 1686/1688/1249 1687/1689/1249 1692/1694/1249 1691/1693/1249
f 1687/1689/1250 1688/1690/1250 1693/1695/1250 1692/1694/1250
f 1688/1690/1251 1684/1687/1251 1689/1692/1251 1693/1695/1251
f 1689/1692/1252 1690/1691/1252 1695/1696/1252 1694/1697/1252
f 1690/1691/1253 1691/1693/1253 1696/1698/1253 1695/1696/1253
f 1691/1693/1254 1692/1694/1254 1697/1699/1254 1696/1698/1254
f 1692/1694/1255 1693/1695/1255 1698/1700/1255 1697/1699/1255
f 1693/1695/1256 1689/1692/1256 1694/1697/1256 1698/1700/1256
f 1678/1684/1257 1677/1682/1257 1676/1680/1257 1675/1677/1257 1674/1676/1257
f 1694/1697/1258 1695/1696/1258 1696/1698/1258 1697/1699/1258 1698/1700/1258
o Spathe_01
v -0.284856 3.440204 0.340485
v 0.055349 3.441569 0.222763
v 0.395555 3.442933 0.105042
v -0.324837 3.681059 0.227736
v 0.056987 3.678948 0.230247
v 0.355575 3.683788 -0.007707
v -0.330826 3.919075 0.213185
v 0.068236 3.915524 0.265499
v 0.349585 3.921804 -0.022257
v -0.297549 4.153812 0.312076
v 0.084275 4.151700 0.314587
v 0.382863 4.156540 0.076633
v -0.247076 4.387113 0.460641
v 0.093129 4.388477 0.342920
v 0.433335 4.389841 0.225198
vn -0.1538 -0.2242 -0.9623
vn -0.4723 -0.2254 -0.8521
vn 0.0703 0.0427 -0.9966
vn -0.6715 0.0397 -0.7399
vn 0.0691 0.2925 -0.9538
vn -0.6459 0.2896 -0.7064
vn -0.1464 0.3645 -0.9196
vn -0.4559 0.3633 -0.8125
vt -0.000000 -0.000000
vt -0.000000 0.250000
vt 0.500000 0.250000
vt 0.500000 0.000000
vt 1.000000 0.250000
vt 1.000000 0.000000
vt -0.000000 0.500000
vt 0.500000 0.500000
vt 1.000000 0.500000
vt -0.000000 0.750000
vt 0.500000 0.750000
vt 1.000000 0.750000
vt -0.000000 1.000000
vt 0.500000 1.000000
vt 1.000000 1.000000
s 0
usemtl SpatheMat
f 1699/1701/1259 1702/1702/1259 1703/1703/1259 1700/1704/1259
f 1700/1704/1260 1703/1703/1260 1704/1705/1260 1701/1706/1260
f 1702/1702/1261 1705/1707/1261 1706/1708/1261 1703/1703/1261
f 1703/1703/1262 1706/1708/1262 1707/1709/1262 1704/1705/1262
f 1705/1707/1263 1708/1710/1263 1709/1711/1263 1706/1708/1263
f 1706/1708/1264 1709/1711/1264 1710/1712/1264 1707/1709/1264
f 1708/1710/1265 1711/1713/1265 1712/1714/1265 1709/1711/1265
f 1709/1711/1266 1712/1714/1266 1713/1715/1266 1710/1712/1266
o SpathStalk_02
v -0.084799 1.539340 -0.106711
v -0.098100 1.539185 -0.097019
v -0.093020 1.540157 -0.081395
v -0.076579 1.540912 -0.081430
v -0.071499 1.540407 -0.097077
v -0.112444 2.140013 -0.134550
v -0.125244 2.139857 -0.125220
v -0.120355 2.140837 -0.110184
v -0.104532 2.141599 -0.110222
v -0.099643 2.141089 -0.125281
v -0.140088 2.687075 -0.162387
v -0.152387 2.686910 -0.153417
v -0.147689 2.687950 -0.138973
v -0.132487 2.688757 -0.139017
v -0.127789 2.688216 -0.153488
v -0.167732 3.180552 -0.190224
v -0.179528 3.180376 -0.181611
v -0.175022 3.181488 -0.167762
v -0.160441 3.182351 -0.167814
v -0.155936 3.181772 -0.181697
v -0.195376 3.620492 -0.218062
v -0.206672 3.620314 -0.209811
v -0.202357 3.621440 -0.196551
v -0.188395 3.622313 -0.196607
v -0.184081 3.621727 -0.209902
vn -0.5872 -0.0644 -0.8068
vn -0.9501 -0.0283 0.3107
vn -0.0000 0.0479 0.9989
vn 0.9500 0.0589 0.3065
vn 0.5871 -0.0105 -0.8095
vn -0.5871 -0.0707 -0.8064
vn -0.9499 -0.0311 0.3111
vn -0.0000 0.0525 0.9986
vn 0.9498 0.0646 0.3061
vn 0.5870 -0.0115 -0.8095
vn -0.5869 -0.0783 -0.8058
vn -0.9496 -0.0344 0.3115
vn -0.0000 0.0582 0.9983
vn 0.9495 0.0716 0.3054
vn 0.5868 -0.0128 -0.8096
vn -0.5866 -0.0878 -0.8051
vn -0.9493 -0.0386 0.3120
vn -0.0002 0.0653 0.9979
vn 0.9491 0.0802 0.3046
vn 0.5867 -0.0144 -0.8097
vn 0.0459 -0.9978 0.0471
vn -0.0626 0.9960 -0.0642
vt -0.678394 6.157358
vt -0.784800 6.156741
vt -1.001953 8.559426
vt -0.899548 8.560050
vt -0.744157 6.160627
vt -0.962838 8.563350
vt -0.612632 6.163647
vt -0.836258 8.566398
vt -0.571989 6.161627
vt -0.797143 8.564358
vt -1.219092 10.747640
vt -1.120702 10.748300
vt -1.181510 10.751799
vt -1.059893 10.755029
vt -1.022311 10.752866
vt -1.436224 12.721503
vt -1.341855 12.722206
vt -1.400179 12.725952
vt -1.283532 12.729404
vt -1.247486 12.727090
vt -1.653372 14.481255
vt -1.563009 14.481966
vt -1.618857 14.485759
vt -1.507161 14.489253
vt -1.472646 14.486909
s 0
usemtl SpathStalkMat
f 1714/1716/1267 1715/1717/1267 1720/1718/1267 1719/1719/1267
f 1715/1717/1268 1716/1720/1268 1721/1721/1268 1720/1718/1268
f 1716/1720/1269 1717/1722/1269 1722/1723/1269 1721/1721/1269
f 1717/1722/1270 1718/1724/1270 1723/1725/1270 1722/1723/1270
f 1718/1724/1271 1714/1716/1271 1719/1719/1271 1723/1725/1271
f 1719/1719/1272 1720/1718/1272 1725/1726/1272 1724/1727/1272
f 1720/1718/1273 1721/1721/1273 1726/1728/1273 1725/1726/1273
f 1721/1721/1274 1722/1723/1274 1727/1729/1274 1726/1728/1274
f 1722/1723/1275 1723/1725/1275 1728/1730/1275 1727/1729/1275
f 1723/1725/1276 1719/1719/1276 1724/1727/1276 1728/1730/1276
f 1724/1727/1277 1725/1726/1277 1730/1731/1277 1729/1732/1277
f 1725/1726/1278 1726/1728/1278 1731/1733/1278 1730/1731/1278
f 1726/1728/1279 1727/1729/1279 1732/1734/1279 1731/1733/1279
f 1727/1729/1280 1728/1730/1280 1733/1735/1280 1732/1734/1280
f 1728/1730/1281 1724/1727/1281 1729/1732/1281 1733/1735/1281
f 1729/1732/1282 1730/1731/1282 1735/1736/1282 1734/1737/1282
f 1730/1731/1283 1731/1733/1283 1736/1738/1283 1735/1736/1283
f 1731/1733/1284 1732/1734/1284 1737/1739/1284 1736/1738/1284
f 1732/1734/1285 1733/1735/1285 1738/1740/1285 1737/1739/1285
f 1733/1735/1286 1729/1732/1286 1734/1737/1286 1738/1740/1286
f 1718/1724/1287 1717/1722/1287 1716/1720/1287 1715/1717/1287 1714/1716/1287
f 1734/1737/1288 1735/1736/1288 1736/1738/1288 1737/1739/1288 1738/1740/1288
o Spathe_02
v 0.057903 3.621084 -0.462018
v -0.195376 3.621257 -0.206187
v -0.448656 3.621430 0.049644
v 0.143061 3.861893 -0.377872
v -0.200637 3.858641 -0.211556
v -0.363498 3.862240 0.133790
v 0.154371 4.099905 -0.366836
v -0.226779 4.095233 -0.237597
v -0.352188 4.100252 0.144826
v 0.080370 4.334684 -0.440258
v -0.263327 4.331431 -0.273941
v -0.426188 4.335031 0.071404
v -0.030987 4.568048 -0.550663
v -0.284266 4.568221 -0.294832
v -0.537546 4.568395 -0.039001
vn 0.5633 -0.2251 0.7950
vn 0.8004 -0.2252 0.5555
vn 0.3769 0.0410 0.9254
vn 0.9291 0.0407 0.3675
vn 0.3585 0.2909 0.8870
vn 0.8908 0.2905 0.3494
vn 0.5366 0.3636 0.7615
vn 0.7671 0.3635 0.5287
vt -0.000000 0.000000
vt -0.000000 0.250000
vt 0.500000 0.250000
vt 0.500000 0.000000
vt 1.000000 0.250000
vt 1.000000 -0.000000
vt 0.000000 0.500000
vt 0.500000 0.500000
vt 1.000000 0.500000
vt -0.000000 0.750000
vt 0.500000 0.750000
vt 1.000000 0.750000
vt -0.000000 1.000000
vt 0.500000 1.000000
vt 1.000000 1.000000
s 0
usemtl SpatheMat
f 1739/1741/1289 1742/1742/1289 1743/1743/1289 1740/1744/1289
f 1740/1744/1290 1743/1743/1290 1744/1745/1290 1741/1746/1290
f 1742/1742/1291 1745/1747/1291 1746/1748/1291 1743/1743/1291
f 1743/1743/1292 1746/1748/1292 1747/1749/1292 1744/1745/1292
f 1745/1747/1293 1748/1750/1293 1749/1751/1293 1746/1748/1293
f 1746/1748/1294 1749/1751/1294 1750/1752/1294 1747/1749/1294
f 1748/1750/1295 1751/1753/1295 1752/1754/1295 1749/1751/1295
f 1749/1751/1296 1752/1754/1296 1753/1755/1296 1750/1752/1296
o SpathStalk_03
v 0.103197 1.539438 -0.037703
v 0.089918 1.540801 -0.028076
v 0.094990 1.541057 -0.012422
v 0.111404 1.539852 -0.012373
v 0.116476 1.538852 -0.027998
v 0.140012 2.040234 -0.057283
v 0.127235 2.041608 -0.048021
v 0.132115 2.041865 -0.032953
v 0.147909 2.040651 -0.032902
v 0.152790 2.039643 -0.047938
v 0.176828 2.497314 -0.076861
v 0.164556 2.498766 -0.067970
v 0.169243 2.499039 -0.053489
v 0.184412 2.497756 -0.053429
v 0.189100 2.496689 -0.067874
v 0.213643 2.910699 -0.096438
v 0.201878 2.912247 -0.087921
v 0.206372 2.912539 -0.074026
v 0.220914 2.911171 -0.073955
v 0.225408 2.910034 -0.087807
v 0.250458 3.280429 -0.116017
v 0.239196 3.281994 -0.107867
v 0.243498 3.282289 -0.094559
v 0.257419 3.280907 -0.094484
v 0.261720 3.279758 -0.107746
vn -0.5861 0.0114 -0.8102
vn -0.9485 0.0829 0.3059
vn -0.0000 0.0410 0.9992
vn 0.9485 -0.0564 0.3116
vn 0.5863 -0.0746 -0.8066
vn -0.5858 0.0125 -0.8104
vn -0.9479 0.0907 0.3053
vn 0.0001 0.0449 0.9990
vn 0.9481 -0.0617 0.3120
vn 0.5860 -0.0817 -0.8062
vn -0.5854 0.0137 -0.8107
vn -0.9472 0.1002 0.3045
vn 0.0001 0.0496 0.9988
vn 0.9474 -0.0681 0.3127
vn 0.5856 -0.0903 -0.8056
vn -0.5849 0.0153 -0.8110
vn -0.9462 0.1119 0.3035
vn 0.0002 0.0554 0.9985
vn 0.9465 -0.0761 0.3135
vn 0.5849 -0.1009 -0.8048
vn -0.0733 -0.9965 0.0400
vn 0.0989 0.9936 -0.0540
vt 0.825577 6.157753
vt 0.719345 6.163204
vt 1.017878 8.166430
vt 1.120100 8.160935
vt 0.759922 6.164227
vt 1.056923 8.167461
vt 0.891232 6.159408
vt 1.183276 8.162604
vt 0.931809 6.155407
vt 1.222321 8.158570
vt 1.316444 9.995064
vt 1.414622 9.989255
vt 1.353945 9.996156
vt 1.475299 9.991022
vt 1.512800 9.986756
vt 1.615026 11.648988
vt 1.709144 11.642796
vt 1.650976 11.650155
vt 1.767313 11.644684
vt 1.803263 11.640135
vt 1.913570 13.127975
vt 2.003667 13.121717
vt 1.947984 13.129157
vt 2.059349 13.123629
vt 2.093763 13.119031
s 0
usemtl SpathStalkMat
f 1754/1756/1297 1755/1757/1297 1760/1758/1297 1759/1759/1297
f 1755/1757/1298 1756/1760/1298 1761/1761/1298 1760/1758/1298
f 1756/1760/1299 1757/1762/1299 1762/1763/1299 1761/1761/1299
f 1757/1762/1300 1758/1764/1300 1763/1765/1300 1762/1763/1300
f 1758/1764/1301 1754/1756/1301 1759/1759/1301 1763/1765/1301
f 1759/1759/1302 1760/1758/1302 1765/1766/1302 1764/1767/1302
f 1760/1758/1303 1761/1761/1303 1766/1768/1303 1765/1766/1303
f 1761/1761/1304 1762/1763/1304 1767/1769/1304 1766/1768/1304
f 1762/1763/1305 1763/1765/1305 1768/1770/1305 1767/1769/1305
f 1763/1765/1306 1759/1759/1306 1764/1767/1306 1768/1770/1306
f 1764/1767/1307 1765/1766/1307 1770/1771/1307 1769/1772/1307
f 1765/1766/1308 1766/1768/1308 1771/1773/1308 1770/1771/1308
f 1766/1768/1309 1767/1769/1309 1772/1774/1309 1771/1773/1309
f 1767/1769/1310 1768/1770/1310 1773/1775/1310 1772/1774/1310
f 1768/1770/1311 1764/1767/1311 1769/1772/1311 1773/1775/1311
f 1769/1772/1312 1770/1771/1312 1775/1776/1312 1774/1777/1312
f 1770/1771/1313 1771/1773/1313 1776/1778/1313 1775/1776/1313
f 1771/1773/1314 1772/1774/1314 1777/1779/1314 1776/1778/1314
f 1772/1774/1315 1773/1775/1315 1778/1780/1315 1777/1779/1315
f 1773/1775/1316 1769/1772/1316 1774/1777/1316 1778/1780/1316
f 1758/1764/1317 1757/1762/1317 1756/1760/1317 1755/1757/1317 1754/1756/1317
f 1774/1777/1318 1775/1776/1318 1776/1778/1318 1777/1779/1318 1778/1780/1318
o Spathe_03
v 0.387650 3.282401 0.228697
v 0.250458 3.281075 -0.104134
v 0.113266 3.279750 -0.436966
v 0.278133 3.524011 0.272877
v 0.258555 3.518401 -0.108417
v 0.003749 3.521361 -0.392785
v 0.264675 3.762123 0.277477
v 0.293814 3.754738 -0.123892
v -0.009709 3.759472 -0.388186
v 0.362187 3.996191 0.236350
v 0.342608 3.990581 -0.144944
v 0.087803 3.993541 -0.429312
v 0.508291 4.228490 0.175201
v 0.371099 4.227164 -0.157630
v 0.233907 4.225839 -0.490461
vn -0.9525 -0.2193 0.2112
vn -0.8241 -0.2181 0.5228
vn -0.9989 0.0456 -0.0130
vn -0.6997 0.0485 0.7127
vn -0.9553 0.2952 -0.0166
vn -0.6670 0.2980 0.6829
vn -0.9085 0.3691 0.1959
vn -0.7837 0.3703 0.4987
vt -0.000000 -0.000000
vt -0.000000 0.250000
vt 0.500000 0.250000
vt 0.500000 0.000000
vt 1.000000 0.250000
vt 1.000000 0.000000
vt -0.000000 0.500000
vt 0.500000 0.500000
vt 1.000000 0.500000
vt -0.000000 0.750000
vt 0.500000 0.750000
vt 1.000000 0.750000
vt -0.000000 1.000000
vt 0.500000 1.000000
vt 1.000000 1.000000
s 0
usemtl SpatheMat
f 1779/1781/1319 1782/1782/1319 1783/1783/1319 1780/1784/1319
f 1780/1784/1320 1783/1783/1320 1784/1785/1320 1781/1786/1320
f 1782/1782/1321 1785/1787/1321 1786/1788/1321 1783/1783/1321
f 1783/1783/1322 1786/1788/1322 1787/1789/1322 1784/1785/1322
f 1785/1787/1323 1788/1790/1323 1789/1791/1323 1786/1788/1323
f 1786/1788/1324 1789/1791/1324 1790/1792/1324 1787/1789/1324
f 1788/1790/1325 1791/1793/1325 1792/1794/1325 1789/1791/1325
f 1789/1791/1326 1792/1794/1326 1793/1795/1326 1790/1792/1326
o SpathStalk_04
v -0.072341 1.542279 0.044832
v -0.085493 1.538654 0.054039
v -0.080470 1.536890 0.069612
v -0.064213 1.539423 0.070030
v -0.059190 1.542754 0.054715
v -0.156620 2.068681 0.132199
v -0.169263 2.065020 0.141013
v -0.164434 2.063232 0.155994
v -0.148807 2.065789 0.156438
v -0.143978 2.069157 0.141732
v -0.240900 2.544822 0.219590
v -0.253012 2.540936 0.227953
v -0.248386 2.539026 0.242330
v -0.233414 2.541732 0.242853
v -0.228787 2.545315 0.228798
v -0.325179 2.970614 0.306994
v -0.336752 2.966454 0.314875
v -0.332331 2.964391 0.328642
v -0.318026 2.967276 0.329270
v -0.313606 2.971122 0.315891
v -0.409458 3.345874 0.394370
v -0.420514 3.341663 0.401836
v -0.416291 3.339564 0.415006
v -0.402625 3.342478 0.415680
v -0.398402 3.346378 0.402927
vn -0.5802 0.0421 -0.8134
vn -0.9397 -0.1959 0.2803
vn -0.0008 -0.1621 0.9868
vn 0.9391 0.0968 0.3298
vn 0.5810 0.2230 -0.7828
vn -0.5791 0.0468 -0.8139
vn -0.9371 -0.2152 0.2747
vn -0.0004 -0.1787 0.9839
vn 0.9368 0.1059 0.3336
vn 0.5791 0.2453 -0.7775
vn -0.5770 0.0530 -0.8150
vn -0.9339 -0.2383 0.2666
vn -0.0005 -0.1990 0.9800
vn 0.9334 0.1166 0.3394
vn 0.5771 0.2723 -0.7699
vn -0.5755 0.0606 -0.8155
vn -0.9289 -0.2669 0.2568
vn 0.0011 -0.2241 0.9746
vn 0.9293 0.1298 0.3458
vn 0.5729 0.3058 -0.7605
vn 0.1560 -0.9746 -0.1608
vn -0.2138 0.9517 0.2202
vt -0.578731 6.169114
vt -0.683944 6.154616
vt -1.354102 8.260078
vt -1.252964 8.274725
vt -0.643756 6.147558
vt -1.315471 8.252928
vt -0.513705 6.157694
vt -1.190457 8.263156
vt -0.473517 6.171016
vt -1.151825 8.276628
vt -2.024098 10.163742
vt -1.927197 10.179289
vt -1.987085 10.156103
vt -1.867309 10.166928
vt -1.830296 10.181258
vt -2.694014 11.865814
vt -2.601430 11.882455
vt -2.658650 11.857564
vt -2.544211 11.869105
vt -2.508847 11.884488
vt -3.364111 13.366653
vt -3.275664 13.383497
vt -3.330327 13.358256
vt -3.221000 13.369910
vt -3.187216 13.385510
s 0
usemtl SpathStalkMat
f 1794/1796/1327 1795/1797/1327 1800/1798/1327 1799/1799/1327
f 1795/1797/1328 1796/1800/1328 1801/1801/1328 1800/1798/1328
f 1796/1800/1329 1797/1802/1329 1802/1803/1329 1801/1801/1329
f 1797/1802/1330 1798/1804/1330 1803/1805/1330 1802/1803/1330
f 1798/1804/1331 1794/1796/1331 1799/1799/1331 1803/1805/1331
f 1799/1799/1332 1800/1798/1332 1805/1806/1332 1804/1807/1332
f 1800/1798/1333 1801/1801/1333 1806/1808/1333 1805/1806/1333
f 1801/1801/1334 1802/1803/1334 1807/1809/1334 1806/1808/1334
f 1802/1803/1335 1803/1805/1335 1808/1810/1335 1807/1809/1335
f 1803/1805/1336 1799/1799/1336 1804/1807/1336 1808/1810/1336
f 1804/1807/1337 1805/1806/1337 1810/1811/1337 1809/1812/1337
f 1805/1806/1338 1806/1808/1338 1811/1813/1338 1810/1811/1338
f 1806/1808/1339 1807/1809/1339 1812/1814/1339 1811/1813/1339
f 1807/1809/1340 1808/1810/1340 1813/1815/1340 1812/1814/1340
f 1808/1810/1341 1804/1807/1341 1809/1812/1341 1813/1815/1341
f 1809/1812/1342 1810/1811/1342 1815/1816/1342 1814/1817/1342
f 1810/1811/1343 1811/1813/1343 1816/1818/1343 1815/1816/1343
f 1811/1813/1344 1812/1814/1344 1817/1819/1344 1816/1818/1344
f 1812/1814/1345 1813/1815/1345 1818/1820/1345 1817/1819/1345
f 1813/1815/1346 1809/1812/1346 1814/1817/1346 1818/1820/1346
f 1798/1804/1347 1797/1802/1347 1796/1800/1347 1795/1797/1347 1794/1796/1347
f 1814/1817/1348 1815/1816/1348 1816/1818/1348 1817/1819/1348 1818/1820/1348
o Spathe_04
v -0.625658 3.348418 0.118162
v -0.409458 3.343191 0.405964
v -0.193258 3.337965 0.693766
v -0.540506 3.596480 0.058699
v -0.425741 3.579558 0.422488
v -0.108105 3.586027 0.634303
v -0.538199 3.834990 0.061297
v -0.465450 3.813224 0.456561
v -0.105798 3.824538 0.636901
v -0.631598 4.062466 0.135590
v -0.516833 4.045544 0.499379
v -0.199197 4.052013 0.711195
v -0.766905 4.285110 0.241277
v -0.550705 4.279883 0.529080
v -0.334505 4.274657 0.816882
vn 0.8771 -0.1647 -0.4511
vn 0.6747 -0.1598 -0.7206
vn 0.9676 0.0948 -0.2342
vn 0.4962 0.1062 -0.8617
vn 0.9163 0.3417 -0.2089
vn 0.4619 0.3527 -0.8138
vn 0.8148 0.4200 -0.3996
vn 0.6181 0.4248 -0.6615
vt -0.000000 -0.000000
vt -0.000000 0.250000
vt 0.500000 0.250000
vt 0.500000 0.000000
vt 1.000000 0.250000
vt 1.000000 0.000000
vt -0.000000 0.500000
vt 0.500000 0.500000
vt 1.000000 0.500000
vt -0.000000 0.750000
vt 0.500000 0.750000
vt 1.000000 0.750000
vt -0.000000 1.000000
vt 0.500000 1.000000
vt 1.000000 1.000000
s 0
usemtl SpatheMat
f 1819/1821/1349 1822/1822/1349 1823/1823/1349 1820/1824/1349
f 1820/1824/1350 1823/1823/1350 1824/1825/1350 1821/1826/1350
f 1822/1822/1351 1825/1827/1351 1826/1828/1351 1823/1823/1351
f 1823/1823/1352 1826/1828/1352 1827/1829/1352 1824/1825/1352
f 1825/1827/1353 1828/1830/1353 1829/1831/1353 1826/1828/1353
f 1826/1828/1354 1829/1831/1354 1830/1832/1354 1827/1829/1354
f 1828/1830/1355 1831/1833/1355 1832/1834/1355 1829/1831/1355
f 1829/1831/1356 1832/1834/1356 1833/1835/1356 1830/1832/1356
