# Blender 5.1.1
# www.blender.org
mtllib pilea.mtl
o Pot
v 0.580000 0.000000 0.000000
v 0.410122 0.000000 -0.410122
v 0.000000 0.000000 -0.580000
v -0.410122 0.000000 -0.410122
v -0.580000 0.000000 -0.000000
v -0.410122 0.000000 0.410122
v -0.000000 0.000000 0.580000
v 0.410122 0.000000 0.410122
v 0.780000 0.180000 0.000000
v 0.551543 0.180000 -0.551543
v 0.000000 0.180000 -0.780000
v -0.551543 0.180000 -0.551543
v -0.780000 0.180000 -0.000000
v -0.551543 0.180000 0.551543
v -0.000000 0.180000 0.780000
v 0.551543 0.180000 0.551543
v 1.000000 0.450000 0.000000
v 0.707107 0.450000 -0.707107
v 0.000000 0.450000 -1.000000
v -0.707107 0.450000 -0.707107
v -1.000000 0.450000 -0.000000
v -0.707107 0.450000 0.707107
v -0.000000 0.450000 1.000000
v 0.707107 0.450000 0.707107
v 1.180000 0.780000 0.000000
v 0.834386 0.780000 -0.834386
v 0.000000 0.780000 -1.180000
v -0.834386 0.780000 -0.834386
v -1.180000 0.780000 -0.000000
v -0.834386 0.780000 0.834386
v -0.000000 0.780000 1.180000
v 0.834386 0.780000 0.834386
v 1.200000 1.000000 0.000000
v 0.848528 1.000000 -0.848528
v 0.000000 1.000000 -1.200000
v -0.848528 1.000000 -0.848528
v -1.200000 1.000000 -0.000000
v -0.848528 1.000000 0.848528
v -0.000000 1.000000 1.200000
v 0.848528 1.000000 0.848528
v 1.160000 1.220000 0.000000
v 0.820244 1.220000 -0.820244
v 0.000000 1.220000 -1.160000
v -0.820244 1.220000 -0.820244
v -1.160000 1.220000 -0.000000
v -0.820244 1.220000 0.820244
v -0.000000 1.220000 1.160000
v 0.820244 1.220000 0.820244
v 1.040000 1.420000 0.000000
v 0.735391 1.420000 -0.735391
v 0.000000 1.420000 -1.040000
v -0.735391 1.420000 -0.735391
v -1.040000 1.420000 -0.000000
v -0.735391 1.420000 0.735391
v -0.000000 1.420000 1.040000
v 0.735391 1.420000 0.735391
v 0.980000 1.550000 0.000000
v 0.692965 1.550000 -0.692965
v 0.000000 1.550000 -0.980000
v -0.692965 1.550000 -0.692965
v -0.980000 1.550000 -0.000000
v -0.692965 1.550000 0.692965
v -0.000000 1.550000 0.980000
v 0.692965 1.550000 0.692965
v 0.920000 1.550000 0.000000
v 0.650538 1.550000 -0.650538
v 0.000000 1.550000 -0.920000
v -0.650538 1.550000 -0.650538
v -0.920000 1.550000 -0.000000
v -0.650538 1.550000 0.650538
v -0.000000 1.550000 0.920000
v 0.650538 1.550000 0.650538
v 0.880000 1.500000 0.000000
v 0.622254 1.500000 -0.622254
v 0.000000 1.500000 -0.880000
v -0.622254 1.500000 -0.622254
v -0.880000 1.500000 -0.000000
v -0.622254 1.500000 0.622254
v -0.000000 1.500000 0.880000
v 0.622254 1.500000 0.622254
v 0.780000 1.180000 0.000000
v 0.551543 1.180000 -0.551543
v 0.000000 1.180000 -0.780000
v -0.551543 1.180000 -0.551543
v -0.780000 1.180000 -0.000000
v -0.551543 1.180000 0.551543
v -0.000000 1.180000 0.780000
v 0.551543 1.180000 0.551543
v 0.620000 0.700000 0.000000
v 0.438406 0.700000 -0.438406
v 0.000000 0.700000 -0.620000
v -0.438406 0.700000 -0.438406
v -0.620000 0.700000 -0.000000
v -0.438406 0.700000 0.438406
v -0.000000 0.700000 0.620000
v 0.438406 0.700000 0.438406
v 0.500000 0.300000 0.000000
v 0.353553 0.300000 -0.353553
v 0.000000 0.300000 -0.500000
v -0.353553 0.300000 -0.353553
v -0.500000 0.300000 -0.000000
v -0.353553 0.300000 0.353553
v -0.000000 0.300000 0.500000
v 0.353553 0.300000 0.353553
v 0.500000 0.180000 0.000000
v 0.353553 0.180000 -0.353553
v 0.000000 0.180000 -0.500000
v -0.353553 0.180000 -0.353553
v -0.500000 0.180000 -0.000000
v -0.353553 0.180000 0.353553
v -0.000000 0.180000 0.500000
v 0.353553 0.180000 0.353553
vn 0.6447 -0.7163 -0.2670
vn 0.2670 -0.7163 -0.6447
vn -0.2670 -0.7163 -0.6447
vn -0.6447 -0.7163 -0.2670
vn -0.6447 -0.7163 0.2670
vn -0.2670 -0.7163 0.6447
vn 0.2670 -0.7163 0.6447
vn 0.6447 -0.7163 0.2670
vn 0.7381 -0.6014 -0.3057
vn 0.3057 -0.6014 -0.7381
vn -0.3057 -0.6014 -0.7381
vn -0.7381 -0.6014 -0.3057
vn -0.7381 -0.6014 0.3057
vn -0.3057 -0.6014 0.7381
vn 0.3057 -0.6014 0.7381
vn 0.7381 -0.6014 0.3057
vn 0.8250 -0.4500 -0.3417
vn 0.3417 -0.4500 -0.8250
vn -0.3417 -0.4500 -0.8250
vn -0.8250 -0.4500 -0.3417
vn -0.8250 -0.4500 0.3417
vn -0.3417 -0.4500 0.8250
vn 0.3417 -0.4500 0.8250
vn 0.8250 -0.4500 0.3417
vn 0.9206 -0.0837 -0.3813
vn 0.3813 -0.0837 -0.9206
vn -0.3813 -0.0837 -0.9206
vn -0.9206 -0.0837 -0.3813
vn -0.9206 -0.0837 0.3813
vn -0.3813 -0.0837 0.9206
vn 0.3813 -0.0837 0.9206
vn 0.9206 -0.0837 0.3813
vn 0.9111 0.1657 -0.3774
vn 0.3774 0.1657 -0.9111
vn -0.3774 0.1657 -0.9111
vn -0.9111 0.1657 -0.3774
vn -0.9111 0.1657 0.3774
vn -0.3774 0.1657 0.9111
vn 0.3774 0.1657 0.9111
vn 0.9111 0.1657 0.3774
vn 0.8080 0.4848 -0.3347
vn 0.3347 0.4848 -0.8080
vn -0.3347 0.4848 -0.8080
vn -0.8080 0.4848 -0.3347
vn -0.8080 0.4848 0.3347
vn -0.3347 0.4848 0.8080
vn 0.3347 0.4848 0.8080
vn 0.8080 0.4848 0.3347
vn 0.8498 0.3922 -0.3520
vn 0.3520 0.3922 -0.8498
vn -0.3520 0.3922 -0.8498
vn -0.8498 0.3922 -0.3520
vn -0.8498 0.3922 0.3520
vn -0.3520 0.3922 0.8498
vn 0.3520 0.3922 0.8498
vn 0.8498 0.3922 0.3520
vn -0.0000 -1.0000 -0.0000
vn -0.0000 1.0000 -0.0000
vn -0.7430 0.5944 0.3077
vn -0.3077 0.5944 0.7430
vn 0.3077 0.5944 0.7430
vn 0.7430 0.5944 0.3077
vn 0.7430 0.5944 -0.3077
vn 0.3077 0.5944 -0.7430
vn -0.3077 0.5944 -0.7430
vn -0.7430 0.5944 -0.3077
vn -0.8876 0.2774 0.3677
vn -0.3677 0.2774 0.8876
vn 0.3677 0.2774 0.8876
vn 0.8876 0.2774 0.3677
vn 0.8876 0.2774 -0.3677
vn 0.3677 0.2774 -0.8876
vn -0.3677 0.2774 -0.8876
vn -0.8876 0.2774 -0.3677
vn -0.8830 0.2943 0.3657
vn -0.3657 0.2943 0.8830
vn 0.3657 0.2943 0.8830
vn 0.8830 0.2943 0.3657
vn 0.8830 0.2943 -0.3657
vn 0.3657 0.2943 -0.8830
vn -0.3657 0.2943 -0.8830
vn -0.8830 0.2943 -0.3657
vn -0.8903 0.2671 0.3688
vn -0.3688 0.2671 0.8903
vn 0.3688 0.2671 0.8903
vn 0.8903 0.2671 0.3688
vn 0.8903 0.2671 -0.3688
vn 0.3688 0.2671 -0.8903
vn -0.3688 0.2671 -0.8903
vn -0.8903 0.2671 -0.3688
vn -0.9239 -0.0000 0.3827
vn -0.3827 -0.0000 0.9239
vn 0.3827 -0.0000 0.9239
vn 0.9239 -0.0000 0.3827
vn 0.9239 -0.0000 -0.3827
vn 0.3827 -0.0000 -0.9239
vn -0.3827 -0.0000 -0.9239
vn -0.9239 -0.0000 -0.3827
vt 1.044000 0.000000
vt 0.738219 0.738219
vt 0.992778 0.992778
vt 1.404000 0.000000
vt 0.000000 1.044000
vt 0.000000 1.404000
vt -0.738219 0.738219
vt -0.992778 0.992778
vt -1.044000 0.000000
vt -1.404000 0.000000
vt -0.738219 -0.738219
vt -0.992778 -0.992778
vt -0.000000 -1.044000
vt -0.000000 -1.404000
vt 0.738219 -0.738219
vt 0.992778 -0.992778
vt 0.000000 0.324000
vt 0.992778 0.324000
vt 1.272792 0.810000
vt 0.000000 0.810000
vt 0.000000 0.324000
vt 0.000000 0.810000
vt -0.992778 0.324000
vt -1.272792 0.810000
vt 0.000000 0.324000
vt 0.000000 0.810000
vt -0.000000 0.324000
vt -0.000000 0.810000
vt 1.501895 1.404000
vt 0.000000 1.404000
vt 0.000000 1.404000
vt -1.501895 1.404000
vt 0.000000 1.404000
vt -0.000000 1.404000
vt 1.527351 1.800000
vt 0.000000 1.800000
vt 0.000000 1.800000
vt -1.527351 1.800000
vt 0.000000 1.800000
vt -0.000000 1.800000
vt 1.476439 2.196000
vt 0.000000 2.196000
vt 0.000000 2.196000
vt -1.476439 2.196000
vt 0.000000 2.196000
vt -0.000000 2.196000
vt 1.323704 2.556000
vt 0.000000 2.556000
vt 0.000000 2.556000
vt -1.323704 2.556000
vt 0.000000 2.556000
vt -0.000000 2.556000
vt 1.247336 2.790000
vt 0.000000 2.790000
vt 0.000000 2.790000
vt -1.247336 2.790000
vt 0.000000 2.790000
vt -0.000000 2.790000
vt 1.764000 0.000000
vt 1.247336 1.247336
vt 1.170969 1.170969
vt 1.656000 0.000000
vt 0.000000 1.764000
vt 0.000000 1.656000
vt -1.247336 1.247336
vt -1.170969 1.170969
vt -1.764000 0.000000
vt -1.656000 0.000000
vt -1.247336 -1.247336
vt -1.170969 -1.170969
vt -0.000000 -1.764000
vt -0.000000 -1.656000
vt 1.247336 -1.247336
vt 1.170969 -1.170969
vt 1.170969 2.790000
vt 1.120057 2.700000
vt 0.000000 2.700000
vt 0.000000 2.790000
vt 0.000000 2.700000
vt -1.170969 2.790000
vt -1.120057 2.700000
vt 0.000000 2.790000
vt 0.000000 2.700000
vt -0.000000 2.790000
vt -0.000000 2.700000
vt 0.992778 2.124000
vt 0.000000 2.124000
vt 0.000000 2.124000
vt -0.992778 2.124000
vt 0.000000 2.124000
vt -0.000000 2.124000
vt 0.789131 1.260000
vt 0.000000 1.260000
vt 0.000000 1.260000
vt -0.789131 1.260000
vt 0.000000 1.260000
vt -0.000000 1.260000
vt 0.636396 0.540000
vt 0.000000 0.540000
vt 0.000000 0.540000
vt -0.636396 0.540000
vt 0.000000 0.540000
vt -0.000000 0.540000
vt 0.636396 0.324000
vt 0.000000 0.324000
vt -0.636396 0.324000
vt 0.000000 0.324000
vt -0.000000 0.324000
vt 0.900000 0.000000
vt 0.636396 0.636396
vt 0.000000 0.900000
vt -0.636396 0.636396
vt -0.900000 0.000000
vt -0.636396 -0.636396
vt -0.000000 -0.900000
vt 0.636396 -0.636396
s 0
usemtl PotMat
f 1/1/1 2/2/1 10/3/1 9/4/1
f 2/2/2 3/5/2 11/6/2 10/3/2
f 3/5/3 4/7/3 12/8/3 11/6/3
f 4/7/4 5/9/4 13/10/4 12/8/4
f 5/9/5 6/11/5 14/12/5 13/10/5
f 6/11/6 7/13/6 15/14/6 14/12/6
f 7/13/7 8/15/7 16/16/7 15/14/7
f 8/15/8 1/1/8 9/4/8 16/16/8
f 9/17/9 10/18/9 18/19/9 17/20/9
f 10/18/10 11/21/10 19/22/10 18/19/10
f 11/21/11 12/23/11 20/24/11 19/22/11
f 12/18/12 13/25/12 21/26/12 20/19/12
f 13/25/13 14/23/13 22/24/13 21/26/13
f 14/23/14 15/27/14 23/28/14 22/24/14
f 15/27/15 16/18/15 24/19/15 23/28/15
f 16/23/16 9/17/16 17/20/16 24/24/16
f 17/20/17 18/19/17 26/29/17 25/30/17
f 18/19/18 19/22/18 27/31/18 26/29/18
f 19/22/19 20/24/19 28/32/19 27/31/19
f 20/19/20 21/26/20 29/33/20 28/29/20
f 21/26/21 22/24/21 30/32/21 29/33/21
f 22/24/22 23/28/22 31/34/22 30/32/22
f 23/28/23 24/19/23 32/29/23 31/34/23
f 24/24/24 17/20/24 25/30/24 32/32/24
f 25/30/25 26/29/25 34/35/25 33/36/25
f 26/29/26 27/31/26 35/37/26 34/35/26
f 27/31/27 28/32/27 36/38/27 35/37/27
f 28/29/28 29/33/28 37/39/28 36/35/28
f 29/33/29 30/32/29 38/38/29 37/39/29
f 30/32/30 31/34/30 39/40/30 38/38/30
f 31/34/31 32/29/31 40/35/31 39/40/31
f 32/32/32 25/30/32 33/36/32 40/38/32
f 33/36/33 34/35/33 42/41/33 41/42/33
f 34/35/34 35/37/34 43/43/34 42/41/34
f 35/37/35 36/38/35 44/44/35 43/43/35
f 36/35/36 37/39/36 45/45/36 44/41/36
f 37/39/37 38/38/37 46/44/37 45/45/37
f 38/38/38 39/40/38 47/46/38 46/44/38
f 39/40/39 40/35/39 48/41/39 47/46/39
f 40/38/40 33/36/40 41/42/40 48/44/40
f 41/42/41 42/41/41 50/47/41 49/48/41
f 42/41/42 43/43/42 51/49/42 50/47/42
f 43/43/43 44/44/43 52/50/43 51/49/43
f 44/41/44 45/45/44 53/51/44 52/47/44
f 45/45/45 46/44/45 54/50/45 53/51/45
f 46/44/46 47/46/46 55/52/46 54/50/46
f 47/46/47 48/41/47 56/47/47 55/52/47
f 48/44/48 41/42/48 49/48/48 56/50/48
f 49/48/49 50/47/49 58/53/49 57/54/49
f 50/47/50 51/49/50 59/55/50 58/53/50
f 51/49/51 52/50/51 60/56/51 59/55/51
f 52/47/52 53/51/52 61/57/52 60/53/52
f 53/51/53 54/50/53 62/56/53 61/57/53
f 54/50/54 55/52/54 63/58/54 62/56/54
f 55/52/55 56/47/55 64/53/55 63/58/55
f 56/50/56 49/48/56 57/54/56 64/56/56
f 8/15/57 7/13/57 6/11/57 5/9/57 4/7/57 3/5/57 2/2/57 1/1/57
f 57/59/58 58/60/58 66/61/58 65/62/58
f 58/60/58 59/63/58 67/64/58 66/61/58
f 59/63/58 60/65/58 68/66/58 67/64/58
f 60/65/58 61/67/58 69/68/58 68/66/58
f 61/67/58 62/69/58 70/70/58 69/68/58
f 62/69/58 63/71/58 71/72/58 70/70/58
f 63/71/58 64/73/58 72/74/58 71/72/58
f 64/73/58 57/59/58 65/62/58 72/74/58
f 66/75/59 74/76/59 73/77/59 65/54/59
f 67/78/60 75/79/60 74/76/60 66/75/60
f 68/80/61 76/81/61 75/79/61 67/78/61
f 69/82/62 77/83/62 76/76/62 68/75/62
f 70/80/63 78/81/63 77/83/63 69/82/63
f 71/84/64 79/85/64 78/81/64 70/80/64
f 72/75/65 80/76/65 79/85/65 71/84/65
f 65/54/66 73/77/66 80/81/66 72/80/66
f 74/76/67 82/86/67 81/87/67 73/77/67
f 75/79/68 83/88/68 82/86/68 74/76/68
f 76/81/69 84/89/69 83/88/69 75/79/69
f 77/83/70 85/90/70 84/86/70 76/76/70
f 78/81/71 86/89/71 85/90/71 77/83/71
f 79/85/72 87/91/72 86/89/72 78/81/72
f 80/76/73 88/86/73 87/91/73 79/85/73
f 73/77/74 81/87/74 88/89/74 80/81/74
f 82/86/75 90/92/75 89/93/75 81/87/75
f 83/88/76 91/94/76 90/92/76 82/86/76
f 84/89/77 92/95/77 91/94/77 83/88/77
f 85/90/78 93/96/78 92/92/78 84/86/78
f 86/89/79 94/95/79 93/96/79 85/90/79
f 87/91/80 95/97/80 94/95/80 86/89/80
f 88/86/81 96/92/81 95/97/81 87/91/81
f 81/87/82 89/93/82 96/95/82 88/89/82
f 90/92/83 98/98/83 97/99/83 89/93/83
f 91/94/84 99/100/84 98/98/84 90/92/84
f 92/95/85 100/101/85 99/100/85 91/94/85
f 93/96/86 101/102/86 100/98/86 92/92/86
f 94/95/87 102/101/87 101/102/87 93/96/87
f 95/97/88 103/103/88 102/101/88 94/95/88
f 96/92/89 104/98/89 103/103/89 95/97/89
f 89/93/90 97/99/90 104/101/90 96/95/90
f 98/98/91 106/104/91 105/17/91 97/99/91
f 99/100/92 107/105/92 106/104/92 98/98/92
f 100/101/93 108/106/93 107/105/93 99/100/93
f 101/102/94 109/107/94 108/104/94 100/98/94
f 102/101/95 110/106/95 109/107/95 101/102/95
f 103/103/96 111/108/96 110/106/96 102/101/96
f 104/98/97 112/104/97 111/108/97 103/103/97
f 97/99/98 105/17/98 112/106/98 104/101/98
f 105/109/58 106/110/58 107/111/58 108/112/58 109/113/58 110/114/58 111/115/58 112/116/58
o Soil
v 0.000000 1.460000 0.000000
v 0.450000 1.455000 0.000000
v 0.318198 1.445000 -0.318198
v 0.000000 1.455000 -0.450000
v -0.318198 1.445000 -0.318198
v -0.450000 1.455000 -0.000000
v -0.318198 1.445000 0.318198
v -0.000000 1.455000 0.450000
v 0.318198 1.445000 0.318198
v 0.785298 1.440000 -0.325281
v 0.325281 1.440000 -0.785298
v -0.325281 1.440000 -0.785298
v -0.785298 1.440000 -0.325281
v -0.785298 1.440000 0.325281
v -0.325281 1.440000 0.785298
v 0.325281 1.440000 0.785298
v 0.785298 1.440000 0.325281
vn 0.0111 0.9993 -0.0360
vn 0.0360 0.9993 -0.0111
vn -0.0360 0.9993 -0.0111
vn -0.0111 0.9993 -0.0360
vn -0.0111 0.9993 0.0360
vn -0.0360 0.9993 0.0111
vn 0.0360 0.9993 0.0111
vn 0.0111 0.9993 0.0360
vn 0.0104 0.9997 -0.0207
vn 0.0145 0.9994 -0.0307
vn -0.0207 0.9997 -0.0104
vn -0.0307 0.9994 -0.0145
vn -0.0104 0.9997 0.0207
vn -0.0145 0.9994 0.0307
vn 0.0207 0.9997 0.0104
vn 0.0307 0.9994 0.0145
vt 0.000000 0.000000
vt 1.350000 0.000000
vt 0.954594 0.954594
vt 0.000000 1.350000
vt -0.954594 0.954594
vt -1.350000 0.000000
vt -0.954594 -0.954594
vt -0.000000 -1.350000
vt 0.954594 -0.954594
vt 2.355893 0.975843
vt 0.975843 2.355893
vt -0.975843 2.355893
vt -2.355893 0.975843
vt -2.355893 -0.975843
vt -0.975843 -2.355893
vt 0.975843 -2.355893
vt 2.355893 -0.975843
s 0
usemtl SoilMat
f 113/117/99 114/118/99 115/119/99
f 113/117/100 115/119/100 116/120/100
f 113/117/101 116/120/101 117/121/101
f 113/117/102 117/121/102 118/122/102
f 113/117/103 118/122/103 119/123/103
f 113/117/104 119/123/104 120/124/104
f 113/117/105 120/124/105 121/125/105
f 113/117/106 121/125/106 114/118/106
f 114/118/107 122/126/107 123/127/107 115/119/107
f 115/119/108 123/127/108 124/128/108 116/120/108
f 116/120/109 124/128/109 125/129/109 117/121/109
f 117/121/110 125/129/110 126/130/110 118/122/110
f 118/122/111 126/130/111 127/131/111 119/123/111
f 119/123/112 127/131/112 128/132/112 120/124/112
f 120/124/113 128/132/113 129/133/113 121/125/113
f 121/125/114 129/133/114 122/126/114 114/118/114
o Saucer
v 1.050000 -0.080000 0.000000
v 0.742462 -0.080000 -0.742462
v 0.000000 -0.080000 -1.050000
v -0.742462 -0.080000 -0.742462
v -1.050000 -0.080000 -0.000000
v -0.742462 -0.080000 0.742462
v -0.000000 -0.080000 1.050000
v 0.742462 -0.080000 0.742462
v 1.100000 -0.020000 0.000000
v 0.777817 -0.020000 -0.777817
v 0.000000 -0.020000 -1.100000
v -0.777817 -0.020000 -0.777817
v -1.100000 -0.020000 -0.000000
v -0.777817 -0.020000 0.777817
v -0.000000 -0.020000 1.100000
v 0.777817 -0.020000 0.777817
v 1.050000 0.040000 0.000000
v 0.742462 0.040000 -0.742462
v 0.000000 0.040000 -1.050000
v -0.742462 0.040000 -0.742462
v -1.050000 0.040000 -0.000000
v -0.742462 0.040000 0.742462
v -0.000000 0.040000 1.050000
v 0.742462 0.040000 0.742462
vn 0.7321 -0.6100 -0.3032
vn 0.3032 -0.6100 -0.7321
vn -0.3032 -0.6100 -0.7321
vn -0.7321 -0.6100 -0.3032
vn -0.7321 -0.6100 0.3032
vn -0.3032 -0.6100 0.7321
vn 0.3032 -0.6100 0.7321
vn 0.7321 -0.6100 0.3032
vn 0.7321 0.6100 -0.3032
vn 0.3032 0.6100 -0.7321
vn -0.3032 0.6100 -0.7321
vn -0.7321 0.6100 -0.3032
vn -0.7321 0.6100 0.3032
vn -0.3032 0.6100 0.7321
vn 0.3032 0.6100 0.7321
vn 0.7321 0.6100 0.3032
vn -0.0000 -1.0000 -0.0000
vn -0.0000 1.0000 -0.0000
vt 0.000000 -0.240000
vt 2.227386 -0.240000
vt 2.333452 -0.060000
vt 0.000000 -0.060000
vt 0.000000 -0.240000
vt 0.000000 -0.060000
vt -2.227386 -0.240000
vt -2.333452 -0.060000
vt 0.000000 -0.240000
vt 0.000000 -0.060000
vt -0.000000 -0.240000
vt -0.000000 -0.060000
vt 2.227386 0.120000
vt 0.000000 0.120000
vt 0.000000 0.120000
vt -2.227386 0.120000
vt 0.000000 0.120000
vt -0.000000 0.120000
vt 2.227386 -2.227386
vt -0.000000 -3.150000
vt -2.227386 -2.227386
vt -3.150000 0.000000
vt -2.227386 2.227386
vt 0.000000 3.150000
vt 2.227386 2.227386
vt 3.150000 0.000000
s 0
usemtl SaucerMat
f 130/134/115 131/135/115 139/136/115 138/137/115
f 131/135/116 132/138/116 140/139/116 139/136/116
f 132/138/117 133/140/117 141/141/117 140/139/117
f 133/135/118 134/142/118 142/143/118 141/136/118
f 134/142/119 135/140/119 143/141/119 142/143/119
f 135/140/120 136/144/120 144/145/120 143/141/120
f 136/144/121 137/135/121 145/136/121 144/145/121
f 137/140/122 130/134/122 138/137/122 145/141/122
f 138/137/123 139/136/123 147/146/123 146/147/123
f 139/136/124 140/139/124 148/148/124 147/146/124
f 140/139/125 141/141/125 149/149/125 148/148/125
f 141/136/126 142/143/126 150/150/126 149/146/126
f 142/143/127 143/141/127 151/149/127 150/150/127
f 143/141/128 144/145/128 152/151/128 151/149/128
f 144/145/129 145/136/129 153/146/129 152/151/129
f 145/141/130 138/137/130 146/147/130 153/149/130
f 137/152/131 136/153/131 135/154/131 134/155/131 133/156/131 132/157/131 131/158/131 130/159/131
f 146/159/132 147/158/132 148/157/132 149/156/132 150/155/132 151/154/132 152/153/132 153/152/132
o PlantBase
v 0.200000 1.450000 0.000000
v 0.141421 1.450000 -0.141421
v 0.000000 1.450000 -0.200000
v -0.141421 1.450000 -0.141421
v -0.200000 1.450000 -0.000000
v -0.141421 1.450000 0.141421
v -0.000000 1.450000 0.200000
v 0.141421 1.450000 0.141421
v 0.130000 1.780000 0.000000
v 0.091924 1.780000 -0.091924
v 0.000000 1.780000 -0.130000
v -0.091924 1.780000 -0.091924
v -0.130000 1.780000 -0.000000
v -0.091924 1.780000 0.091924
v -0.000000 1.780000 0.130000
v 0.091924 1.780000 0.091924
vn 0.9066 0.1923 -0.3755
vn 0.3755 0.1923 -0.9066
vn -0.3755 0.1923 -0.9066
vn -0.9066 0.1923 -0.3755
vn -0.9066 0.1923 0.3755
vn -0.3755 0.1923 0.9066
vn 0.3755 0.1923 0.9066
vn 0.9066 0.1923 0.3755
vn -0.0000 -1.0000 -0.0000
vn -0.0000 1.0000 -0.0000
vt 1.600000 5.800000
vt 1.131371 5.800000
vt 0.735391 7.120000
vt 1.040000 7.120000
vt 0.000000 5.800000
vt 0.000000 7.120000
vt -1.131371 5.800000
vt -0.735391 7.120000
vt -1.600000 5.800000
vt -1.040000 7.120000
vt -0.000000 5.800000
vt -0.000000 7.120000
s 0
usemtl StemMat
f 154/160/133 155/161/133 163/162/133 162/163/133
f 155/161/134 156/164/134 164/165/134 163/162/134
f 156/164/135 157/166/135 165/167/135 164/165/135
f 157/166/136 158/168/136 166/169/136 165/167/136
f 158/168/137 159/166/137 167/167/137 166/169/137
f 159/166/138 160/170/138 168/171/138 167/167/138
f 160/170/139 161/161/139 169/162/139 168/171/139
f 161/161/140 154/160/140 162/163/140 169/162/140
f 161/161/141 160/170/141 159/166/141 158/168/141 157/166/141 156/164/141 155/161/141 154/160/141
f 162/163/142 163/162/142 164/165/142 165/167/142 166/169/142 167/167/142 168/171/142 169/162/142
o Stem_000
v 0.090247 1.726340 -0.008263
v 0.072744 1.727668 0.001848
v 0.072744 1.727951 0.022104
v 0.090247 1.726907 0.032248
v 0.107751 1.725579 0.022137
v 0.107751 1.725296 0.001881
v 0.128829 2.295598 -0.014601
v 0.112737 2.296956 -0.005299
v 0.112737 2.297197 0.013336
v 0.128829 2.296080 0.022670
v 0.144922 2.294722 0.013368
v 0.144922 2.294481 -0.005267
v 0.167595 2.746222 -0.018464
v 0.152822 2.747811 -0.009906
v 0.152822 2.747983 0.007239
v 0.167595 2.746568 0.015827
v 0.182368 2.744980 0.007270
v 0.182368 2.744807 -0.009876
v 0.206545 3.078221 -0.019840
v 0.193035 3.080287 -0.011962
v 0.193035 3.080358 0.003813
v 0.206545 3.078363 0.011709
v 0.220054 3.076298 0.003831
v 0.220054 3.076227 -0.011943
v 0.245678 3.291708 -0.018719
v 0.233627 3.295185 -0.011419
v 0.233627 3.295007 0.003092
v 0.245678 3.291352 0.010304
v 0.257730 3.287875 0.003005
v 0.257730 3.288053 -0.011507
v 0.284160 3.386108 0.011582
v 0.295231 3.381662 0.005587
v 0.296066 3.381662 -0.007738
v 0.285830 3.386108 -0.015069
v 0.274760 3.390554 -0.009074
v 0.273925 3.390554 0.004252
vn -0.4987 0.0242 -0.8664
vn -0.9975 0.0701 -0.0009
vn -0.4987 0.0484 0.8655
vn 0.4991 -0.0192 0.8663
vn 0.9979 -0.0652 0.0009
vn 0.4990 -0.0435 -0.8655
vn -0.4980 0.0354 -0.8665
vn -0.9961 0.0886 -0.0010
vn -0.4979 0.0560 0.8654
vn 0.4985 -0.0297 0.8664
vn 0.9966 -0.0829 0.0010
vn 0.4984 -0.0503 -0.8655
vn -0.4964 0.0547 -0.8664
vn -0.9928 0.1201 -0.0009
vn -0.4961 0.0690 0.8655
vn 0.4973 -0.0476 0.8663
vn 0.9936 -0.1130 0.0008
vn 0.4970 -0.0619 -0.8655
vn -0.4929 0.0951 -0.8649
vn -0.9826 0.1857 0.0007
vn -0.4907 0.0958 0.8660
vn 0.4950 -0.0850 0.8647
vn 0.9845 -0.1752 -0.0006
vn 0.4928 -0.0858 -0.8659
vn -0.8231 0.5169 -0.2350
vn -0.6861 0.4718 0.5538
vn -0.0283 0.2110 0.9771
vn 0.8392 -0.1435 0.5246
vn 0.8033 -0.1196 -0.5835
vn -0.1796 0.2711 -0.9456
vn -0.0676 -0.9976 0.0139
vn 0.3838 0.9231 0.0240
vt 0.721977 6.905362
vt 0.581949 6.910673
vt 0.901893 9.187824
vt 1.030634 9.182392
vt 0.581949 6.911806
vt 0.901893 9.188787
vt 0.721977 6.907628
vt 1.030634 9.184320
vt 0.862006 6.902316
vt 1.159376 9.178888
vt 0.862006 6.901184
vt 1.159376 9.177925
vt 1.222579 10.991242
vt 1.340762 10.984889
vt 1.222579 10.991934
vt 1.340762 10.986272
vt 1.458944 10.979918
vt 1.458944 10.979227
vt 1.544284 12.321147
vt 1.652359 12.312885
vt 1.544284 12.321430
vt 1.652359 12.313452
vt 1.760434 12.305190
vt 1.760434 12.304907
vt 1.869014 13.180738
vt 1.965426 13.166831
vt 1.869014 13.180026
vt 1.965426 13.165406
vt 2.061839 13.151499
vt 2.061839 13.152211
vt 2.361847 13.526647
vt 2.273283 13.544431
vt 2.368527 13.526647
vt 2.286644 13.544431
vt 2.198081 13.562215
vt 2.191400 13.562215
s 0
usemtl StemMat
f 170/172/143 171/173/143 177/174/143 176/175/143
f 171/173/144 172/176/144 178/177/144 177/174/144
f 172/176/145 173/178/145 179/179/145 178/177/145
f 173/178/146 174/180/146 180/181/146 179/179/146
f 174/180/147 175/182/147 181/183/147 180/181/147
f 175/182/148 170/172/148 176/175/148 181/183/148
f 176/175/149 177/174/149 183/184/149 182/185/149
f 177/174/150 178/177/150 184/186/150 183/184/150
f 178/177/151 179/179/151 185/187/151 184/186/151
f 179/179/152 180/181/152 186/188/152 185/187/152
f 180/181/153 181/183/153 187/189/153 186/188/153
f 181/183/154 176/175/154 182/185/154 187/189/154
f 182/185/155 183/184/155 189/190/155 188/191/155
f 183/184/156 184/186/156 190/192/156 189/190/156
f 184/186/157 185/187/157 191/193/157 190/192/157
f 185/187/158 186/188/158 192/194/158 191/193/158
f 186/188/159 187/189/159 193/195/159 192/194/159
f 187/189/160 182/185/160 188/191/160 193/195/160
f 188/191/161 189/190/161 195/196/161 194/197/161
f 189/190/162 190/192/162 196/198/162 195/196/162
f 190/192/163 191/193/163 197/199/163 196/198/163
f 191/193/164 192/194/164 198/200/164 197/199/164
f 192/194/165 193/195/165 199/201/165 198/200/165
f 193/195/166 188/191/166 194/197/166 199/201/166
f 194/197/167 195/196/167 201/202/167 200/203/167
f 195/196/168 196/198/168 202/204/168 201/202/168
f 196/198/169 197/199/169 203/205/169 202/204/169
f 197/199/170 198/200/170 204/206/170 203/205/170
f 198/200/171 199/201/171 205/207/171 204/206/171
f 199/201/172 194/197/172 200/203/172 205/207/172
f 175/182/173 174/180/173 173/178/173 172/176/173 171/173/173 170/172/173
f 200/203/174 201/202/174 202/204/174 203/205/174 204/206/174 205/207/174
o Leaf_000
v 0.672603 3.323256 0.393981
v 0.892329 3.281982 0.102526
v 0.846186 3.296110 -0.261616
v 0.561204 3.357365 -0.485138
v 0.204321 3.429864 -0.437102
v -0.015405 3.471138 -0.145647
v 0.030738 3.457010 0.218495
v 0.315720 3.395755 0.442016
v 0.443278 3.400067 -0.021259
v 0.661726 3.306050 0.381273
v 0.874860 3.266014 0.098562
v 0.830101 3.279719 -0.254656
v 0.553669 3.339136 -0.471472
v 0.207493 3.409460 -0.424877
v -0.005641 3.449496 -0.142166
v 0.039117 3.435791 0.211052
v 0.315550 3.376374 0.427868
v 0.438462 3.376560 -0.021561
vn 0.2423 0.9691 0.0454
vn 0.2529 0.9675 0.0055
vn 0.2327 0.9721 -0.0303
vn 0.1936 0.9802 -0.0410
vn 0.1585 0.9872 -0.0203
vn 0.1479 0.9888 0.0196
vn 0.1681 0.9842 0.0554
vn 0.2072 0.9761 0.0661
vn 0.5234 -0.6950 0.4930
vn 0.6843 -0.7201 -0.1147
vn 0.3774 -0.6503 -0.6593
vn -0.2176 -0.5263 -0.8220
vn -0.7520 -0.4208 -0.5073
vn -0.9129 -0.3957 0.1003
vn -0.6060 -0.4656 0.6450
vn -0.0110 -0.5895 0.8077
vn -0.2351 -0.9712 -0.0397
vn -0.2438 -0.9698 -0.0067
vn -0.2272 -0.9736 0.0228
vn -0.1949 -0.9803 0.0316
vn -0.1659 -0.9860 0.0146
vn -0.1572 -0.9874 -0.0184
vn -0.1738 -0.9836 -0.0479
vn -0.2061 -0.9769 -0.0568
vt 0.500000 0.500000
vt 0.961940 0.691342
vt 0.691342 0.961940
vt 0.308658 0.961940
vt 0.038060 0.691342
vt 0.038060 0.308658
vt 0.308658 0.038060
vt 0.691342 0.038060
vt 0.961940 0.308658
vt 0.948082 0.685601
vt 0.685601 0.948082
vt 0.314399 0.948082
vt 0.051918 0.685601
vt 0.051918 0.314399
vt 0.314399 0.051918
vt 0.685601 0.051918
vt 0.948082 0.314399
s 0
usemtl LeafMat
f 214/208/175 206/209/175 207/210/175
f 214/208/176 207/210/176 208/211/176
f 214/208/177 208/211/177 209/212/177
f 214/208/178 209/212/178 210/213/178
f 214/208/179 210/213/179 211/214/179
f 214/208/180 211/214/180 212/215/180
f 214/208/181 212/215/181 213/216/181
f 214/208/182 213/216/182 206/209/182
f 207/210/183 206/209/183 215/217/183 216/218/183
f 208/211/184 207/210/184 216/218/184 217/219/184
f 209/212/185 208/211/185 217/219/185 218/220/185
f 210/213/186 209/212/186 218/220/186 219/221/186
f 211/214/187 210/213/187 219/221/187 220/222/187
f 212/215/188 211/214/188 220/222/188 221/223/188
f 213/216/189 212/215/189 221/223/189 222/224/189
f 206/209/190 213/216/190 222/224/190 215/217/190
f 223/208/191 216/218/191 215/217/191
f 223/208/192 217/219/192 216/218/192
f 223/208/193 218/220/193 217/219/193
f 223/208/194 219/221/194 218/220/194
f 223/208/195 220/222/195 219/221/195
f 223/208/196 221/223/196 220/222/196
f 223/208/197 222/224/197 221/223/197
f 223/208/198 215/217/198 222/224/198
o Stem_001
v 0.101480 1.734361 -0.119557
v 0.086066 1.735903 -0.110706
v 0.086066 1.736848 -0.092890
v 0.101480 1.736251 -0.083925
v 0.116894 1.734710 -0.092776
v 0.116894 1.733764 -0.110593
v 0.134418 2.207852 -0.143250
v 0.120249 2.209483 -0.135128
v 0.120249 2.210489 -0.118745
v 0.134418 2.209865 -0.110484
v 0.148588 2.208234 -0.118607
v 0.148588 2.207228 -0.134990
v 0.167186 2.570646 -0.167257
v 0.154186 2.572703 -0.159855
v 0.154186 2.573989 -0.144809
v 0.167186 2.573217 -0.137165
v 0.180187 2.571160 -0.144567
v 0.180187 2.569875 -0.159613
v 0.199784 2.822590 -0.191529
v 0.187935 2.825625 -0.184941
v 0.187935 2.827561 -0.171184
v 0.199784 2.826462 -0.164014
v 0.211633 2.823426 -0.170602
v 0.211633 2.821490 -0.184359
v 0.240214 2.966640 -0.193583
v 0.243330 2.960380 -0.204282
v 0.235328 2.960380 -0.214248
v 0.224209 2.966640 -0.213515
v 0.221092 2.972901 -0.202817
v 0.229095 2.972901 -0.192851
v 0.271847 2.998276 -0.220388
v 0.272970 2.990182 -0.228844
v 0.265591 2.990182 -0.238000
v 0.257090 2.998276 -0.238700
v 0.255967 3.006369 -0.230244
v 0.263345 3.006369 -0.221088
vn -0.4983 -0.0087 -0.8669
vn -0.9974 0.0718 -0.0041
vn -0.4989 0.0831 0.8627
vn 0.4987 0.0139 0.8666
vn 0.9978 -0.0666 0.0038
vn 0.4993 -0.0779 -0.8629
vn -0.4973 -0.0125 -0.8675
vn -0.9957 0.0925 -0.0067
vn -0.4981 0.1081 0.8604
vn 0.4979 0.0187 0.8670
vn 0.9962 -0.0863 0.0063
vn 0.4986 -0.1019 -0.8608
vn -0.4936 -0.0201 -0.8695
vn -0.9913 0.1306 -0.0146
vn -0.4973 0.1547 0.8537
vn 0.4948 0.0282 0.8686
vn 0.9924 -0.1225 0.0137
vn 0.4984 -0.1466 -0.8545
vn 0.4829 -0.2308 -0.8447
vn -0.4361 -0.0421 -0.8989
vn -0.9702 0.2338 -0.0631
vn -0.4931 0.2892 0.8205
vn 0.4427 0.0812 0.8930
vn 0.9810 -0.1910 0.0341
vn 0.7896 -0.3943 0.4702
vn 0.4771 -0.7906 -0.3838
vn -0.2907 -0.3953 -0.8713
vn -0.7722 0.4145 -0.4815
vn -0.4692 0.7984 0.3774
vn 0.3053 0.4154 0.8568
vn -0.0693 -0.9962 0.0529
vn 0.6188 0.6069 -0.4987
vt 0.811842 6.937443
vt 0.688532 6.943610
vt 0.961989 8.837933
vt 1.075348 8.831409
vt 0.688532 6.947392
vt 0.961989 8.841957
vt 0.811842 6.945006
vt 1.075348 8.839458
vt 0.935152 6.938839
vt 1.188707 8.832935
vt 0.935152 6.935058
vt 1.188707 8.828911
vt 1.233488 10.290812
vt 1.337491 10.282584
vt 1.233488 10.295955
vt 1.337491 10.292869
vt 1.441494 10.284640
vt 1.441494 10.279498
vt 1.503481 11.302501
vt 1.598272 11.290359
vt 1.503481 11.310246
vt 1.598272 11.305848
vt 1.693063 11.293706
vt 1.693063 11.285961
vt 1.946643 11.841520
vt 1.921712 11.866562
vt 1.882621 11.841520
vt 1.793669 11.866562
vt 1.768738 11.891603
vt 1.832760 11.891603
vt 2.183758 11.960729
vt 2.174773 11.993103
vt 2.124731 11.960729
vt 2.056720 11.993103
vt 2.047735 12.025477
vt 2.106762 12.025477
s 0
usemtl StemMat
f 224/225/199 225/226/199 231/227/199 230/228/199
f 225/226/200 226/229/200 232/230/200 231/227/200
f 226/229/201 227/231/201 233/232/201 232/230/201
f 227/231/202 228/233/202 234/234/202 233/232/202
f 228/233/203 229/235/203 235/236/203 234/234/203
f 229/235/204 224/225/204 230/228/204 235/236/204
f 230/228/205 231/227/205 237/237/205 236/238/205
f 231/227/206 232/230/206 238/239/206 237/237/206
f 232/230/207 233/232/207 239/240/207 238/239/207
f 233/232/208 234/234/208 240/241/208 239/240/208
f 234/234/209 235/236/209 241/242/209 240/241/209
f 235/236/210 230/228/210 236/238/210 241/242/210
f 236/238/211 237/237/211 243/243/211 242/244/211
f 237/237/212 238/239/212 244/245/212 243/243/212
f 238/239/213 239/240/213 245/246/213 244/245/213
f 239/240/214 240/241/214 246/247/214 245/246/214
f 240/241/215 241/242/215 247/248/215 246/247/215
f 241/242/216 236/238/216 242/244/216 247/248/216
f 242/244/217 243/243/217 249/249/217 248/250/217
f 243/243/218 244/245/218 250/251/218 249/249/218
f 244/245/219 245/246/219 251/252/219 250/251/219
f 245/246/220 246/247/220 252/253/220 251/252/220
f 246/247/221 247/248/221 253/254/221 252/253/221
f 247/248/222 242/244/222 248/250/222 253/254/222
f 248/250/223 249/249/223 255/255/223 254/256/223
f 249/249/224 250/251/224 256/257/224 255/255/224
f 250/251/225 251/252/225 257/258/225 256/257/225
f 251/252/226 252/253/226 258/259/226 257/258/226
f 252/253/227 253/254/227 259/260/227 258/259/227
f 253/254/228 248/250/228 254/256/228 259/260/228
f 229/235/229 228/233/229 227/231/229 226/229/229 225/226/229 224/225/229
f 254/256/230 255/255/230 256/257/230 257/258/230 258/259/230 259/260/230
o Leaf_001
v 0.612338 2.893939 -0.174942
v 0.594216 2.826896 -0.406733
v 0.421897 2.841169 -0.576003
v 0.196323 2.928397 -0.583597
v 0.049632 3.037483 -0.425067
v 0.067754 3.104527 -0.193276
v 0.240073 3.090254 -0.024005
v 0.465647 3.003026 -0.016411
v 0.336581 2.979791 -0.304514
v 0.599420 2.884829 -0.175086
v 0.581842 2.819798 -0.399923
v 0.414693 2.833642 -0.564116
v 0.195886 2.918253 -0.571482
v 0.053596 3.024067 -0.417707
v 0.071174 3.089099 -0.192870
v 0.238323 3.075254 -0.028678
v 0.457130 2.990643 -0.021311
v 0.330985 2.965711 -0.300004
vn 0.4039 0.8699 -0.2832
vn 0.3863 0.8650 -0.3203
vn 0.3495 0.8744 -0.3366
vn 0.3150 0.8925 -0.3227
vn 0.3031 0.9088 -0.2866
vn 0.3207 0.9137 -0.2495
vn 0.3575 0.9043 -0.2331
vn 0.3920 0.8862 -0.2471
vn 0.5646 -0.8036 0.1883
vn 0.2967 -0.8778 -0.3760
vn -0.2632 -0.7350 -0.6249
vn -0.7870 -0.4588 -0.4125
vn -0.9679 -0.2110 0.1367
vn -0.6999 -0.1367 0.7010
vn -0.1401 -0.2795 0.9499
vn 0.3837 -0.5558 0.7375
vn -0.3952 -0.8737 0.2836
vn -0.3807 -0.8697 0.3142
vn -0.3503 -0.8774 0.3277
vn -0.3219 -0.8924 0.3162
vn -0.3121 -0.9059 0.2864
vn -0.3266 -0.9099 0.2558
vn -0.3570 -0.9021 0.2423
vn -0.3854 -0.8871 0.2538
vt 0.500000 0.500000
vt 0.961940 0.691342
vt 0.691342 0.961940
vt 0.308658 0.961940
vt 0.038060 0.691342
vt 0.038060 0.308658
vt 0.308658 0.038060
vt 0.691342 0.038060
vt 0.961940 0.308658
vt 0.948082 0.685601
vt 0.685601 0.948082
vt 0.314399 0.948082
vt 0.051918 0.685601
vt 0.051918 0.314399
vt 0.314399 0.051918
vt 0.685601 0.051918
vt 0.948082 0.314399
s 0
usemtl LeafMat
f 268/261/231 260/262/231 261/263/231
f 268/261/232 261/263/232 262/264/232
f 268/261/233 262/264/233 263/265/233
f 268/261/234 263/265/234 264/266/234
f 268/261/235 264/266/235 265/267/235
f 268/261/236 265/267/236 266/268/236
f 268/261/237 266/268/237 267/269/237
f 268/261/238 267/269/238 260/262/238
f 261/263/239 260/262/239 269/270/239 270/271/239
f 262/264/240 261/263/240 270/271/240 271/272/240
f 263/265/241 262/264/241 271/272/241 272/273/241
f 264/266/242 263/265/242 272/273/242 273/274/242
f 265/267/243 264/266/243 273/274/243 274/275/243
f 266/268/244 265/267/244 274/275/244 275/276/244
f 267/269/245 266/268/245 275/276/245 276/277/245
f 260/262/246 267/269/246 276/277/246 269/270/246
f 277/261/247 270/271/247 269/270/247
f 277/261/248 271/272/248 270/271/248
f 277/261/249 272/273/249 271/272/249
f 277/261/250 273/274/250 272/273/250
f 277/261/251 274/275/251 273/274/251
f 277/261/252 275/276/252 274/275/252
f 277/261/253 276/277/253 275/276/253
f 277/261/254 269/270/254 276/277/254
o Stem_002
v -0.004328 1.765523 -0.125739
v -0.015936 1.766592 -0.119103
v -0.015936 1.767858 -0.105749
v -0.004328 1.768055 -0.099031
v 0.007280 1.766986 -0.105667
v 0.007280 1.765720 -0.119020
v 0.017414 2.339256 -0.179067
v 0.006734 2.340315 -0.172976
v 0.006734 2.341661 -0.160709
v 0.017414 2.341948 -0.154533
v 0.028094 2.340889 -0.160624
v 0.028094 2.339542 -0.172891
v 0.033129 2.783575 -0.233473
v 0.023302 2.784744 -0.227909
v 0.023302 2.786447 -0.216684
v 0.033129 2.786981 -0.211024
v 0.042956 2.785812 -0.216588
v 0.042956 2.784109 -0.227812
v 0.042818 3.098353 -0.288881
v 0.033775 3.099801 -0.283858
v 0.033775 3.102266 -0.273708
v 0.042818 3.103283 -0.268581
v 0.051861 3.101835 -0.273603
v 0.051861 3.099370 -0.283753
v 0.056088 3.287221 -0.336343
v 0.051213 3.282887 -0.343398
v 0.041604 3.282887 -0.343302
v 0.036871 3.287221 -0.336151
v 0.041746 3.291556 -0.329095
v 0.051355 3.291556 -0.329191
v 0.052948 3.344488 -0.395153
v 0.048315 3.339013 -0.400322
v 0.039482 3.339013 -0.399965
v 0.035281 3.344488 -0.394440
v 0.039914 3.349964 -0.389271
v 0.048747 3.349964 -0.389628
vn -0.4993 -0.0614 -0.8642
vn -0.9992 0.0391 -0.0040
vn -0.4998 0.1021 0.8601
vn 0.4995 0.0646 0.8639
vn 0.9993 -0.0359 0.0037
vn 0.4999 -0.0989 -0.8604
vn -0.4994 -0.0879 -0.8619
vn -0.9993 0.0366 -0.0048
vn -0.4997 0.1264 0.8569
vn 0.4996 0.0917 0.8614
vn 0.9995 -0.0329 0.0043
vn 0.4998 -0.1227 -0.8574
vn -0.4990 -0.1354 -0.8560
vn -0.9995 0.0321 -0.0063
vn -0.4996 0.1699 0.8494
vn 0.4992 0.1403 0.8551
vn 0.9996 -0.0272 0.0053
vn 0.4997 -0.1650 -0.8503
vn 0.1963 -0.2860 -0.9379
vn -0.7388 -0.1793 -0.6497
vn -0.9519 0.1122 0.2852
vn -0.1983 0.2989 0.9334
vn 0.7385 0.1914 0.6465
vn 0.9517 -0.1024 -0.2894
vn 0.8546 -0.3480 -0.3855
vn -0.0172 -0.7115 -0.7024
vn -0.8703 -0.3644 -0.3314
vn -0.8541 0.3596 0.3758
vn 0.0171 0.7185 0.6953
vn 0.8691 0.3753 0.3221
vn -0.0377 -0.9948 0.0943
vn -0.0289 0.6989 -0.7146
vt -0.034621 7.062090
vt -0.127487 7.066367
vt 0.053873 9.361261
vt 0.139314 9.357023
vt -0.127487 7.071432
vt 0.053873 9.366646
vt -0.034621 7.072221
vt 0.139314 9.367792
vt 0.058244 7.067945
vt 0.224754 9.363554
vt 0.058244 7.062880
vt 0.224754 9.358170
vt 0.186420 11.138975
vt 0.265035 11.134299
vt 0.186420 11.145788
vt 0.265035 11.147925
vt 0.343650 11.143250
vt 0.343650 11.136436
vt 0.270200 12.399205
vt 0.342543 12.393413
vt 0.270200 12.409063
vt 0.342543 12.413131
vt 0.414886 12.407338
vt 0.414886 12.397480
vt 0.409704 13.131547
vt 0.448708 13.148886
vt 0.332833 13.131547
vt 0.294966 13.148886
vt 0.333970 13.166224
vt 0.410841 13.166224
vt 0.386523 13.356050
vt 0.423584 13.377953
vt 0.315856 13.356050
vt 0.282250 13.377953
vt 0.319311 13.399855
vt 0.389978 13.399855
s 0
usemtl StemMat
f 278/278/255 279/279/255 285/280/255 284/281/255
f 279/279/256 280/282/256 286/283/256 285/280/256
f 280/282/257 281/284/257 287/285/257 286/283/257
f 281/284/258 282/286/258 288/287/258 287/285/258
f 282/286/259 283/288/259 289/289/259 288/287/259
f 283/288/260 278/278/260 284/281/260 289/289/260
f 284/281/261 285/280/261 291/290/261 290/291/261
f 285/280/262 286/283/262 292/292/262 291/290/262
f 286/283/263 287/285/263 293/293/263 292/292/263
f 287/285/264 288/287/264 294/294/264 293/293/264
f 288/287/265 289/289/265 295/295/265 294/294/265
f 289/289/266 284/281/266 290/291/266 295/295/266
f 290/291/267 291/290/267 297/296/267 296/297/267
f 291/290/268 292/292/268 298/298/268 297/296/268
f 292/292/269 293/293/269 299/299/269 298/298/269
f 293/293/270 294/294/270 300/300/270 299/299/270
f 294/294/271 295/295/271 301/301/271 300/300/271
f 295/295/272 290/291/272 296/297/272 301/301/272
f 296/297/273 297/296/273 303/302/273 302/303/273
f 297/296/274 298/298/274 304/304/274 303/302/274
f 298/298/275 299/299/275 305/305/275 304/304/275
f 299/299/276 300/300/276 306/306/276 305/305/276
f 300/300/277 301/301/277 307/307/277 306/306/277
f 301/301/278 296/297/278 302/303/278 307/307/278
f 302/303/279 303/302/279 309/308/279 308/309/279
f 303/302/280 304/304/280 310/310/280 309/308/280
f 304/304/281 305/305/281 311/311/281 310/310/281
f 305/305/282 306/306/282 312/312/282 311/311/282
f 306/306/283 307/307/283 313/313/283 312/312/283
f 307/307/284 302/303/284 308/309/284 313/313/284
f 283/288/285 282/286/285 281/284/285 280/282/285 279/279/285 278/278/285
f 308/309/286 309/308/286 310/310/286 311/311/286 312/312/286 313/313/286
o Leaf_002
v 0.345906 3.234751 -0.703836
v 0.105318 3.164277 -0.856737
v -0.183805 3.180345 -0.807980
v -0.352099 3.273544 -0.586127
v -0.300980 3.389277 -0.321136
v -0.060392 3.459751 -0.168235
v 0.228731 3.443683 -0.216992
v 0.397025 3.350484 -0.438845
v 0.022155 3.329613 -0.520113
v 0.336449 3.222989 -0.691994
v 0.103079 3.154629 -0.840308
v -0.177370 3.170216 -0.793014
v -0.340616 3.260618 -0.577816
v -0.291030 3.372880 -0.320775
v -0.057660 3.441240 -0.172461
v 0.222790 3.425653 -0.219755
v 0.386035 3.335251 -0.434953
v 0.022463 3.312014 -0.512486
vn 0.0149 0.8989 -0.4378
vn -0.0254 0.8948 -0.4458
vn -0.0603 0.9031 -0.4251
vn -0.0692 0.9190 -0.3880
vn -0.0470 0.9332 -0.3562
vn -0.0066 0.9374 -0.3482
vn 0.0282 0.9291 -0.3689
vn 0.0372 0.9131 -0.4060
vn 0.4802 -0.7834 -0.3946
vn -0.1339 -0.8465 -0.5153
vn -0.6643 -0.7198 -0.2016
vn -0.8002 -0.4775 0.3629
vn -0.4619 -0.2616 0.8474
vn 0.1522 -0.1986 0.9682
vn 0.6826 -0.3252 0.6544
vn 0.8184 -0.5675 0.0900
vn -0.0095 -0.9024 0.4309
vn 0.0238 -0.8989 0.4374
vn 0.0526 -0.9058 0.4204
vn 0.0599 -0.9190 0.3898
vn 0.0416 -0.9307 0.3635
vn 0.0083 -0.9341 0.3569
vn -0.0205 -0.9272 0.3740
vn -0.0279 -0.9141 0.4046
vt 0.500000 0.500000
vt 0.961940 0.691342
vt 0.691342 0.961940
vt 0.308658 0.961940
vt 0.038060 0.691342
vt 0.038060 0.308658
vt 0.308658 0.038060
vt 0.691342 0.038060
vt 0.961940 0.308658
vt 0.948082 0.685601
vt 0.685601 0.948082
vt 0.314399 0.948082
vt 0.051918 0.685601
vt 0.051918 0.314399
vt 0.314399 0.051918
vt 0.685601 0.051918
vt 0.948082 0.314399
s 0
usemtl LeafMat
f 322/314/287 314/315/287 315/316/287
f 322/314/288 315/316/288 316/317/288
f 322/314/289 316/317/289 317/318/289
f 322/314/290 317/318/290 318/319/290
f 322/314/291 318/319/291 319/320/291
f 322/314/292 319/320/292 320/321/292
f 322/314/293 320/321/293 321/322/293
f 322/314/294 321/322/294 314/315/294
f 315/316/295 314/315/295 323/323/295 324/324/295
f 316/317/296 315/316/296 324/324/296 325/325/296
f 317/318/297 316/317/297 325/325/297 326/326/297
f 318/319/298 317/318/298 326/326/298 327/327/298
f 319/320/299 318/319/299 327/327/299 328/328/299
f 320/321/300 319/320/300 328/328/300 329/329/300
f 321/322/301 320/321/301 329/329/301 330/330/301
f 314/315/302 321/322/302 330/330/302 323/323/302
f 331/314/303 324/324/303 323/323/303
f 331/314/304 325/325/304 324/324/304
f 331/314/305 326/326/305 325/325/305
f 331/314/306 327/327/306 326/326/306
f 331/314/307 328/328/307 327/327/307
f 331/314/308 329/329/308 328/328/308
f 331/314/309 330/330/309 329/329/309
f 331/314/310 323/323/310 330/330/310
o Stem_003
v -0.065818 1.720259 -0.087238
v -0.081599 1.719379 -0.078002
v -0.081599 1.720644 -0.059740
v -0.065818 1.722790 -0.050714
v -0.050037 1.723670 -0.059950
v -0.050037 1.722405 -0.078212
v -0.114933 2.230049 -0.121085
v -0.129432 2.229181 -0.112561
v -0.129432 2.230600 -0.095779
v -0.114933 2.232887 -0.087522
v -0.100434 2.233756 -0.096046
v -0.100434 2.232337 -0.112828
v -0.161636 2.609295 -0.157625
v -0.174908 2.608345 -0.149687
v -0.174908 2.610357 -0.134325
v -0.161636 2.613320 -0.126900
v -0.148364 2.614270 -0.134837
v -0.148364 2.612258 -0.150200
v -0.195894 2.861044 -0.192978
v -0.209145 2.856800 -0.196075
v -0.219178 2.856800 -0.185950
v -0.215961 2.861044 -0.172728
v -0.202710 2.865288 -0.169631
v -0.192677 2.865288 -0.179756
v -0.238028 2.980677 -0.234812
v -0.246323 2.970535 -0.234255
v -0.256103 2.970535 -0.225518
v -0.257587 2.980677 -0.217338
v -0.249292 2.990819 -0.217895
v -0.239513 2.990819 -0.226632
v -0.278132 2.970206 -0.279799
v -0.281542 2.959910 -0.274513
v -0.290686 2.959910 -0.266642
v -0.296420 2.970206 -0.264057
v -0.293011 2.980501 -0.269343
v -0.283867 2.980501 -0.277214
vn -0.4986 -0.1051 -0.8604
vn -0.9956 -0.0929 0.0071
vn -0.4973 0.0147 0.8675
vn 0.4981 0.1101 0.8601
vn 0.9952 0.0978 -0.0075
vn 0.4968 -0.0098 -0.8678
vn -0.4977 -0.1436 -0.8554
vn -0.9930 -0.1177 0.0126
vn -0.4956 0.0289 0.8680
vn 0.4969 0.1496 0.8548
vn 0.9922 0.1238 -0.0132
vn 0.4949 -0.0229 -0.8687
vn -0.1427 -0.1786 -0.9735
vn -0.9147 -0.2131 -0.3433
vn -0.7758 -0.0305 0.6302
vn 0.1406 0.1878 0.9721
vn 0.9131 0.2224 0.3419
vn 0.7741 0.0392 -0.6319
vn 0.2647 -0.2311 -0.9363
vn -0.6235 -0.4270 -0.6549
vn -0.9439 -0.2335 0.2334
vn -0.2773 0.2515 0.9273
vn 0.6090 0.4690 0.6397
vn 0.9365 0.2513 -0.2447
vn 0.6943 -0.5352 -0.4811
vn 0.1282 -0.9809 0.1461
vn -0.5836 -0.5301 0.6151
vn -0.6987 0.5357 0.4741
vn -0.0998 0.9885 -0.1137
vn 0.5743 0.5310 -0.6230
vn 0.0956 -0.9930 0.0688
vn -0.6428 -0.1705 -0.7468
vt -0.526544 6.881038
vt -0.652789 6.877518
vt -1.035452 8.916723
vt -0.919462 8.920197
vt -0.652789 6.882578
vt -1.035452 8.922400
vt -0.526544 6.891159
vt -0.919462 8.931549
vt -0.400299 6.894679
vt -0.803472 8.935022
vt -0.400299 6.889619
vt -0.803472 8.929346
vt -1.399267 10.433380
vt -1.293088 10.437181
vt -1.399267 10.441429
vt -1.293088 10.453279
vt -1.186909 10.457081
vt -1.186909 10.449032
vt -1.673160 11.427199
vt -1.567153 11.444176
vt -1.753428 11.427199
vt -1.727689 11.444176
vt -1.621682 11.461152
vt -1.541414 11.461152
vt -1.970585 11.882138
vt -1.904224 11.922707
vt -2.048822 11.882138
vt -2.060699 11.922707
vt -1.994338 11.963275
vt -1.916101 11.963275
vt -2.252333 11.839640
vt -2.225057 11.880822
vt -2.325486 11.839640
vt -2.371362 11.880822
vt -2.344085 11.922005
vt -2.270933 11.922005
s 0
usemtl StemMat
f 332/331/311 333/332/311 339/333/311 338/334/311
f 333/332/312 334/335/312 340/336/312 339/333/312
f 334/335/313 335/337/313 341/338/313 340/336/313
f 335/337/314 336/339/314 342/340/314 341/338/314
f 336/339/315 337/341/315 343/342/315 342/340/315
f 337/341/316 332/331/316 338/334/316 343/342/316
f 338/334/317 339/333/317 345/343/317 344/344/317
f 339/333/318 340/336/318 346/345/318 345/343/318
f 340/336/319 341/338/319 347/346/319 346/345/319
f 341/338/320 342/340/320 348/347/320 347/346/320
f 342/340/321 343/342/321 349/348/321 348/347/321
f 343/342/322 338/334/322 344/344/322 349/348/322
f 344/344/323 345/343/323 351/349/323 350/350/323
f 345/343/324 346/345/324 352/351/324 351/349/324
f 346/345/325 347/346/325 353/352/325 352/351/325
f 347/346/326 348/347/326 354/353/326 353/352/326
f 348/347/327 349/348/327 355/354/327 354/353/327
f 349/348/328 344/344/328 350/350/328 355/354/328
f 350/350/329 351/349/329 357/355/329 356/356/329
f 351/349/330 352/351/330 358/357/330 357/355/330
f 352/351/331 353/352/331 359/358/331 358/357/331
f 353/352/332 354/353/332 360/359/332 359/358/332
f 354/353/333 355/354/333 361/360/333 360/359/333
f 355/354/334 350/350/334 356/356/334 361/360/334
f 356/356/335 357/355/335 363/361/335 362/362/335
f 357/355/336 358/357/336 364/363/336 363/361/336
f 358/357/337 359/358/337 365/364/337 364/363/337
f 359/358/338 360/359/338 366/365/338 365/364/338
f 360/359/339 361/360/339 367/366/339 366/365/339
f 361/360/340 356/356/340 362/362/340 367/366/340
f 337/341/341 336/339/341 335/337/341 334/335/341 333/332/341 332/331/341
f 362/362/342 363/361/342 364/363/342 365/364/342 366/365/342 367/366/342
o Leaf_003
v -0.070562 2.799522 -0.667937
v -0.317474 2.599169 -0.664522
v -0.574779 2.562513 -0.481305
v -0.691753 2.711026 -0.225611
v -0.599873 2.957712 -0.047223
v -0.352961 3.158066 -0.050637
v -0.095656 3.194722 -0.233855
v 0.021318 3.046209 -0.489548
v -0.345846 2.891505 -0.369928
v -0.069999 2.791585 -0.648748
v -0.309503 2.597242 -0.645436
v -0.559090 2.561685 -0.467715
v -0.672554 2.705743 -0.219692
v -0.583430 2.945029 -0.046655
v -0.343926 3.139372 -0.049967
v -0.094339 3.174928 -0.227688
v 0.019125 3.030870 -0.475711
v -0.335217 2.878617 -0.357580
vn -0.4910 0.5943 -0.6370
vn -0.5265 0.5776 -0.6239
vn -0.5529 0.5854 -0.5930
vn -0.5546 0.6133 -0.5624
vn -0.5308 0.6447 -0.5501
vn -0.4953 0.6614 -0.5632
vn -0.4689 0.6535 -0.5941
vn -0.4672 0.6257 -0.6247
vn 0.5938 -0.7372 -0.3224
vn 0.0539 -0.9910 -0.1226
vn -0.3468 -0.8712 0.3474
vn -0.3737 -0.4481 0.8121
vn -0.0110 0.0305 0.9995
vn 0.5289 0.2843 0.7997
vn 0.9296 0.1645 0.3297
vn 0.9565 -0.2586 -0.1350
vn 0.4947 -0.5990 0.6297
vn 0.5240 -0.5852 0.6188
vn 0.5458 -0.5917 0.5933
vn 0.5472 -0.6146 0.5681
vn 0.5275 -0.6406 0.5580
vn 0.4982 -0.6544 0.5688
vn 0.4765 -0.6479 0.5943
vn 0.4751 -0.6249 0.6195
vt 0.500000 0.500000
vt 0.961940 0.691342
vt 0.691342 0.961940
vt 0.308658 0.961940
vt 0.038060 0.691342
vt 0.038060 0.308658
vt 0.308658 0.038060
vt 0.691342 0.038060
vt 0.961940 0.308658
vt 0.948082 0.685601
vt 0.685601 0.948082
vt 0.314399 0.948082
vt 0.051918 0.685601
vt 0.051918 0.314399
vt 0.314399 0.051918
vt 0.685601 0.051918
vt 0.948082 0.314399
s 0
usemtl LeafMat
f 376/367/343 368/368/343 369/369/343
f 376/367/344 369/369/344 370/370/344
f 376/367/345 370/370/345 371/371/345
f 376/367/346 371/371/346 372/372/346
f 376/367/347 372/372/347 373/373/347
f 376/367/348 373/373/348 374/374/348
f 376/367/349 374/374/349 375/375/349
f 376/367/350 375/375/350 368/368/350
f 369/369/351 368/368/351 377/376/351 378/377/351
f 370/370/352 369/369/352 378/377/352 379/378/352
f 371/371/353 370/370/353 379/378/353 380/379/353
f 372/372/354 371/371/354 380/379/354 381/380/354
f 373/373/355 372/372/355 381/380/355 382/381/355
f 374/374/356 373/373/356 382/381/356 383/382/356
f 375/375/357 374/374/357 383/382/357 384/383/357
f 368/368/358 375/375/358 384/383/358 377/376/358
f 385/367/359 378/377/359 377/376/359
f 385/367/360 379/378/360 378/377/360
f 385/367/361 380/379/361 379/378/361
f 385/367/362 381/380/362 380/379/362
f 385/367/363 382/381/363 381/380/363
f 385/367/364 383/382/364 382/381/364
f 385/367/365 384/383/365 383/382/365
f 385/367/366 377/376/366 384/383/366
o Stem_004
v -0.102340 1.740391 -0.014342
v -0.119351 1.739626 -0.004463
v -0.119351 1.740366 0.015210
v -0.102340 1.741871 0.025003
v -0.085329 1.742637 0.015124
v -0.085329 1.741897 -0.004548
v -0.135734 2.240141 -0.031570
v -0.151371 2.239208 -0.022479
v -0.151371 2.239808 -0.004377
v -0.135734 2.241340 0.004633
v -0.120098 2.242274 -0.004459
v -0.120098 2.241673 -0.022560
v -0.169736 2.613822 -0.040824
v -0.184071 2.612331 -0.032462
v -0.184071 2.612658 -0.015803
v -0.169736 2.614475 -0.007505
v -0.155401 2.615967 -0.015868
v -0.155401 2.615640 -0.032527
v -0.204344 2.861618 -0.042085
v -0.217325 2.858706 -0.034469
v -0.217325 2.858444 -0.019142
v -0.204344 2.861094 -0.011431
v -0.191363 2.864007 -0.019047
v -0.191363 2.864268 -0.034374
v -0.243958 2.982363 -0.034648
v -0.248084 2.972123 -0.025872
v -0.243686 2.972123 -0.012472
v -0.235161 2.982363 -0.007848
v -0.231035 2.992602 -0.016625
v -0.235433 2.992602 -0.030024
v -0.279991 2.977168 -0.019764
v -0.276276 2.966033 -0.014236
v -0.271667 2.966033 -0.002107
v -0.270773 2.977168 0.004494
v -0.274489 2.988303 -0.001034
v -0.279098 2.988303 -0.013163
vn -0.4990 -0.0631 -0.8643
vn -0.9980 -0.0639 0.0023
vn -0.4992 0.0020 0.8665
vn 0.4986 0.0686 0.8641
vn 0.9976 0.0693 -0.0025
vn 0.4988 0.0035 -0.8667
vn -0.4981 -0.0668 -0.8646
vn -0.9962 -0.0873 0.0023
vn -0.4986 -0.0172 0.8667
vn 0.4974 0.0734 0.8644
vn 0.9956 0.0939 -0.0025
vn 0.4979 0.0239 -0.8669
vn -0.4947 -0.0737 -0.8660
vn -0.9910 -0.1339 0.0003
vn -0.4980 -0.0559 0.8654
vn 0.4932 0.0828 0.8660
vn 0.9897 0.1433 -0.0003
vn 0.4966 0.0652 -0.8655
vn -0.6287 -0.1365 -0.7656
vn -0.9573 -0.2505 0.1443
vn -0.4266 -0.1428 0.8931
vn 0.6183 0.1559 0.7703
vn 0.9402 0.3101 -0.1411
vn 0.4066 0.1790 -0.8959
vn -0.2397 -0.5368 -0.8090
vn 0.1867 -0.9802 -0.0659
vn 0.3654 -0.5539 0.7481
vn 0.2222 0.5393 0.8123
vn -0.0869 0.9957 0.0306
vn -0.3642 0.5537 -0.7488
vn 0.0666 -0.9971 0.0375
vn -0.9263 -0.1343 0.3520
vt -0.818722 6.961564
vt -0.954811 6.958503
vt -1.210967 8.956830
vt -1.085875 8.960563
vt -0.954811 6.961463
vt -1.210967 8.959230
vt -0.818722 6.967486
vt -1.085875 8.965362
vt -0.682634 6.970547
vt -0.960783 8.969094
vt -0.682634 6.967586
vt -0.960783 8.966694
vt -1.472565 10.449325
vt -1.357885 10.455290
vt -1.472565 10.450630
vt -1.357885 10.457901
vt -1.243204 10.463866
vt -1.243204 10.462561
vt -1.738602 11.434824
vt -1.634752 11.446472
vt -1.738602 11.433777
vt -1.634752 11.444378
vt -1.530903 11.456026
vt -1.530903 11.457073
vt -1.984675 11.888493
vt -1.951664 11.929451
vt -1.949488 11.888493
vt -1.881289 11.929451
vt -1.848278 11.970409
vt -1.883465 11.970409
vt -2.210207 11.864133
vt -2.239931 11.908672
vt -2.173334 11.864133
vt -2.166185 11.908672
vt -2.195909 11.953212
vt -2.232782 11.953212
s 0
usemtl StemMat
f 386/384/367 387/385/367 393/386/367 392/387/367
f 387/385/368 388/388/368 394/389/368 393/386/368
f 388/388/369 389/390/369 395/391/369 394/389/369
f 389/390/370 390/392/370 396/393/370 395/391/370
f 390/392/371 391/394/371 397/395/371 396/393/371
f 391/394/372 386/384/372 392/387/372 397/395/372
f 392/387/373 393/386/373 399/396/373 398/397/373
f 393/386/374 394/389/374 400/398/374 399/396/374
f 394/389/375 395/391/375 401/399/375 400/398/375
f 395/391/376 396/393/376 402/400/376 401/399/376
f 396/393/377 397/395/377 403/401/377 402/400/377
f 397/395/378 392/387/378 398/397/378 403/401/378
f 398/397/379 399/396/379 405/402/379 404/403/379
f 399/396/380 400/398/380 406/404/380 405/402/380
f 400/398/381 401/399/381 407/405/381 406/404/381
f 401/399/382 402/400/382 408/406/382 407/405/382
f 402/400/383 403/401/383 409/407/383 408/406/383
f 403/401/384 398/397/384 404/403/384 409/407/384
f 404/403/385 405/402/385 411/408/385 410/409/385
f 405/402/386 406/404/386 412/410/386 411/408/386
f 406/404/387 407/405/387 413/411/387 412/410/387
f 407/405/388 408/406/388 414/412/388 413/411/388
f 408/406/389 409/407/389 415/413/389 414/412/389
f 409/407/390 404/403/390 410/409/390 415/413/390
f 410/409/391 411/408/391 417/414/391 416/415/391
f 411/408/392 412/410/392 418/416/392 417/414/392
f 412/410/393 413/411/393 419/417/393 418/416/393
f 413/411/394 414/412/394 420/418/394 419/417/394
f 414/412/395 415/413/395 421/419/395 420/418/395
f 415/413/396 410/409/396 416/415/396 421/419/396
f 391/394/397 390/392/397 389/390/397 388/388/397 387/385/397 386/384/397
f 416/415/398 417/414/398 418/416/398 419/417/398 420/418/398 421/419/398
o Leaf_004
v -0.608960 2.757064 -0.305537
v -0.664806 2.577451 -0.036300
v -0.548472 2.577017 0.270839
v -0.328103 2.756016 0.435961
v -0.132789 3.009592 0.362341
v -0.076943 3.189204 0.093104
v -0.193278 3.189638 -0.214035
v -0.413646 3.010639 -0.379158
v -0.386360 2.896963 0.034287
v -0.589429 2.749943 -0.300227
v -0.643600 2.575719 -0.039066
v -0.530756 2.575298 0.258858
v -0.316998 2.748926 0.419027
v -0.127544 2.994895 0.347615
v -0.073373 3.169119 0.086455
v -0.186217 3.169540 -0.211470
v -0.399975 2.995912 -0.371638
v -0.370875 2.883327 0.028402
vn -0.7569 0.6051 0.2467
vn -0.7528 0.5929 0.2860
vn -0.7299 0.6050 0.3182
vn -0.7015 0.6345 0.3244
vn -0.6844 0.6640 0.3010
vn -0.6885 0.6763 0.2618
vn -0.7115 0.6642 0.2296
vn -0.7398 0.6347 0.2233
vn -0.1405 -0.8099 -0.5695
vn -0.0778 -0.9966 0.0280
vn 0.2713 -0.8115 0.5176
vn 0.7022 -0.3630 0.6125
vn 0.9626 0.0860 0.2570
vn 0.8999 0.2727 -0.3405
vn 0.5508 0.0876 -0.8300
vn 0.1199 -0.3609 -0.9249
vn 0.7509 -0.6106 -0.2516
vn 0.7475 -0.6005 -0.2840
vn 0.7286 -0.6105 -0.3105
vn 0.7052 -0.6348 -0.3157
vn 0.6911 -0.6592 -0.2964
vn 0.6945 -0.6693 -0.2640
vn 0.7134 -0.6593 -0.2374
vn 0.7368 -0.6350 -0.2323
vt 0.500000 0.500000
vt 0.961940 0.691342
vt 0.691342 0.961940
vt 0.308658 0.961940
vt 0.038060 0.691342
vt 0.038060 0.308658
vt 0.308658 0.038060
vt 0.691342 0.038060
vt 0.961940 0.308658
vt 0.948082 0.685601
vt 0.685601 0.948082
vt 0.314399 0.948082
vt 0.051918 0.685601
vt 0.051918 0.314399
vt 0.314399 0.051918
vt 0.685601 0.051918
vt 0.948082 0.314399
s 0
usemtl LeafMat
f 430/420/399 422/421/399 423/422/399
f 430/420/400 423/422/400 424/423/400
f 430/420/401 424/423/401 425/424/401
f 430/420/402 425/424/402 426/425/402
f 430/420/403 426/425/403 427/426/403
f 430/420/404 427/426/404 428/427/404
f 430/420/405 428/427/405 429/428/405
f 430/420/406 429/428/406 422/421/406
f 423/422/407 422/421/407 431/429/407 432/430/407
f 424/423/408 423/422/408 432/430/408 433/431/408
f 425/424/409 424/423/409 433/431/409 434/432/409
f 426/425/410 425/424/410 434/432/410 435/433/410
f 427/426/411 426/425/411 435/433/411 436/434/411
f 428/427/412 427/426/412 436/434/412 437/435/412
f 429/428/413 428/427/413 437/435/413 438/436/413
f 422/421/414 429/428/414 438/436/414 431/429/414
f 439/420/415 432/430/415 431/429/415
f 439/420/416 433/431/416 432/430/416
f 439/420/417 434/432/417 433/431/417
f 439/420/418 435/433/418 434/432/418
f 439/420/419 436/434/419 435/433/419
f 439/420/420 437/435/420 436/434/420
f 439/420/421 438/436/421 437/435/421
f 439/420/422 431/429/422 438/436/422
o Stem_005
v -0.066101 1.745703 0.043478
v -0.084818 1.745026 0.054278
v -0.084818 1.744665 0.075896
v -0.066101 1.744980 0.086714
v -0.047383 1.745657 0.075913
v -0.047383 1.746018 0.054295
v -0.078849 2.226757 0.053257
v -0.096069 2.226098 0.063191
v -0.096069 2.225667 0.083078
v -0.078849 2.225895 0.093031
v -0.061628 2.226554 0.083097
v -0.061628 2.226985 0.063210
v -0.088068 2.594737 0.064646
v -0.103912 2.594033 0.073776
v -0.103912 2.593376 0.092065
v -0.088068 2.593422 0.101222
v -0.072224 2.594126 0.092092
v -0.072224 2.594784 0.073803
v -0.093759 2.849771 0.077670
v -0.108337 2.848914 0.086048
v -0.108337 2.847745 0.102844
v -0.093759 2.847434 0.111261
v -0.079181 2.848291 0.102882
v -0.079181 2.849460 0.086086
v -0.095921 2.994359 0.092906
v -0.109334 2.992308 0.100376
v -0.109334 2.987843 0.115208
v -0.095921 2.985430 0.122570
v -0.082509 2.987481 0.115099
v -0.082509 2.991946 0.100267
v -0.108746 3.017956 0.124043
v -0.100665 3.012115 0.134224
v -0.086474 3.012115 0.132933
v -0.080363 3.017956 0.121460
v -0.088444 3.023796 0.111280
v -0.102636 3.023796 0.112571
vn -0.4999 0.0044 -0.8661
vn -0.9997 -0.0234 -0.0004
vn -0.5000 -0.0246 0.8657
vn 0.4997 0.0019 0.8662
vn 0.9996 0.0296 0.0006
vn 0.4998 0.0308 -0.8656
vn -0.4999 0.0143 -0.8660
vn -0.9998 -0.0213 -0.0006
vn -0.5000 -0.0318 0.8655
vn 0.4997 -0.0068 0.8662
vn 0.9996 0.0288 0.0008
vn 0.4998 0.0393 -0.8653
vn -0.4998 0.0330 -0.8655
vn -0.9998 -0.0173 -0.0009
vn -0.5000 -0.0454 0.8648
vn 0.4996 -0.0231 0.8660
vn 0.9996 0.0273 0.0014
vn 0.4998 0.0553 -0.8644
vn -0.4975 0.0832 -0.8634
vn -1.0000 -0.0069 -0.0012
vn -0.4954 -0.0793 0.8651
vn 0.4967 -0.0636 0.8656
vn 0.9997 0.0232 0.0041
vn 0.4959 0.0979 -0.8628
vn -0.9586 0.2047 -0.1980
vn -0.7081 -0.2611 0.6561
vn 0.2575 -0.4277 0.8665
vn 0.9640 -0.1177 0.2386
vn 0.7024 0.3460 -0.6221
vn -0.2613 0.4943 -0.8291
vn 0.0265 -0.9995 -0.0167
vn 0.0429 0.8809 0.4713
vt -0.528805 6.982813
vt -0.678548 6.980106
vt -0.768555 8.904390
vt -0.630789 8.907028
vt -0.678548 6.978659
vt -0.768555 8.902666
vt -0.528805 6.979919
vt -0.630789 8.903580
vt -0.379062 6.982626
vt -0.493023 8.906218
vt -0.379062 6.984074
vt -0.493023 8.907942
vt -0.831296 10.376133
vt -0.704544 10.378949
vt -0.831296 10.373503
vt -0.704544 10.373689
vt -0.577793 10.376505
vt -0.577793 10.379135
vt -0.866695 11.395655
vt -0.750071 11.399085
vt -0.866695 11.390980
vt -0.750071 11.389735
vt -0.633448 11.393166
vt -0.633448 11.397840
vt -0.874671 11.969232
vt -0.767370 11.977436
vt -0.874671 11.951373
vt -0.767370 11.941719
vt -0.660068 11.949924
vt -0.660068 11.967782
vt -0.805323 12.048461
vt -0.869971 12.071823
vt -0.691792 12.048461
vt -0.642908 12.071823
vt -0.707555 12.095185
vt -0.821087 12.095185
s 0
usemtl StemMat
f 440/437/423 441/438/423 447/439/423 446/440/423
f 441/438/424 442/441/424 448/442/424 447/439/424
f 442/441/425 443/443/425 449/444/425 448/442/425
f 443/443/426 444/445/426 450/446/426 449/444/426
f 444/445/427 445/447/427 451/448/427 450/446/427
f 445/447/428 440/437/428 446/440/428 451/448/428
f 446/440/429 447/439/429 453/449/429 452/450/429
f 447/439/430 448/442/430 454/451/430 453/449/430
f 448/442/431 449/444/431 455/452/431 454/451/431
f 449/444/432 450/446/432 456/453/432 455/452/432
f 450/446/433 451/448/433 457/454/433 456/453/433
f 451/448/434 446/440/434 452/450/434 457/454/434
f 452/450/435 453/449/435 459/455/435 458/456/435
f 453/449/436 454/451/436 460/457/436 459/455/436
f 454/451/437 455/452/437 461/458/437 460/457/437
f 455/452/438 456/453/438 462/459/438 461/458/438
f 456/453/439 457/454/439 463/460/439 462/459/439
f 457/454/440 452/450/440 458/456/440 463/460/440
f 458/456/441 459/455/441 465/461/441 464/462/441
f 459/455/442 460/457/442 466/463/442 465/461/442
f 460/457/443 461/458/443 467/464/443 466/463/443
f 461/458/444 462/459/444 468/465/444 467/464/444
f 462/459/445 463/460/445 469/466/445 468/465/445
f 463/460/446 458/456/446 464/462/446 469/466/446
f 464/462/447 465/461/447 471/467/447 470/468/447
f 465/461/448 466/463/448 472/469/448 471/467/448
f 466/463/449 467/464/449 473/470/449 472/469/449
f 467/464/450 468/465/450 474/471/450 473/470/450
f 468/465/451 469/466/451 475/472/451 474/471/451
f 469/466/452 464/462/452 470/468/452 475/472/452
f 445/447/453 444/445/453 443/443/453 442/441/453 441/438/453 440/437/453
f 470/468/454 471/467/454 472/469/454 473/470/454 474/471/454 475/472/454
o Leaf_005
v -0.453921 2.974950 0.392941
v -0.244038 2.917758 0.596011
v 0.053474 2.911048 0.594999
v 0.264336 2.958753 0.390498
v 0.265028 3.032926 0.102302
v 0.055145 3.090119 -0.100768
v -0.242366 3.096828 -0.099756
v -0.453228 3.049123 0.104745
v -0.094005 3.022760 0.252467
v -0.443489 2.960762 0.384705
v -0.239903 2.905285 0.581683
v 0.048683 2.898777 0.580701
v 0.253220 2.945051 0.382335
v 0.253891 3.016999 0.102785
v 0.050305 3.072476 -0.094193
v -0.238281 3.078983 -0.093211
v -0.442818 3.032710 0.105155
v -0.094446 3.003938 0.247621
vn -0.0156 0.9581 0.2860
vn 0.0225 0.9533 0.3012
vn 0.0608 0.9564 0.2857
vn 0.0767 0.9655 0.2487
vn 0.0609 0.9754 0.2117
vn 0.0228 0.9802 0.1965
vn -0.0155 0.9771 0.2120
vn -0.0314 0.9680 0.2491
vn -0.5953 -0.6832 0.4229
vn -0.0148 -0.7563 0.6541
vn 0.5668 -0.7094 0.4189
vn 0.8088 -0.5700 -0.1447
vn 0.5695 -0.4197 -0.7068
vn -0.0110 -0.3465 -0.9380
vn -0.5926 -0.3934 -0.7028
vn -0.8347 -0.5329 -0.1392
vn 0.0089 -0.9601 -0.2796
vn -0.0226 -0.9561 -0.2922
vn -0.0541 -0.9586 -0.2794
vn -0.0672 -0.9662 -0.2488
vn -0.0543 -0.9744 -0.2183
vn -0.0228 -0.9783 -0.2058
vn 0.0088 -0.9758 -0.2186
vn 0.0219 -0.9682 -0.2491
vt 0.500000 0.500000
vt 0.961940 0.691342
vt 0.691342 0.961940
vt 0.308658 0.961940
vt 0.038060 0.691342
vt 0.038060 0.308658
vt 0.308658 0.038060
vt 0.691342 0.038060
vt 0.961940 0.308658
vt 0.948082 0.685601
vt 0.685601 0.948082
vt 0.314399 0.948082
vt 0.051918 0.685601
vt 0.051918 0.314399
vt 0.314399 0.051918
vt 0.685601 0.051918
vt 0.948082 0.314399
s 0
usemtl LeafMat
f 484/473/455 476/474/455 477/475/455
f 484/473/456 477/475/456 478/476/456
f 484/473/457 478/476/457 479/477/457
f 484/473/458 479/477/458 480/478/458
f 484/473/459 480/478/459 481/479/459
f 484/473/460 481/479/460 482/480/460
f 484/473/461 482/480/461 483/481/461
f 484/473/462 483/481/462 476/474/462
f 477/475/463 476/474/463 485/482/463 486/483/463
f 478/476/464 477/475/464 486/483/464 487/484/464
f 479/477/465 478/476/465 487/484/465 488/485/465
f 480/478/466 479/477/466 488/485/466 489/486/466
f 481/479/467 480/478/467 489/486/467 490/487/467
f 482/480/468 481/479/468 490/487/468 491/488/468
f 483/481/469 482/480/469 491/488/469 492/489/469
f 476/474/470 483/481/470 492/489/470 485/482/470
f 493/473/471 486/483/471 485/482/471
f 493/473/472 487/484/472 486/483/472
f 493/473/473 488/485/473 487/484/473
f 493/473/474 489/486/474 488/485/474
f 493/473/475 490/487/475 489/486/475
f 493/473/476 491/488/476 490/487/476
f 493/473/477 492/489/477 491/488/477
f 493/473/478 485/482/478 492/489/478
o Stem_006
v 0.001079 1.754851 0.082818
v -0.014252 1.754756 0.091710
v -0.014252 1.753089 0.109354
v 0.001079 1.751516 0.118106
v 0.016410 1.751611 0.109214
v 0.016410 1.753278 0.091570
v 0.023501 2.216026 0.127831
v 0.009393 2.215718 0.136000
v 0.009393 2.213905 0.152204
v 0.023501 2.212401 0.160239
v 0.037609 2.212709 0.152070
v 0.037609 2.214522 0.135866
v 0.036228 2.558730 0.173463
v 0.023241 2.557830 0.180916
v 0.023241 2.555388 0.195717
v 0.036228 2.553844 0.203064
v 0.049215 2.554744 0.195610
v 0.049215 2.557186 0.180810
v 0.039261 2.783552 0.219984
v 0.027313 2.781219 0.226483
v 0.027313 2.777072 0.239646
v 0.039261 2.775257 0.246309
v 0.051210 2.777590 0.239809
v 0.051210 2.781738 0.226647
v 0.020407 2.883565 0.275146
v 0.025219 2.873581 0.281339
v 0.037413 2.873581 0.284878
v 0.044794 2.883565 0.282224
v 0.039981 2.893550 0.276031
v 0.027788 2.893550 0.272491
v 0.005234 2.868770 0.320980
v 0.011715 2.859086 0.320173
v 0.022726 2.859086 0.324071
v 0.027256 2.868770 0.328777
v 0.020774 2.878454 0.329584
v 0.009763 2.878454 0.325685
vn -0.4996 0.1082 -0.8595
vn -0.9987 0.0507 0.0052
vn -0.4989 -0.0548 0.8649
vn 0.4998 -0.1029 0.8600
vn 0.9990 -0.0455 -0.0047
vn 0.4992 0.0601 -0.8644
vn -0.4995 0.1326 -0.8561
vn -0.9992 0.0398 0.0055
vn -0.4993 -0.0895 0.8618
vn 0.4997 -0.1261 0.8570
vn 0.9994 -0.0333 -0.0046
vn 0.4996 0.0960 -0.8609
vn -0.4980 0.1821 -0.8478
vn -0.9998 0.0175 0.0041
vn -0.4998 -0.1595 0.8513
vn 0.4979 -0.1729 0.8498
vn 1.0000 -0.0085 -0.0020
vn 0.5000 0.1690 -0.8494
vn -0.9117 0.1247 -0.3916
vn -0.8108 -0.2468 0.5307
vn -0.0384 -0.3655 0.9300
vn 0.9076 -0.1075 0.4059
vn 0.8035 0.3062 -0.5105
vn 0.0049 0.4312 -0.9022
vn -0.7264 -0.5352 -0.4312
vn 0.1008 -0.9440 -0.3143
vn 0.8409 -0.5235 0.1372
vn 0.7285 0.5354 0.4273
vn -0.0788 0.9661 0.2458
vn -0.8429 0.5234 -0.1246
vn -0.0484 -0.9944 -0.0940
vn -0.3195 -0.2890 0.9024
vt 0.008632 7.019405
vt -0.114013 7.019026
vt 0.075143 8.862873
vt 0.188006 8.864105
vt -0.114013 7.012355
vt 0.075143 8.855621
vt 0.008632 7.006064
vt 0.188006 8.849604
vt 0.131276 7.006443
vt 0.300868 8.850836
vt 0.131276 7.013113
vt 0.300868 8.858088
vt 0.185930 10.231321
vt 0.289825 10.234919
vt 0.185930 10.221551
vt 0.289825 10.215378
vt 0.393721 10.218975
vt 0.393721 10.228745
vt 0.218502 11.124877
vt 0.314091 11.134209
vt 0.218502 11.108287
vt 0.314091 11.101028
vt 0.409680 11.110360
vt 0.409680 11.126950
vt 0.201756 11.494325
vt 0.163255 11.534262
vt 0.299302 11.494325
vt 0.358348 11.534262
vt 0.319847 11.574199
vt 0.222300 11.574199
vt 0.093721 11.436343
vt 0.041869 11.475080
vt 0.181809 11.436343
vt 0.218046 11.475080
vt 0.166195 11.513816
vt 0.078106 11.513816
s 0
usemtl StemMat
f 494/490/479 495/491/479 501/492/479 500/493/479
f 495/491/480 496/494/480 502/495/480 501/492/480
f 496/494/481 497/496/481 503/497/481 502/495/481
f 497/496/482 498/498/482 504/499/482 503/497/482
f 498/498/483 499/500/483 505/501/483 504/499/483
f 499/500/484 494/490/484 500/493/484 505/501/484
f 500/493/485 501/492/485 507/502/485 506/503/485
f 501/492/486 502/495/486 508/504/486 507/502/486
f 502/495/487 503/497/487 509/505/487 508/504/487
f 503/497/488 504/499/488 510/506/488 509/505/488
f 504/499/489 505/501/489 511/507/489 510/506/489
f 505/501/490 500/493/490 506/503/490 511/507/490
f 506/503/491 507/502/491 513/508/491 512/509/491
f 507/502/492 508/504/492 514/510/492 513/508/492
f 508/504/493 509/505/493 515/511/493 514/510/493
f 509/505/494 510/506/494 516/512/494 515/511/494
f 510/506/495 511/507/495 517/513/495 516/512/495
f 511/507/496 506/503/496 512/509/496 517/513/496
f 512/509/497 513/508/497 519/514/497 518/515/497
f 513/508/498 514/510/498 520/516/498 519/514/498
f 514/510/499 515/511/499 521/517/499 520/516/499
f 515/511/500 516/512/500 522/518/500 521/517/500
f 516/512/501 517/513/501 523/519/501 522/518/501
f 517/513/502 512/509/502 518/515/502 523/519/502
f 518/515/503 519/514/503 525/520/503 524/521/503
f 519/514/504 520/516/504 526/522/504 525/520/504
f 520/516/505 521/517/505 527/523/505 526/522/505
f 521/517/506 522/518/506 528/524/506 527/523/506
f 522/518/507 523/519/507 529/525/507 528/524/507
f 523/519/508 518/515/508 524/521/508 529/525/508
f 499/500/509 498/498/509 497/496/509 496/494/509 495/491/509 494/490/509
f 524/521/510 525/520/510 526/522/510 527/523/510 528/524/510 529/525/510
o Leaf_006
v -0.456744 2.653653 0.340622
v -0.300331 2.436870 0.554780
v 0.015218 2.410969 0.685475
v 0.305059 2.591123 0.656148
v 0.399407 2.871800 0.483978
v 0.242995 3.088582 0.269821
v -0.072555 3.114483 0.139125
v -0.362396 2.934329 0.168453
v -0.034814 2.775440 0.429658
v -0.438985 2.646754 0.328886
v -0.287264 2.436475 0.536619
v 0.018818 2.411351 0.663394
v 0.299964 2.586101 0.634946
v 0.391482 2.858356 0.467942
v 0.239761 3.068636 0.260208
v -0.066321 3.093760 0.133434
v -0.347467 2.919010 0.161882
v -0.028668 2.762726 0.412300
vn -0.3200 0.5389 0.7792
vn -0.2891 0.5231 0.8018
vn -0.2496 0.5331 0.8084
vn -0.2245 0.5632 0.7952
vn -0.2285 0.5958 0.7700
vn -0.2594 0.6116 0.7474
vn -0.2989 0.6015 0.7408
vn -0.3240 0.5714 0.7540
vn -0.5391 -0.7559 -0.3714
vn -0.0700 -0.9971 -0.0287
vn 0.5318 -0.8438 0.0721
vn 0.9137 -0.3857 -0.1282
vn 0.8520 0.1087 -0.5122
vn 0.3828 0.3499 -0.8550
vn -0.2189 0.1966 -0.9557
vn -0.6008 -0.2614 -0.7554
vn 0.3121 -0.5441 -0.7788
vn 0.2867 -0.5311 -0.7974
vn 0.2540 -0.5394 -0.8028
vn 0.2333 -0.5642 -0.7920
vn 0.2367 -0.5911 -0.7711
vn 0.2621 -0.6041 -0.7525
vn 0.2947 -0.5958 -0.7471
vn 0.3155 -0.5710 -0.7579
vt 0.500000 0.500000
vt 0.961940 0.691342
vt 0.691342 0.961940
vt 0.308658 0.961940
vt 0.038060 0.691342
vt 0.038060 0.308658
vt 0.308658 0.038060
vt 0.691342 0.038060
vt 0.961940 0.308658
vt 0.948082 0.685601
vt 0.685601 0.948082
vt 0.314399 0.948082
vt 0.051918 0.685601
vt 0.051918 0.314399
vt 0.314399 0.051918
vt 0.685601 0.051918
vt 0.948082 0.314399
s 0
usemtl LeafMat
f 538/526/511 530/527/511 531/528/511
f 538/526/512 531/528/512 532/529/512
f 538/526/513 532/529/513 533/530/513
f 538/526/514 533/530/514 534/531/514
f 538/526/515 534/531/515 535/532/515
f 538/526/516 535/532/516 536/533/516
f 538/526/517 536/533/517 537/534/517
f 538/526/518 537/534/518 530/527/518
f 531/528/519 530/527/519 539/535/519 540/536/519
f 532/529/520 531/528/520 540/536/520 541/537/520
f 533/530/521 532/529/521 541/537/521 542/538/521
f 534/531/522 533/530/522 542/538/522 543/539/522
f 535/532/523 534/531/523 543/539/523 544/540/523
f 536/533/524 535/532/524 544/540/524 545/541/524
f 537/534/525 536/533/525 545/541/525 546/542/525
f 530/527/526 537/534/526 546/542/526 539/535/526
f 547/526/527 540/536/527 539/535/527
f 547/526/528 541/537/528 540/536/528
f 547/526/529 542/538/529 541/537/529
f 547/526/530 543/539/530 542/538/530
f 547/526/531 544/540/531 543/539/531
f 547/526/532 545/541/532 544/540/532
f 547/526/533 546/542/533 545/541/533
f 547/526/534 539/535/534 546/542/534
o Stem_007
v 0.070552 1.748120 0.083303
v 0.054570 1.747669 0.092545
v 0.054570 1.745560 0.110892
v 0.070552 1.743903 0.119995
v 0.086533 1.744355 0.110753
v 0.086533 1.746463 0.092407
v 0.086086 2.154730 0.131518
v 0.071388 2.154322 0.140031
v 0.071388 2.152141 0.156880
v 0.086086 2.150368 0.165216
v 0.100783 2.150776 0.156703
v 0.100783 2.152956 0.139854
v 0.103935 2.472283 0.178629
v 0.090433 2.471924 0.186496
v 0.090433 2.469306 0.201906
v 0.103935 2.467048 0.209449
v 0.117437 2.467408 0.201583
v 0.117437 2.470025 0.186173
v 0.124099 2.700908 0.224729
v 0.111735 2.700585 0.232066
v 0.111735 2.697039 0.246002
v 0.124099 2.693815 0.252601
v 0.136462 2.694139 0.245264
v 0.136462 2.697685 0.231328
v 0.135039 2.835638 0.288719
v 0.145543 2.829504 0.293922
v 0.157081 2.829504 0.287449
v 0.158115 2.835638 0.275772
v 0.147612 2.841771 0.270569
v 0.136074 2.841771 0.277042
v 0.160856 2.884492 0.330909
v 0.169853 2.877010 0.334259
v 0.180368 2.877010 0.328129
v 0.181887 2.884492 0.318650
v 0.172890 2.891974 0.315300
v 0.162375 2.891974 0.321430
vn -0.4998 0.1208 -0.8577
vn -0.9992 0.0408 0.0050
vn -0.4992 -0.0770 0.8630
vn 0.5000 -0.1146 0.8584
vn 0.9994 -0.0346 -0.0042
vn 0.4995 0.0832 -0.8623
vn -0.4994 0.1546 -0.8525
vn -0.9982 0.0586 0.0087
vn -0.4986 -0.0924 0.8619
vn 0.4998 -0.1473 0.8535
vn 0.9986 -0.0514 -0.0076
vn 0.4990 0.0996 -0.8609
vn -0.4992 0.2136 -0.8397
vn -0.9958 0.0893 0.0188
vn -0.4957 -0.1199 0.8602
vn 0.5000 -0.2043 0.8416
vn 0.9966 -0.0802 -0.0168
vn 0.4966 0.1290 -0.8583
vn -0.9807 0.1893 -0.0479
vn -0.5687 -0.1476 0.8092
vn 0.3956 -0.3175 0.8618
vn 0.9845 -0.1639 0.0616
vn 0.5720 0.1740 -0.8016
vn -0.3974 0.3490 -0.8487
vn -0.5683 -0.3444 0.7473
vn 0.3528 -0.7031 0.6173
vn 0.9284 -0.3533 -0.1154
vn 0.5752 0.3634 -0.7329
vn -0.3464 0.7160 -0.6062
vn -0.9195 0.3717 0.1283
vn -0.0379 -0.9927 -0.1141
vn 0.3575 0.7044 0.6132
vt 0.564416 6.992480
vt 0.436564 6.990674
vt 0.571107 8.617288
vt 0.688687 8.618918
vt 0.436564 6.982241
vt 0.571107 8.608564
vt 0.564416 6.975613
vt 0.688687 8.601472
vt 0.692268 6.977419
vt 0.806266 8.603103
vt 0.692268 6.985852
vt 0.806266 8.611826
vt 0.723460 9.887695
vt 0.831478 9.889133
vt 0.723460 9.877225
vt 0.831478 9.868193
vt 0.939495 9.869631
vt 0.939495 9.880101
vt 0.893882 10.802341
vt 0.992789 10.803634
vt 0.893882 10.788155
vt 0.992789 10.775262
vt 1.091696 10.776554
vt 1.091696 10.790741
vt 1.164347 11.318017
vt 1.080315 11.342550
vt 1.256651 11.318017
vt 1.264924 11.342550
vt 1.180892 11.367084
vt 1.088588 11.367084
vt 1.358822 11.508040
vt 1.286848 11.537969
vt 1.442944 11.508040
vt 1.455093 11.537969
vt 1.383119 11.567897
vt 1.298997 11.567897
s 0
usemtl StemMat
f 548/543/535 549/544/535 555/545/535 554/546/535
f 549/544/536 550/547/536 556/548/536 555/545/536
f 550/547/537 551/549/537 557/550/537 556/548/537
f 551/549/538 552/551/538 558/552/538 557/550/538
f 552/551/539 553/553/539 559/554/539 558/552/539
f 553/553/540 548/543/540 554/546/540 559/554/540
f 554/546/541 555/545/541 561/555/541 560/556/541
f 555/545/542 556/548/542 562/557/542 561/555/542
f 556/548/543 557/550/543 563/558/543 562/557/543
f 557/550/544 558/552/544 564/559/544 563/558/544
f 558/552/545 559/554/545 565/560/545 564/559/545
f 559/554/546 554/546/546 560/556/546 565/560/546
f 560/556/547 561/555/547 567/561/547 566/562/547
f 561/555/548 562/557/548 568/563/548 567/561/548
f 562/557/549 563/558/549 569/564/549 568/563/549
f 563/558/550 564/559/550 570/565/550 569/564/550
f 564/559/551 565/560/551 571/566/551 570/565/551
f 565/560/552 560/556/552 566/562/552 571/566/552
f 566/562/553 567/561/553 573/567/553 572/568/553
f 567/561/554 568/563/554 574/569/554 573/567/554
f 568/563/555 569/564/555 575/570/555 574/569/555
f 569/564/556 570/565/556 576/571/556 575/570/556
f 570/565/557 571/566/557 577/572/557 576/571/557
f 571/566/558 566/562/558 572/568/558 577/572/558
f 572/568/559 573/567/559 579/573/559 578/574/559
f 573/567/560 574/569/560 580/575/560 579/573/560
f 574/569/561 575/570/561 581/576/561 580/575/561
f 575/570/562 576/571/562 582/577/562 581/576/562
f 576/571/563 577/572/563 583/578/563 582/577/563
f 577/572/564 572/568/564 578/574/564 583/578/564
f 553/553/565 552/551/565 551/549/565 550/547/565 549/544/565 548/543/565
f 578/574/566 579/573/566 580/575/566 581/576/566 582/577/566 583/578/566
o Leaf_007
v -0.064213 2.787601 0.782299
v 0.253346 2.686053 0.871136
v 0.560082 2.678267 0.713339
v 0.676313 2.768803 0.401344
v 0.533953 2.904627 0.117913
v 0.216394 3.006174 0.029076
v -0.090342 3.013960 0.186873
v -0.206573 2.923424 0.498869
v 0.239346 2.866828 0.457784
v -0.058821 2.772784 0.766191
v 0.249211 2.674284 0.852362
v 0.546745 2.666731 0.699299
v 0.659489 2.754551 0.396664
v 0.521400 2.886300 0.121736
v 0.213368 2.984801 0.035565
v -0.084166 2.992353 0.188628
v -0.196911 2.904533 0.491263
v 0.234870 2.846114 0.450106
vn 0.1801 0.9035 0.3890
vn 0.2206 0.8964 0.3845
vn 0.2480 0.9017 0.3541
vn 0.2463 0.9164 0.3154
vn 0.2165 0.9318 0.2913
vn 0.1760 0.9389 0.2958
vn 0.1485 0.9335 0.3262
vn 0.1502 0.9189 0.3649
vn -0.3900 -0.7391 0.5492
vn 0.2260 -0.8470 0.4812
vn 0.6434 -0.7653 0.0176
vn 0.6176 -0.5419 -0.5699
vn 0.1638 -0.3077 -0.9373
vn -0.4522 -0.1998 -0.8692
vn -0.8696 -0.2815 -0.4056
vn -0.8438 -0.5049 0.1819
vn -0.1834 -0.9064 -0.3806
vn -0.2168 -0.9005 -0.3769
vn -0.2394 -0.9049 -0.3518
vn -0.2380 -0.9171 -0.3199
vn -0.2134 -0.9298 -0.3000
vn -0.1800 -0.9356 -0.3037
vn -0.1573 -0.9312 -0.3288
vn -0.1587 -0.9191 -0.3607
vt 0.500000 0.500000
vt 0.961940 0.691342
vt 0.691342 0.961940
vt 0.308658 0.961940
vt 0.038060 0.691342
vt 0.038060 0.308658
vt 0.308658 0.038060
vt 0.691342 0.038060
vt 0.961940 0.308658
vt 0.948082 0.685601
vt 0.685601 0.948082
vt 0.314399 0.948082
vt 0.051918 0.685601
vt 0.051918 0.314399
vt 0.314399 0.051918
vt 0.685601 0.051918
vt 0.948082 0.314399
s 0
usemtl LeafMat
f 592/579/567 584/580/567 585/581/567
f 592/579/568 585/581/568 586/582/568
f 592/579/569 586/582/569 587/583/569
f 592/579/570 587/583/570 588/584/570
f 592/579/571 588/584/571 589/585/571
f 592/579/572 589/585/572 590/586/572
f 592/579/573 590/586/573 591/587/573
f 592/579/574 591/587/574 584/580/574
f 585/581/575 584/580/575 593/588/575 594/589/575
f 586/582/576 585/581/576 594/589/576 595/590/576
f 587/583/577 586/582/577 595/590/577 596/591/577
f 588/584/578 587/583/578 596/591/578 597/592/578
f 589/585/579 588/584/579 597/592/579 598/593/579
f 590/586/580 589/585/580 598/593/580 599/594/580
f 591/587/581 590/586/581 599/594/581 600/595/581
f 584/580/582 591/587/582 600/595/582 593/588/582
f 601/579/583 594/589/583 593/588/583
f 601/579/584 595/590/584 594/589/584
f 601/579/585 596/591/585 595/590/585
f 601/579/586 597/592/586 596/591/586
f 601/579/587 598/593/587 597/592/587
f 601/579/588 599/594/588 598/593/588
f 601/579/589 600/595/589 599/594/589
f 601/579/590 593/588/590 600/595/590
o Stem_008
v 0.110726 1.768878 0.094717
v 0.123414 1.758844 0.094973
v 0.133976 1.758844 0.082719
v 0.131850 1.768878 0.070208
v 0.119162 1.778913 0.069951
v 0.108600 1.778913 0.082206
v 0.269002 1.971496 0.229425
v 0.279788 1.961250 0.228955
v 0.289568 1.961250 0.217735
v 0.288563 1.971496 0.206987
v 0.277778 1.981743 0.207457
v 0.267997 1.981743 0.218677
v 0.425743 2.093692 0.365773
v 0.433456 2.082614 0.363471
v 0.442558 2.082614 0.353241
v 0.443948 2.093692 0.345313
v 0.436236 2.104770 0.347615
v 0.427133 2.104770 0.357845
v 0.581010 2.135465 0.503801
v 0.585302 2.124556 0.499190
v 0.593770 2.124556 0.489863
v 0.597945 2.135465 0.485146
v 0.593652 2.146375 0.489757
v 0.585185 2.146375 0.499084
v 0.734802 2.096816 0.643500
v 0.736201 2.087394 0.636897
v 0.744076 2.087394 0.628394
v 0.750553 2.096816 0.626494
v 0.749153 2.106238 0.633097
v 0.741278 2.106238 0.641600
v 0.887157 1.977745 0.784897
v 0.887452 1.969732 0.777869
v 0.894740 1.969732 0.770086
v 0.901734 1.977745 0.769331
v 0.901439 1.985758 0.776359
v 0.894151 1.985758 0.784142
vn -0.2989 -0.3553 0.8857
vn 0.5297 -0.7132 0.4590
vn 0.8323 -0.3575 -0.4237
vn 0.3035 0.3606 -0.8820
vn -0.5252 0.7191 -0.4551
vn -0.8280 0.3627 0.4277
vn -0.3758 -0.4325 0.8196
vn 0.3833 -0.8597 0.3375
vn 0.7651 -0.4320 -0.4774
vn 0.3815 0.4369 -0.8146
vn -0.3774 0.8644 -0.3323
vn -0.7595 0.4363 0.4825
vn -0.4987 -0.4958 0.7110
vn 0.1500 -0.9795 0.1348
vn 0.6541 -0.4947 -0.5723
vn 0.5052 0.4975 -0.7051
vn -0.1432 0.9813 -0.1287
vn -0.6475 0.4964 0.5782
vn -0.6481 -0.4988 0.5755
vn -0.1319 -0.9839 -0.1209
vn 0.5181 -0.4978 -0.6956
vn 0.6539 0.4974 -0.5700
vn 0.1375 0.9825 0.1260
vn -0.5121 0.4964 0.7009
vn -0.7712 -0.4369 0.4630
vn -0.3619 -0.8692 -0.3370
vn 0.4100 -0.4385 -0.7998
vn 0.7753 0.4341 -0.4589
vn 0.3655 0.8664 0.3403
vn -0.4056 0.4357 0.8035
vn -0.5425 -0.6979 -0.4676
vn 0.6334 -0.4970 0.5931
vt 0.885809 7.075514
vt 0.987311 7.035378
vt 2.238301 7.845002
vt 2.152019 7.885986
vt 1.071808 7.035378
vt 2.316544 7.845002
vt 1.054802 7.075514
vt 2.308505 7.885986
vt 0.953300 7.115650
vt 2.222222 7.926970
vt 0.868803 7.115650
vt 2.143979 7.926970
vt 3.467646 8.330457
vt 3.405947 8.374768
vt 3.540464 8.330457
vt 3.551584 8.374768
vt 3.489886 8.419080
vt 3.417068 8.419080
vt 4.682415 8.498222
vt 4.648077 8.541861
vt 4.750156 8.498222
vt 4.783558 8.541861
vt 4.749219 8.585499
vt 4.681479 8.585499
vt 5.889606 8.349577
vt 5.878413 8.387264
vt 5.952610 8.349577
vt 6.004420 8.387264
vt 5.993227 8.424952
vt 5.930223 8.424952
vt 7.099615 7.878926
vt 7.097259 7.910979
vt 7.157919 7.878926
vt 7.213869 7.910979
vt 7.211513 7.943031
vt 7.153209 7.943031
s 0
usemtl StemMat
f 602/596/591 603/597/591 609/598/591 608/599/591
f 603/597/592 604/600/592 610/601/592 609/598/592
f 604/600/593 605/602/593 611/603/593 610/601/593
f 605/602/594 606/604/594 612/605/594 611/603/594
f 606/604/595 607/606/595 613/607/595 612/605/595
f 607/606/596 602/596/596 608/599/596 613/607/596
f 608/599/597 609/598/597 615/608/597 614/609/597
f 609/598/598 610/601/598 616/610/598 615/608/598
f 610/601/599 611/603/599 617/611/599 616/610/599
f 611/603/600 612/605/600 618/612/600 617/611/600
f 612/605/601 613/607/601 619/613/601 618/612/601
f 613/607/602 608/599/602 614/609/602 619/613/602
f 614/609/603 615/608/603 621/614/603 620/615/603
f 615/608/604 616/610/604 622/616/604 621/614/604
f 616/610/605 617/611/605 623/617/605 622/616/605
f 617/611/606 618/612/606 624/618/606 623/617/606
f 618/612/607 619/613/607 625/619/607 624/618/607
f 619/613/608 614/609/608 620/615/608 625/619/608
f 620/615/609 621/614/609 627/620/609 626/621/609
f 621/614/610 622/616/610 628/622/610 627/620/610
f 622/616/611 623/617/611 629/623/611 628/622/611
f 623/617/612 624/618/612 630/624/612 629/623/612
f 624/618/613 625/619/613 631/625/613 630/624/613
f 625/619/614 620/615/614 626/621/614 631/625/614
f 626/621/615 627/620/615 633/626/615 632/627/615
f 627/620/616 628/622/616 634/628/616 633/626/616
f 628/622/617 629/623/617 635/629/617 634/628/617
f 629/623/618 630/624/618 636/630/618 635/629/618
f 630/624/619 631/625/619 637/631/619 636/630/619
f 631/625/620 626/621/620 632/627/620 637/631/620
f 607/606/621 606/604/621 605/602/621 604/600/621 603/597/621 602/596/621
f 632/627/622 633/626/622 634/628/622 635/629/622 636/630/622 637/631/622
o Leaf_008
v 0.708480 1.606188 1.036593
v 0.902192 1.432890 0.845225
v 1.114512 1.502389 0.612270
v 1.221067 1.773974 0.474191
v 1.159439 2.088553 0.511872
v 0.965728 2.261851 0.703240
v 0.753407 2.192351 0.936195
v 0.646852 1.920767 1.074274
v 0.949322 1.848657 0.788618
v 0.702955 1.612394 1.017214
v 0.890855 1.444295 0.831586
v 1.096805 1.511709 0.605620
v 1.200164 1.775146 0.471683
v 1.140384 2.080288 0.508234
v 0.952484 2.248387 0.693862
v 0.746534 2.180973 0.919828
v 0.643175 1.917536 1.053765
v 0.933960 1.847370 0.774233
vn 0.7097 0.0155 0.7044
vn 0.7378 0.0083 0.6749
vn 0.7599 0.0319 0.6492
vn 0.7631 0.0726 0.6422
vn 0.7454 0.1064 0.6581
vn 0.7172 0.1136 0.6876
vn 0.6951 0.0899 0.7133
vn 0.6920 0.0493 0.7202
vn -0.6863 -0.7264 -0.0369
vn -0.2580 -0.8359 -0.4845
vn 0.0784 -0.4761 -0.8759
vn 0.1257 0.1422 -0.9818
vn -0.1436 0.6569 -0.7402
vn -0.5719 0.7664 -0.2926
vn -0.9083 0.4066 0.0988
vn -0.9557 -0.2117 0.2047
vn -0.7131 -0.0234 -0.7006
vn -0.7364 -0.0175 -0.6764
vn -0.7546 -0.0370 -0.6551
vn -0.7572 -0.0706 -0.6494
vn -0.7426 -0.0985 -0.6625
vn -0.7193 -0.1044 -0.6868
vn -0.7011 -0.0849 -0.7080
vn -0.6985 -0.0514 -0.7137
vt 0.500000 0.500000
vt 0.961940 0.691342
vt 0.691342 0.961940
vt 0.308658 0.961940
vt 0.038060 0.691342
vt 0.038060 0.308658
vt 0.308658 0.038060
vt 0.691342 0.038060
vt 0.961940 0.308658
vt 0.948082 0.685601
vt 0.685601 0.948082
vt 0.314399 0.948082
vt 0.051918 0.685601
vt 0.051918 0.314399
vt 0.314399 0.051918
vt 0.685601 0.051918
vt 0.948082 0.314399
s 0
usemtl LeafMat
f 646/632/623 638/633/623 639/634/623
f 646/632/624 639/634/624 640/635/624
f 646/632/625 640/635/625 641/636/625
f 646/632/626 641/636/626 642/637/626
f 646/632/627 642/637/627 643/638/627
f 646/632/628 643/638/628 644/639/628
f 646/632/629 644/639/629 645/640/629
f 646/632/630 645/640/630 638/633/630
f 639/634/631 638/633/631 647/641/631 648/642/631
f 640/635/632 639/634/632 648/642/632 649/643/632
f 641/636/633 640/635/633 649/643/633 650/644/633
f 642/637/634 641/636/634 650/644/634 651/645/634
f 643/638/635 642/637/635 651/645/635 652/646/635
f 644/639/636 643/638/636 652/646/636 653/647/636
f 645/640/637 644/639/637 653/647/637 654/648/637
f 638/633/638 645/640/638 654/648/638 647/641/638
f 655/632/639 648/642/639 647/641/639
f 655/632/640 649/643/640 648/642/640
f 655/632/641 650/644/641 649/643/641
f 655/632/642 651/645/642 650/644/642
f 655/632/643 652/646/643 651/645/643
f 655/632/644 653/647/644 652/646/644
f 655/632/645 654/648/645 653/647/645
f 655/632/646 647/641/646 654/648/646
o Stem_009
v 0.017540 1.670775 0.097895
v 0.026714 1.659304 0.105860
v 0.043342 1.659304 0.104232
v 0.050797 1.670775 0.094639
v 0.041623 1.682245 0.086674
v 0.024995 1.682245 0.088303
v 0.044948 1.876305 0.364056
v 0.053284 1.864435 0.369144
v 0.068550 1.864435 0.367352
v 0.075481 1.876305 0.360472
v 0.067145 1.888175 0.355383
v 0.051879 1.888175 0.357175
v 0.081539 1.954128 0.628811
v 0.088621 1.941896 0.628349
v 0.102602 1.941896 0.626228
v 0.109502 1.954128 0.624569
v 0.102421 1.966359 0.625031
v 0.088439 1.966359 0.627152
v 0.127296 1.904244 0.891928
v 0.132915 1.893806 0.886565
v 0.145705 1.893806 0.884183
v 0.152877 1.904244 0.887165
v 0.147259 1.914681 0.892528
v 0.134468 1.914681 0.894910
v 0.182228 1.726652 1.153430
v 0.186588 1.718856 1.145462
v 0.198273 1.718856 1.142866
v 0.205597 1.726652 1.148237
v 0.201237 1.734448 1.156204
v 0.189553 1.734448 1.158801
v 0.246298 1.421353 1.413149
v 0.249955 1.415072 1.404877
v 0.260655 1.415072 1.402277
v 0.267699 1.421353 1.407950
v 0.264043 1.427635 1.416223
v 0.253342 1.427635 1.418822
vn -0.8273 -0.3999 0.3946
vn 0.0654 -0.7902 0.6094
vn 0.8922 -0.3936 0.2214
vn 0.8281 0.4039 -0.3887
vn -0.0646 0.7952 -0.6029
vn -0.8919 0.3977 -0.2153
vn -0.8355 -0.4849 0.2584
vn 0.0377 -0.9588 0.2817
vn 0.8717 -0.4890 0.0317
vn 0.8366 0.4870 -0.2510
vn -0.0366 0.9611 -0.2736
vn -0.8708 0.4911 -0.0242
vn -0.8649 -0.4988 0.0557
vn -0.0300 -0.9835 -0.1782
vn 0.8323 -0.5030 -0.2329
vn 0.8660 0.4977 -0.0488
vn 0.0310 0.9824 0.1844
vn -0.8310 0.5019 0.2397
vn -0.9014 -0.4219 -0.0977
vn -0.1101 -0.8338 -0.5411
vn 0.7887 -0.4226 -0.4464
vn 0.9022 0.4190 0.1023
vn 0.1109 0.8311 0.5449
vn -0.7877 0.4198 0.4508
vn -0.9271 -0.3359 -0.1665
vn -0.1699 -0.6600 -0.7318
vn 0.7564 -0.3279 -0.5661
vn 0.9276 0.3330 0.1693
vn 0.1704 0.6573 0.7341
vn -0.7556 0.3250 0.5687
vn -0.0773 -0.6096 -0.7889
vn 0.1555 -0.7524 0.6401
vt 0.140320 6.683098
vt 0.213710 6.637218
vt 0.426270 7.457739
vt 0.359585 7.505219
vt 0.346736 6.637218
vt 0.548402 7.457739
vt 0.406373 6.683098
vt 0.603847 7.505219
vt 0.332983 6.728979
vt 0.537161 7.552699
vt 0.199956 6.728979
vt 0.415030 7.552699
vt 0.708965 7.767582
vt 0.652312 7.816510
vt 0.820817 7.767582
vt 0.876017 7.816510
vt 0.819365 7.865438
vt 0.707512 7.865438
vt 1.063317 7.575225
vt 1.018371 7.616974
vt 1.165640 7.575225
vt 1.223016 7.616974
vt 1.178070 7.658723
vt 1.075747 7.658723
vt 1.492707 6.875425
vt 1.457827 6.906608
vt 1.586182 6.875425
vt 1.644776 6.906608
vt 1.609896 6.937791
vt 1.516421 6.937791
vt 1.999636 5.660287
vt 1.970383 5.685413
vt 2.085242 5.660287
vt 2.141594 5.685413
vt 2.112341 5.710540
vt 2.026735 5.710540
s 0
usemtl StemMat
f 656/649/647 657/650/647 663/651/647 662/652/647
f 657/650/648 658/653/648 664/654/648 663/651/648
f 658/653/649 659/655/649 665/656/649 664/654/649
f 659/655/650 660/657/650 666/658/650 665/656/650
f 660/657/651 661/659/651 667/660/651 666/658/651
f 661/659/652 656/649/652 662/652/652 667/660/652
f 662/652/653 663/651/653 669/661/653 668/662/653
f 663/651/654 664/654/654 670/663/654 669/661/654
f 664/654/655 665/656/655 671/664/655 670/663/655
f 665/656/656 666/658/656 672/665/656 671/664/656
f 666/658/657 667/660/657 673/666/657 672/665/657
f 667/660/658 662/652/658 668/662/658 673/666/658
f 668/662/659 669/661/659 675/667/659 674/668/659
f 669/661/660 670/663/660 676/669/660 675/667/660
f 670/663/661 671/664/661 677/670/661 676/669/661
f 671/664/662 672/665/662 678/671/662 677/670/662
f 672/665/663 673/666/663 679/672/663 678/671/663
f 673/666/664 668/662/664 674/668/664 679/672/664
f 674/668/665 675/667/665 681/673/665 680/674/665
f 675/667/666 676/669/666 682/675/666 681/673/666
f 676/669/667 677/670/667 683/676/667 682/675/667
f 677/670/668 678/671/668 684/677/668 683/676/668
f 678/671/669 679/672/669 685/678/669 684/677/669
f 679/672/670 674/668/670 680/674/670 685/678/670
f 680/674/671 681/673/671 687/679/671 686/680/671
f 681/673/672 682/675/672 688/681/672 687/679/672
f 682/675/673 683/676/673 689/682/673 688/681/673
f 683/676/674 684/677/674 690/683/674 689/682/674
f 684/677/675 685/678/675 691/684/675 690/683/675
f 685/678/676 680/674/676 686/680/676 691/684/676
f 661/659/677 660/657/677 659/655/677 658/653/677 657/650/677 656/649/677
f 686/680/678 687/679/678 688/681/678 689/682/678 690/683/678 691/684/678
o Leaf_009
v 0.926797 1.635036 1.431624
v 0.748112 1.962590 1.706546
v 0.326177 2.055175 1.874476
v -0.091844 1.858557 1.837042
v -0.261081 1.487912 1.616174
v -0.082396 1.160359 1.341251
v 0.339539 1.067773 1.173322
v 0.757561 1.264391 1.210755
v 0.338749 1.544332 1.548151
v 0.904266 1.646543 1.414990
v 0.730942 1.964270 1.681665
v 0.321665 2.054077 1.844557
v -0.083816 1.863358 1.808246
v -0.247975 1.503832 1.594003
v -0.074651 1.186106 1.327329
v 0.334626 1.096298 1.164437
v 0.740107 1.287017 1.200748
v 0.332858 1.561474 1.523899
vn 0.2430 -0.5424 0.8042
vn 0.2140 -0.5221 0.8256
vn 0.1734 -0.5271 0.8319
vn 0.1451 -0.5545 0.8194
vn 0.1455 -0.5883 0.7955
vn 0.1745 -0.6086 0.7741
vn 0.2151 -0.6035 0.7678
vn 0.2435 -0.5761 0.7803
vn 0.6305 0.6712 -0.3898
vn 0.1893 0.9798 -0.0645
vn -0.4277 0.9034 0.0314
vn -0.8591 0.4867 -0.1584
vn -0.8522 -0.0263 -0.5226
vn -0.4110 -0.3349 -0.8479
vn 0.2061 -0.2585 -0.9438
vn 0.6375 0.1583 -0.7540
vn -0.2346 0.5467 -0.8038
vn -0.2107 0.5299 -0.8215
vn -0.1772 0.5341 -0.8267
vn -0.1538 0.5567 -0.8164
vn -0.1542 0.5845 -0.7966
vn -0.1781 0.6013 -0.7790
vn -0.2116 0.5971 -0.7738
vn -0.2350 0.5745 -0.7841
vt 0.500000 0.500000
vt 0.961940 0.691342
vt 0.691342 0.961940
vt 0.308658 0.961940
vt 0.038060 0.691342
vt 0.038060 0.308658
vt 0.308658 0.038060
vt 0.691342 0.038060
vt 0.961940 0.308658
vt 0.948082 0.685601
vt 0.685601 0.948082
vt 0.314399 0.948082
vt 0.051918 0.685601
vt 0.051918 0.314399
vt 0.314399 0.051918
vt 0.685601 0.051918
vt 0.948082 0.314399
s 0
usemtl LeafMat
f 700/685/679 692/686/679 693/687/679
f 700/685/680 693/687/680 694/688/680
f 700/685/681 694/688/681 695/689/681
f 700/685/682 695/689/682 696/690/682
f 700/685/683 696/690/683 697/691/683
f 700/685/684 697/691/684 698/692/684
f 700/685/685 698/692/685 699/693/685
f 700/685/686 699/693/686 692/686/686
f 693/687/687 692/686/687 701/694/687 702/695/687
f 694/688/688 693/687/688 702/695/688 703/696/688
f 695/689/689 694/688/689 703/696/689 704/697/689
f 696/690/690 695/689/690 704/697/690 705/698/690
f 697/691/691 696/690/691 705/698/691 706/699/691
f 698/692/692 697/691/692 706/699/692 707/700/692
f 699/693/693 698/692/693 707/700/693 708/701/693
f 692/686/694 699/693/694 708/701/694 701/694/694
f 709/685/695 702/695/695 701/694/695
f 709/685/696 703/696/696 702/695/696
f 709/685/697 704/697/697 703/696/697
f 709/685/698 705/698/698 704/697/698
f 709/685/699 706/699/699 705/698/699
f 709/685/700 707/700/700 706/699/700
f 709/685/701 708/701/701 707/700/701
f 709/685/702 701/694/702 708/701/702
o Stem_010
v -0.112027 1.681809 0.054257
v -0.119326 1.672532 0.068784
v -0.110487 1.672532 0.085284
v -0.094350 1.681809 0.087257
v -0.087051 1.691086 0.072730
v -0.095890 1.691086 0.056230
v -0.266087 1.932705 0.138489
v -0.271507 1.922833 0.151516
v -0.262948 1.922833 0.166459
v -0.248969 1.932705 0.168375
v -0.243549 1.942578 0.155347
v -0.252108 1.942578 0.140404
v -0.415501 2.089686 0.230077
v -0.417165 2.077920 0.240554
v -0.408612 2.077920 0.253890
v -0.398396 2.089686 0.256749
v -0.396732 2.101453 0.246271
v -0.405285 2.101453 0.232935
v -0.559900 2.152752 0.328824
v -0.556560 2.140176 0.335392
v -0.548110 2.140176 0.347268
v -0.543000 2.152752 0.352577
v -0.546339 2.165329 0.346009
v -0.554789 2.165329 0.334132
v -0.699315 2.121903 0.434749
v -0.691640 2.111194 0.437247
v -0.683357 2.111194 0.447792
v -0.682748 2.121903 0.455840
v -0.690423 2.132612 0.453342
v -0.698706 2.132612 0.442797
v -0.833579 1.997139 0.547707
v -0.824868 1.988438 0.548489
v -0.816983 1.988438 0.557977
v -0.817809 1.997139 0.566684
v -0.826520 2.005840 0.565902
v -0.834405 2.005840 0.556414
vn -0.7772 -0.2886 -0.5593
vn -0.7199 -0.5685 0.3983
vn 0.0530 -0.2781 0.9591
vn 0.7727 0.2954 0.5619
vn 0.7153 0.5760 -0.3958
vn -0.0577 0.2851 -0.9568
vn -0.7377 -0.3711 -0.5640
vn -0.5761 -0.7394 0.3486
vn 0.1521 -0.3721 0.9157
vn 0.7310 0.3779 0.5682
vn 0.5687 0.7471 -0.3442
vn -0.1591 0.3790 -0.9116
vn -0.6294 -0.4744 -0.6155
vn -0.2877 -0.9378 0.1941
vn 0.3295 -0.4802 0.8129
vn 0.6199 0.4783 0.6221
vn 0.2770 0.9425 -0.1868
vn -0.3394 0.4843 -0.8064
vn -0.4504 -0.5008 -0.7392
vn 0.1356 -0.9856 -0.1012
vn 0.5816 -0.5075 0.6358
vn 0.4415 0.4991 0.7456
vn -0.1433 0.9839 0.1070
vn -0.5901 0.5058 -0.6292
vn -0.3248 -0.4176 -0.8486
vn 0.4497 -0.8161 -0.3629
vn 0.7741 -0.4086 0.4834
vn 0.3191 0.4134 0.8528
vn -0.4535 0.8126 0.3660
vn -0.7790 0.4047 -0.4789
vn 0.5045 -0.8201 -0.2702
vn -0.6264 -0.5803 0.5205
vt -0.896216 6.727237
vt -0.954608 6.690129
vt -2.172058 7.691330
vt -2.128699 7.730821
vt -0.883900 6.690129
vt -2.103584 7.691330
vt -0.754800 6.727237
vt -1.991752 7.730821
vt -0.696409 6.764344
vt -1.948393 7.770312
vt -0.767117 6.764344
vt -2.016867 7.770312
vt -3.337321 8.311679
vt -3.324011 8.358746
vt -3.268899 8.311679
vt -3.187166 8.358746
vt -3.173856 8.405812
vt -3.242278 8.405812
vt -4.452479 8.560705
vt -4.479197 8.611010
vt -4.384879 8.560705
vt -4.343997 8.611010
vt -4.370716 8.661314
vt -4.438315 8.661314
vt -5.533122 8.444777
vt -5.594518 8.487612
vt -5.466856 8.444777
vt -5.461986 8.487612
vt -5.523381 8.530447
vt -5.589647 8.530447
vt -6.598941 7.953751
vt -6.668628 7.988554
vt -6.535864 7.953751
vt -6.542474 7.988554
vt -6.612162 8.023358
vt -6.675238 8.023358
s 0
usemtl StemMat
f 710/702/703 711/703/703 717/704/703 716/705/703
f 711/703/704 712/706/704 718/707/704 717/704/704
f 712/706/705 713/708/705 719/709/705 718/707/705
f 713/708/706 714/710/706 720/711/706 719/709/706
f 714/710/707 715/712/707 721/713/707 720/711/707
f 715/712/708 710/702/708 716/705/708 721/713/708
f 716/705/709 717/704/709 723/714/709 722/715/709
f 717/704/710 718/707/710 724/716/710 723/714/710
f 718/707/711 719/709/711 725/717/711 724/716/711
f 719/709/712 720/711/712 726/718/712 725/717/712
f 720/711/713 721/713/713 727/719/713 726/718/713
f 721/713/714 716/705/714 722/715/714 727/719/714
f 722/715/715 723/714/715 729/720/715 728/721/715
f 723/714/716 724/716/716 730/722/716 729/720/716
f 724/716/717 725/717/717 731/723/717 730/722/717
f 725/717/718 726/718/718 732/724/718 731/723/718
f 726/718/719 727/719/719 733/725/719 732/724/719
f 727/719/720 722/715/720 728/721/720 733/725/720
f 728/721/721 729/720/721 735/726/721 734/727/721
f 729/720/722 730/722/722 736/728/722 735/726/722
f 730/722/723 731/723/723 737/729/723 736/728/723
f 731/723/724 732/724/724 738/730/724 737/729/724
f 732/724/725 733/725/725 739/731/725 738/730/725
f 733/725/726 728/721/726 734/727/726 739/731/726
f 734/727/727 735/726/727 741/732/727 740/733/727
f 735/726/728 736/728/728 742/734/728 741/732/728
f 736/728/729 737/729/729 743/735/729 742/734/729
f 737/729/730 738/730/730 744/736/730 743/735/730
f 738/730/731 739/731/731 745/737/731 744/736/731
f 739/731/732 734/727/732 740/733/732 745/737/732
f 715/712/733 714/710/733 713/708/733 712/706/733 711/703/733 710/702/733
f 740/733/734 741/732/734 742/734/734 743/735/734 744/736/734 745/737/734
o Leaf_010
v -0.437155 2.251220 1.080415
v -0.592200 2.653431 0.917261
v -0.879184 2.779148 0.579225
v -1.129994 2.554728 0.264325
v -1.197710 2.111633 0.157024
v -1.042665 1.709422 0.320178
v -0.755681 1.583704 0.658214
v -0.504871 1.808124 0.973114
v -0.840575 2.180306 0.637950
v -0.430050 2.250022 1.051180
v -0.580444 2.640167 0.892920
v -0.858818 2.762113 0.565026
v -1.102104 2.544425 0.259572
v -1.167789 2.114623 0.155491
v -1.017394 1.724478 0.313750
v -0.739020 1.602532 0.641645
v -0.495734 1.820219 0.947098
v -0.817433 2.181426 0.618719
vn -0.7381 -0.0108 0.6747
vn -0.7595 0.0148 0.6503
vn -0.7856 0.0100 0.6186
vn -0.8011 -0.0224 0.5981
vn -0.7969 -0.0635 0.6008
vn -0.7754 -0.0891 0.6252
vn -0.7493 -0.0843 0.6569
vn -0.7338 -0.0519 0.6774
vn 0.8850 0.4214 0.1978
vn 0.5585 0.8114 -0.1724
vn 0.1612 0.7385 -0.6547
vn -0.0741 0.2454 -0.9666
vn -0.0095 -0.3790 -0.9253
vn 0.3170 -0.7690 -0.5551
vn 0.7142 -0.6961 -0.0728
vn 0.9495 -0.2030 0.2391
vn 0.7436 0.0155 -0.6685
vn 0.7613 -0.0057 -0.6484
vn 0.7828 -0.0017 -0.6223
vn 0.7956 0.0250 -0.6053
vn 0.7921 0.0589 -0.6076
vn 0.7744 0.0800 -0.6277
vn 0.7528 0.0761 -0.6538
vn 0.7401 0.0493 -0.6707
vt 0.500000 0.500000
vt 0.961940 0.691342
vt 0.691342 0.961940
vt 0.308658 0.961940
vt 0.038060 0.691342
vt 0.038060 0.308658
vt 0.308658 0.038060
vt 0.691342 0.038060
vt 0.961940 0.308658
vt 0.948082 0.685601
vt 0.685601 0.948082
vt 0.314399 0.948082
vt 0.051918 0.685601
vt 0.051918 0.314399
vt 0.314399 0.051918
vt 0.685601 0.051918
vt 0.948082 0.314399
s 0
usemtl LeafMat
f 754/738/735 746/739/735 747/740/735
f 754/738/736 747/740/736 748/741/736
f 754/738/737 748/741/737 749/742/737
f 754/738/738 749/742/738 750/743/738
f 754/738/739 750/743/739 751/744/739
f 754/738/740 751/744/740 752/745/740
f 754/738/741 752/745/741 753/746/741
f 754/738/742 753/746/742 746/739/742
f 747/740/743 746/739/743 755/747/743 756/748/743
f 748/741/744 747/740/744 756/748/744 757/749/744
f 749/742/745 748/741/745 757/749/745 758/750/745
f 750/743/746 749/742/746 758/750/746 759/751/746
f 751/744/747 750/743/747 759/751/747 760/752/747
f 752/745/748 751/744/748 760/752/748 761/753/748
f 753/746/749 752/745/749 761/753/749 762/754/749
f 746/739/750 753/746/750 762/754/750 755/747/750
f 763/738/751 756/748/751 755/747/751
f 763/738/752 757/749/752 756/748/752
f 763/738/753 758/750/753 757/749/753
f 763/738/754 759/751/754 758/750/754
f 763/738/755 760/752/755 759/751/755
f 763/738/756 761/753/756 760/752/756
f 763/738/757 762/754/757 761/753/757
f 763/738/758 755/747/758 762/754/758
o Stem_011
v 0.091079 1.746812 0.097393
v 0.079613 1.746924 0.104183
v 0.079613 1.744566 0.117299
v 0.091079 1.742095 0.123625
v 0.102545 1.741982 0.116834
v 0.102545 1.744341 0.103719
v 0.109600 1.906074 0.127117
v 0.099080 1.906309 0.133409
v 0.099080 1.903958 0.145442
v 0.109600 1.901372 0.151182
v 0.120120 1.901137 0.144890
v 0.120120 1.903488 0.132858
v 0.130184 2.033103 0.154940
v 0.120597 2.033623 0.160859
v 0.120597 2.031020 0.171834
v 0.130184 2.027896 0.176889
v 0.139771 2.027375 0.170970
v 0.139771 2.029979 0.159995
v 0.145502 2.124780 0.198151
v 0.154974 2.121106 0.200268
v 0.162301 2.121106 0.192920
v 0.160156 2.124780 0.183455
v 0.150685 2.128454 0.181338
v 0.143358 2.128454 0.188686
v 0.171387 2.186567 0.221118
v 0.179378 2.181367 0.221607
v 0.185528 2.181367 0.214304
v 0.183687 2.186567 0.206513
v 0.175696 2.191768 0.206024
v 0.169546 2.191768 0.213326
v 0.198864 2.215860 0.241845
v 0.205475 2.210089 0.241469
v 0.210917 2.210089 0.234576
v 0.209749 2.215860 0.228058
v 0.203138 2.221630 0.228434
v 0.197696 2.221630 0.235327
vn -0.4969 0.2148 -0.8408
vn -0.9929 0.1173 0.0220
vn -0.4953 -0.0920 0.8639
vn 0.4983 -0.2037 0.8428
vn 0.9941 -0.1062 -0.0199
vn 0.4967 0.1030 -0.8618
vn -0.4938 0.2619 -0.8292
vn -0.9866 0.1596 0.0344
vn -0.4919 -0.0961 0.8653
vn 0.4958 -0.2494 0.8318
vn 0.9886 -0.1471 -0.0317
vn 0.4940 0.1086 -0.8626
vn -0.9693 0.2331 0.0775
vn -0.4692 -0.0980 0.8776
vn 0.5013 -0.3116 0.8072
vn 0.9784 -0.1967 -0.0631
vn 0.4777 0.1352 -0.8681
vn -0.4966 0.3498 -0.7944
vn -0.2586 -0.2337 0.9373
vn 0.6501 -0.4689 0.5980
vn 0.9154 -0.2305 -0.3300
vn 0.2667 0.2516 -0.9304
vn -0.6418 0.4895 -0.5904
vn -0.9076 0.2492 0.3378
vn -0.2799 -0.3633 0.8886
vn 0.5118 -0.7506 0.4179
vn 0.8024 -0.3800 -0.4601
vn 0.2949 0.3835 -0.8752
vn -0.4980 0.7659 -0.4067
vn -0.7865 0.3991 0.4714
vn -0.1137 -0.9778 -0.1758
vn 0.5954 0.6515 0.4701
vt 0.728631 6.987247
vt 0.636903 6.987697
vt 0.792644 7.625237
vt 0.876803 7.624297
vt 0.636903 6.978262
vt 0.792644 7.615833
vt 0.728631 6.968379
vt 0.876803 7.605490
vt 0.820359 6.967930
vt 0.960962 7.604550
vt 0.820359 6.977364
vt 0.960962 7.613954
vt 0.964776 8.134493
vt 1.041471 8.132410
vt 0.964776 8.124080
vt 1.041471 8.111584
vt 1.118167 8.109501
vt 1.118167 8.119914
vt 1.239789 8.484426
vt 1.164020 8.499122
vt 1.298405 8.484426
vt 1.281251 8.499122
vt 1.205482 8.513818
vt 1.146866 8.513818
vt 1.435027 8.725467
vt 1.371099 8.746269
vt 1.484224 8.725467
vt 1.469493 8.746269
vt 1.405565 8.767072
vt 1.356368 8.767072
vt 1.643798 8.840357
vt 1.590911 8.863439
vt 1.687340 8.840357
vt 1.677995 8.863439
vt 1.625108 8.886520
vt 1.581566 8.886520
s 0
usemtl StemMat
f 764/755/759 765/756/759 771/757/759 770/758/759
f 765/756/760 766/759/760 772/760/760 771/757/760
f 766/759/761 767/761/761 773/762/761 772/760/761
f 767/761/762 768/763/762 774/764/762 773/762/762
f 768/763/763 769/765/763 775/766/763 774/764/763
f 769/765/764 764/755/764 770/758/764 775/766/764
f 770/758/765 771/757/765 777/767/765 776/768/765
f 771/757/766 772/760/766 778/769/766 777/767/766
f 772/760/767 773/762/767 779/770/767 778/769/767
f 773/762/768 774/764/768 780/771/768 779/770/768
f 774/764/769 775/766/769 781/772/769 780/771/769
f 775/766/770 770/758/770 776/768/770 781/772/770
f 776/768/771 777/767/771 783/773/771 782/774/771
f 777/767/772 778/769/772 784/775/772 783/773/772
f 778/769/773 779/770/773 785/776/773 784/775/773
f 779/770/774 780/771/774 786/777/774 785/776/774
f 780/771/775 781/772/775 787/778/775 786/777/775
f 781/772/776 776/768/776 782/774/776 787/778/776
f 782/774/777 783/773/777 789/779/777 788/780/777
f 783/773/778 784/775/778 790/781/778 789/779/778
f 784/775/779 785/776/779 791/782/779 790/781/779
f 785/776/780 786/777/780 792/783/780 791/782/780
f 786/777/781 787/778/781 793/784/781 792/783/781
f 787/778/782 782/774/782 788/780/782 793/784/782
f 788/780/783 789/779/783 795/785/783 794/786/783
f 789/779/784 790/781/784 796/787/784 795/785/784
f 790/781/785 791/782/785 797/788/785 796/787/785
f 791/782/786 792/783/786 798/789/786 797/788/786
f 792/783/787 793/784/787 799/790/787 798/789/787
f 793/784/788 788/780/788 794/786/788 799/790/788
f 769/765/789 768/763/789 767/761/789 766/759/789 765/756/789 764/755/789
f 794/786/790 795/785/790 796/787/790 797/788/790 798/789/790 799/790/790
o Leaf_011
v 0.252469 2.145442 0.432534
v 0.376565 2.115549 0.370843
v 0.431286 2.134371 0.241418
v 0.384576 2.190884 0.120076
v 0.263799 2.251983 0.077897
v 0.139703 2.281877 0.139589
v 0.084982 2.263054 0.269013
v 0.131691 2.206541 0.390355
v 0.261412 2.206979 0.257804
v 0.250016 2.140427 0.425144
v 0.370390 2.111430 0.365303
v 0.423469 2.129688 0.239762
v 0.378161 2.184506 0.122060
v 0.261007 2.243771 0.081146
v 0.140634 2.272768 0.140987
v 0.087554 2.254510 0.266529
v 0.132862 2.199693 0.384231
v 0.258134 2.198713 0.255216
vn 0.3712 0.8697 0.3253
vn 0.3995 0.8680 0.2951
vn 0.4007 0.8798 0.2555
vn 0.3743 0.8984 0.2297
vn 0.3356 0.9128 0.2328
vn 0.3074 0.9145 0.2630
vn 0.3061 0.9026 0.3026
vn 0.3326 0.8841 0.3284
vn 0.0692 -0.8360 0.5444
vn 0.4987 -0.8626 0.0854
vn 0.5179 -0.6817 -0.5168
vn 0.1157 -0.3992 -0.9095
vn -0.4724 -0.1807 -0.8627
vn -0.9018 -0.1541 -0.4037
vn -0.9211 -0.3350 0.1985
vn -0.5188 -0.6175 0.5912
vn -0.3683 -0.8739 -0.3173
vn -0.3916 -0.8724 -0.2924
vn -0.3926 -0.8823 -0.2598
vn -0.3708 -0.8976 -0.2385
vn -0.3389 -0.9094 -0.2410
vn -0.3156 -0.9109 -0.2659
vn -0.3145 -0.9011 -0.2986
vn -0.3364 -0.8857 -0.3199
vt 0.500000 0.500000
vt 0.961940 0.691342
vt 0.691342 0.961940
vt 0.308658 0.961940
vt 0.038060 0.691342
vt 0.038060 0.308658
vt 0.308658 0.038060
vt 0.691342 0.038060
vt 0.961940 0.308658
vt 0.948082 0.685601
vt 0.685601 0.948082
vt 0.314399 0.948082
vt 0.051918 0.685601
vt 0.051918 0.314399
vt 0.314399 0.051918
vt 0.685601 0.051918
vt 0.948082 0.314399
s 0
usemtl LeafMat
f 808/791/791 800/792/791 801/793/791
f 808/791/792 801/793/792 802/794/792
f 808/791/793 802/794/793 803/795/793
f 808/791/794 803/795/794 804/796/794
f 808/791/795 804/796/795 805/797/795
f 808/791/796 805/797/796 806/798/796
f 808/791/797 806/798/797 807/799/797
f 808/791/798 807/799/798 800/792/798
f 801/793/799 800/792/799 809/800/799 810/801/799
f 802/794/800 801/793/800 810/801/800 811/802/800
f 803/795/801 802/794/801 811/802/801 812/803/801
f 804/796/802 803/795/802 812/803/802 813/804/802
f 805/797/803 804/796/803 813/804/803 814/805/803
f 806/798/804 805/797/804 814/805/804 815/806/804
f 807/799/805 806/798/805 815/806/805 816/807/805
f 800/792/806 807/799/806 816/807/806 809/800/806
f 817/791/807 810/801/807 809/800/807
f 817/791/808 811/802/808 810/801/808
f 817/791/809 812/803/809 811/802/809
f 817/791/810 813/804/810 812/803/810
f 817/791/811 814/805/811 813/804/811
f 817/791/812 815/806/812 814/805/812
f 817/791/813 816/807/813 815/806/813
f 817/791/814 809/800/814 816/807/814
o Stem_012
v -0.006792 1.725013 0.108357
v 0.003521 1.714990 0.121487
v 0.022976 1.714990 0.120648
v 0.032118 1.725013 0.106678
v 0.021806 1.735035 0.093547
v 0.002351 1.735035 0.094387
v 0.004858 2.041637 0.342085
v 0.014327 2.031278 0.353220
v 0.032224 2.031278 0.352413
v 0.040652 2.041637 0.340471
v 0.031183 2.051995 0.329336
v 0.013286 2.051995 0.330143
v 0.017198 2.257481 0.575798
v 0.025821 2.245709 0.583461
v 0.042283 2.245709 0.582661
v 0.050123 2.257481 0.574198
v 0.041500 2.269253 0.566535
v 0.025037 2.269253 0.567335
v 0.030237 2.372545 0.809464
v 0.037983 2.359852 0.812430
v 0.053126 2.359852 0.811642
v 0.060522 2.372545 0.807890
v 0.052776 2.385239 0.804925
v 0.037633 2.385239 0.805712
v 0.043984 2.386830 1.043086
v 0.050851 2.374878 1.040939
v 0.064780 2.374878 1.040169
v 0.071842 2.386830 1.041545
v 0.064975 2.398782 1.043692
v 0.051046 2.398782 1.044462
v 0.058446 2.300335 1.276645
v 0.064633 2.289909 1.272431
v 0.077447 2.289909 1.271699
v 0.084073 2.300335 1.275181
v 0.077886 2.310760 1.279395
v 0.065073 2.310760 1.280127
vn -0.8468 -0.2953 0.4423
vn 0.0355 -0.5914 0.8056
vn 0.8825 -0.2945 0.3667
vn 0.8472 0.3007 -0.4380
vn -0.0353 0.5972 -0.8013
vn -0.8824 0.3000 -0.3624
vn -0.8475 -0.3668 0.3837
vn 0.0318 -0.7322 0.6804
vn 0.8795 -0.3669 0.3032
vn 0.8478 0.3721 -0.3779
vn -0.0315 0.7378 -0.6743
vn -0.8792 0.3722 -0.2973
vn -0.8504 -0.4516 0.2701
vn 0.0224 -0.8952 0.4451
vn 0.8729 -0.4519 0.1838
vn 0.8508 0.4555 -0.2620
vn -0.0219 0.8994 -0.4365
vn -0.8726 0.4557 -0.1757
vn -0.8585 -0.5063 0.0816
vn 0.0035 -0.9979 0.0654
vn 0.8620 -0.5068 -0.0107
vn 0.8589 0.5069 -0.0726
vn -0.0030 0.9984 -0.0565
vn -0.8615 0.5073 0.0196
vn -0.8720 -0.4741 -0.1218
vn -0.0193 -0.9390 -0.3435
vn 0.8527 -0.4738 -0.2203
vn 0.8721 0.4721 0.1288
vn 0.0196 0.9370 0.3488
vn -0.8519 0.4718 0.2272
vn -0.0256 -0.8042 -0.5938
vn 0.0535 -0.3467 0.9364
vt -0.054332 6.900051
vt 0.028167 6.859961
vt 0.114614 8.125113
vt 0.038863 8.166547
vt 0.183806 6.859961
vt 0.257789 8.125113
vt 0.256945 6.900051
vt 0.325214 8.166547
vt 0.174446 6.940141
vt 0.249463 8.207981
vt 0.018808 6.940141
vt 0.106287 8.207981
vt 0.206565 8.982837
vt 0.137581 9.029924
vt 0.338265 8.982837
vt 0.400981 9.029924
vt 0.331998 9.077012
vt 0.200298 9.077012
vt 0.303861 9.439406
vt 0.241892 9.490182
vt 0.425004 9.439406
vt 0.484179 9.490182
vt 0.422210 9.540957
vt 0.301067 9.540957
vt 0.406806 9.499514
vt 0.351870 9.547320
vt 0.518237 9.499514
vt 0.574733 9.547320
vt 0.519797 9.595127
vt 0.408365 9.595127
vt 0.517066 9.159637
vt 0.467572 9.201339
vt 0.619573 9.159637
vt 0.672585 9.201339
vt 0.623091 9.243040
vt 0.520584 9.243040
s 0
usemtl StemMat
f 818/808/815 819/809/815 825/810/815 824/811/815
f 819/809/816 820/812/816 826/813/816 825/810/816
f 820/812/817 821/814/817 827/815/817 826/813/817
f 821/814/818 822/816/818 828/817/818 827/815/818
f 822/816/819 823/818/819 829/819/819 828/817/819
f 823/818/820 818/808/820 824/811/820 829/819/820
f 824/811/821 825/810/821 831/820/821 830/821/821
f 825/810/822 826/813/822 832/822/822 831/820/822
f 826/813/823 827/815/823 833/823/823 832/822/823
f 827/815/824 828/817/824 834/824/824 833/823/824
f 828/817/825 829/819/825 835/825/825 834/824/825
f 829/819/826 824/811/826 830/821/826 835/825/826
f 830/821/827 831/820/827 837/826/827 836/827/827
f 831/820/828 832/822/828 838/828/828 837/826/828
f 832/822/829 833/823/829 839/829/829 838/828/829
f 833/823/830 834/824/830 840/830/830 839/829/830
f 834/824/831 835/825/831 841/831/831 840/830/831
f 835/825/832 830/821/832 836/827/832 841/831/832
f 836/827/833 837/826/833 843/832/833 842/833/833
f 837/826/834 838/828/834 844/834/834 843/832/834
f 838/828/835 839/829/835 845/835/835 844/834/835
f 839/829/836 840/830/836 846/836/836 845/835/836
f 840/830/837 841/831/837 847/837/837 846/836/837
f 841/831/838 836/827/838 842/833/838 847/837/838
f 842/833/839 843/832/839 849/838/839 848/839/839
f 843/832/840 844/834/840 850/840/840 849/838/840
f 844/834/841 845/835/841 851/841/841 850/840/841
f 845/835/842 846/836/842 852/842/842 851/841/842
f 846/836/843 847/837/843 853/843/843 852/842/843
f 847/837/844 842/833/844 848/839/844 853/843/844
f 823/818/845 822/816/845 821/814/845 820/812/845 819/809/845 818/808/845
f 848/839/846 849/838/846 850/840/846 851/841/846 852/842/846 853/843/846
o Leaf_012
v -0.226868 2.172992 1.334262
v -0.111058 1.992374 1.366849
v 0.100328 1.943276 1.365428
v 0.283463 2.054459 1.330832
v 0.331068 2.260792 1.283325
v 0.215258 2.441410 1.250737
v 0.003871 2.490508 1.252158
v -0.179263 2.379326 1.286755
v 0.052890 2.219895 1.322627
v -0.219132 2.171907 1.322431
v -0.106795 1.996708 1.354041
v 0.098249 1.949083 1.352663
v 0.275890 2.056930 1.319104
v 0.322067 2.257073 1.273022
v 0.209731 2.432272 1.241413
v 0.004686 2.479897 1.242791
v -0.172955 2.372051 1.276350
v 0.052100 2.216892 1.308793
vn 0.0101 0.1838 0.9829
vn 0.0438 0.1601 0.9861
vn 0.0845 0.1665 0.9824
vn 0.1083 0.1993 0.9739
vn 0.1013 0.2392 0.9657
vn 0.0675 0.2629 0.9625
vn 0.0268 0.2565 0.9662
vn 0.0030 0.2237 0.9747
vn -0.7254 -0.5417 -0.4247
vn -0.2121 -0.9021 -0.3758
vn 0.4069 -0.8047 -0.4323
vn 0.7689 -0.3066 -0.5611
vn 0.6619 0.3005 -0.6868
vn 0.1486 0.6609 -0.7356
vn -0.4704 0.5635 -0.6791
vn -0.8324 0.0653 -0.5503
vn -0.0181 -0.1887 -0.9819
vn -0.0459 -0.1692 -0.9845
vn -0.0795 -0.1745 -0.9814
vn -0.0991 -0.2015 -0.9745
vn -0.0933 -0.2344 -0.9676
vn -0.0655 -0.2540 -0.9650
vn -0.0319 -0.2487 -0.9681
vn -0.0123 -0.2217 -0.9750
vt 0.500000 0.500000
vt 0.961940 0.691342
vt 0.691342 0.961940
vt 0.308658 0.961940
vt 0.038060 0.691342
vt 0.038060 0.308658
vt 0.308658 0.038060
vt 0.691342 0.038060
vt 0.961940 0.308658
vt 0.948082 0.685601
vt 0.685601 0.948082
vt 0.314399 0.948082
vt 0.051918 0.685601
vt 0.051918 0.314399
vt 0.314399 0.051918
vt 0.685601 0.051918
vt 0.948082 0.314399
s 0
usemtl LeafMat
f 862/844/847 854/845/847 855/846/847
f 862/844/848 855/846/848 856/847/848
f 862/844/849 856/847/849 857/848/849
f 862/844/850 857/848/850 858/849/850
f 862/844/851 858/849/851 859/850/851
f 862/844/852 859/850/852 860/851/852
f 862/844/853 860/851/853 861/852/853
f 862/844/854 861/852/854 854/845/854
f 855/846/855 854/845/855 863/853/855 864/854/855
f 856/847/856 855/846/856 864/854/856 865/855/856
f 857/848/857 856/847/857 865/855/857 866/856/857
f 858/849/858 857/848/858 866/856/858 867/857/858
f 859/850/859 858/849/859 867/857/859 868/858/859
f 860/851/860 859/850/860 868/858/860 869/859/860
f 861/852/861 860/851/861 869/859/861 870/860/861
f 854/845/862 861/852/862 870/860/862 863/853/862
f 871/844/863 864/854/863 863/853/863
f 871/844/864 865/855/864 864/854/864
f 871/844/865 866/856/865 865/855/865
f 871/844/866 867/857/866 866/856/866
f 871/844/867 868/858/867 867/857/867
f 871/844/868 869/859/868 868/858/868
f 871/844/869 870/860/869 869/859/869
f 871/844/870 863/853/870 870/860/870
o Stem_014
v 0.116842 1.709262 0.056074
v 0.127268 1.698186 0.049818
v 0.130573 1.698186 0.033706
v 0.123452 1.709262 0.023850
v 0.113026 1.720338 0.030106
v 0.109721 1.720338 0.046218
v 0.390969 1.935548 0.110961
v 0.398488 1.923901 0.104895
v 0.401804 1.923901 0.090131
v 0.397601 1.935548 0.081433
v 0.390082 1.947195 0.087499
v 0.386767 1.947195 0.102263
v 0.662436 2.013539 0.174976
v 0.664327 2.001484 0.168275
v 0.667809 2.001484 0.154796
v 0.669401 2.013539 0.148018
v 0.667510 2.025594 0.154719
v 0.664028 2.025594 0.168198
v 0.931450 1.943234 0.248154
v 0.928567 1.933273 0.240638
v 0.932164 1.933273 0.228346
v 0.938644 1.943234 0.223570
v 0.941527 1.953196 0.231086
v 0.937930 1.953196 0.243378
v 1.197988 1.724634 0.330484
v 1.192932 1.717463 0.322619
v 1.196615 1.717463 0.311426
v 1.205353 1.724634 0.308099
v 1.210409 1.731804 0.315964
v 1.206726 1.731804 0.327157
v 1.462206 1.357738 0.422017
v 1.456953 1.352044 0.414435
v 1.460536 1.352044 0.404203
v 1.469372 1.357738 0.401555
v 1.474626 1.363431 0.409138
v 1.471043 1.363431 0.419369
vn 0.1366 -0.3867 0.9120
vn 0.6178 -0.7751 0.1325
vn 0.4884 -0.3928 -0.7792
vn -0.1311 0.3906 -0.9112
vn -0.6118 0.7800 -0.1312
vn -0.4832 0.3966 0.7806
vn -0.0632 -0.4926 0.8680
vn 0.2653 -0.9620 0.0639
vn 0.3376 -0.4883 -0.8047
vn 0.0702 0.4945 -0.8663
vn -0.2577 0.9642 -0.0620
vn -0.3307 0.4902 0.8065
vn -0.3463 -0.4978 0.7951
vn -0.2328 -0.9704 -0.0639
vn 0.1127 -0.4938 -0.8622
vn 0.3523 0.4964 -0.7934
vn 0.2380 0.9691 0.0654
vn -0.1066 0.4924 0.8638
vn -0.5533 -0.3998 0.7308
vn -0.5870 -0.7888 -0.1820
vn -0.0378 -0.3996 -0.9159
vn 0.5569 0.3970 -0.7296
vn 0.5901 0.7863 0.1829
vn 0.0416 0.3968 0.9170
vn -0.6578 -0.3017 0.6902
vn -0.7521 -0.6077 -0.2551
vn -0.0953 -0.3093 -0.9462
vn 0.6598 0.2991 -0.6893
vn 0.7539 0.6052 0.2557
vn 0.0975 0.3067 0.9468
vn -0.7617 -0.6288 -0.1563
vn 0.5724 -0.7951 0.2005
vt 0.934736 6.837049
vt 1.018145 6.792744
vt 3.187905 7.695606
vt 3.127755 7.742194
vt 1.044587 6.792744
vt 3.214431 7.695606
vt 0.987619 6.837049
vt 3.180807 7.742194
vt 0.904209 6.881354
vt 3.120658 7.788782
vt 0.877768 6.881354
vt 3.094132 7.788782
vt 5.314612 8.005935
vt 5.299490 8.054156
vt 5.342470 8.005935
vt 5.355205 8.054156
vt 5.340082 8.102378
vt 5.312225 8.102378
vt 7.428533 7.733091
vt 7.451599 7.772937
vt 7.457309 7.733091
vt 7.509151 7.772937
vt 7.532218 7.812783
vt 7.503441 7.812783
vt 9.543458 6.869853
vt 9.583902 6.898535
vt 9.572921 6.869853
vt 9.642826 6.898535
vt 9.683270 6.927217
vt 9.653808 6.927217
vt 11.655622 5.408176
vt 11.697651 5.430950
vt 11.684286 5.408176
vt 11.754978 5.430950
vt 11.797007 5.453724
vt 11.768343 5.453724
s 0
usemtl StemMat
f 872/861/871 873/862/871 879/863/871 878/864/871
f 873/862/872 874/865/872 880/866/872 879/863/872
f 874/865/873 875/867/873 881/868/873 880/866/873
f 875/867/874 876/869/874 882/870/874 881/868/874
f 876/869/875 877/871/875 883/872/875 882/870/875
f 877/871/876 872/861/876 878/864/876 883/872/876
f 878/864/877 879/863/877 885/873/877 884/874/877
f 879/863/878 880/866/878 886/875/878 885/873/878
f 880/866/879 881/868/879 887/876/879 886/875/879
f 881/868/880 882/870/880 888/877/880 887/876/880
f 882/870/881 883/872/881 889/878/881 888/877/881
f 883/872/882 878/864/882 884/874/882 889/878/882
f 884/874/883 885/873/883 891/879/883 890/880/883
f 885/873/884 886/875/884 892/881/884 891/879/884
f 886/875/885 887/876/885 893/882/885 892/881/885
f 887/876/886 888/877/886 894/883/886 893/882/886
f 888/877/887 889/878/887 895/884/887 894/883/887
f 889/878/888 884/874/888 890/880/888 895/884/888
f 890/880/889 891/879/889 897/885/889 896/886/889
f 891/879/890 892/881/890 898/887/890 897/885/890
f 892/881/891 893/882/891 899/888/891 898/887/891
f 893/882/892 894/883/892 900/889/892 899/888/892
f 894/883/893 895/884/893 901/890/893 900/889/893
f 895/884/894 890/880/894 896/886/894 901/890/894
f 896/886/895 897/885/895 903/891/895 902/892/895
f 897/885/896 898/887/896 904/893/896 903/891/896
f 898/887/897 899/888/897 905/894/897 904/893/897
f 899/888/898 900/889/898 906/895/898 905/894/898
f 900/889/899 901/890/899 907/896/899 906/895/899
f 901/890/900 896/886/900 902/892/900 907/896/900
f 877/871/901 876/869/901 875/867/901 874/865/901 873/862/901 872/861/901
f 902/892/902 903/891/902 904/893/902 905/894/902 906/895/902 907/896/902
o Leaf_014
v 1.849730 1.539719 -0.134195
v 2.012447 1.847127 0.160472
v 1.940082 1.941623 0.600517
v 1.675026 1.767852 0.928167
v 1.372544 1.427607 0.951490
v 1.209827 1.120198 0.656822
v 1.282192 1.025702 0.216777
v 1.547248 1.199474 -0.110873
v 1.632909 1.464829 0.416272
v 1.825154 1.553104 -0.124010
v 1.982990 1.851290 0.161818
v 1.912796 1.942951 0.588662
v 1.655691 1.774393 0.906482
v 1.362284 1.444355 0.929105
v 1.204448 1.146169 0.643277
v 1.274642 1.054508 0.216433
v 1.531747 1.223066 -0.101388
v 1.611137 1.483663 0.408647
vn 0.7615 -0.6109 0.2168
vn 0.7659 -0.5911 0.2529
vn 0.7493 -0.5950 0.2906
vn 0.7215 -0.6203 0.3078
vn 0.6986 -0.6521 0.2945
vn 0.6942 -0.6718 0.2584
vn 0.7107 -0.6679 0.2207
vn 0.7386 -0.6427 0.2035
vn 0.0615 0.6735 -0.7366
vn 0.1290 0.9737 -0.1879
vn -0.1230 0.9145 0.3855
vn -0.5469 0.5306 0.6476
vn -0.8943 0.0469 0.4450
vn -0.9618 -0.2533 -0.1038
vn -0.7098 -0.1941 -0.6771
vn -0.2859 0.1898 -0.9393
vn -0.7563 0.6148 -0.2237
vn -0.7600 0.5985 -0.2535
vn -0.7463 0.6017 -0.2846
vn -0.7233 0.6225 -0.2988
vn -0.7044 0.6488 -0.2878
vn -0.7008 0.6651 -0.2581
vn -0.7145 0.6618 -0.2270
vn -0.7375 0.6410 -0.2127
vt 0.500000 0.500000
vt 0.961940 0.691342
vt 0.691342 0.961940
vt 0.308658 0.961940
vt 0.038060 0.691342
vt 0.038060 0.308658
vt 0.308658 0.038060
vt 0.691342 0.038060
vt 0.961940 0.308658
vt 0.948082 0.685601
vt 0.685601 0.948082
vt 0.314399 0.948082
vt 0.051918 0.685601
vt 0.051918 0.314399
vt 0.314399 0.051918
vt 0.685601 0.051918
vt 0.948082 0.314399
s 0
usemtl LeafMat
f 916/897/903 908/898/903 909/899/903
f 916/897/904 909/899/904 910/900/904
f 916/897/905 910/900/905 911/901/905
f 916/897/906 911/901/906 912/902/906
f 916/897/907 912/902/907 913/903/907
f 916/897/908 913/903/908 914/904/908
f 916/897/909 914/904/909 915/905/909
f 916/897/910 915/905/910 908/898/910
f 909/899/911 908/898/911 917/906/911 918/907/911
f 910/900/912 909/899/912 918/907/912 919/908/912
f 911/901/913 910/900/913 919/908/913 920/909/913
f 912/902/914 911/901/914 920/909/914 921/910/914
f 913/903/915 912/902/915 921/910/915 922/911/915
f 914/904/916 913/903/916 922/911/916 923/912/916
f 915/905/917 914/904/917 923/912/917 924/913/917
f 908/898/918 915/905/918 924/913/918 917/906/918
f 925/897/919 918/907/919 917/906/919
f 925/897/920 919/908/920 918/907/920
f 925/897/921 920/909/921 919/908/921
f 925/897/922 921/910/922 920/909/922
f 925/897/923 922/911/923 921/910/923
f 925/897/924 923/912/924 922/911/924
f 925/897/925 924/913/925 923/912/925
f 925/897/926 917/906/926 924/913/926
o Stem_015
v -0.089331 1.667077 0.017619
v -0.093270 1.652499 0.027532
v -0.089986 1.652499 0.045295
v -0.082764 1.667077 0.053145
v -0.078825 1.681656 0.043232
v -0.082109 1.681656 0.025469
v -0.371399 1.778786 0.071234
v -0.372622 1.764680 0.079936
v -0.369460 1.764680 0.096251
v -0.365075 1.778786 0.103865
v -0.363851 1.792892 0.095164
v -0.367013 1.792892 0.078849
v -0.652550 1.786934 0.129437
v -0.649084 1.773835 0.136520
v -0.645932 1.773835 0.151481
v -0.646246 1.786934 0.159360
v -0.649712 1.800033 0.152277
v -0.652864 1.800033 0.137316
v -0.932655 1.691522 0.192213
v -0.925780 1.680627 0.197860
v -0.922656 1.680627 0.211575
v -0.926407 1.691522 0.219643
v -0.933283 1.702417 0.213996
v -0.936407 1.702417 0.200281
v -1.211719 1.492549 0.259570
v -1.203089 1.484044 0.264116
v -1.200007 1.484044 0.276685
v -1.205553 1.492549 0.284707
v -1.214182 1.501055 0.280161
v -1.217265 1.501055 0.267593
v -1.489654 1.190016 0.331494
v -1.480935 1.182920 0.335414
v -1.477993 1.182920 0.346951
v -1.483772 1.190016 0.354567
v -1.492491 1.197112 0.350647
v -1.495432 1.197112 0.339110
vn -0.3406 -0.4679 -0.8155
vn -0.3608 -0.9301 0.0682
vn -0.0258 -0.4663 0.8843
vn 0.3328 0.4705 0.8173
vn 0.3521 0.9336 -0.0666
vn 0.0177 0.4689 -0.8831
vn -0.1891 -0.5044 -0.8425
vn -0.0318 -0.9995 0.0064
vn 0.1528 -0.5062 0.8488
vn 0.1812 0.5046 0.8441
vn 0.0240 0.9997 -0.0048
vn -0.1607 0.5065 -0.8472
vn -0.0331 -0.4795 -0.8769
vn 0.3053 -0.9499 -0.0668
vn 0.3377 -0.4806 0.8093
vn 0.0266 0.4774 0.8783
vn -0.3113 0.9479 0.0681
vn -0.3441 0.4786 -0.8078
vn 0.0771 -0.4147 -0.9067
vn 0.5526 -0.8232 -0.1305
vn 0.4762 -0.4148 0.7753
vn -0.0816 0.4117 0.9077
vn -0.5568 0.8202 0.1315
vn -0.4806 0.4118 -0.7742
vn 0.1393 -0.3482 -0.9270
vn 0.7025 -0.6897 -0.1756
vn 0.5630 -0.3444 0.7513
vn -0.1423 0.3452 0.9277
vn -0.7052 0.6867 0.1762
vn -0.5659 0.3414 -0.7504
vn 0.9164 -0.3627 -0.1694
vn -0.6669 -0.7255 0.1700
vt -0.714650 6.668309
vt -0.746157 6.609995
vt -2.980979 7.058719
vt -2.971192 7.115143
vt -0.719886 6.609995
vt -2.955682 7.058719
vt -0.662108 6.668309
vt -2.920596 7.115143
vt -0.630601 6.726623
vt -2.910809 7.171568
vt -0.656871 6.726623
vt -2.936106 7.171568
vt -5.192673 7.095338
vt -5.220399 7.147736
vt -5.167457 7.095338
vt -5.169968 7.147736
vt -5.197695 7.200134
vt -5.222910 7.200134
vt -7.406237 6.722508
vt -7.461242 6.766088
vt -7.381244 6.722508
vt -7.411256 6.766088
vt -7.466261 6.809667
vt -7.491253 6.809667
vt -9.624716 5.936175
vt -9.693749 5.970197
vt -9.600054 5.936175
vt -9.644425 5.970197
vt -9.713459 6.004219
vt -9.738121 6.004219
vt -11.847476 4.731681
vt -11.917231 4.760065
vt -11.823947 4.731681
vt -11.870173 4.760065
vt -11.939927 4.788448
vt -11.963456 4.788448
s 0
usemtl StemMat
f 926/914/927 927/915/927 933/916/927 932/917/927
f 927/915/928 928/918/928 934/919/928 933/916/928
f 928/918/929 929/920/929 935/921/929 934/919/929
f 929/920/930 930/922/930 936/923/930 935/921/930
f 930/922/931 931/924/931 937/925/931 936/923/931
f 931/924/932 926/914/932 932/917/932 937/925/932
f 932/917/933 933/916/933 939/926/933 938/927/933
f 933/916/934 934/919/934 940/928/934 939/926/934
f 934/919/935 935/921/935 941/929/935 940/928/935
f 935/921/936 936/923/936 942/930/936 941/929/936
f 936/923/937 937/925/937 943/931/937 942/930/937
f 937/925/938 932/917/938 938/927/938 943/931/938
f 938/927/939 939/926/939 945/932/939 944/933/939
f 939/926/940 940/928/940 946/934/940 945/932/940
f 940/928/941 941/929/941 947/935/941 946/934/941
f 941/929/942 942/930/942 948/936/942 947/935/942
f 942/930/943 943/931/943 949/937/943 948/936/943
f 943/931/944 938/927/944 944/933/944 949/937/944
f 944/933/945 945/932/945 951/938/945 950/939/945
f 945/932/946 946/934/946 952/940/946 951/938/946
f 946/934/947 947/935/947 953/941/947 952/940/947
f 947/935/948 948/936/948 954/942/948 953/941/948
f 948/936/949 949/937/949 955/943/949 954/942/949
f 949/937/950 944/933/950 950/939/950 955/943/950
f 950/939/951 951/938/951 957/944/951 956/945/951
f 951/938/952 952/940/952 958/946/952 957/944/952
f 952/940/953 953/941/953 959/947/953 958/946/953
f 953/941/954 954/942/954 960/948/954 959/947/954
f 954/942/955 955/943/955 961/949/955 960/948/955
f 955/943/956 950/939/956 956/945/956 961/949/956
f 931/924/957 930/922/957 929/920/957 928/918/957 927/915/957 926/914/957
f 956/945/958 957/944/958 958/946/958 959/947/958 960/948/958 961/949/958
o Leaf_015
v -1.617113 1.492437 0.674571
v -1.762287 1.625352 0.437793
v -1.796638 1.559777 0.138920
v -1.700044 1.334126 -0.046974
v -1.529088 1.080581 -0.010994
v -1.383914 0.947666 0.225783
v -1.349563 1.013240 0.524657
v -1.446157 1.238892 0.710551
v -1.589679 1.275930 0.336015
v -1.602530 1.494722 0.660906
v -1.743349 1.623649 0.431232
v -1.776670 1.560042 0.141325
v -1.682973 1.341160 -0.038993
v -1.517146 1.095221 -0.004092
v -1.376327 0.966294 0.225582
v -1.343006 1.029901 0.515490
v -1.436702 1.248783 0.695807
v -1.573101 1.286509 0.331788
vn -0.8399 -0.4855 0.2424
vn -0.8530 -0.4806 0.2035
vn -0.8485 -0.5018 0.1682
vn -0.8290 -0.5366 0.1574
vn -0.8060 -0.5647 0.1772
vn -0.7930 -0.5696 0.2161
vn -0.7975 -0.5485 0.2514
vn -0.8170 -0.5136 0.2623
vn 0.2115 0.9019 0.3766
vn 0.0130 0.9764 -0.2157
vn 0.0819 0.6543 -0.7518
vn 0.3777 0.1245 -0.9175
vn 0.7273 -0.3029 -0.6159
vn 0.9258 -0.3773 -0.0236
vn 0.8570 -0.0553 0.5124
vn 0.5611 0.4746 0.6782
vn 0.8374 0.4927 -0.2368
vn 0.8481 0.4887 -0.2047
vn 0.8444 0.5061 -0.1756
vn 0.8283 0.5349 -0.1666
vn 0.8094 0.5581 -0.1830
vn 0.7986 0.5621 -0.2151
vn 0.8023 0.5446 -0.2442
vn 0.8184 0.5159 -0.2532
vt 0.500000 0.500000
vt 0.961940 0.691342
vt 0.691342 0.961940
vt 0.308658 0.961940
vt 0.038060 0.691342
vt 0.038060 0.308658
vt 0.308658 0.038060
vt 0.691342 0.038060
vt 0.961940 0.308658
vt 0.948082 0.685601
vt 0.685601 0.948082
vt 0.314399 0.948082
vt 0.051918 0.685601
vt 0.051918 0.314399
vt 0.314399 0.051918
vt 0.685601 0.051918
vt 0.948082 0.314399
s 0
usemtl LeafMat
f 970/950/959 962/951/959 963/952/959
f 970/950/960 963/952/960 964/953/960
f 970/950/961 964/953/961 965/954/961
f 970/950/962 965/954/962 966/955/962
f 970/950/963 966/955/963 967/956/963
f 970/950/964 967/956/964 968/957/964
f 970/950/965 968/957/965 969/958/965
f 970/950/966 969/958/966 962/951/966
f 963/952/967 962/951/967 971/959/967 972/960/967
f 964/953/968 963/952/968 972/960/968 973/961/968
f 965/954/969 964/953/969 973/961/969 974/962/969
f 966/955/970 965/954/970 974/962/970 975/963/970
f 967/956/971 966/955/971 975/963/971 976/964/971
f 968/957/972 967/956/972 976/964/972 977/965/972
f 969/958/973 968/957/973 977/965/973 978/966/973
f 962/951/974 969/958/974 978/966/974 971/959/974
f 979/950/975 972/960/975 971/959/975
f 979/950/976 973/961/976 972/960/976
f 979/950/977 974/962/977 973/961/977
f 979/950/978 975/963/978 974/962/978
f 979/950/979 976/964/979 975/963/979
f 979/950/980 977/965/980 976/964/980
f 979/950/981 978/966/981 977/965/981
f 979/950/982 971/959/982 978/966/982
o Stem_016
v 0.115306 1.684345 -0.018950
v 0.120720 1.673801 -0.033462
v 0.110701 1.673801 -0.049296
v 0.095269 1.684345 -0.050618
v 0.089855 1.694890 -0.036106
v 0.099874 1.694890 -0.020272
v 0.302941 1.945560 -0.139450
v 0.306662 1.934111 -0.151788
v 0.297722 1.934111 -0.166527
v 0.285060 1.945560 -0.168927
v 0.281339 1.957010 -0.156589
v 0.290279 1.957010 -0.141850
v 0.494033 2.076171 -0.253275
v 0.493274 2.062916 -0.261949
v 0.485488 2.062916 -0.275766
v 0.478461 2.076171 -0.280908
v 0.479220 2.089427 -0.272233
v 0.487006 2.089427 -0.258417
v 0.688797 2.076178 -0.360567
v 0.682481 2.063983 -0.365494
v 0.675711 2.063983 -0.378419
v 0.675258 2.076178 -0.386417
v 0.681574 2.088373 -0.381490
v 0.688343 2.088373 -0.368565
v 0.887185 1.945580 -0.461306
v 0.877547 1.936664 -0.464101
v 0.871704 1.936664 -0.476186
v 0.875498 1.945580 -0.485475
v 0.885135 1.954496 -0.482680
v 0.890979 1.954496 -0.470596
v 1.089353 1.684378 -0.555570
v 1.079387 1.677428 -0.557779
v 1.074222 1.677428 -0.568996
v 1.079024 1.684378 -0.578005
v 1.088990 1.691328 -0.575796
v 1.094155 1.691328 -0.564578
vn 0.7855 -0.3202 0.5295
vn 0.6484 -0.6464 -0.4021
vn -0.1321 -0.3271 -0.9357
vn -0.7810 0.3259 -0.5327
vn -0.6436 0.6531 0.3991
vn 0.1368 0.3327 0.9330
vn 0.6617 -0.4381 0.6084
vn 0.4405 -0.8599 -0.2580
vn -0.2114 -0.4356 -0.8750
vn -0.6543 0.4429 -0.6130
vn -0.4320 0.8656 0.2531
vn 0.2188 0.4402 0.8708
vn 0.4134 -0.5159 0.7503
vn 0.0043 -1.0000 -0.0024
vn -0.4062 -0.5106 -0.7578
vn -0.4048 0.5160 -0.7549
vn 0.0040 1.0000 -0.0022
vn 0.4148 0.5107 0.7531
vn 0.1576 -0.4421 0.8830
vn -0.4491 -0.8643 0.2265
vn -0.6127 -0.4404 -0.6562
vn -0.1519 0.4387 -0.8857
vn 0.4534 0.8615 -0.2287
vn 0.6184 0.4370 0.6531
vn 0.0215 -0.3248 0.9455
vn -0.6859 -0.6515 0.3240
vn -0.7095 -0.3323 -0.6214
vn -0.0182 0.3211 -0.9469
vn 0.6886 0.6481 -0.3253
vn 0.7128 0.3285 0.6197
vn -0.5491 -0.7601 0.3474
vn 0.5903 -0.7601 -0.2718
vt 0.922451 6.737381
vt 0.965760 6.695203
vt 2.453296 7.736444
vt 2.423527 7.782242
vt 0.885610 6.695203
vt 2.381774 7.736444
vt 0.762152 6.737381
vt 2.280482 7.782242
vt 0.718844 6.779560
vt 2.250713 7.828039
vt 0.798993 6.779560
vt 2.322236 7.828039
vt 3.946195 8.251665
vt 3.952268 8.304686
vt 3.883904 8.251665
vt 3.827686 8.304686
vt 3.833759 8.357706
vt 3.896050 8.357706
vt 5.459845 8.255933
vt 5.510372 8.304712
vt 5.405691 8.255933
vt 5.402065 8.304712
vt 5.452593 8.353492
vt 5.506746 8.353492
vt 7.020375 7.746657
vt 7.097476 7.782320
vt 6.973628 7.746657
vt 7.003983 7.782320
vt 7.081084 7.817983
vt 7.127831 7.817983
vt 8.635097 6.709712
vt 8.714828 6.737512
vt 8.593778 6.709712
vt 8.632190 6.737512
vt 8.711921 6.765311
vt 8.753240 6.765311
s 0
usemtl StemMat
f 980/967/983 981/968/983 987/969/983 986/970/983
f 981/968/984 982/971/984 988/972/984 987/969/984
f 982/971/985 983/973/985 989/974/985 988/972/985
f 983/973/986 984/975/986 990/976/986 989/974/986
f 984/975/987 985/977/987 991/978/987 990/976/987
f 985/977/988 980/967/988 986/970/988 991/978/988
f 986/970/989 987/969/989 993/979/989 992/980/989
f 987/969/990 988/972/990 994/981/990 993/979/990
f 988/972/991 989/974/991 995/982/991 994/981/991
f 989/974/992 990/976/992 996/983/992 995/982/992
f 990/976/993 991/978/993 997/984/993 996/983/993
f 991/978/994 986/970/994 992/980/994 997/984/994
f 992/980/995 993/979/995 999/985/995 998/986/995
f 993/979/996 994/981/996 1000/987/996 999/985/996
f 994/981/997 995/982/997 1001/988/997 1000/987/997
f 995/982/998 996/983/998 1002/989/998 1001/988/998
f 996/983/999 997/984/999 1003/990/999 1002/989/999
f 997/984/1000 992/980/1000 998/986/1000 1003/990/1000
f 998/986/1001 999/985/1001 1005/991/1001 1004/992/1001
f 999/985/1002 1000/987/1002 1006/993/1002 1005/991/1002
f 1000/987/1003 1001/988/1003 1007/994/1003 1006/993/1003
f 1001/988/1004 1002/989/1004 1008/995/1004 1007/994/1004
f 1002/989/1005 1003/990/1005 1009/996/1005 1008/995/1005
f 1003/990/1006 998/986/1006 1004/992/1006 1009/996/1006
f 1004/992/1007 1005/991/1007 1011/997/1007 1010/998/1007
f 1005/991/1008 1006/993/1008 1012/999/1008 1011/997/1008
f 1006/993/1009 1007/994/1009 1013/1000/1009 1012/999/1009
f 1007/994/1010 1008/995/1010 1014/1001/1010 1013/1000/1010
f 1008/995/1011 1009/996/1011 1015/1002/1011 1014/1001/1011
f 1009/996/1012 1004/992/1012 1010/998/1012 1015/1002/1012
f 985/977/1013 984/975/1013 983/973/1013 982/971/1013 981/968/1013 980/967/1013
f 1010/998/1014 1011/997/1014 1012/999/1014 1013/1000/1014 1014/1001/1014 1015/1002/1014
o Leaf_016
v 1.047753 1.881439 -1.036934
v 1.273727 2.098775 -0.914061
v 1.435766 2.133501 -0.620915
v 1.438951 1.965276 -0.329218
v 1.281415 1.692643 -0.209842
v 1.055441 1.475307 -0.332716
v 0.893402 1.440580 -0.625861
v 0.890217 1.608806 -0.917558
v 1.180893 1.774329 -0.630897
v 1.038211 1.888776 -1.018521
v 1.257406 2.099592 -0.899333
v 1.414584 2.133277 -0.614982
v 1.417673 1.970098 -0.332036
v 1.264863 1.705644 -0.216242
v 1.045668 1.494828 -0.335429
v 0.888490 1.461144 -0.619780
v 0.885401 1.624322 -0.902726
v 1.164584 1.787041 -0.623388
vn 0.7398 -0.5500 -0.3877
vn 0.7655 -0.5332 -0.3600
vn 0.7765 -0.5421 -0.3211
vn 0.7663 -0.5714 -0.2938
vn 0.7408 -0.6040 -0.2940
vn 0.7150 -0.6207 -0.3217
vn 0.7040 -0.6119 -0.3606
vn 0.7143 -0.5826 -0.3879
vn -0.4300 0.7397 -0.5176
vn -0.0377 0.9946 -0.0970
vn 0.1293 0.8596 0.4943
vn -0.0267 0.4139 0.9099
vn -0.4145 -0.0815 0.9064
vn -0.8068 -0.3364 0.4858
vn -0.9738 -0.2014 -0.1055
vn -0.8178 0.2443 -0.5211
vn -0.7402 0.5550 0.3796
vn -0.7615 0.5412 0.3568
vn -0.7705 0.5485 0.3247
vn -0.7621 0.5727 0.3022
vn -0.7410 0.5995 0.3024
vn -0.7198 0.6134 0.3252
vn -0.7107 0.6060 0.3573
vn -0.7192 0.5819 0.3798
vt 0.500000 0.500000
vt 0.961940 0.691342
vt 0.691342 0.961940
vt 0.308658 0.961940
vt 0.038060 0.691342
vt 0.038060 0.308658
vt 0.308658 0.038060
vt 0.691342 0.038060
vt 0.961940 0.308658
vt 0.948082 0.685601
vt 0.685601 0.948082
vt 0.314399 0.948082
vt 0.051918 0.685601
vt 0.051918 0.314399
vt 0.314399 0.051918
vt 0.685601 0.051918
vt 0.948082 0.314399
s 0
usemtl LeafMat
f 1024/1003/1015 1016/1004/1015 1017/1005/1015
f 1024/1003/1016 1017/1005/1016 1018/1006/1016
f 1024/1003/1017 1018/1006/1017 1019/1007/1017
f 1024/1003/1018 1019/1007/1018 1020/1008/1018
f 1024/1003/1019 1020/1008/1019 1021/1009/1019
f 1024/1003/1020 1021/1009/1020 1022/1010/1020
f 1024/1003/1021 1022/1010/1021 1023/1011/1021
f 1024/1003/1022 1023/1011/1022 1016/1004/1022
f 1017/1005/1023 1016/1004/1023 1025/1012/1023 1026/1013/1023
f 1018/1006/1024 1017/1005/1024 1026/1013/1024 1027/1014/1024
f 1019/1007/1025 1018/1006/1025 1027/1014/1025 1028/1015/1025
f 1020/1008/1026 1019/1007/1026 1028/1015/1026 1029/1016/1026
f 1021/1009/1027 1020/1008/1027 1029/1016/1027 1030/1017/1027
f 1022/1010/1028 1021/1009/1028 1030/1017/1028 1031/1018/1028
f 1023/1011/1029 1022/1010/1029 1031/1018/1029 1032/1019/1029
f 1016/1004/1030 1023/1011/1030 1032/1019/1030 1025/1012/1030
f 1033/1003/1031 1026/1013/1031 1025/1012/1031
f 1033/1003/1032 1027/1014/1032 1026/1013/1032
f 1033/1003/1033 1028/1015/1033 1027/1014/1033
f 1033/1003/1034 1029/1016/1034 1028/1015/1034
f 1033/1003/1035 1030/1017/1035 1029/1016/1035
f 1033/1003/1036 1031/1018/1036 1030/1017/1036
f 1033/1003/1037 1032/1019/1037 1031/1018/1037
f 1033/1003/1038 1025/1012/1038 1032/1019/1038
o Stem_017
v -0.062273 1.633216 -0.114852
v -0.075969 1.625123 -0.118239
v -0.088261 1.625123 -0.107587
v -0.086856 1.633216 -0.093548
v -0.073160 1.641308 -0.090162
v -0.060868 1.641308 -0.100813
v -0.201649 1.934773 -0.273693
v -0.213488 1.925994 -0.276279
v -0.225026 1.925994 -0.266751
v -0.224725 1.934773 -0.254637
v -0.212886 1.943551 -0.252051
v -0.201348 1.943551 -0.261579
v -0.333738 2.110492 -0.437642
v -0.342441 2.099827 -0.437724
v -0.353407 2.099827 -0.429402
v -0.355669 2.110492 -0.420997
v -0.346966 2.121158 -0.420914
v -0.336000 2.121158 -0.429237
v -0.458736 2.160374 -0.606922
v -0.463570 2.149423 -0.602784
v -0.473949 2.149423 -0.595526
v -0.479493 2.160374 -0.592404
v -0.474660 2.171324 -0.596542
v -0.464281 2.171324 -0.603801
v -0.576617 2.084417 -0.781495
v -0.578651 2.075833 -0.773883
v -0.588455 2.075833 -0.767585
v -0.596223 2.084417 -0.768899
v -0.594189 2.093001 -0.776511
v -0.584386 2.093001 -0.782809
v -0.687468 1.882623 -0.961501
v -0.688709 1.875904 -0.953241
v -0.697862 1.875904 -0.947660
v -0.705773 1.882623 -0.950339
v -0.704532 1.889343 -0.958598
v -0.695379 1.889343 -0.964179
vn 0.3909 -0.2813 -0.8764
vn -0.5302 -0.5717 -0.6261
vn -0.9245 -0.2900 0.2473
vn -0.3935 0.2864 0.8736
vn 0.5277 0.5772 0.6232
vn 0.9222 0.2949 -0.2504
vn 0.4698 -0.3875 -0.7932
vn -0.3997 -0.7657 -0.5039
vn -0.8783 -0.3862 0.2820
vn -0.4739 0.3925 0.7883
vn 0.3954 0.7714 0.4985
vn 0.8745 0.3910 -0.2869
vn 0.6190 -0.5011 -0.6048
vn -0.1387 -0.9720 -0.1899
vn -0.7666 -0.4950 0.4091
vn -0.6244 0.5031 0.5975
vn 0.1329 0.9743 0.1820
vn 0.7614 0.4970 -0.4163
vn 0.8079 -0.4852 -0.3345
vn 0.1872 -0.9419 0.2787
vn -0.6215 -0.4808 0.6186
vn -0.8115 0.4831 0.3288
vn -0.1902 0.9400 -0.2832
vn 0.6174 0.4785 -0.6243
vn 0.9183 -0.3622 -0.1597
vn 0.3656 -0.7252 0.5835
vn -0.5522 -0.3710 0.7467
vn -0.9202 0.3590 0.1562
vn -0.3672 0.7224 -0.5859
vn 0.5498 0.3677 -0.7500
vn 0.3763 -0.8185 0.4342
vn -0.3768 -0.6900 -0.6180
vt -0.498183 6.532862
vt -0.607751 6.500492
vt -1.707901 7.703977
vt -1.613190 7.739091
vt -0.706084 6.500492
vt -1.800205 7.703977
vt -0.694849 6.532862
vt -1.797799 7.739091
vt -0.585280 6.565232
vt -1.703088 7.774205
vt -0.486947 6.565232
vt -1.610783 7.774205
vt -2.739531 8.399306
vt -2.669901 8.441969
vt -2.827258 8.399306
vt -2.845356 8.441969
vt -2.775726 8.484632
vt -2.687999 8.484632
vt -3.708559 8.597692
vt -3.669889 8.641495
vt -3.791589 8.597692
vt -3.835948 8.641495
vt -3.797277 8.685298
vt -3.714248 8.685298
vt -4.629212 8.303333
vt -4.612938 8.337669
vt -4.707637 8.303333
vt -4.769788 8.337669
vt -4.753514 8.372005
vt -4.675089 8.372005
vt -5.509674 7.503615
vt -5.499743 7.530493
vt -5.582893 7.503615
vt -5.646183 7.530493
vt -5.636253 7.557370
vt -5.563034 7.557370
s 0
usemtl StemMat
f 1034/1020/1039 1035/1021/1039 1041/1022/1039 1040/1023/1039
f 1035/1021/1040 1036/1024/1040 1042/1025/1040 1041/1022/1040
f 1036/1024/1041 1037/1026/1041 1043/1027/1041 1042/1025/1041
f 1037/1026/1042 1038/1028/1042 1044/1029/1042 1043/1027/1042
f 1038/1028/1043 1039/1030/1043 1045/1031/1043 1044/1029/1043
f 1039/1030/1044 1034/1020/1044 1040/1023/1044 1045/1031/1044
f 1040/1023/1045 1041/1022/1045 1047/1032/1045 1046/1033/1045
f 1041/1022/1046 1042/1025/1046 1048/1034/1046 1047/1032/1046
f 1042/1025/1047 1043/1027/1047 1049/1035/1047 1048/1034/1047
f 1043/1027/1048 1044/1029/1048 1050/1036/1048 1049/1035/1048
f 1044/1029/1049 1045/1031/1049 1051/1037/1049 1050/1036/1049
f 1045/1031/1050 1040/1023/1050 1046/1033/1050 1051/1037/1050
f 1046/1033/1051 1047/1032/1051 1053/1038/1051 1052/1039/1051
f 1047/1032/1052 1048/1034/1052 1054/1040/1052 1053/1038/1052
f 1048/1034/1053 1049/1035/1053 1055/1041/1053 1054/1040/1053
f 1049/1035/1054 1050/1036/1054 1056/1042/1054 1055/1041/1054
f 1050/1036/1055 1051/1037/1055 1057/1043/1055 1056/1042/1055
f 1051/1037/1056 1046/1033/1056 1052/1039/1056 1057/1043/1056
f 1052/1039/1057 1053/1038/1057 1059/1044/1057 1058/1045/1057
f 1053/1038/1058 1054/1040/1058 1060/1046/1058 1059/1044/1058
f 1054/1040/1059 1055/1041/1059 1061/1047/1059 1060/1046/1059
f 1055/1041/1060 1056/1042/1060 1062/1048/1060 1061/1047/1060
f 1056/1042/1061 1057/1043/1061 1063/1049/1061 1062/1048/1061
f 1057/1043/1062 1052/1039/1062 1058/1045/1062 1063/1049/1062
f 1058/1045/1063 1059/1044/1063 1065/1050/1063 1064/1051/1063
f 1059/1044/1064 1060/1046/1064 1066/1052/1064 1065/1050/1064
f 1060/1046/1065 1061/1047/1065 1067/1053/1065 1066/1052/1065
f 1061/1047/1066 1062/1048/1066 1068/1054/1066 1067/1053/1066
f 1062/1048/1067 1063/1049/1067 1069/1055/1067 1068/1054/1067
f 1063/1049/1068 1058/1045/1068 1064/1051/1068 1069/1055/1068
f 1039/1030/1069 1038/1028/1069 1037/1026/1069 1036/1024/1069 1035/1021/1069 1034/1020/1069
f 1064/1051/1070 1065/1050/1070 1066/1052/1070 1067/1053/1070 1068/1054/1070 1069/1055/1070
o Leaf_017
v -0.923845 2.117409 -0.886667
v -0.784274 2.243895 -1.000432
v -0.595332 2.209488 -1.107848
v -0.467699 2.034343 -1.145992
v -0.476139 1.821058 -1.092519
v -0.615710 1.694572 -0.978754
v -0.804652 1.728979 -0.871338
v -0.932285 1.904124 -0.833195
v -0.707340 1.966503 -1.001643
v -0.911251 2.115148 -0.880115
v -0.775867 2.237839 -0.990467
v -0.592594 2.204464 -1.094660
v -0.468789 2.034574 -1.131660
v -0.476977 1.827687 -1.079791
v -0.612360 1.704996 -0.969439
v -0.795633 1.738371 -0.865246
v -0.919438 1.908262 -0.828246
v -0.699992 1.969234 -0.989593
vn -0.5417 -0.1466 -0.8277
vn -0.5083 -0.1373 -0.8502
vn -0.4761 -0.1586 -0.8650
vn -0.4640 -0.1981 -0.8634
vn -0.4790 -0.2327 -0.8464
vn -0.5125 -0.2420 -0.8239
vn -0.5447 -0.2207 -0.8091
vn -0.5568 -0.1812 -0.8106
vn -0.1856 0.7624 0.6199
vn 0.3226 0.9049 0.2777
vn 0.8125 0.5806 0.0525
vn 0.9969 -0.0204 0.0762
vn 0.7679 -0.5461 0.3349
vn 0.2596 -0.6885 0.6772
vn -0.2302 -0.3643 0.9024
vn -0.4147 0.2367 0.8787
vn 0.5365 0.1542 0.8297
vn 0.5089 0.1465 0.8483
vn 0.4824 0.1641 0.8605
vn 0.4723 0.1967 0.8592
vn 0.4848 0.2252 0.8451
vn 0.5123 0.2330 0.8266
vn 0.5389 0.2154 0.8144
vn 0.5489 0.1828 0.8156
vt 0.500000 0.500000
vt 0.961940 0.691342
vt 0.691342 0.961940
vt 0.308658 0.961940
vt 0.038060 0.691342
vt 0.038060 0.308658
vt 0.308658 0.038060
vt 0.691342 0.038060
vt 0.961940 0.308658
vt 0.948082 0.685601
vt 0.685601 0.948082
vt 0.314399 0.948082
vt 0.051918 0.685601
vt 0.051918 0.314399
vt 0.314399 0.051918
vt 0.685601 0.051918
vt 0.948082 0.314399
s 0
usemtl LeafMat
f 1078/1056/1071 1070/1057/1071 1071/1058/1071
f 1078/1056/1072 1071/1058/1072 1072/1059/1072
f 1078/1056/1073 1072/1059/1073 1073/1060/1073
f 1078/1056/1074 1073/1060/1074 1074/1061/1074
f 1078/1056/1075 1074/1061/1075 1075/1062/1075
f 1078/1056/1076 1075/1062/1076 1076/1063/1076
f 1078/1056/1077 1076/1063/1077 1077/1064/1077
f 1078/1056/1078 1077/1064/1078 1070/1057/1078
f 1071/1058/1079 1070/1057/1079 1079/1065/1079 1080/1066/1079
f 1072/1059/1080 1071/1058/1080 1080/1066/1080 1081/1067/1080
f 1073/1060/1081 1072/1059/1081 1081/1067/1081 1082/1068/1081
f 1074/1061/1082 1073/1060/1082 1082/1068/1082 1083/1069/1082
f 1075/1062/1083 1074/1061/1083 1083/1069/1083 1084/1070/1083
f 1076/1063/1084 1075/1062/1084 1084/1070/1084 1085/1071/1084
f 1077/1064/1085 1076/1063/1085 1085/1071/1085 1086/1072/1085
f 1070/1057/1086 1077/1064/1086 1086/1072/1086 1079/1065/1086
f 1087/1056/1087 1080/1066/1087 1079/1065/1087
f 1087/1056/1088 1081/1067/1088 1080/1066/1088
f 1087/1056/1089 1082/1068/1089 1081/1067/1089
f 1087/1056/1090 1083/1069/1090 1082/1068/1090
f 1087/1056/1091 1084/1070/1091 1083/1069/1091
f 1087/1056/1092 1085/1071/1092 1084/1070/1092
f 1087/1056/1093 1086/1072/1093 1085/1071/1093
f 1087/1056/1094 1079/1065/1094 1086/1072/1094
o Stem_018
v 0.061192 1.709211 -0.073760
v 0.057084 1.692549 -0.087305
v 0.038893 1.692549 -0.099431
v 0.024811 1.709211 -0.098013
v 0.028918 1.725872 -0.084468
v 0.047109 1.725872 -0.072342
v 0.197840 1.843542 -0.281898
v 0.192626 1.827097 -0.292237
v 0.175859 1.827097 -0.303345
v 0.164305 1.843542 -0.304114
v 0.169519 1.859988 -0.293775
v 0.186286 1.859988 -0.282667
v 0.333486 1.888002 -0.490729
v 0.325730 1.871977 -0.495773
v 0.310250 1.871977 -0.505910
v 0.302526 1.888002 -0.511004
v 0.310283 1.904027 -0.505960
v 0.325763 1.904027 -0.495823
v 0.468094 1.842589 -0.700216
v 0.458283 1.828686 -0.700724
v 0.443992 1.828686 -0.709975
v 0.439512 1.842589 -0.718718
v 0.449323 1.856492 -0.718210
v 0.463613 1.856492 -0.708959
v 0.601655 1.707303 -0.910368
v 0.590832 1.696238 -0.907982
v 0.577639 1.696238 -0.916422
v 0.575269 1.707303 -0.927248
v 0.586092 1.718369 -0.929635
v 0.599285 1.718369 -0.921195
v 0.734143 1.482146 -1.121161
v 0.723573 1.472891 -1.117961
v 0.711413 1.472891 -1.125690
v 0.709823 1.482146 -1.136619
v 0.720393 1.491400 -1.139819
v 0.732553 1.491400 -1.132090
vn 0.8543 -0.4400 0.2765
vn 0.2659 -0.8771 -0.4001
vn -0.5845 -0.4393 -0.6822
vn -0.8491 0.4447 -0.2851
vn -0.2599 0.8829 0.3911
vn 0.5904 0.4440 0.6740
vn 0.7726 -0.4962 0.3960
vn 0.0999 -0.9834 -0.1516
vn -0.6685 -0.4968 -0.5535
vn -0.7666 0.4982 -0.4051
vn -0.0937 0.9854 0.1423
vn 0.6745 0.4987 0.5443
vn 0.6766 -0.4978 0.5427
vn -0.0953 -0.9846 0.1464
vn -0.7698 -0.4983 -0.3988
vn -0.6711 0.4961 -0.5509
vn 0.1005 0.9829 -0.1543
vn 0.7752 0.4966 0.3905
vn 0.5985 -0.4444 0.6666
vn -0.2566 -0.8805 0.3987
vn -0.8547 -0.4446 -0.2680
vn -0.5945 0.4406 -0.6726
vn 0.2603 0.8768 -0.4043
vn 0.8585 0.4408 0.2619
vn 0.5505 -0.3744 0.7461
vn -0.3595 -0.7436 0.5637
vn -0.9095 -0.3733 -0.1831
vn -0.5478 0.3704 -0.7502
vn 0.3619 0.7396 -0.5674
vn 0.9120 0.3692 0.1789
vn -0.4881 -0.4749 0.7322
vn 0.3978 -0.6708 -0.6259
vt 0.489533 6.836843
vt 0.456670 6.770196
vt 1.541009 7.308388
vt 1.582718 7.374170
vt 0.311146 6.770196
vt 1.406870 7.308388
vt 0.198485 6.836843
vt 1.314441 7.374170
vt 0.231348 6.903489
vt 1.356150 7.439951
vt 0.376872 6.903489
vt 1.490289 7.439951
vt 2.605840 7.487907
vt 2.667890 7.552007
vt 2.482001 7.487907
vt 2.420212 7.552007
vt 2.482261 7.616106
vt 2.606101 7.616106
vt 3.666262 7.314743
vt 3.744748 7.370355
vt 3.551936 7.314743
vt 3.516096 7.370355
vt 3.594582 7.425967
vt 3.708908 7.425967
vt 4.726653 6.784950
vt 4.813237 6.829214
vt 4.621108 6.784950
vt 4.602148 6.829214
vt 4.688733 6.873477
vt 4.794277 6.873477
vt 5.788586 5.891565
vt 5.873148 5.928582
vt 5.691302 5.891565
vt 5.678580 5.928582
vt 5.763143 5.965599
vt 5.860426 5.965599
s 0
usemtl StemMat
f 1088/1073/1095 1089/1074/1095 1095/1075/1095 1094/1076/1095
f 1089/1074/1096 1090/1077/1096 1096/1078/1096 1095/1075/1096
f 1090/1077/1097 1091/1079/1097 1097/1080/1097 1096/1078/1097
f 1091/1079/1098 1092/1081/1098 1098/1082/1098 1097/1080/1098
f 1092/1081/1099 1093/1083/1099 1099/1084/1099 1098/1082/1099
f 1093/1083/1100 1088/1073/1100 1094/1076/1100 1099/1084/1100
f 1094/1076/1101 1095/1075/1101 1101/1085/1101 1100/1086/1101
f 1095/1075/1102 1096/1078/1102 1102/1087/1102 1101/1085/1102
f 1096/1078/1103 1097/1080/1103 1103/1088/1103 1102/1087/1103
f 1097/1080/1104 1098/1082/1104 1104/1089/1104 1103/1088/1104
f 1098/1082/1105 1099/1084/1105 1105/1090/1105 1104/1089/1105
f 1099/1084/1106 1094/1076/1106 1100/1086/1106 1105/1090/1106
f 1100/1086/1107 1101/1085/1107 1107/1091/1107 1106/1092/1107
f 1101/1085/1108 1102/1087/1108 1108/1093/1108 1107/1091/1108
f 1102/1087/1109 1103/1088/1109 1109/1094/1109 1108/1093/1109
f 1103/1088/1110 1104/1089/1110 1110/1095/1110 1109/1094/1110
f 1104/1089/1111 1105/1090/1111 1111/1096/1111 1110/1095/1111
f 1105/1090/1112 1100/1086/1112 1106/1092/1112 1111/1096/1112
f 1106/1092/1113 1107/1091/1113 1113/1097/1113 1112/1098/1113
f 1107/1091/1114 1108/1093/1114 1114/1099/1114 1113/1097/1114
f 1108/1093/1115 1109/1094/1115 1115/1100/1115 1114/1099/1115
f 1109/1094/1116 1110/1095/1116 1116/1101/1116 1115/1100/1116
f 1110/1095/1117 1111/1096/1117 1117/1102/1117 1116/1101/1117
f 1111/1096/1118 1106/1092/1118 1112/1098/1118 1117/1102/1118
f 1112/1098/1119 1113/1097/1119 1119/1103/1119 1118/1104/1119
f 1113/1097/1120 1114/1099/1120 1120/1105/1120 1119/1103/1120
f 1114/1099/1121 1115/1100/1121 1121/1106/1121 1120/1105/1121
f 1115/1100/1122 1116/1101/1122 1122/1107/1122 1121/1106/1122
f 1116/1101/1123 1117/1102/1123 1123/1108/1123 1122/1107/1123
f 1117/1102/1124 1112/1098/1124 1118/1104/1124 1123/1108/1124
f 1093/1083/1125 1092/1081/1125 1091/1079/1125 1090/1077/1125 1089/1074/1125 1088/1073/1125
f 1118/1104/1126 1119/1103/1126 1120/1105/1126 1121/1106/1126 1122/1107/1126 1123/1108/1126
o Leaf_018
v 0.354595 1.772949 -1.566578
v 0.659580 2.064548 -1.545499
v 1.024218 2.100798 -1.335223
v 1.234908 1.860463 -1.058927
v 1.168232 1.484328 -0.878461
v 0.863247 1.192728 -0.899540
v 0.498609 1.156479 -1.109817
v 0.287918 1.396814 -1.386113
v 0.774655 1.616295 -1.243354
v 0.356206 1.778494 -1.539589
v 0.652042 2.061346 -1.519142
v 1.005740 2.096508 -1.315174
v 1.210110 1.863383 -1.047167
v 1.145434 1.498532 -0.872115
v 0.849598 1.215680 -0.892563
v 0.495899 1.180518 -1.096530
v 0.291530 1.413643 -1.364538
v 0.761413 1.628639 -1.222520
vn 0.4521 -0.4158 -0.7891
vn 0.4876 -0.3985 -0.7768
vn 0.5181 -0.4093 -0.7511
vn 0.5257 -0.4419 -0.7269
vn 0.5060 -0.4773 -0.7184
vn 0.4705 -0.4947 -0.7307
vn 0.4401 -0.4839 -0.7565
vn 0.4324 -0.4512 -0.7807
vn -0.6832 0.7223 -0.1076
vn -0.1435 0.9865 0.0788
vn 0.3201 0.8220 0.4709
vn 0.4362 0.3252 0.8390
vn 0.1367 -0.2129 0.9675
vn -0.4030 -0.4771 0.7810
vn -0.8666 -0.3126 0.3889
vn -0.9827 0.1842 0.0208
vn -0.4571 0.4214 0.7833
vn -0.4863 0.4071 0.7732
vn -0.5115 0.4160 0.7519
vn -0.5178 0.4430 0.7319
vn -0.5015 0.4721 0.7249
vn -0.4723 0.4865 0.7351
vn -0.4471 0.4776 0.7563
vn -0.4408 0.4506 0.7763
vt 0.500000 0.500000
vt 0.961940 0.691342
vt 0.691342 0.961940
vt 0.308658 0.961940
vt 0.038060 0.691342
vt 0.038060 0.308658
vt 0.308658 0.038060
vt 0.691342 0.038060
vt 0.961940 0.308658
vt 0.948082 0.685601
vt 0.685601 0.948082
vt 0.314399 0.948082
vt 0.051918 0.685601
vt 0.051918 0.314399
vt 0.314399 0.051918
vt 0.685601 0.051918
vt 0.948082 0.314399
s 0
usemtl LeafMat
f 1132/1109/1127 1124/1110/1127 1125/1111/1127
f 1132/1109/1128 1125/1111/1128 1126/1112/1128
f 1132/1109/1129 1126/1112/1129 1127/1113/1129
f 1132/1109/1130 1127/1113/1130 1128/1114/1130
f 1132/1109/1131 1128/1114/1131 1129/1115/1131
f 1132/1109/1132 1129/1115/1132 1130/1116/1132
f 1132/1109/1133 1130/1116/1133 1131/1117/1133
f 1132/1109/1134 1131/1117/1134 1124/1110/1134
f 1125/1111/1135 1124/1110/1135 1133/1118/1135 1134/1119/1135
f 1126/1112/1136 1125/1111/1136 1134/1119/1136 1135/1120/1136
f 1127/1113/1137 1126/1112/1137 1135/1120/1137 1136/1121/1137
f 1128/1114/1138 1127/1113/1138 1136/1121/1138 1137/1122/1138
f 1129/1115/1139 1128/1114/1139 1137/1122/1139 1138/1123/1139
f 1130/1116/1140 1129/1115/1140 1138/1123/1140 1139/1124/1140
f 1131/1117/1141 1130/1116/1141 1139/1124/1141 1140/1125/1141
f 1124/1110/1142 1131/1117/1142 1140/1125/1142 1133/1118/1142
f 1141/1109/1143 1134/1119/1143 1133/1118/1143
f 1141/1109/1144 1135/1120/1144 1134/1119/1144
f 1141/1109/1145 1136/1121/1145 1135/1120/1145
f 1141/1109/1146 1137/1122/1146 1136/1121/1146
f 1141/1109/1147 1138/1123/1147 1137/1122/1147
f 1141/1109/1148 1139/1124/1148 1138/1123/1148
f 1141/1109/1149 1140/1125/1149 1139/1124/1149
f 1141/1109/1150 1133/1118/1150 1140/1125/1150
o Stem_019
v -0.043710 1.738656 0.080191
v -0.056076 1.734767 0.086781
v -0.056076 1.731646 0.100984
v -0.043710 1.732414 0.108598
v -0.031344 1.736303 0.102008
v -0.031344 1.739424 0.087804
v -0.100253 1.968712 0.137358
v -0.101795 1.965038 0.150130
v -0.091283 1.965038 0.158407
v -0.079230 1.968712 0.153911
v -0.077688 1.972386 0.141139
v -0.088200 1.972386 0.132863
v -0.139149 2.148342 0.194335
v -0.138933 2.143967 0.205838
v -0.128412 2.143967 0.212226
v -0.118107 2.148342 0.207112
v -0.118322 2.152717 0.195609
v -0.128843 2.152717 0.189221
v -0.170697 2.274426 0.255016
v -0.168812 2.268746 0.264630
v -0.158484 2.268746 0.269274
v -0.150041 2.274426 0.264304
v -0.151926 2.280105 0.254691
v -0.162254 2.280105 0.250047
v -0.194903 2.346961 0.319320
v -0.191340 2.339251 0.325353
v -0.181401 2.339251 0.328478
v -0.175027 2.346961 0.325570
v -0.178590 2.354671 0.319537
v -0.188528 2.354671 0.316412
v -0.211688 2.365950 0.386650
v -0.207610 2.357948 0.389998
v -0.198339 2.357948 0.392427
v -0.193144 2.365950 0.391507
v -0.197221 2.373952 0.388159
v -0.206493 2.373952 0.385730
vn -0.8073 -0.0250 -0.5896
vn -0.8891 -0.2543 0.3805
vn -0.0831 -0.2249 0.9708
vn 0.8054 0.0338 0.5918
vn 0.8874 0.2632 -0.3784
vn 0.0812 0.2338 -0.9689
vn -0.9787 -0.1727 -0.1108
vn -0.5364 -0.3468 0.7694
vn 0.4401 -0.1699 0.8817
vn 0.9768 0.1818 0.1136
vn 0.5345 0.3560 -0.7666
vn -0.4422 0.1790 -0.8789
vn -0.9727 -0.2317 -0.0136
vn -0.4145 -0.4632 0.7834
vn 0.5533 -0.2281 0.8012
vn 0.9700 0.2422 0.0188
vn 0.4117 0.4745 -0.7781
vn -0.5563 0.2390 -0.7959
vn -0.9399 -0.3394 0.0369
vn -0.2648 -0.6728 0.6908
vn 0.6624 -0.3403 0.6674
vn 0.9361 0.3508 -0.0258
vn 0.2597 0.6882 -0.6774
vn -0.6676 0.3531 -0.6555
vn -0.8756 -0.4757 -0.0835
vn -0.0753 -0.9625 0.2604
vn 0.7915 -0.4957 0.3575
vn 0.8699 0.4829 0.1002
vn 0.0725 0.9654 -0.2506
vn -0.7944 0.5016 -0.3425
vn 0.1893 -0.9590 -0.2107
vn -0.2442 0.2658 0.9326
vt -0.349680 6.954626
vt -0.448610 6.939068
vt -0.814361 7.860153
vt -0.802027 7.874849
vt -0.448610 6.926583
vt -0.730267 7.860153
vt -0.349680 6.929656
vt -0.633838 7.874849
vt -0.250750 6.945213
vt -0.621503 7.889544
vt -0.250750 6.957698
vt -0.705598 7.889544
vt -1.111467 8.575870
vt -1.113191 8.593369
vt -1.027299 8.575870
vt -0.944855 8.593369
vt -0.946579 8.610869
vt -1.030747 8.610869
vt -1.350493 9.074984
vt -1.365576 9.097702
vt -1.267870 9.074984
vt -1.200329 9.097702
vt -1.215411 9.120420
vt -1.298035 9.120420
vt -1.530718 9.357005
vt -1.559226 9.387844
vt -1.451212 9.357005
vt -1.400213 9.387844
vt -1.428720 9.418683
vt -1.508227 9.418683
vt -1.660883 9.431790
vt -1.693500 9.463799
vt -1.586708 9.431790
vt -1.545150 9.463799
vt -1.577766 9.495807
vt -1.651941 9.495807
s 0
usemtl StemMat
f 1142/1126/1151 1143/1127/1151 1149/1128/1151 1148/1129/1151
f 1143/1127/1152 1144/1130/1152 1150/1131/1152 1149/1128/1152
f 1144/1130/1153 1145/1132/1153 1151/1133/1153 1150/1131/1153
f 1145/1132/1154 1146/1134/1154 1152/1135/1154 1151/1133/1154
f 1146/1134/1155 1147/1136/1155 1153/1137/1155 1152/1135/1155
f 1147/1136/1156 1142/1126/1156 1148/1129/1156 1153/1137/1156
f 1148/1129/1157 1149/1128/1157 1155/1138/1157 1154/1139/1157
f 1149/1128/1158 1150/1131/1158 1156/1140/1158 1155/1138/1158
f 1150/1131/1159 1151/1133/1159 1157/1141/1159 1156/1140/1159
f 1151/1133/1160 1152/1135/1160 1158/1142/1160 1157/1141/1160
f 1152/1135/1161 1153/1137/1161 1159/1143/1161 1158/1142/1161
f 1153/1137/1162 1148/1129/1162 1154/1139/1162 1159/1143/1162
f 1154/1139/1163 1155/1138/1163 1161/1144/1163 1160/1145/1163
f 1155/1138/1164 1156/1140/1164 1162/1146/1164 1161/1144/1164
f 1156/1140/1165 1157/1141/1165 1163/1147/1165 1162/1146/1165
f 1157/1141/1166 1158/1142/1166 1164/1148/1166 1163/1147/1166
f 1158/1142/1167 1159/1143/1167 1165/1149/1167 1164/1148/1167
f 1159/1143/1168 1154/1139/1168 1160/1145/1168 1165/1149/1168
f 1160/1145/1169 1161/1144/1169 1167/1150/1169 1166/1151/1169
f 1161/1144/1170 1162/1146/1170 1168/1152/1170 1167/1150/1170
f 1162/1146/1171 1163/1147/1171 1169/1153/1171 1168/1152/1171
f 1163/1147/1172 1164/1148/1172 1170/1154/1172 1169/1153/1172
f 1164/1148/1173 1165/1149/1173 1171/1155/1173 1170/1154/1173
f 1165/1149/1174 1160/1145/1174 1166/1151/1174 1171/1155/1174
f 1166/1151/1175 1167/1150/1175 1173/1156/1175 1172/1157/1175
f 1167/1150/1176 1168/1152/1176 1174/1158/1176 1173/1156/1176
f 1168/1152/1177 1169/1153/1177 1175/1159/1177 1174/1158/1177
f 1169/1153/1178 1170/1154/1178 1176/1160/1178 1175/1159/1178
f 1170/1154/1179 1171/1155/1179 1177/1161/1179 1176/1160/1179
f 1171/1155/1180 1166/1151/1180 1172/1157/1180 1177/1161/1180
f 1147/1136/1181 1146/1134/1181 1145/1132/1181 1144/1130/1181 1143/1127/1181 1142/1126/1181
f 1172/1157/1182 1173/1156/1182 1174/1158/1182 1175/1159/1182 1176/1160/1182 1177/1161/1182
o Leaf_019
v -0.375136 2.257528 0.489089
v -0.265687 2.207272 0.577879
v -0.118313 2.231082 0.587988
v -0.019343 2.315010 0.513495
v -0.026753 2.409892 0.398036
v -0.136201 2.460148 0.309246
v -0.283575 2.436338 0.299137
v -0.382545 2.352410 0.373630
v -0.202563 2.341106 0.449745
v -0.368615 2.253896 0.482777
v -0.262450 2.205148 0.568904
v -0.119497 2.228244 0.578710
v -0.023496 2.309654 0.506451
v -0.030683 2.401690 0.394456
v -0.136848 2.450438 0.308330
v -0.279801 2.427342 0.298524
v -0.375802 2.345932 0.370782
v -0.200944 2.333710 0.443562
vn -0.2011 0.7253 0.6584
vn -0.1627 0.7213 0.6732
vn -0.1259 0.7374 0.6636
vn -0.1122 0.7642 0.6352
vn -0.1296 0.7859 0.6046
vn -0.1681 0.7898 0.5898
vn -0.2049 0.7737 0.5995
vn -0.2186 0.7470 0.6279
vn -0.4493 -0.8920 0.0490
vn 0.1350 -0.9522 0.2741
vn 0.6956 -0.7070 0.1275
vn 0.9039 -0.3002 -0.3047
vn 0.6380 0.0301 -0.7694
vn 0.0536 0.0903 -0.9945
vn -0.5069 -0.1549 -0.8480
vn -0.7152 -0.5618 -0.4157
vn 0.1950 -0.7309 -0.6540
vn 0.1633 -0.7277 -0.6662
vn 0.1329 -0.7410 -0.6583
vn 0.1216 -0.7630 -0.6348
vn 0.1360 -0.7809 -0.6096
vn 0.1677 -0.7842 -0.5974
vn 0.1981 -0.7709 -0.6054
vn 0.2094 -0.7488 -0.6288
vt 0.500000 0.500000
vt 0.961940 0.691342
vt 0.691342 0.961940
vt 0.308658 0.961940
vt 0.038060 0.691342
vt 0.038060 0.308658
vt 0.308658 0.038060
vt 0.691342 0.038060
vt 0.961940 0.308658
vt 0.948082 0.685601
vt 0.685601 0.948082
vt 0.314399 0.948082
vt 0.051918 0.685601
vt 0.051918 0.314399
vt 0.314399 0.051918
vt 0.685601 0.051918
vt 0.948082 0.314399
s 0
usemtl LeafMat
f 1186/1162/1183 1178/1163/1183 1179/1164/1183
f 1186/1162/1184 1179/1164/1184 1180/1165/1184
f 1186/1162/1185 1180/1165/1185 1181/1166/1185
f 1186/1162/1186 1181/1166/1186 1182/1167/1186
f 1186/1162/1187 1182/1167/1187 1183/1168/1187
f 1186/1162/1188 1183/1168/1188 1184/1169/1188
f 1186/1162/1189 1184/1169/1189 1185/1170/1189
f 1186/1162/1190 1185/1170/1190 1178/1163/1190
f 1179/1164/1191 1178/1163/1191 1187/1171/1191 1188/1172/1191
f 1180/1165/1192 1179/1164/1192 1188/1172/1192 1189/1173/1192
f 1181/1166/1193 1180/1165/1193 1189/1173/1193 1190/1174/1193
f 1182/1167/1194 1181/1166/1194 1190/1174/1194 1191/1175/1194
f 1183/1168/1195 1182/1167/1195 1191/1175/1195 1192/1176/1195
f 1184/1169/1196 1183/1168/1196 1192/1176/1196 1193/1177/1196
f 1185/1170/1197 1184/1169/1197 1193/1177/1197 1194/1178/1197
f 1178/1163/1198 1185/1170/1198 1194/1178/1198 1187/1171/1198
f 1195/1162/1199 1188/1172/1199 1187/1171/1199
f 1195/1162/1200 1189/1173/1200 1188/1172/1200
f 1195/1162/1201 1190/1174/1201 1189/1173/1201
f 1195/1162/1202 1191/1175/1202 1190/1174/1202
f 1195/1162/1203 1192/1176/1203 1191/1175/1203
f 1195/1162/1204 1193/1177/1204 1192/1176/1204
f 1195/1162/1205 1194/1178/1205 1193/1177/1205
f 1195/1162/1206 1187/1171/1206 1194/1178/1206
o Stem_020
v 0.040576 1.735126 -0.130146
v 0.031142 1.736617 -0.124908
v 0.031142 1.739510 -0.114406
v 0.040576 1.740913 -0.109144
v 0.050009 1.739423 -0.114382
v 0.050009 1.736529 -0.124884
v 0.041742 1.969095 -0.193703
v 0.033065 1.970753 -0.188972
v 0.033065 1.973743 -0.179407
v 0.041742 1.975075 -0.174573
v 0.050419 1.973417 -0.179305
v 0.050419 1.970426 -0.188870
v 0.057494 2.153042 -0.246149
v 0.054071 2.149935 -0.254126
v 0.044961 2.149935 -0.255544
v 0.039275 2.153042 -0.248986
v 0.042698 2.156149 -0.241009
v 0.051807 2.156149 -0.239591
v 0.068734 2.280892 -0.307884
v 0.066099 2.276846 -0.314858
v 0.057868 2.276846 -0.316906
v 0.052272 2.280892 -0.311981
v 0.054907 2.284938 -0.305007
v 0.063138 2.284938 -0.302959
v 0.085479 2.355634 -0.368699
v 0.083018 2.350035 -0.373546
v 0.075637 2.350035 -0.376080
v 0.070718 2.355634 -0.373767
v 0.073179 2.361233 -0.368921
v 0.080560 2.361233 -0.366387
v 0.107875 2.377268 -0.428902
v 0.105230 2.371373 -0.432032
v 0.098526 2.371373 -0.434600
v 0.094466 2.377268 -0.434038
v 0.097111 2.383162 -0.430907
v 0.103816 2.383162 -0.428340
vn -0.4996 -0.2248 -0.8366
vn -1.0000 0.0076 -0.0022
vn -0.5001 0.2354 0.8334
vn 0.4997 0.2308 0.8349
vn 1.0000 -0.0016 0.0005
vn 0.5001 -0.2293 -0.8350
vn 0.2810 -0.3213 -0.9043
vn -0.6892 -0.2117 -0.6930
vn -0.9709 0.1151 0.2100
vn -0.2812 0.3319 0.9004
vn 0.6894 0.2222 0.6894
vn 0.9712 -0.1048 -0.2141
vn 0.9364 -0.2178 -0.2752
vn 0.1760 -0.4407 -0.8802
vn -0.7609 -0.2205 -0.6102
vn -0.9357 0.2260 0.2710
vn -0.1751 0.4492 0.8761
vn 0.7618 0.2285 0.6062
vn 0.9356 -0.3247 -0.1384
vn 0.2157 -0.6429 -0.7349
vn -0.7201 -0.3250 -0.6131
vn -0.9334 0.3346 0.1294
vn -0.2128 0.6549 0.7251
vn 0.7228 0.3341 0.6049
vn 0.8616 -0.4855 0.1480
vn 0.1098 -0.9467 -0.3030
vn -0.7505 -0.4700 -0.4646
vn -0.8565 0.4910 -0.1591
vn -0.1070 0.9494 0.2953
vn 0.7544 0.4763 0.4518
vn -0.0048 -0.9641 0.2656
vn 0.3391 0.3180 -0.8854
vt 0.324606 6.940505
vt 0.249140 6.946466
vt 0.264518 7.883013
vt 0.333934 7.876379
vt 0.249140 6.958041
vt 0.264518 7.894973
vt 0.324606 6.963653
vt 0.333934 7.900300
vt 0.400072 6.957691
vt 0.403350 7.893666
vt 0.400072 6.946117
vt 0.403350 7.881706
vt 0.432568 8.599742
vt 0.459953 8.612169
vt 0.359690 8.599742
vt 0.314196 8.612169
vt 0.341582 8.624597
vt 0.414460 8.624597
vt 0.528795 9.107383
vt 0.549874 9.123568
vt 0.462947 9.107383
vt 0.418179 9.123568
vt 0.439258 9.139752
vt 0.505106 9.139752
vt 0.664144 9.400140
vt 0.683834 9.422535
vt 0.605100 9.400140
vt 0.565745 9.422535
vt 0.585436 9.444930
vt 0.644480 9.444930
vt 0.841839 9.485493
vt 0.862998 9.509071
vt 0.788205 9.485493
vt 0.755731 9.509071
vt 0.776891 9.532650
vt 0.830524 9.532650
s 0
usemtl StemMat
f 1196/1179/1207 1197/1180/1207 1203/1181/1207 1202/1182/1207
f 1197/1180/1208 1198/1183/1208 1204/1184/1208 1203/1181/1208
f 1198/1183/1209 1199/1185/1209 1205/1186/1209 1204/1184/1209
f 1199/1185/1210 1200/1187/1210 1206/1188/1210 1205/1186/1210
f 1200/1187/1211 1201/1189/1211 1207/1190/1211 1206/1188/1211
f 1201/1189/1212 1196/1179/1212 1202/1182/1212 1207/1190/1212
f 1202/1182/1213 1203/1181/1213 1209/1191/1213 1208/1192/1213
f 1203/1181/1214 1204/1184/1214 1210/1193/1214 1209/1191/1214
f 1204/1184/1215 1205/1186/1215 1211/1194/1215 1210/1193/1215
f 1205/1186/1216 1206/1188/1216 1212/1195/1216 1211/1194/1216
f 1206/1188/1217 1207/1190/1217 1213/1196/1217 1212/1195/1217
f 1207/1190/1218 1202/1182/1218 1208/1192/1218 1213/1196/1218
f 1208/1192/1219 1209/1191/1219 1215/1197/1219 1214/1198/1219
f 1209/1191/1220 1210/1193/1220 1216/1199/1220 1215/1197/1220
f 1210/1193/1221 1211/1194/1221 1217/1200/1221 1216/1199/1221
f 1211/1194/1222 1212/1195/1222 1218/1201/1222 1217/1200/1222
f 1212/1195/1223 1213/1196/1223 1219/1202/1223 1218/1201/1223
f 1213/1196/1224 1208/1192/1224 1214/1198/1224 1219/1202/1224
f 1214/1198/1225 1215/1197/1225 1221/1203/1225 1220/1204/1225
f 1215/1197/1226 1216/1199/1226 1222/1205/1226 1221/1203/1226
f 1216/1199/1227 1217/1200/1227 1223/1206/1227 1222/1205/1227
f 1217/1200/1228 1218/1201/1228 1224/1207/1228 1223/1206/1228
f 1218/1201/1229 1219/1202/1229 1225/1208/1229 1224/1207/1229
f 1219/1202/1230 1214/1198/1230 1220/1204/1230 1225/1208/1230
f 1220/1204/1231 1221/1203/1231 1227/1209/1231 1226/1210/1231
f 1221/1203/1232 1222/1205/1232 1228/1211/1232 1227/1209/1232
f 1222/1205/1233 1223/1206/1233 1229/1212/1233 1228/1211/1233
f 1223/1206/1234 1224/1207/1234 1230/1213/1234 1229/1212/1234
f 1224/1207/1235 1225/1208/1235 1231/1214/1235 1230/1213/1235
f 1225/1208/1236 1220/1204/1236 1226/1210/1236 1231/1214/1236
f 1201/1189/1237 1200/1187/1237 1199/1185/1237 1198/1183/1237 1197/1180/1237 1196/1179/1237
f 1226/1210/1238 1227/1209/1238 1228/1211/1238 1229/1212/1238 1230/1213/1238 1231/1214/1238
o Leaf_020
v 0.385926 2.217513 -0.557015
v 0.235789 2.141670 -0.714573
v 0.011564 2.175636 -0.755648
v -0.155401 2.299515 -0.656178
v -0.167301 2.440740 -0.474432
v -0.017165 2.516583 -0.316875
v 0.207060 2.482617 -0.275800
v 0.374026 2.358738 -0.375269
v 0.112706 2.340816 -0.524585
v 0.374912 2.211509 -0.548688
v 0.229280 2.137941 -0.701519
v 0.011781 2.170888 -0.741361
v -0.150175 2.291051 -0.644876
v -0.161718 2.428039 -0.468582
v -0.016086 2.501607 -0.315751
v 0.201412 2.468660 -0.275908
v 0.363369 2.348498 -0.372394
v 0.109312 2.329126 -0.515724
vn 0.2642 0.7462 -0.6110
vn 0.2279 0.7422 -0.6303
vn 0.1899 0.7575 -0.6246
vn 0.1725 0.7832 -0.5973
vn 0.1859 0.8043 -0.5644
vn 0.2223 0.8084 -0.5451
vn 0.2603 0.7931 -0.5507
vn 0.2777 0.7673 -0.5781
vn 0.4671 -0.8840 -0.0195
vn -0.0859 -0.9459 -0.3130
vn -0.6638 -0.7127 -0.2267
vn -0.9281 -0.3211 0.1887
vn -0.7239 -0.0004 0.6899
vn -0.1708 0.0615 0.9834
vn 0.4071 -0.1717 0.8971
vn 0.6713 -0.5633 0.4817
vn -0.2575 -0.7517 0.6072
vn -0.2275 -0.7483 0.6231
vn -0.1962 -0.7610 0.6184
vn -0.1818 -0.7822 0.5959
vn -0.1929 -0.7996 0.5687
vn -0.2229 -0.8030 0.5528
vn -0.2542 -0.7903 0.5575
vn -0.2686 -0.7691 0.5800
vt 0.500000 0.500000
vt 0.961940 0.691342
vt 0.691342 0.961940
vt 0.308658 0.961940
vt 0.038060 0.691342
vt 0.038060 0.308658
vt 0.308658 0.038060
vt 0.691342 0.038060
vt 0.961940 0.308658
vt 0.948082 0.685601
vt 0.685601 0.948082
vt 0.314399 0.948082
vt 0.051918 0.685601
vt 0.051918 0.314399
vt 0.314399 0.051918
vt 0.685601 0.051918
vt 0.948082 0.314399
s 0
usemtl LeafMat
f 1240/1215/1239 1232/1216/1239 1233/1217/1239
f 1240/1215/1240 1233/1217/1240 1234/1218/1240
f 1240/1215/1241 1234/1218/1241 1235/1219/1241
f 1240/1215/1242 1235/1219/1242 1236/1220/1242
f 1240/1215/1243 1236/1220/1243 1237/1221/1243
f 1240/1215/1244 1237/1221/1244 1238/1222/1244
f 1240/1215/1245 1238/1222/1245 1239/1223/1245
f 1240/1215/1246 1239/1223/1246 1232/1216/1246
f 1233/1217/1247 1232/1216/1247 1241/1224/1247 1242/1225/1247
f 1234/1218/1248 1233/1217/1248 1242/1225/1248 1243/1226/1248
f 1235/1219/1249 1234/1218/1249 1243/1226/1249 1244/1227/1249
f 1236/1220/1250 1235/1219/1250 1244/1227/1250 1245/1228/1250
f 1237/1221/1251 1236/1220/1251 1245/1228/1251 1246/1229/1251
f 1238/1222/1252 1237/1221/1252 1246/1229/1252 1247/1230/1252
f 1239/1223/1253 1238/1222/1253 1247/1230/1253 1248/1231/1253
f 1232/1216/1254 1239/1223/1254 1248/1231/1254 1241/1224/1254
f 1249/1215/1255 1242/1225/1255 1241/1224/1255
f 1249/1215/1256 1243/1226/1256 1242/1225/1256
f 1249/1215/1257 1244/1227/1257 1243/1226/1257
f 1249/1215/1258 1245/1228/1258 1244/1227/1258
f 1249/1215/1259 1246/1229/1259 1245/1228/1259
f 1249/1215/1260 1247/1230/1260 1246/1229/1260
f 1249/1215/1261 1248/1231/1261 1247/1230/1261
f 1249/1215/1262 1241/1224/1262 1248/1231/1262
o Stem_021
v 0.110604 1.562110 0.010011
v 0.123090 1.554313 -0.004325
v 0.117346 1.554313 -0.024053
v 0.099116 1.562110 -0.029446
v 0.086630 1.569906 -0.015110
v 0.092374 1.569906 0.004618
v 0.268439 1.901310 -0.037660
v 0.279893 1.893421 -0.050464
v 0.275062 1.893421 -0.068740
v 0.258778 1.901310 -0.074212
v 0.247325 1.909199 -0.061408
v 0.252155 1.909199 -0.043132
v 0.427463 2.168784 -0.077728
v 0.437565 2.159963 -0.088801
v 0.433900 2.159963 -0.105802
v 0.420134 2.168784 -0.111730
v 0.410032 2.177604 -0.100657
v 0.413696 2.177604 -0.083656
v 0.588077 2.364531 -0.110318
v 0.596151 2.354472 -0.119785
v 0.593503 2.354472 -0.135565
v 0.582781 2.364531 -0.141877
v 0.574706 2.374590 -0.132410
v 0.577354 2.374590 -0.116631
v 0.750276 2.488553 -0.135428
v 0.755185 2.477221 -0.143439
v 0.753409 2.477221 -0.158052
v 0.746725 2.488553 -0.164654
v 0.741816 2.499884 -0.156643
v 0.743591 2.499884 -0.142030
v 0.914366 2.540847 -0.153085
v 0.917208 2.529665 -0.160175
v 0.915856 2.529665 -0.173650
v 0.911660 2.540847 -0.180034
v 0.908817 2.552029 -0.172943
v 0.910170 2.552029 -0.159469
vn 0.6690 -0.2118 0.7125
vn 0.8676 -0.4347 -0.2414
vn 0.2007 -0.2198 -0.9547
vn -0.6657 0.2185 -0.7135
vn -0.8644 0.4416 0.2405
vn -0.1973 0.2265 0.9538
vn 0.6199 -0.2589 0.7408
vn 0.8298 -0.5210 -0.1998
vn 0.2131 -0.2594 -0.9420
vn -0.6156 0.2660 -0.7419
vn -0.8255 0.5282 0.1988
vn -0.2088 0.2664 0.9410
vn 0.5447 -0.3192 0.7755
vn 0.7546 -0.6399 -0.1453
vn 0.2151 -0.3193 -0.9229
vn -0.5386 0.3265 -0.7767
vn -0.7484 0.6474 0.1441
vn -0.2090 0.3265 0.9218
vn 0.4302 -0.4001 0.8092
vn 0.5997 -0.7955 -0.0873
vn 0.1779 -0.3985 -0.8998
vn -0.4213 0.4066 -0.8106
vn -0.5905 0.8025 0.0859
vn -0.1691 0.4049 0.8986
vn 0.2433 -0.4811 0.8422
vn 0.3044 -0.9520 -0.0339
vn 0.0684 -0.4735 -0.8782
vn -0.2331 0.4851 -0.8428
vn -0.2952 0.9549 0.0329
vn -0.0578 0.4777 0.8766
vn -0.4207 -0.8989 0.1225
vn 0.9487 0.3016 -0.0953
vt 0.884831 6.248438
vt 0.984719 6.217251
vt 2.239141 7.573684
vt 2.147514 7.605239
vt 0.938769 6.217251
vt 2.200497 7.573684
vt 0.792931 6.248438
vt 2.070225 7.605239
vt 0.693043 6.279626
vt 1.978598 7.636795
vt 0.738994 6.279626
vt 2.017242 7.636795
vt 3.500519 8.639853
vt 3.419703 8.675135
vt 3.471202 8.639853
vt 3.361069 8.675135
vt 3.280253 8.710416
vt 3.309570 8.710416
vt 4.769211 9.417890
vt 4.704614 9.458125
vt 4.748027 9.417890
vt 4.662246 9.458125
vt 4.597650 9.498361
vt 4.618834 9.498361
vt 6.041478 9.908883
vt 6.002207 9.954210
vt 6.027274 9.908883
vt 5.973799 9.954210
vt 5.934527 9.999537
vt 5.948731 9.999537
vt 7.337667 10.118661
vt 7.314927 10.163389
vt 7.326844 10.118661
vt 7.293280 10.163389
vt 7.270539 10.208117
vt 7.281363 10.208117
s 0
usemtl StemMat
f 1250/1232/1263 1251/1233/1263 1257/1234/1263 1256/1235/1263
f 1251/1233/1264 1252/1236/1264 1258/1237/1264 1257/1234/1264
f 1252/1236/1265 1253/1238/1265 1259/1239/1265 1258/1237/1265
f 1253/1238/1266 1254/1240/1266 1260/1241/1266 1259/1239/1266
f 1254/1240/1267 1255/1242/1267 1261/1243/1267 1260/1241/1267
f 1255/1242/1268 1250/1232/1268 1256/1235/1268 1261/1243/1268
f 1256/1235/1269 1257/1234/1269 1263/1244/1269 1262/1245/1269
f 1257/1234/1270 1258/1237/1270 1264/1246/1270 1263/1244/1270
f 1258/1237/1271 1259/1239/1271 1265/1247/1271 1264/1246/1271
f 1259/1239/1272 1260/1241/1272 1266/1248/1272 1265/1247/1272
f 1260/1241/1273 1261/1243/1273 1267/1249/1273 1266/1248/1273
f 1261/1243/1274 1256/1235/1274 1262/1245/1274 1267/1249/1274
f 1262/1245/1275 1263/1244/1275 1269/1250/1275 1268/1251/1275
f 1263/1244/1276 1264/1246/1276 1270/1252/1276 1269/1250/1276
f 1264/1246/1277 1265/1247/1277 1271/1253/1277 1270/1252/1277
f 1265/1247/1278 1266/1248/1278 1272/1254/1278 1271/1253/1278
f 1266/1248/1279 1267/1249/1279 1273/1255/1279 1272/1254/1279
f 1267/1249/1280 1262/1245/1280 1268/1251/1280 1273/1255/1280
f 1268/1251/1281 1269/1250/1281 1275/1256/1281 1274/1257/1281
f 1269/1250/1282 1270/1252/1282 1276/1258/1282 1275/1256/1282
f 1270/1252/1283 1271/1253/1283 1277/1259/1283 1276/1258/1283
f 1271/1253/1284 1272/1254/1284 1278/1260/1284 1277/1259/1284
f 1272/1254/1285 1273/1255/1285 1279/1261/1285 1278/1260/1285
f 1273/1255/1286 1268/1251/1286 1274/1257/1286 1279/1261/1286
f 1274/1257/1287 1275/1256/1287 1281/1262/1287 1280/1263/1287
f 1275/1256/1288 1276/1258/1288 1282/1264/1288 1281/1262/1288
f 1276/1258/1289 1277/1259/1289 1283/1265/1289 1282/1264/1289
f 1277/1259/1290 1278/1260/1290 1284/1266/1290 1283/1265/1290
f 1278/1260/1291 1279/1261/1291 1285/1267/1291 1284/1266/1291
f 1279/1261/1292 1274/1257/1292 1280/1263/1292 1285/1267/1292
f 1255/1242/1293 1254/1240/1293 1253/1238/1293 1252/1236/1293 1251/1233/1293 1250/1232/1293
f 1280/1263/1294 1281/1262/1294 1282/1264/1294 1283/1265/1294 1284/1266/1294 1285/1267/1294
o Leaf_021
v 1.069843 2.423083 0.145438
v 1.186934 2.275505 -0.007737
v 1.189804 2.245360 -0.248642
v 1.076773 2.350307 -0.436158
v 0.914052 2.528869 -0.460440
v 0.796961 2.676446 -0.307265
v 0.794091 2.706591 -0.066360
v 0.907122 2.601645 0.121155
v 1.003718 2.486542 -0.158683
v 1.058089 2.416217 0.137295
v 1.171667 2.273066 -0.011285
v 1.174452 2.243826 -0.244962
v 1.064811 2.345624 -0.426852
v 0.906972 2.518829 -0.450406
v 0.793394 2.661980 -0.301827
v 0.790610 2.691220 -0.068149
v 0.900250 2.589422 0.113741
v 0.991948 2.475976 -0.157501
vn 0.7662 0.6418 -0.0327
vn 0.7772 0.6254 -0.0690
vn 0.7671 0.6323 -0.1085
vn 0.7417 0.6585 -0.1280
vn 0.7159 0.6885 -0.1161
vn 0.7048 0.7049 -0.0798
vn 0.7150 0.6980 -0.0403
vn 0.7404 0.6719 -0.0208
vn -0.0400 -0.7347 0.6772
vn 0.1282 -0.9839 0.1246
vn -0.0263 -0.8790 -0.4761
vn -0.4129 -0.4814 -0.7731
vn -0.8053 -0.0241 -0.5924
vn -0.9735 0.2251 -0.0398
vn -0.8191 0.1202 0.5610
vn -0.4324 -0.2773 0.8580
vn -0.7621 -0.6462 0.0400
vn -0.7712 -0.6327 0.0700
vn -0.7629 -0.6384 0.1026
vn -0.7419 -0.6599 0.1187
vn -0.7206 -0.6847 0.1089
vn -0.7115 -0.6983 0.0789
vn -0.7199 -0.6926 0.0463
vn -0.7408 -0.6710 0.0302
vt 0.500000 0.500000
vt 0.961940 0.691342
vt 0.691342 0.961940
vt 0.308658 0.961940
vt 0.038060 0.691342
vt 0.038060 0.308658
vt 0.308658 0.038060
vt 0.691342 0.038060
vt 0.961940 0.308658
vt 0.948082 0.685601
vt 0.685601 0.948082
vt 0.314399 0.948082
vt 0.051918 0.685601
vt 0.051918 0.314399
vt 0.314399 0.051918
vt 0.685601 0.051918
vt 0.948082 0.314399
s 0
usemtl LeafMat
f 1294/1268/1295 1286/1269/1295 1287/1270/1295
f 1294/1268/1296 1287/1270/1296 1288/1271/1296
f 1294/1268/1297 1288/1271/1297 1289/1272/1297
f 1294/1268/1298 1289/1272/1298 1290/1273/1298
f 1294/1268/1299 1290/1273/1299 1291/1274/1299
f 1294/1268/1300 1291/1274/1300 1292/1275/1300
f 1294/1268/1301 1292/1275/1301 1293/1276/1301
f 1294/1268/1302 1293/1276/1302 1286/1269/1302
f 1287/1270/1303 1286/1269/1303 1295/1277/1303 1296/1278/1303
f 1288/1271/1304 1287/1270/1304 1296/1278/1304 1297/1279/1304
f 1289/1272/1305 1288/1271/1305 1297/1279/1305 1298/1280/1305
f 1290/1273/1306 1289/1272/1306 1298/1280/1306 1299/1281/1306
f 1291/1274/1307 1290/1273/1307 1299/1281/1307 1300/1282/1307
f 1292/1275/1308 1291/1274/1308 1300/1282/1308 1301/1283/1308
f 1293/1276/1309 1292/1275/1309 1301/1283/1309 1302/1284/1309
f 1286/1269/1310 1293/1276/1310 1302/1284/1310 1295/1277/1310
f 1303/1268/1311 1296/1278/1311 1295/1277/1311
f 1303/1268/1312 1297/1279/1312 1296/1278/1312
f 1303/1268/1313 1298/1280/1313 1297/1279/1313
f 1303/1268/1314 1299/1281/1314 1298/1280/1314
f 1303/1268/1315 1300/1282/1315 1299/1281/1315
f 1303/1268/1316 1301/1283/1316 1300/1282/1316
f 1303/1268/1317 1302/1284/1317 1301/1283/1317
f 1303/1268/1318 1295/1277/1318 1302/1284/1318
o Stem_022
v -0.099864 1.629775 -0.059279
v -0.110898 1.626610 -0.052449
v -0.110898 1.627221 -0.039106
v -0.099864 1.630996 -0.032593
v -0.088831 1.634160 -0.039424
v -0.088831 1.633550 -0.052767
v -0.223157 2.028093 -0.076247
v -0.233941 2.024193 -0.071833
v -0.235982 2.024193 -0.059715
v -0.227238 2.028093 -0.052012
v -0.216454 2.031994 -0.056426
v -0.214413 2.031994 -0.068544
v -0.347128 2.294867 -0.098180
v -0.356221 2.289375 -0.094312
v -0.358543 2.289375 -0.083248
v -0.351771 2.294867 -0.076051
v -0.342678 2.300359 -0.079919
v -0.340356 2.300359 -0.090984
v -0.470099 2.430705 -0.124985
v -0.475006 2.422519 -0.120851
v -0.477528 2.422519 -0.110760
v -0.475143 2.430705 -0.104804
v -0.470236 2.438891 -0.108938
v -0.467714 2.438891 -0.119028
v -0.592096 2.435609 -0.156670
v -0.590505 2.427889 -0.151244
v -0.593120 2.427889 -0.142039
v -0.597326 2.435609 -0.138261
v -0.598917 2.443328 -0.143686
v -0.596302 2.443328 -0.152891
v -0.713124 2.309577 -0.193240
v -0.709284 2.304173 -0.187448
v -0.711881 2.304173 -0.179037
v -0.718318 2.309577 -0.176417
v -0.722158 2.314981 -0.182210
v -0.719561 2.314981 -0.190621
vn -0.4083 -0.1674 -0.8974
vn -0.9513 -0.3005 -0.0690
vn -0.5445 -0.1314 0.8284
vn 0.4068 0.1716 0.8972
vn 0.9499 0.3049 0.0688
vn 0.5430 0.1356 -0.8287
vn -0.2890 -0.2117 -0.9336
vn -0.8895 -0.4252 -0.1674
vn -0.6065 -0.2132 0.7660
vn 0.2863 0.2170 0.9332
vn 0.8868 0.4309 0.1669
vn 0.6039 0.2185 -0.7666
vn -0.1848 -0.3484 -0.9189
vn -0.7189 -0.6753 -0.1646
vn -0.5604 -0.3477 0.7517
vn 0.1773 0.3554 0.9177
vn 0.7093 0.6860 0.1624
vn 0.5535 0.3543 -0.7538
vn 0.1920 -0.5347 -0.8230
vn -0.0434 -0.9990 -0.0115
vn -0.2444 -0.5264 0.8143
vn -0.2030 0.5352 0.8200
vn 0.0322 0.9994 0.0086
vn 0.2334 0.5269 -0.8172
vn 0.5965 -0.3644 -0.7151
vn 0.6765 -0.7087 0.2002
vn 0.0973 -0.3713 0.9234
vn -0.6004 0.3614 0.7134
vn -0.6763 0.7089 -0.2001
vn -0.1020 0.3679 -0.9243
vn 0.3003 -0.9529 0.0436
vn -0.6773 -0.7054 -0.2091
vt -0.798916 6.519099
vt -0.887185 6.506441
vt -1.871529 8.096771
vt -1.785254 8.112373
vt -0.887185 6.508882
vt -1.887855 8.096771
vt -0.798916 6.523982
vt -1.817906 8.112373
vt -0.710647 6.536641
vt -1.731630 8.127975
vt -0.710647 6.534199
vt -1.715304 8.127975
vt -2.849771 9.157499
vt -2.777026 9.179468
vt -2.868342 9.157499
vt -2.814168 9.179468
vt -2.741422 9.201437
vt -2.722851 9.201437
vt -3.800047 9.690078
vt -3.760789 9.722821
vt -3.820225 9.690078
vt -3.801145 9.722821
vt -3.761887 9.755565
vt -3.741709 9.755565
vt -4.724041 9.711557
vt -4.736771 9.742435
vt -4.744961 9.711557
vt -4.778609 9.742435
vt -4.791338 9.773314
vt -4.770419 9.773314
vt -5.674270 9.216694
vt -5.704988 9.238310
vt -5.695047 9.216694
vt -5.746544 9.238310
vt -5.777262 9.259926
vt -5.756485 9.259926
s 0
usemtl StemMat
f 1304/1285/1319 1305/1286/1319 1311/1287/1319 1310/1288/1319
f 1305/1286/1320 1306/1289/1320 1312/1290/1320 1311/1287/1320
f 1306/1289/1321 1307/1291/1321 1313/1292/1321 1312/1290/1321
f 1307/1291/1322 1308/1293/1322 1314/1294/1322 1313/1292/1322
f 1308/1293/1323 1309/1295/1323 1315/1296/1323 1314/1294/1323
f 1309/1295/1324 1304/1285/1324 1310/1288/1324 1315/1296/1324
f 1310/1288/1325 1311/1287/1325 1317/1297/1325 1316/1298/1325
f 1311/1287/1326 1312/1290/1326 1318/1299/1326 1317/1297/1326
f 1312/1290/1327 1313/1292/1327 1319/1300/1327 1318/1299/1327
f 1313/1292/1328 1314/1294/1328 1320/1301/1328 1319/1300/1328
f 1314/1294/1329 1315/1296/1329 1321/1302/1329 1320/1301/1329
f 1315/1296/1330 1310/1288/1330 1316/1298/1330 1321/1302/1330
f 1316/1298/1331 1317/1297/1331 1323/1303/1331 1322/1304/1331
f 1317/1297/1332 1318/1299/1332 1324/1305/1332 1323/1303/1332
f 1318/1299/1333 1319/1300/1333 1325/1306/1333 1324/1305/1333
f 1319/1300/1334 1320/1301/1334 1326/1307/1334 1325/1306/1334
f 1320/1301/1335 1321/1302/1335 1327/1308/1335 1326/1307/1335
f 1321/1302/1336 1316/1298/1336 1322/1304/1336 1327/1308/1336
f 1322/1304/1337 1323/1303/1337 1329/1309/1337 1328/1310/1337
f 1323/1303/1338 1324/1305/1338 1330/1311/1338 1329/1309/1338
f 1324/1305/1339 1325/1306/1339 1331/1312/1339 1330/1311/1339
f 1325/1306/1340 1326/1307/1340 1332/1313/1340 1331/1312/1340
f 1326/1307/1341 1327/1308/1341 1333/1314/1341 1332/1313/1341
f 1327/1308/1342 1322/1304/1342 1328/1310/1342 1333/1314/1342
f 1328/1310/1343 1329/1309/1343 1335/1315/1343 1334/1316/1343
f 1329/1309/1344 1330/1311/1344 1336/1317/1344 1335/1315/1344
f 1330/1311/1345 1331/1312/1345 1337/1318/1345 1336/1317/1345
f 1331/1312/1346 1332/1313/1346 1338/1319/1346 1337/1318/1346
f 1332/1313/1347 1333/1314/1347 1339/1320/1347 1338/1319/1347
f 1333/1314/1348 1328/1310/1348 1334/1316/1348 1339/1320/1348
f 1309/1295/1349 1308/1293/1349 1307/1291/1349 1306/1289/1349 1305/1286/1349 1304/1285/1349
f 1334/1316/1350 1335/1315/1350 1336/1317/1350 1337/1318/1350 1338/1319/1350 1339/1320/1350
o Leaf_022
v -0.966545 2.629604 0.306569
v -0.954738 2.947596 0.032050
v -0.840025 2.988872 -0.370140
v -0.689604 2.729253 -0.664403
v -0.591589 2.320820 -0.678364
v -0.603396 2.002828 -0.403845
v -0.718109 1.961552 -0.001655
v -0.868530 2.221171 0.292608
v -0.804691 2.469333 -0.193810
v -0.940421 2.629675 0.298124
v -0.928968 2.938128 0.031841
v -0.817697 2.978165 -0.358283
v -0.671788 2.726335 -0.643718
v -0.576714 2.330155 -0.657261
v -0.588167 2.021703 -0.390977
v -0.699438 1.981665 -0.000853
v -0.845347 2.233495 0.284582
v -0.779067 2.475212 -0.185898
vn -0.9513 -0.1804 -0.2499
vn -0.9446 -0.1613 -0.2860
vn -0.9304 -0.1729 -0.3231
vn -0.9172 -0.2085 -0.3395
vn -0.9126 -0.2472 -0.3256
vn -0.9194 -0.2663 -0.2896
vn -0.9335 -0.2547 -0.2525
vn -0.9467 -0.2191 -0.2360
vn 0.2374 0.6297 0.7397
vn 0.3399 0.9208 0.1914
vn 0.5547 0.7439 -0.3728
vn 0.7559 0.2027 -0.6225
vn 0.8258 -0.3858 -0.4114
vn 0.7233 -0.6769 0.1368
vn 0.5085 -0.5000 0.7010
vn 0.3072 0.0412 0.9507
vn 0.9484 0.1864 0.2567
vn 0.9428 0.1706 0.2864
vn 0.9311 0.1802 0.3170
vn 0.9202 0.2095 0.3306
vn 0.9164 0.2415 0.3191
vn 0.9220 0.2572 0.2894
vn 0.9337 0.2477 0.2588
vn 0.9446 0.2183 0.2452
vt 0.500000 0.500000
vt 0.961940 0.691342
vt 0.691342 0.961940
vt 0.308658 0.961940
vt 0.038060 0.691342
vt 0.038060 0.308658
vt 0.308658 0.038060
vt 0.691342 0.038060
vt 0.961940 0.308658
vt 0.948082 0.685601
vt 0.685601 0.948082
vt 0.314399 0.948082
vt 0.051918 0.685601
vt 0.051918 0.314399
vt 0.314399 0.051918
vt 0.685601 0.051918
vt 0.948082 0.314399
s 0
usemtl LeafMat
f 1348/1321/1351 1340/1322/1351 1341/1323/1351
f 1348/1321/1352 1341/1323/1352 1342/1324/1352
f 1348/1321/1353 1342/1324/1353 1343/1325/1353
f 1348/1321/1354 1343/1325/1354 1344/1326/1354
f 1348/1321/1355 1344/1326/1355 1345/1327/1355
f 1348/1321/1356 1345/1327/1356 1346/1328/1356
f 1348/1321/1357 1346/1328/1357 1347/1329/1357
f 1348/1321/1358 1347/1329/1358 1340/1322/1358
f 1341/1323/1359 1340/1322/1359 1349/1330/1359 1350/1331/1359
f 1342/1324/1360 1341/1323/1360 1350/1331/1360 1351/1332/1360
f 1343/1325/1361 1342/1324/1361 1351/1332/1361 1352/1333/1361
f 1344/1326/1362 1343/1325/1362 1352/1333/1362 1353/1334/1362
f 1345/1327/1363 1344/1326/1363 1353/1334/1363 1354/1335/1363
f 1346/1328/1364 1345/1327/1364 1354/1335/1364 1355/1336/1364
f 1347/1329/1365 1346/1328/1365 1355/1336/1365 1356/1337/1365
f 1340/1322/1366 1347/1329/1366 1356/1337/1366 1349/1330/1366
f 1357/1321/1367 1350/1331/1367 1349/1330/1367
f 1357/1321/1368 1351/1332/1368 1350/1331/1368
f 1357/1321/1369 1352/1333/1369 1351/1332/1369
f 1357/1321/1370 1353/1334/1370 1352/1333/1370
f 1357/1321/1371 1354/1335/1371 1353/1334/1371
f 1357/1321/1372 1355/1336/1372 1354/1335/1372
f 1357/1321/1373 1356/1337/1373 1355/1336/1373
f 1357/1321/1374 1349/1330/1374 1356/1337/1374
o Stem_024
v 0.084691 1.577338 -0.115890
v 0.084717 1.567911 -0.131319
v 0.070082 1.567911 -0.141937
v 0.055422 1.577338 -0.137127
v 0.055397 1.586764 -0.121697
v 0.070031 1.586764 -0.111079
v 0.203889 1.848682 -0.282638
v 0.203187 1.839165 -0.296263
v 0.189496 1.839165 -0.305711
v 0.176508 1.848682 -0.301535
v 0.177211 1.858199 -0.287910
v 0.190901 1.858199 -0.278462
v 0.315672 2.047771 -0.454109
v 0.313540 2.037342 -0.465104
v 0.300578 2.037342 -0.473240
v 0.289749 2.047771 -0.470381
v 0.291882 2.058199 -0.459385
v 0.304843 2.058199 -0.451249
v 0.419829 2.174604 -0.630019
v 0.416110 2.163417 -0.637717
v 0.403873 2.163417 -0.644680
v 0.395355 2.174604 -0.643946
v 0.399075 2.185791 -0.636249
v 0.411311 2.185791 -0.629285
v 0.516363 2.229182 -0.810378
v 0.511052 2.218007 -0.814213
v 0.499532 2.218007 -0.820135
v 0.493323 2.229182 -0.822223
v 0.498634 2.240356 -0.818389
v 0.510154 2.240356 -0.812466
v 0.605176 2.211504 -0.994978
v 0.599431 2.201222 -0.996790
v 0.588718 2.201222 -1.002010
v 0.583751 2.211504 -1.005419
v 0.589497 2.221786 -1.003608
v 0.600209 2.221786 -0.998387
vn 0.9367 -0.3029 0.1757
vn 0.4629 -0.5989 -0.6534
vn -0.4716 -0.2938 -0.8314
vn -0.9341 0.3087 -0.1795
vn -0.4603 0.6050 0.6497
vn 0.4744 0.2997 0.8277
vn 0.9165 -0.3559 0.1828
vn 0.3863 -0.7127 -0.5855
vn -0.5264 -0.3563 -0.7719
vn -0.9133 0.3615 -0.1877
vn -0.3830 0.7185 0.5805
vn 0.5297 0.3620 0.7670
vn 0.8800 -0.4237 0.2145
vn 0.2736 -0.8465 -0.4567
vn -0.6013 -0.4258 -0.6762
vn -0.8762 0.4284 -0.2210
vn -0.2696 0.8514 0.4499
vn 0.6053 0.4304 0.6696
vn 0.8240 -0.4844 0.2940
vn 0.1255 -0.9648 -0.2313
vn -0.6930 -0.4885 -0.5301
vn -0.8197 0.4867 -0.3019
vn -0.1211 0.9672 0.2232
vn 0.6974 0.4909 0.5222
vn 0.7603 -0.5007 0.4139
vn -0.0370 -0.9966 0.0738
vn -0.7941 -0.5016 -0.3433
vn -0.7562 0.5006 -0.4214
vn 0.0401 0.9960 -0.0801
vn 0.7974 0.5014 0.3359
vn -0.3535 -0.7985 0.4873
vn 0.4365 -0.0861 -0.8956
vt 0.677528 6.309351
vt 0.677733 6.271646
vt 1.625494 7.356660
vt 1.631114 7.394728
vt 0.560659 6.271646
vt 1.515971 7.356660
vt 0.443379 6.309351
vt 1.412067 7.394728
vt 0.443173 6.347057
vt 1.417688 7.432796
vt 0.560248 6.347057
vt 1.527211 7.432796
vt 2.508318 8.149367
vt 2.525378 8.191082
vt 2.404625 8.149367
vt 2.317992 8.191082
vt 2.335053 8.232797
vt 2.438746 8.232797
vt 3.328876 8.653669
vt 3.358631 8.698416
vt 3.230983 8.653669
vt 3.162843 8.698416
vt 3.192597 8.743162
vt 3.290491 8.743162
vt 4.088415 8.872029
vt 4.130903 8.916727
vt 3.996257 8.872029
vt 3.946587 8.916727
vt 3.989075 8.961425
vt 4.081233 8.961425
vt 4.795445 8.804890
vt 4.841408 8.846017
vt 4.709746 8.804890
vt 4.670011 8.846017
vt 4.715974 8.887144
vt 4.801673 8.887144
s 0
usemtl StemMat
f 1358/1338/1375 1359/1339/1375 1365/1340/1375 1364/1341/1375
f 1359/1339/1376 1360/1342/1376 1366/1343/1376 1365/1340/1376
f 1360/1342/1377 1361/1344/1377 1367/1345/1377 1366/1343/1377
f 1361/1344/1378 1362/1346/1378 1368/1347/1378 1367/1345/1378
f 1362/1346/1379 1363/1348/1379 1369/1349/1379 1368/1347/1379
f 1363/1348/1380 1358/1338/1380 1364/1341/1380 1369/1349/1380
f 1364/1341/1381 1365/1340/1381 1371/1350/1381 1370/1351/1381
f 1365/1340/1382 1366/1343/1382 1372/1352/1382 1371/1350/1382
f 1366/1343/1383 1367/1345/1383 1373/1353/1383 1372/1352/1383
f 1367/1345/1384 1368/1347/1384 1374/1354/1384 1373/1353/1384
f 1368/1347/1385 1369/1349/1385 1375/1355/1385 1374/1354/1385
f 1369/1349/1386 1364/1341/1386 1370/1351/1386 1375/1355/1386
f 1370/1351/1387 1371/1350/1387 1377/1356/1387 1376/1357/1387
f 1371/1350/1388 1372/1352/1388 1378/1358/1388 1377/1356/1388
f 1372/1352/1389 1373/1353/1389 1379/1359/1389 1378/1358/1389
f 1373/1353/1390 1374/1354/1390 1380/1360/1390 1379/1359/1390
f 1374/1354/1391 1375/1355/1391 1381/1361/1391 1380/1360/1391
f 1375/1355/1392 1370/1351/1392 1376/1357/1392 1381/1361/1392
f 1376/1357/1393 1377/1356/1393 1383/1362/1393 1382/1363/1393
f 1377/1356/1394 1378/1358/1394 1384/1364/1394 1383/1362/1394
f 1378/1358/1395 1379/1359/1395 1385/1365/1395 1384/1364/1395
f 1379/1359/1396 1380/1360/1396 1386/1366/1396 1385/1365/1396
f 1380/1360/1397 1381/1361/1397 1387/1367/1397 1386/1366/1397
f 1381/1361/1398 1376/1357/1398 1382/1363/1398 1387/1367/1398
f 1382/1363/1399 1383/1362/1399 1389/1368/1399 1388/1369/1399
f 1383/1362/1400 1384/1364/1400 1390/1370/1400 1389/1368/1400
f 1384/1364/1401 1385/1365/1401 1391/1371/1401 1390/1370/1401
f 1385/1365/1402 1386/1366/1402 1392/1372/1402 1391/1371/1402
f 1386/1366/1403 1387/1367/1403 1393/1373/1403 1392/1372/1403
f 1387/1367/1404 1382/1363/1404 1388/1369/1404 1393/1373/1404
f 1363/1348/1405 1362/1346/1405 1361/1344/1405 1360/1342/1405 1359/1339/1405 1358/1338/1405
f 1388/1369/1406 1389/1368/1406 1390/1370/1406 1391/1371/1406 1392/1372/1406 1393/1373/1406
o Leaf_024
v 0.911125 2.021724 -0.962316
v 0.792913 1.860708 -1.103331
v 0.574450 1.854570 -1.212975
v 0.383710 2.006907 -1.227022
v 0.332425 2.228481 -1.137242
v 0.450638 2.389497 -0.996228
v 0.669100 2.395635 -0.886583
v 0.859841 2.243298 -0.872537
v 0.628119 2.131845 -1.062796
v 0.897370 2.019432 -0.954527
v 0.782704 1.863246 -1.091311
v 0.570795 1.857292 -1.197666
v 0.385777 2.005059 -1.211291
v 0.336031 2.219985 -1.124204
v 0.450697 2.376171 -0.987420
v 0.662606 2.382125 -0.881065
v 0.847624 2.234358 -0.867440
v 0.621775 2.125103 -1.049779
vn 0.4387 0.3878 -0.8106
vn 0.4079 0.3725 -0.8336
vn 0.3704 0.3859 -0.8449
vn 0.3483 0.4201 -0.8380
vn 0.3544 0.4552 -0.8168
vn 0.3852 0.4705 -0.7939
vn 0.4227 0.4571 -0.7826
vn 0.4448 0.4229 -0.7895
vn 0.4150 -0.7525 0.5114
vn -0.0538 -0.9853 0.1623
vn -0.6236 -0.7817 -0.0099
vn -0.9606 -0.2610 0.0955
vn -0.8674 0.2717 0.4169
vn -0.3986 0.5044 0.7659
vn 0.1712 0.3009 0.9382
vn 0.5082 -0.2198 0.8327
vn -0.4315 -0.3939 0.8115
vn -0.4061 -0.3813 0.8305
vn -0.3752 -0.3923 0.8398
vn -0.3569 -0.4206 0.8341
vn -0.3620 -0.4495 0.8167
vn -0.3874 -0.4621 0.7977
vn -0.4183 -0.4511 0.7884
vn -0.4366 -0.4228 0.7941
vt 0.500000 0.500000
vt 0.961940 0.691342
vt 0.691342 0.961940
vt 0.308658 0.961940
vt 0.038060 0.691342
vt 0.038060 0.308658
vt 0.308658 0.038060
vt 0.691342 0.038060
vt 0.961940 0.308658
vt 0.948082 0.685601
vt 0.685601 0.948082
vt 0.314399 0.948082
vt 0.051918 0.685601
vt 0.051918 0.314399
vt 0.314399 0.051918
vt 0.685601 0.051918
vt 0.948082 0.314399
s 0
usemtl LeafMat
f 1402/1374/1407 1394/1375/1407 1395/1376/1407
f 1402/1374/1408 1395/1376/1408 1396/1377/1408
f 1402/1374/1409 1396/1377/1409 1397/1378/1409
f 1402/1374/1410 1397/1378/1410 1398/1379/1410
f 1402/1374/1411 1398/1379/1411 1399/1380/1411
f 1402/1374/1412 1399/1380/1412 1400/1381/1412
f 1402/1374/1413 1400/1381/1413 1401/1382/1413
f 1402/1374/1414 1401/1382/1414 1394/1375/1414
f 1395/1376/1415 1394/1375/1415 1403/1383/1415 1404/1384/1415
f 1396/1377/1416 1395/1376/1416 1404/1384/1416 1405/1385/1416
f 1397/1378/1417 1396/1377/1417 1405/1385/1417 1406/1386/1417
f 1398/1379/1418 1397/1378/1418 1406/1386/1418 1407/1387/1418
f 1399/1380/1419 1398/1379/1419 1407/1387/1419 1408/1388/1419
f 1400/1381/1420 1399/1380/1420 1408/1388/1420 1409/1389/1420
f 1401/1382/1421 1400/1381/1421 1409/1389/1421 1410/1390/1421
f 1394/1375/1422 1401/1382/1422 1410/1390/1422 1403/1383/1422
f 1411/1374/1423 1404/1384/1423 1403/1383/1423
f 1411/1374/1424 1405/1385/1424 1404/1384/1424
f 1411/1374/1425 1406/1386/1425 1405/1385/1425
f 1411/1374/1426 1407/1387/1426 1406/1386/1426
f 1411/1374/1427 1408/1388/1427 1407/1387/1427
f 1411/1374/1428 1409/1389/1428 1408/1388/1428
f 1411/1374/1429 1410/1390/1429 1409/1389/1429
f 1411/1374/1430 1403/1383/1430 1410/1390/1430
o Stem_025
v -0.025310 1.756385 -0.115243
v -0.037589 1.742949 -0.123743
v -0.057161 1.742949 -0.119211
v -0.064453 1.756385 -0.106178
v -0.052174 1.769822 -0.097677
v -0.032603 1.769822 -0.102210
v -0.084880 1.967710 -0.365341
v -0.095639 1.953614 -0.370550
v -0.113608 1.953614 -0.366225
v -0.120818 1.967710 -0.356692
v -0.110059 1.981807 -0.351483
v -0.092091 1.981807 -0.355808
v -0.148219 2.046750 -0.614522
v -0.156627 2.032041 -0.613081
v -0.173097 2.032041 -0.608856
v -0.181160 2.046750 -0.606073
v -0.172753 2.061459 -0.607515
v -0.156283 2.061459 -0.611739
v -0.215310 1.993504 -0.862663
v -0.221422 1.981107 -0.855338
v -0.236515 1.981107 -0.851228
v -0.245497 1.993504 -0.854444
v -0.239386 2.005901 -0.861769
v -0.224292 2.005901 -0.865879
v -0.286164 1.807972 -1.109777
v -0.290699 1.798923 -1.099546
v -0.304526 1.798923 -1.095553
v -0.313817 1.807972 -1.101790
v -0.309282 1.817021 -1.112021
v -0.295456 1.817021 -1.116015
v -0.360763 1.490154 -1.355775
v -0.364557 1.482945 -1.345337
v -0.377245 1.482945 -1.341552
v -0.386138 1.490154 -1.348204
v -0.382344 1.497363 -1.358641
v -0.369656 1.497363 -1.362427
vn 0.7673 -0.3877 -0.5108
vn -0.1468 -0.7690 -0.6221
vn -0.9153 -0.3848 -0.1188
vn -0.7693 0.3928 0.5039
vn 0.1450 0.7755 0.6145
vn 0.9140 0.3899 0.1117
vn 0.7985 -0.4846 -0.3571
vn -0.0721 -0.9541 -0.2906
vn -0.8718 -0.4865 0.0566
vn -0.8009 0.4873 0.3480
vn 0.0697 0.9573 0.2806
vn 0.8696 0.4893 -0.0659
vn 0.8573 -0.4995 -0.1245
vn 0.0508 -0.9800 0.1925
vn -0.8054 -0.5014 0.3161
vn -0.8594 0.4979 0.1162
vn -0.0528 0.9784 -0.1999
vn 0.8031 0.4998 -0.3243
vn 0.9099 -0.4119 0.0487
vn 0.1574 -0.8123 0.5616
vn -0.7507 -0.4121 0.5163
vn -0.9113 0.4082 -0.0540
vn -0.1586 0.8090 -0.5660
vn 0.7491 0.4084 -0.5215
vn 0.9391 -0.3190 0.1276
vn 0.2186 -0.6304 0.7449
vn -0.7201 -0.3154 0.6181
vn -0.9399 0.3154 -0.1307
vn -0.2193 0.6270 -0.7475
vn 0.7190 0.3119 -0.6211
vn 0.1742 -0.6352 0.7524
vn -0.1798 -0.7777 -0.6024
vt -0.202483 7.025542
vt -0.300715 6.971795
vt -0.765110 7.814456
vt -0.679042 7.870842
vt -0.457285 6.971795
vt -0.908861 7.814456
vt -0.515622 7.025542
vt -0.966544 7.870842
vt -0.417390 7.079288
vt -0.880476 7.927228
vt -0.260821 7.079288
vt -0.736725 7.927228
vt -1.253014 8.128163
vt -1.185755 8.187000
vt -1.384777 8.128163
vt -1.449282 8.187000
vt -1.382024 8.245837
vt -1.250260 8.245837
vt -1.771374 7.924426
vt -1.722480 7.974015
vt -1.892124 7.924426
vt -1.963979 7.974015
vt -1.915085 8.023604
vt -1.794335 8.023604
vt -2.325593 7.195692
vt -2.289313 7.231887
vt -2.436205 7.195692
vt -2.510538 7.231887
vt -2.474258 7.268083
vt -2.363646 7.268083
vt -2.916459 5.931782
vt -2.886105 5.960617
vt -3.017961 5.931782
vt -3.089108 5.960617
vt -3.058753 5.989452
vt -2.957252 5.989452
s 0
usemtl StemMat
f 1412/1391/1431 1413/1392/1431 1419/1393/1431 1418/1394/1431
f 1413/1392/1432 1414/1395/1432 1420/1396/1432 1419/1393/1432
f 1414/1395/1433 1415/1397/1433 1421/1398/1433 1420/1396/1433
f 1415/1397/1434 1416/1399/1434 1422/1400/1434 1421/1398/1434
f 1416/1399/1435 1417/1401/1435 1423/1402/1435 1422/1400/1435
f 1417/1401/1436 1412/1391/1436 1418/1394/1436 1423/1402/1436
f 1418/1394/1437 1419/1393/1437 1425/1403/1437 1424/1404/1437
f 1419/1393/1438 1420/1396/1438 1426/1405/1438 1425/1403/1438
f 1420/1396/1439 1421/1398/1439 1427/1406/1439 1426/1405/1439
f 1421/1398/1440 1422/1400/1440 1428/1407/1440 1427/1406/1440
f 1422/1400/1441 1423/1402/1441 1429/1408/1441 1428/1407/1441
f 1423/1402/1442 1418/1394/1442 1424/1404/1442 1429/1408/1442
f 1424/1404/1443 1425/1403/1443 1431/1409/1443 1430/1410/1443
f 1425/1403/1444 1426/1405/1444 1432/1411/1444 1431/1409/1444
f 1426/1405/1445 1427/1406/1445 1433/1412/1445 1432/1411/1445
f 1427/1406/1446 1428/1407/1446 1434/1413/1446 1433/1412/1446
f 1428/1407/1447 1429/1408/1447 1435/1414/1447 1434/1413/1447
f 1429/1408/1448 1424/1404/1448 1430/1410/1448 1435/1414/1448
f 1430/1410/1449 1431/1409/1449 1437/1415/1449 1436/1416/1449
f 1431/1409/1450 1432/1411/1450 1438/1417/1450 1437/1415/1450
f 1432/1411/1451 1433/1412/1451 1439/1418/1451 1438/1417/1451
f 1433/1412/1452 1434/1413/1452 1440/1419/1452 1439/1418/1452
f 1434/1413/1453 1435/1414/1453 1441/1420/1453 1440/1419/1453
f 1435/1414/1454 1430/1410/1454 1436/1416/1454 1441/1420/1454
f 1436/1416/1455 1437/1415/1455 1443/1421/1455 1442/1422/1455
f 1437/1415/1456 1438/1417/1456 1444/1423/1456 1443/1421/1456
f 1438/1417/1457 1439/1418/1457 1445/1424/1457 1444/1423/1457
f 1439/1418/1458 1440/1419/1458 1446/1425/1458 1445/1424/1458
f 1440/1419/1459 1441/1420/1459 1447/1426/1459 1446/1425/1459
f 1441/1420/1460 1436/1416/1460 1442/1422/1460 1447/1426/1460
f 1417/1401/1461 1416/1399/1461 1415/1397/1461 1414/1395/1461 1413/1392/1461 1412/1391/1461
f 1442/1422/1462 1443/1421/1462 1444/1423/1462 1445/1424/1462 1446/1425/1462 1447/1426/1462
o Leaf_025
v -0.872105 1.757765 -1.443889
v -0.658504 1.967739 -1.674105
v -0.295696 1.963909 -1.779320
v 0.003790 1.748521 -1.697898
v 0.064520 1.447744 -1.477537
v -0.149081 1.237771 -1.247320
v -0.511888 1.241600 -1.142106
v -0.811374 1.456989 -1.223527
v -0.409411 1.587824 -1.479543
v -0.853560 1.765059 -1.429329
v -0.646368 1.968734 -1.652639
v -0.294445 1.965019 -1.754697
v -0.003943 1.756092 -1.675718
v 0.054966 1.464339 -1.461968
v -0.152227 1.260664 -1.238658
v -0.504150 1.264379 -1.136600
v -0.794652 1.473306 -1.215579
v -0.403792 1.602755 -1.460713
vn -0.2702 -0.5733 -0.7735
vn -0.2360 -0.5611 -0.7934
vn -0.1968 -0.5741 -0.7948
vn -0.1754 -0.6046 -0.7769
vn -0.1845 -0.6349 -0.7502
vn -0.2186 -0.6471 -0.7304
vn -0.2579 -0.6341 -0.7290
vn -0.2792 -0.6035 -0.7468
vn -0.5220 0.8132 0.2574
vn -0.0025 0.9990 -0.0449
vn 0.5944 0.8014 -0.0663
vn 0.9191 0.3362 0.2056
vn 0.7813 -0.1241 0.6117
vn 0.2618 -0.3099 0.9140
vn -0.3351 -0.1123 0.9355
vn -0.6597 0.3529 0.6635
vn 0.2628 0.5790 0.7719
vn 0.2346 0.5689 0.7883
vn 0.2022 0.5796 0.7894
vn 0.1846 0.6048 0.7747
vn 0.1921 0.6298 0.7526
vn 0.2203 0.6399 0.7362
vn 0.2526 0.6292 0.7351
vn 0.2703 0.6039 0.7498
vt 0.500000 0.500000
vt 0.961940 0.691342
vt 0.691342 0.961940
vt 0.308658 0.961940
vt 0.038060 0.691342
vt 0.038060 0.308658
vt 0.308658 0.038060
vt 0.691342 0.038060
vt 0.961940 0.308658
vt 0.948082 0.685601
vt 0.685601 0.948082
vt 0.314399 0.948082
vt 0.051918 0.685601
vt 0.051918 0.314399
vt 0.314399 0.051918
vt 0.685601 0.051918
vt 0.948082 0.314399
s 0
usemtl LeafMat
f 1456/1427/1463 1448/1428/1463 1449/1429/1463
f 1456/1427/1464 1449/1429/1464 1450/1430/1464
f 1456/1427/1465 1450/1430/1465 1451/1431/1465
f 1456/1427/1466 1451/1431/1466 1452/1432/1466
f 1456/1427/1467 1452/1432/1467 1453/1433/1467
f 1456/1427/1468 1453/1433/1468 1454/1434/1468
f 1456/1427/1469 1454/1434/1469 1455/1435/1469
f 1456/1427/1470 1455/1435/1470 1448/1428/1470
f 1449/1429/1471 1448/1428/1471 1457/1436/1471 1458/1437/1471
f 1450/1430/1472 1449/1429/1472 1458/1437/1472 1459/1438/1472
f 1451/1431/1473 1450/1430/1473 1459/1438/1473 1460/1439/1473
f 1452/1432/1474 1451/1431/1474 1460/1439/1474 1461/1440/1474
f 1453/1433/1475 1452/1432/1475 1461/1440/1475 1462/1441/1475
f 1454/1434/1476 1453/1433/1476 1462/1441/1476 1463/1442/1476
f 1455/1435/1477 1454/1434/1477 1463/1442/1477 1464/1443/1477
f 1448/1428/1478 1455/1435/1478 1464/1443/1478 1457/1436/1478
f 1465/1427/1479 1458/1437/1479 1457/1436/1479
f 1465/1427/1480 1459/1438/1480 1458/1437/1480
f 1465/1427/1481 1460/1439/1481 1459/1438/1481
f 1465/1427/1482 1461/1440/1482 1460/1439/1482
f 1465/1427/1483 1462/1441/1483 1461/1440/1483
f 1465/1427/1484 1463/1442/1484 1462/1441/1484
f 1465/1427/1485 1464/1443/1485 1463/1442/1485
f 1465/1427/1486 1457/1436/1486 1464/1443/1486
o Stem_026
v -0.054445 1.746273 0.109858
v -0.049416 1.734825 0.114812
v -0.037419 1.734825 0.120889
v -0.030450 1.746273 0.122014
v -0.035479 1.757721 0.117061
v -0.047476 1.757721 0.110983
v -0.178977 1.798317 0.358069
v -0.173636 1.787610 0.361221
v -0.162570 1.787610 0.366754
v -0.156844 1.798317 0.369137
v -0.162186 1.809024 0.365986
v -0.173252 1.809024 0.360452
v -0.301019 1.769037 0.607527
v -0.294867 1.759466 0.607896
v -0.284635 1.759466 0.612884
v -0.280555 1.769037 0.617502
v -0.286707 1.778607 0.617133
v -0.296939 1.778607 0.612145
v -0.420536 1.658432 0.858177
v -0.413968 1.650439 0.856553
v -0.404508 1.650439 0.861046
v -0.401616 1.658432 0.867162
v -0.408184 1.666426 0.868787
v -0.417644 1.666426 0.864294
v -0.537522 1.466503 1.110026
v -0.530918 1.460075 1.107220
v -0.522172 1.460075 1.111263
v -0.520032 1.466503 1.118113
v -0.526637 1.472932 1.120919
v -0.535382 1.472932 1.116876
v -0.651957 1.193251 1.363038
v -0.645692 1.187780 1.359975
v -0.637625 1.187780 1.363651
v -0.635825 1.193251 1.370388
v -0.642091 1.198722 1.373451
v -0.650157 1.198722 1.369776
vn -0.8147 -0.4930 -0.3052
vn -0.0845 -0.9822 0.1678
vn 0.7283 -0.4927 0.4764
vn 0.8119 0.4939 0.3113
vn 0.0812 0.9836 -0.1613
vn -0.7315 0.4936 -0.4704
vn -0.7528 -0.5008 -0.4271
vn 0.0451 -0.9948 -0.0913
vn 0.7964 -0.5017 0.3376
vn 0.7501 0.5002 0.4325
vn -0.0478 0.9942 0.0967
vn -0.7991 0.5011 -0.3321
vn -0.6995 -0.4680 -0.5401
vn 0.1595 -0.9299 -0.3314
vn 0.8585 -0.4684 0.2088
vn 0.6973 0.4661 0.5445
vn -0.1616 0.9280 0.3356
vn -0.8605 0.4666 -0.2044
vn -0.6631 -0.4140 -0.6236
vn 0.2407 -0.8237 -0.5134
vn 0.9036 -0.4140 0.1098
vn 0.6615 0.4117 0.6268
vn -0.2421 0.8214 0.5165
vn -0.9051 0.4117 -0.1066
vn -0.6413 -0.3592 -0.6780
vn 0.2922 -0.7139 -0.6364
vn 0.9332 -0.3568 0.0419
vn 0.6402 0.3569 0.6803
vn -0.2932 0.7116 0.6385
vn -0.9342 0.3546 -0.0396
vn 0.4442 -0.1842 -0.8768
vn -0.2955 -0.7015 0.6486
vt -0.435559 6.985092
vt -0.395328 6.939301
vt -1.389091 7.150440
vt -1.431820 7.193267
vt -0.299349 6.939301
vt -1.300559 7.150440
vt -0.243601 6.985092
vt -1.254756 7.193267
vt -0.283833 7.030883
vt -1.297484 7.236094
vt -0.379811 7.030883
vt -1.386016 7.236094
vt -2.358940 7.037864
vt -2.408154 7.076146
vt -2.277081 7.037864
vt -2.244439 7.076146
vt -2.293653 7.114428
vt -2.375512 7.114428
vt -3.311742 6.601755
vt -3.364286 6.633729
vt -3.236062 6.601755
vt -3.212926 6.633729
vt -3.265471 6.665702
vt -3.341151 6.665702
vt -4.247341 5.840298
vt -4.300179 5.866014
vt -4.177379 5.840298
vt -4.160255 5.866014
vt -4.213094 5.891729
vt -4.283056 5.891729
vt -5.165533 4.751119
vt -5.215658 4.773003
vt -5.101004 4.751119
vt -5.086600 4.773003
vt -5.136726 4.794887
vt -5.201255 4.794887
s 0
usemtl StemMat
f 1466/1444/1487 1467/1445/1487 1473/1446/1487 1472/1447/1487
f 1467/1445/1488 1468/1448/1488 1474/1449/1488 1473/1446/1488
f 1468/1448/1489 1469/1450/1489 1475/1451/1489 1474/1449/1489
f 1469/1450/1490 1470/1452/1490 1476/1453/1490 1475/1451/1490
f 1470/1452/1491 1471/1454/1491 1477/1455/1491 1476/1453/1491
f 1471/1454/1492 1466/1444/1492 1472/1447/1492 1477/1455/1492
f 1472/1447/1493 1473/1446/1493 1479/1456/1493 1478/1457/1493
f 1473/1446/1494 1474/1449/1494 1480/1458/1494 1479/1456/1494
f 1474/1449/1495 1475/1451/1495 1481/1459/1495 1480/1458/1495
f 1475/1451/1496 1476/1453/1496 1482/1460/1496 1481/1459/1496
f 1476/1453/1497 1477/1455/1497 1483/1461/1497 1482/1460/1497
f 1477/1455/1498 1472/1447/1498 1478/1457/1498 1483/1461/1498
f 1478/1457/1499 1479/1456/1499 1485/1462/1499 1484/1463/1499
f 1479/1456/1500 1480/1458/1500 1486/1464/1500 1485/1462/1500
f 1480/1458/1501 1481/1459/1501 1487/1465/1501 1486/1464/1501
f 1481/1459/1502 1482/1460/1502 1488/1466/1502 1487/1465/1502
f 1482/1460/1503 1483/1461/1503 1489/1467/1503 1488/1466/1503
f 1483/1461/1504 1478/1457/1504 1484/1463/1504 1489/1467/1504
f 1484/1463/1505 1485/1462/1505 1491/1468/1505 1490/1469/1505
f 1485/1462/1506 1486/1464/1506 1492/1470/1506 1491/1468/1506
f 1486/1464/1507 1487/1465/1507 1493/1471/1507 1492/1470/1507
f 1487/1465/1508 1488/1466/1508 1494/1472/1508 1493/1471/1508
f 1488/1466/1509 1489/1467/1509 1495/1473/1509 1494/1472/1509
f 1489/1467/1510 1484/1463/1510 1490/1469/1510 1495/1473/1510
f 1490/1469/1511 1491/1468/1511 1497/1474/1511 1496/1475/1511
f 1491/1468/1512 1492/1470/1512 1498/1476/1512 1497/1474/1512
f 1492/1470/1513 1493/1471/1513 1499/1477/1513 1498/1476/1513
f 1493/1471/1514 1494/1472/1514 1500/1478/1514 1499/1477/1514
f 1494/1472/1515 1495/1473/1515 1501/1479/1515 1500/1478/1515
f 1495/1473/1516 1490/1469/1516 1496/1475/1516 1501/1479/1516
f 1471/1454/1517 1470/1452/1517 1469/1450/1517 1468/1448/1517 1467/1445/1517 1466/1444/1517
f 1496/1475/1518 1497/1474/1518 1498/1476/1518 1499/1477/1518 1500/1478/1518 1501/1479/1518
o Leaf_026
v -0.103020 1.458996 1.812739
v -0.432656 1.819632 1.885781
v -0.893278 1.908494 1.730911
v -1.215059 1.673526 1.438848
v -1.209505 1.252370 1.180680
v -0.879870 0.891734 1.107638
v -0.419248 0.802873 1.262508
v -0.097467 1.037840 1.554571
v -0.667922 1.339844 1.522298
v -0.110290 1.468568 1.782788
v -0.430037 1.818385 1.853639
v -0.876840 1.904581 1.703414
v -1.188968 1.676662 1.420114
v -1.183581 1.268141 1.169690
v -0.863834 0.918324 1.098839
v -0.417031 0.832128 1.249064
v -0.104903 1.060047 1.532364
v -0.656263 1.355683 1.496710
vn -0.3255 -0.4644 0.8236
vn -0.3613 -0.4440 0.8199
vn -0.3968 -0.4506 0.7997
vn -0.4111 -0.4803 0.7748
vn -0.3959 -0.5158 0.7598
vn -0.3601 -0.5361 0.7635
vn -0.3247 -0.5295 0.7837
vn -0.3103 -0.4998 0.8086
vn 0.7411 0.6705 0.0344
vn 0.1965 0.9803 -0.0220
vn -0.3427 0.8796 -0.3300
vn -0.5606 0.4274 -0.7092
vn -0.3296 -0.1114 -0.9375
vn 0.2150 -0.4212 -0.8811
vn 0.7542 -0.3205 -0.5731
vn 0.9721 0.1317 -0.1939
vn 0.3319 0.4691 -0.8184
vn 0.3614 0.4523 -0.8154
vn 0.3906 0.4577 -0.7987
vn 0.4025 0.4823 -0.7781
vn 0.3899 0.5115 -0.7657
vn 0.3604 0.5283 -0.7688
vn 0.3311 0.5228 -0.7855
vn 0.3193 0.4983 -0.8060
vt 0.500000 0.500000
vt 0.961940 0.691342
vt 0.691342 0.961940
vt 0.308658 0.961940
vt 0.038060 0.691342
vt 0.038060 0.308658
vt 0.308658 0.038060
vt 0.691342 0.038060
vt 0.961940 0.308658
vt 0.948082 0.685601
vt 0.685601 0.948082
vt 0.314399 0.948082
vt 0.051918 0.685601
vt 0.051918 0.314399
vt 0.314399 0.051918
vt 0.685601 0.051918
vt 0.948082 0.314399
s 0
usemtl LeafMat
f 1510/1480/1519 1502/1481/1519 1503/1482/1519
f 1510/1480/1520 1503/1482/1520 1504/1483/1520
f 1510/1480/1521 1504/1483/1521 1505/1484/1521
f 1510/1480/1522 1505/1484/1522 1506/1485/1522
f 1510/1480/1523 1506/1485/1523 1507/1486/1523
f 1510/1480/1524 1507/1486/1524 1508/1487/1524
f 1510/1480/1525 1508/1487/1525 1509/1488/1525
f 1510/1480/1526 1509/1488/1526 1502/1481/1526
f 1503/1482/1527 1502/1481/1527 1511/1489/1527 1512/1490/1527
f 1504/1483/1528 1503/1482/1528 1512/1490/1528 1513/1491/1528
f 1505/1484/1529 1504/1483/1529 1513/1491/1529 1514/1492/1529
f 1506/1485/1530 1505/1484/1530 1514/1492/1530 1515/1493/1530
f 1507/1486/1531 1506/1485/1531 1515/1493/1531 1516/1494/1531
f 1508/1487/1532 1507/1486/1532 1516/1494/1532 1517/1495/1532
f 1509/1488/1533 1508/1487/1533 1517/1495/1533 1518/1496/1533
f 1502/1481/1534 1509/1488/1534 1518/1496/1534 1511/1489/1534
f 1519/1480/1535 1512/1490/1535 1511/1489/1535
f 1519/1480/1536 1513/1491/1536 1512/1490/1536
f 1519/1480/1537 1514/1492/1537 1513/1491/1537
f 1519/1480/1538 1515/1493/1538 1514/1492/1538
f 1519/1480/1539 1516/1494/1539 1515/1493/1539
f 1519/1480/1540 1517/1495/1540 1516/1494/1540
f 1519/1480/1541 1518/1496/1541 1517/1495/1541
f 1519/1480/1542 1511/1489/1542 1518/1496/1542
o Stem_028
v 0.101620 1.752894 0.033376
v 0.113846 1.748806 0.028521
v 0.116217 1.748806 0.014951
v 0.106362 1.752894 0.006237
v 0.094137 1.756982 0.011093
v 0.091766 1.756982 0.024662
v 0.179088 1.969305 0.045784
v 0.190286 1.964986 0.041715
v 0.192955 1.964986 0.029326
v 0.184426 1.969305 0.021007
v 0.173228 1.973623 0.025076
v 0.170559 1.973623 0.037465
v 0.254573 2.127687 0.063408
v 0.264415 2.122321 0.060201
v 0.267673 2.122321 0.049007
v 0.261091 2.127687 0.041019
v 0.251249 2.133054 0.044226
v 0.247991 2.133054 0.055420
v 0.328498 2.228041 0.086322
v 0.335986 2.220951 0.083372
v 0.339705 2.220951 0.073311
v 0.335935 2.228041 0.066199
v 0.328446 2.235132 0.069150
v 0.324728 2.235132 0.079211
v 0.400891 2.270367 0.114550
v 0.404063 2.261916 0.110562
v 0.408083 2.261916 0.101549
v 0.408930 2.270367 0.096525
v 0.405757 2.278818 0.100512
v 0.401738 2.278818 0.109525
v 0.471946 2.254665 0.148209
v 0.472550 2.246953 0.143455
v 0.476519 2.246953 0.135290
v 0.479882 2.254665 0.131877
v 0.479278 2.262376 0.136631
v 0.475309 2.262376 0.144796
vn 0.2999 -0.1623 0.9400
vn 0.9237 -0.3387 0.1793
vn 0.6258 -0.1727 -0.7606
vn -0.2970 0.1701 -0.9396
vn -0.9208 0.3466 -0.1788
vn -0.6228 0.1804 0.7613
vn 0.2284 -0.2168 0.9491
vn 0.8715 -0.4388 0.2190
vn 0.6475 -0.2187 -0.7300
vn -0.2239 0.2258 -0.9481
vn -0.8670 0.4481 -0.2179
vn -0.6431 0.2276 0.7312
vn 0.1170 -0.3045 0.9453
vn 0.7540 -0.6085 0.2475
vn 0.6488 -0.3056 -0.6969
vn -0.1086 0.3149 -0.9429
vn -0.7453 0.6203 -0.2446
vn -0.6409 0.3155 0.6998
vn -0.0819 -0.4526 0.8879
vn 0.4505 -0.8739 0.1827
vn 0.5538 -0.4453 -0.7036
vn 0.0981 0.4610 -0.8819
vn -0.4312 0.8851 -0.1749
vn -0.5391 0.4531 0.7100
vn -0.4596 -0.5032 0.7318
vn -0.1749 -0.9812 -0.0813
vn 0.2932 -0.5014 -0.8140
vn 0.4706 0.5023 -0.7254
vn 0.1788 0.9804 0.0831
vn -0.2793 0.5005 0.8194
vn -0.3376 -0.9394 -0.0590
vn 0.8821 -0.1951 0.4287
vt 0.812962 7.011577
vt 0.910764 6.995224
vt 1.522286 7.859945
vt 1.432703 7.877219
vt 0.929733 6.995224
vt 1.543639 7.859945
vt 0.850899 7.011577
vt 1.475407 7.877219
vt 0.753097 7.027930
vt 1.385824 7.894493
vt 0.734128 7.027930
vt 1.364471 7.894493
vt 2.115317 8.489283
vt 2.036587 8.510749
vt 2.141386 8.489283
vt 2.088724 8.510749
vt 2.009994 8.532215
vt 1.983925 8.532215
vt 2.687892 8.883803
vt 2.627985 8.912166
vt 2.717639 8.883803
vt 2.687479 8.912166
vt 2.627572 8.940528
vt 2.597825 8.940528
vt 3.232508 9.047666
vt 3.207129 9.081469
vt 3.264663 9.047666
vt 3.271439 9.081469
vt 3.246060 9.115272
vt 3.213905 9.115272
vt 3.780402 8.987814
vt 3.775565 9.018660
vt 3.812148 8.987814
vt 3.839057 9.018660
vt 3.834221 9.049505
vt 3.802474 9.049505
s 0
usemtl StemMat
f 1520/1497/1543 1521/1498/1543 1527/1499/1543 1526/1500/1543
f 1521/1498/1544 1522/1501/1544 1528/1502/1544 1527/1499/1544
f 1522/1501/1545 1523/1503/1545 1529/1504/1545 1528/1502/1545
f 1523/1503/1546 1524/1505/1546 1530/1506/1546 1529/1504/1546
f 1524/1505/1547 1525/1507/1547 1531/1508/1547 1530/1506/1547
f 1525/1507/1548 1520/1497/1548 1526/1500/1548 1531/1508/1548
f 1526/1500/1549 1527/1499/1549 1533/1509/1549 1532/1510/1549
f 1527/1499/1550 1528/1502/1550 1534/1511/1550 1533/1509/1550
f 1528/1502/1551 1529/1504/1551 1535/1512/1551 1534/1511/1551
f 1529/1504/1552 1530/1506/1552 1536/1513/1552 1535/1512/1552
f 1530/1506/1553 1531/1508/1553 1537/1514/1553 1536/1513/1553
f 1531/1508/1554 1526/1500/1554 1532/1510/1554 1537/1514/1554
f 1532/1510/1555 1533/1509/1555 1539/1515/1555 1538/1516/1555
f 1533/1509/1556 1534/1511/1556 1540/1517/1556 1539/1515/1556
f 1534/1511/1557 1535/1512/1557 1541/1518/1557 1540/1517/1557
f 1535/1512/1558 1536/1513/1558 1542/1519/1558 1541/1518/1558
f 1536/1513/1559 1537/1514/1559 1543/1520/1559 1542/1519/1559
f 1537/1514/1560 1532/1510/1560 1538/1516/1560 1543/1520/1560
f 1538/1516/1561 1539/1515/1561 1545/1521/1561 1544/1522/1561
f 1539/1515/1562 1540/1517/1562 1546/1523/1562 1545/1521/1562
f 1540/1517/1563 1541/1518/1563 1547/1524/1563 1546/1523/1563
f 1541/1518/1564 1542/1519/1564 1548/1525/1564 1547/1524/1564
f 1542/1519/1565 1543/1520/1565 1549/1526/1565 1548/1525/1565
f 1543/1520/1566 1538/1516/1566 1544/1522/1566 1549/1526/1566
f 1544/1522/1567 1545/1521/1567 1551/1527/1567 1550/1528/1567
f 1545/1521/1568 1546/1523/1568 1552/1529/1568 1551/1527/1568
f 1546/1523/1569 1547/1524/1569 1553/1530/1569 1552/1529/1569
f 1547/1524/1570 1548/1525/1570 1554/1531/1570 1553/1530/1570
f 1548/1525/1571 1549/1526/1571 1555/1532/1571 1554/1531/1571
f 1549/1526/1572 1544/1522/1572 1550/1528/1572 1555/1532/1572
f 1525/1507/1573 1524/1505/1573 1523/1503/1573 1522/1501/1573 1521/1498/1573 1520/1497/1573
f 1550/1528/1574 1551/1527/1574 1552/1529/1574 1553/1530/1574 1554/1531/1574 1555/1532/1574
o Leaf_028
v 0.469265 2.159392 0.324444
v 0.559997 2.076611 0.264207
v 0.621778 2.073257 0.142202
v 0.618418 2.151295 0.029897
v 0.551885 2.265011 -0.006920
v 0.461153 2.347792 0.053317
v 0.399372 2.351146 0.175323
v 0.402732 2.273108 0.287627
v 0.517260 2.217164 0.162011
v 0.465156 2.157006 0.316875
v 0.553167 2.076708 0.258445
v 0.613095 2.073455 0.140100
v 0.609836 2.149152 0.031164
v 0.545298 2.259456 -0.004548
v 0.457288 2.339754 0.053882
v 0.397360 2.343007 0.172227
v 0.400619 2.267310 0.281162
v 0.510575 2.212201 0.158762
vn 0.7482 0.5237 0.4073
vn 0.7732 0.5096 0.3775
vn 0.7827 0.5218 0.3392
vn 0.7713 0.5532 0.3148
vn 0.7456 0.5853 0.3186
vn 0.7206 0.5994 0.3484
vn 0.7111 0.5872 0.3868
vn 0.7225 0.5558 0.4112
vn -0.4058 -0.7852 0.4678
vn -0.0262 -0.9996 0.0142
vn 0.1192 -0.8137 -0.5690
vn -0.0548 -0.3364 -0.9401
vn -0.4462 0.1526 -0.8818
vn -0.8258 0.3670 -0.4283
vn -0.9712 0.1811 0.1549
vn -0.7972 -0.2961 0.5261
vn -0.7483 -0.5293 -0.3997
vn -0.7689 -0.5177 -0.3751
vn -0.7768 -0.5278 -0.3435
vn -0.7674 -0.5537 -0.3234
vn -0.7461 -0.5802 -0.3265
vn -0.7256 -0.5918 -0.3511
vn -0.7177 -0.5818 -0.3828
vn -0.7271 -0.5559 -0.4029
vt 0.500000 0.500000
vt 0.961940 0.691342
vt 0.691342 0.961940
vt 0.308658 0.961940
vt 0.038060 0.691342
vt 0.038060 0.308658
vt 0.308658 0.038060
vt 0.691342 0.038060
vt 0.961940 0.308658
vt 0.948082 0.685601
vt 0.685601 0.948082
vt 0.314399 0.948082
vt 0.051918 0.685601
vt 0.051918 0.314399
vt 0.314399 0.051918
vt 0.685601 0.051918
vt 0.948082 0.314399
s 0
usemtl LeafMat
f 1564/1533/1575 1556/1534/1575 1557/1535/1575
f 1564/1533/1576 1557/1535/1576 1558/1536/1576
f 1564/1533/1577 1558/1536/1577 1559/1537/1577
f 1564/1533/1578 1559/1537/1578 1560/1538/1578
f 1564/1533/1579 1560/1538/1579 1561/1539/1579
f 1564/1533/1580 1561/1539/1580 1562/1540/1580
f 1564/1533/1581 1562/1540/1581 1563/1541/1581
f 1564/1533/1582 1563/1541/1582 1556/1534/1582
f 1557/1535/1583 1556/1534/1583 1565/1542/1583 1566/1543/1583
f 1558/1536/1584 1557/1535/1584 1566/1543/1584 1567/1544/1584
f 1559/1537/1585 1558/1536/1585 1567/1544/1585 1568/1545/1585
f 1560/1538/1586 1559/1537/1586 1568/1545/1586 1569/1546/1586
f 1561/1539/1587 1560/1538/1587 1569/1546/1587 1570/1547/1587
f 1562/1540/1588 1561/1539/1588 1570/1547/1588 1571/1548/1588
f 1563/1541/1589 1562/1540/1589 1571/1548/1589 1572/1549/1589
f 1556/1534/1590 1563/1541/1590 1572/1549/1590 1565/1542/1590
f 1573/1533/1591 1566/1543/1591 1565/1542/1591
f 1573/1533/1592 1567/1544/1592 1566/1543/1592
f 1573/1533/1593 1568/1545/1593 1567/1544/1593
f 1573/1533/1594 1569/1546/1594 1568/1545/1594
f 1573/1533/1595 1570/1547/1595 1569/1546/1595
f 1573/1533/1596 1571/1548/1596 1570/1547/1596
f 1573/1533/1597 1572/1549/1597 1571/1548/1597
f 1573/1533/1598 1565/1542/1598 1572/1549/1598
o Stem_029
v -0.035637 1.743159 -0.087318
v -0.044653 1.737919 -0.091368
v -0.054208 1.737919 -0.085549
v -0.054747 1.743159 -0.075680
v -0.045730 1.748399 -0.071629
v -0.036175 1.748399 -0.077448
v -0.079938 1.872651 -0.158324
v -0.088016 1.866937 -0.161159
v -0.096578 1.866937 -0.155447
v -0.097062 1.872651 -0.146900
v -0.088984 1.878364 -0.144065
v -0.080422 1.878364 -0.149777
v -0.128946 1.949613 -0.225709
v -0.135182 1.942494 -0.226021
v -0.142662 1.942494 -0.220215
v -0.143906 1.949613 -0.214097
v -0.137670 1.956732 -0.213784
v -0.130190 1.956732 -0.219590
v -0.182464 1.974045 -0.289164
v -0.185618 1.966502 -0.286156
v -0.192123 1.966502 -0.280362
v -0.195475 1.974045 -0.277577
v -0.192322 1.981588 -0.280585
v -0.185816 1.981588 -0.286379
v -0.240519 1.945947 -0.348737
v -0.240740 1.940026 -0.343341
v -0.246352 1.940026 -0.337619
v -0.251743 1.945947 -0.337293
v -0.251522 1.951869 -0.342690
v -0.245911 1.951869 -0.348412
v -0.302967 1.865320 -0.404308
v -0.302143 1.860732 -0.398594
v -0.307086 1.860732 -0.393123
v -0.312854 1.865320 -0.393366
v -0.313678 1.869907 -0.399080
v -0.308734 1.869907 -0.404551
vn 0.5053 -0.2743 -0.8182
vn -0.4533 -0.5361 -0.7121
vn -0.9604 -0.2595 0.1010
vn -0.5087 0.2825 0.8133
vn 0.4501 0.5453 0.7071
vn 0.9575 0.2681 -0.1063
vn 0.5002 -0.3653 -0.7851
vn -0.4009 -0.7263 -0.5583
vn -0.9055 -0.3665 0.2140
vn -0.5061 0.3739 0.7772
vn 0.3944 0.7367 0.5493
vn 0.8997 0.3755 -0.2226
vn 0.5662 -0.4851 -0.6664
vn -0.1874 -0.9559 -0.2260
vn -0.7576 -0.4955 0.4249
vn -0.5761 0.4893 0.6548
vn 0.1761 0.9612 0.2123
vn 0.7476 0.4999 -0.4373
vn 0.7305 -0.4839 -0.4819
vn 0.2186 -0.9483 0.2300
vn -0.5063 -0.4924 0.7080
vn -0.7390 0.4802 0.4726
vn -0.2248 0.9453 -0.2366
vn 0.4980 0.4889 -0.7163
vn 0.8380 -0.3730 -0.3983
vn 0.5044 -0.7207 0.4756
vn -0.3304 -0.3577 0.8734
vn -0.8430 0.3672 0.3931
vn -0.5079 0.7160 -0.4789
vn 0.3253 0.3523 -0.8775
vn 0.2813 -0.8411 0.4619
vn -0.5330 -0.6957 -0.4816
vt -0.285093 6.972635
vt -0.357224 6.951675
vt -0.704128 7.467747
vt -0.639504 7.490602
vt -0.433665 6.951675
vt -0.772624 7.467747
vt -0.437975 6.972635
vt -0.776496 7.490602
vt -0.365844 6.993596
vt -0.711873 7.513457
vt -0.289403 6.993596
vt -0.643377 7.513457
vt -1.081455 7.769975
vt -1.031567 7.798450
vt -1.141296 7.769975
vt -1.151249 7.798450
vt -1.101361 7.826926
vt -1.041520 7.826926
vt -1.484941 7.866007
vt -1.459713 7.896179
vt -1.536985 7.866007
vt -1.563803 7.896179
vt -1.538575 7.926351
vt -1.486530 7.926351
vt -1.925919 7.760103
vt -1.924155 7.783789
vt -1.970812 7.760103
vt -2.013942 7.783789
vt -2.012179 7.807475
vt -1.967285 7.807475
vt -2.417140 7.442930
vt -2.423734 7.461279
vt -2.456687 7.442930
vt -2.502829 7.461279
vt -2.509423 7.479628
vt -2.469876 7.479628
s 0
usemtl StemMat
f 1574/1550/1599 1575/1551/1599 1581/1552/1599 1580/1553/1599
f 1575/1551/1600 1576/1554/1600 1582/1555/1600 1581/1552/1600
f 1576/1554/1601 1577/1556/1601 1583/1557/1601 1582/1555/1601
f 1577/1556/1602 1578/1558/1602 1584/1559/1602 1583/1557/1602
f 1578/1558/1603 1579/1560/1603 1585/1561/1603 1584/1559/1603
f 1579/1560/1604 1574/1550/1604 1580/1553/1604 1585/1561/1604
f 1580/1553/1605 1581/1552/1605 1587/1562/1605 1586/1563/1605
f 1581/1552/1606 1582/1555/1606 1588/1564/1606 1587/1562/1606
f 1582/1555/1607 1583/1557/1607 1589/1565/1607 1588/1564/1607
f 1583/1557/1608 1584/1559/1608 1590/1566/1608 1589/1565/1608
f 1584/1559/1609 1585/1561/1609 1591/1567/1609 1590/1566/1609
f 1585/1561/1610 1580/1553/1610 1586/1563/1610 1591/1567/1610
f 1586/1563/1611 1587/1562/1611 1593/1568/1611 1592/1569/1611
f 1587/1562/1612 1588/1564/1612 1594/1570/1612 1593/1568/1612
f 1588/1564/1613 1589/1565/1613 1595/1571/1613 1594/1570/1613
f 1589/1565/1614 1590/1566/1614 1596/1572/1614 1595/1571/1614
f 1590/1566/1615 1591/1567/1615 1597/1573/1615 1596/1572/1615
f 1591/1567/1616 1586/1563/1616 1592/1569/1616 1597/1573/1616
f 1592/1569/1617 1593/1568/1617 1599/1574/1617 1598/1575/1617
f 1593/1568/1618 1594/1570/1618 1600/1576/1618 1599/1574/1618
f 1594/1570/1619 1595/1571/1619 1601/1577/1619 1600/1576/1619
f 1595/1571/1620 1596/1572/1620 1602/1578/1620 1601/1577/1620
f 1596/1572/1621 1597/1573/1621 1603/1579/1621 1602/1578/1621
f 1597/1573/1622 1592/1569/1622 1598/1575/1622 1603/1579/1622
f 1598/1575/1623 1599/1574/1623 1605/1580/1623 1604/1581/1623
f 1599/1574/1624 1600/1576/1624 1606/1582/1624 1605/1580/1624
f 1600/1576/1625 1601/1577/1625 1607/1583/1625 1606/1582/1625
f 1601/1577/1626 1602/1578/1626 1608/1584/1626 1607/1583/1626
f 1602/1578/1627 1603/1579/1627 1609/1585/1627 1608/1584/1627
f 1603/1579/1628 1598/1575/1628 1604/1581/1628 1609/1585/1628
f 1579/1560/1629 1578/1558/1629 1577/1556/1629 1576/1554/1629 1575/1551/1629 1574/1550/1629
f 1604/1581/1630 1605/1580/1630 1606/1582/1630 1607/1583/1630 1608/1584/1630 1609/1585/1630
o Leaf_029
v -0.185757 1.784571 -0.574988
v -0.256006 1.656127 -0.538407
v -0.359778 1.616628 -0.436220
v -0.436283 1.689211 -0.328287
v -0.440708 1.831359 -0.277835
v -0.370458 1.959802 -0.314416
v -0.266687 1.999301 -0.416603
v -0.190181 1.926718 -0.524536
v -0.320383 1.810036 -0.432873
v -0.183860 1.783616 -0.565362
v -0.252002 1.659026 -0.529878
v -0.352660 1.620712 -0.430756
v -0.426871 1.691117 -0.326062
v -0.431162 1.829000 -0.277123
v -0.363021 1.953590 -0.312607
v -0.262362 1.991905 -0.411728
v -0.188152 1.921499 -0.516423
v -0.313232 1.807965 -0.426412
vn -0.6970 0.1838 -0.6932
vn -0.7228 0.1589 -0.6726
vn -0.7495 0.1638 -0.6414
vn -0.7615 0.1956 -0.6179
vn -0.7518 0.2358 -0.6159
vn -0.7259 0.2607 -0.6364
vn -0.6992 0.2558 -0.6676
vn -0.6872 0.2239 -0.6911
vn 0.8299 -0.5150 -0.2146
vn 0.4373 -0.8939 0.0985
vn 0.0305 -0.8193 0.5726
vn -0.1521 -0.3348 0.9299
vn -0.0036 0.2757 0.9612
vn 0.3891 0.6546 0.6481
vn 0.7958 0.5800 0.1741
vn 0.9784 0.0955 -0.1833
vn 0.7021 -0.1884 0.6867
vn 0.7234 -0.1679 0.6697
vn 0.7455 -0.1719 0.6440
vn 0.7554 -0.1982 0.6246
vn 0.7473 -0.2313 0.6229
vn 0.7260 -0.2519 0.6399
vn 0.7039 -0.2478 0.6656
vn 0.6940 -0.2215 0.6850
vt 0.500000 0.500000
vt 0.961940 0.691342
vt 0.691342 0.961940
vt 0.308658 0.961940
vt 0.038060 0.691342
vt 0.038060 0.308658
vt 0.308658 0.038060
vt 0.691342 0.038060
vt 0.961940 0.308658
vt 0.948082 0.685601
vt 0.685601 0.948082
vt 0.314399 0.948082
vt 0.051918 0.685601
vt 0.051918 0.314399
vt 0.314399 0.051918
vt 0.685601 0.051918
vt 0.948082 0.314399
s 0
usemtl LeafMat
f 1618/1586/1631 1610/1587/1631 1611/1588/1631
f 1618/1586/1632 1611/1588/1632 1612/1589/1632
f 1618/1586/1633 1612/1589/1633 1613/1590/1633
f 1618/1586/1634 1613/1590/1634 1614/1591/1634
f 1618/1586/1635 1614/1591/1635 1615/1592/1635
f 1618/1586/1636 1615/1592/1636 1616/1593/1636
f 1618/1586/1637 1616/1593/1637 1617/1594/1637
f 1618/1586/1638 1617/1594/1638 1610/1587/1638
f 1611/1588/1639 1610/1587/1639 1619/1595/1639 1620/1596/1639
f 1612/1589/1640 1611/1588/1640 1620/1596/1640 1621/1597/1640
f 1613/1590/1641 1612/1589/1641 1621/1597/1641 1622/1598/1641
f 1614/1591/1642 1613/1590/1642 1622/1598/1642 1623/1599/1642
f 1615/1592/1643 1614/1591/1643 1623/1599/1643 1624/1600/1643
f 1616/1593/1644 1615/1592/1644 1624/1600/1644 1625/1601/1644
f 1617/1594/1645 1616/1593/1645 1625/1601/1645 1626/1602/1645
f 1610/1587/1646 1617/1594/1646 1626/1602/1646 1619/1595/1646
f 1627/1586/1647 1620/1596/1647 1619/1595/1647
f 1627/1586/1648 1621/1597/1648 1620/1596/1648
f 1627/1586/1649 1622/1598/1649 1621/1597/1649
f 1627/1586/1650 1623/1599/1650 1622/1598/1650
f 1627/1586/1651 1624/1600/1651 1623/1599/1651
f 1627/1586/1652 1625/1601/1652 1624/1600/1652
f 1627/1586/1653 1626/1602/1653 1625/1601/1653
f 1627/1586/1654 1619/1595/1654 1626/1602/1654
o Stem_030
v 0.030411 1.586503 -0.136241
v 0.023588 1.577803 -0.152834
v 0.004043 1.577803 -0.156778
v -0.008680 1.586503 -0.144127
v -0.001857 1.595202 -0.127534
v 0.017688 1.595202 -0.123590
v 0.056996 1.830185 -0.276090
v 0.050401 1.821109 -0.290603
v 0.032375 1.821109 -0.294005
v 0.020944 1.830185 -0.282893
v 0.027540 1.839260 -0.268379
v 0.045566 1.839260 -0.264978
v 0.080561 2.002877 -0.416536
v 0.073865 1.992204 -0.427765
v 0.057215 1.992204 -0.430518
v 0.047260 2.002877 -0.422043
v 0.053956 2.013550 -0.410815
v 0.070607 2.013550 -0.408061
v 0.101058 2.104579 -0.557387
v 0.094142 2.092287 -0.563879
v 0.078771 2.092287 -0.566071
v 0.070316 2.104579 -0.561772
v 0.077232 2.116872 -0.555280
v 0.092602 2.116872 -0.553087
v 0.118479 2.135292 -0.698646
v 0.111342 2.122927 -0.699115
v 0.097161 2.122927 -0.700829
v 0.090117 2.135292 -0.702074
v 0.097254 2.147656 -0.701605
v 0.111436 2.147656 -0.699891
v 0.132809 2.095014 -0.840204
v 0.125940 2.084065 -0.837833
v 0.112876 2.084065 -0.839261
v 0.106681 2.095014 -0.843060
v 0.113550 2.105964 -0.845431
v 0.126614 2.105964 -0.844003
vn 0.9328 -0.2502 -0.2594
vn 0.1662 -0.4994 -0.8503
vn -0.7657 -0.2458 -0.5944
vn -0.9319 0.2585 0.2543
vn -0.1652 0.5081 0.8453
vn 0.7669 0.2542 0.5893
vn 0.9200 -0.3146 -0.2337
vn 0.1357 -0.6304 -0.7643
vn -0.7825 -0.3144 -0.5374
vn -0.9188 0.3233 0.2264
vn -0.1343 0.6397 0.7568
vn 0.7840 0.3233 0.5300
vn 0.8989 -0.4064 -0.1638
vn 0.0899 -0.8084 -0.5818
vn -0.8061 -0.4074 -0.4293
vn -0.8973 0.4142 0.1525
vn -0.0880 0.8172 0.5696
vn 0.8080 0.4153 0.4179
vn 0.8689 -0.4950 -0.0010
vn 0.0288 -0.9756 -0.2176
vn -0.8369 -0.4979 -0.2273
vn -0.8671 0.4980 -0.0136
vn -0.0267 0.9790 0.2021
vn 0.8389 0.5010 0.2125
vn 0.8432 -0.4883 0.2249
vn -0.0308 -0.9633 0.2668
vn -0.8724 -0.4873 0.0372
vn -0.8412 0.4861 -0.2369
vn 0.0317 0.9610 -0.2748
vn 0.8731 0.4851 -0.0490
vn -0.0996 -0.8638 0.4938
vn 0.1046 -0.2727 -0.9564
vt 0.243289 6.346011
vt 0.188706 6.311213
vt 0.403210 7.284437
vt 0.455971 7.320739
vt 0.032342 6.311213
vt 0.259002 7.284437
vt -0.069440 6.346011
vt 0.167555 7.320739
vt -0.014857 6.380808
vt 0.220316 7.357041
vt 0.141507 6.380808
vt 0.364525 7.357041
vt 0.590921 7.968817
vt 0.644490 8.011508
vt 0.457717 7.968817
vt 0.378082 8.011508
vt 0.431651 8.054198
vt 0.564855 8.054198
vt 0.753133 8.369148
vt 0.808460 8.418318
vt 0.630166 8.369148
vt 0.562526 8.418318
vt 0.617853 8.467487
vt 0.740820 8.467487
vt 0.890734 8.491710
vt 0.947834 8.541167
vt 0.777284 8.491710
vt 0.720935 8.541167
vt 0.778034 8.590625
vt 0.891484 8.590625
vt 1.007516 8.336259
vt 1.062470 8.380057
vt 0.903006 8.336259
vt 0.853449 8.380057
vt 0.908403 8.423856
vt 1.012913 8.423856
s 0
usemtl StemMat
f 1628/1603/1655 1629/1604/1655 1635/1605/1655 1634/1606/1655
f 1629/1604/1656 1630/1607/1656 1636/1608/1656 1635/1605/1656
f 1630/1607/1657 1631/1609/1657 1637/1610/1657 1636/1608/1657
f 1631/1609/1658 1632/1611/1658 1638/1612/1658 1637/1610/1658
f 1632/1611/1659 1633/1613/1659 1639/1614/1659 1638/1612/1659
f 1633/1613/1660 1628/1603/1660 1634/1606/1660 1639/1614/1660
f 1634/1606/1661 1635/1605/1661 1641/1615/1661 1640/1616/1661
f 1635/1605/1662 1636/1608/1662 1642/1617/1662 1641/1615/1662
f 1636/1608/1663 1637/1610/1663 1643/1618/1663 1642/1617/1663
f 1637/1610/1664 1638/1612/1664 1644/1619/1664 1643/1618/1664
f 1638/1612/1665 1639/1614/1665 1645/1620/1665 1644/1619/1665
f 1639/1614/1666 1634/1606/1666 1640/1616/1666 1645/1620/1666
f 1640/1616/1667 1641/1615/1667 1647/1621/1667 1646/1622/1667
f 1641/1615/1668 1642/1617/1668 1648/1623/1668 1647/1621/1668
f 1642/1617/1669 1643/1618/1669 1649/1624/1669 1648/1623/1669
f 1643/1618/1670 1644/1619/1670 1650/1625/1670 1649/1624/1670
f 1644/1619/1671 1645/1620/1671 1651/1626/1671 1650/1625/1671
f 1645/1620/1672 1640/1616/1672 1646/1622/1672 1651/1626/1672
f 1646/1622/1673 1647/1621/1673 1653/1627/1673 1652/1628/1673
f 1647/1621/1674 1648/1623/1674 1654/1629/1674 1653/1627/1674
f 1648/1623/1675 1649/1624/1675 1655/1630/1675 1654/1629/1675
f 1649/1624/1676 1650/1625/1676 1656/1631/1676 1655/1630/1676
f 1650/1625/1677 1651/1626/1677 1657/1632/1677 1656/1631/1677
f 1651/1626/1678 1646/1622/1678 1652/1628/1678 1657/1632/1678
f 1652/1628/1679 1653/1627/1679 1659/1633/1679 1658/1634/1679
f 1653/1627/1680 1654/1629/1680 1660/1635/1680 1659/1633/1680
f 1654/1629/1681 1655/1630/1681 1661/1636/1681 1660/1635/1681
f 1655/1630/1682 1656/1631/1682 1662/1637/1682 1661/1636/1682
f 1656/1631/1683 1657/1632/1683 1663/1638/1683 1662/1637/1683
f 1657/1632/1684 1652/1628/1684 1658/1634/1684 1663/1638/1684
f 1633/1613/1685 1632/1611/1685 1631/1609/1685 1630/1607/1685 1629/1604/1685 1628/1603/1685
f 1658/1634/1686 1659/1633/1686 1660/1635/1686 1661/1636/1686 1662/1637/1686 1663/1638/1686
o Leaf_030
v 0.463892 1.848703 -0.892886
v 0.270475 1.659719 -0.968833
v -0.008809 1.662333 -0.998612
v -0.210359 1.855015 -0.964779
v -0.216110 2.124893 -0.887153
v -0.022692 2.313877 -0.811206
v 0.256592 2.311262 -0.781427
v 0.458142 2.118581 -0.815260
v 0.125808 1.991880 -0.907547
v 0.452159 1.848780 -0.878778
v 0.264544 1.665465 -0.952447
v -0.006361 1.668001 -0.981333
v -0.201865 1.854902 -0.948515
v -0.207443 2.116684 -0.873218
v -0.019828 2.299999 -0.799549
v 0.251078 2.297463 -0.770663
v 0.446581 2.110562 -0.803481
v 0.123891 1.986798 -0.890020
vn 0.1431 0.2395 -0.9603
vn 0.1054 0.2246 -0.9687
vn 0.0671 0.2402 -0.9684
vn 0.0506 0.2771 -0.9595
vn 0.0655 0.3136 -0.9473
vn 0.1032 0.3285 -0.9389
vn 0.1415 0.3129 -0.9392
vn 0.1580 0.2761 -0.9481
vn 0.5303 -0.7216 0.4450
vn -0.0427 -0.9475 0.3169
vn -0.6255 -0.7108 0.3218
vn -0.8768 -0.1501 0.4569
vn -0.6493 0.4061 0.6430
vn -0.0763 0.6320 0.7712
vn 0.5065 0.3953 0.7663
vn 0.7578 -0.1654 0.6312
vn -0.1363 -0.2461 0.9596
vn -0.1053 -0.2339 0.9666
vn -0.0736 -0.2467 0.9663
vn -0.0600 -0.2771 0.9590
vn -0.0723 -0.3073 0.9489
vn -0.1034 -0.3195 0.9419
vn -0.1350 -0.3067 0.9422
vn -0.1487 -0.2763 0.9495
vt 0.500000 0.500000
vt 0.961940 0.691342
vt 0.691342 0.961940
vt 0.308658 0.961940
vt 0.038060 0.691342
vt 0.038060 0.308658
vt 0.308658 0.038060
vt 0.691342 0.038060
vt 0.961940 0.308658
vt 0.948082 0.685601
vt 0.685601 0.948082
vt 0.314399 0.948082
vt 0.051918 0.685601
vt 0.051918 0.314399
vt 0.314399 0.051918
vt 0.685601 0.051918
vt 0.948082 0.314399
s 0
usemtl LeafMat
f 1672/1639/1687 1664/1640/1687 1665/1641/1687
f 1672/1639/1688 1665/1641/1688 1666/1642/1688
f 1672/1639/1689 1666/1642/1689 1667/1643/1689
f 1672/1639/1690 1667/1643/1690 1668/1644/1690
f 1672/1639/1691 1668/1644/1691 1669/1645/1691
f 1672/1639/1692 1669/1645/1692 1670/1646/1692
f 1672/1639/1693 1670/1646/1693 1671/1647/1693
f 1672/1639/1694 1671/1647/1694 1664/1640/1694
f 1665/1641/1695 1664/1640/1695 1673/1648/1695 1674/1649/1695
f 1666/1642/1696 1665/1641/1696 1674/1649/1696 1675/1650/1696
f 1667/1643/1697 1666/1642/1697 1675/1650/1697 1676/1651/1697
f 1668/1644/1698 1667/1643/1698 1676/1651/1698 1677/1652/1698
f 1669/1645/1699 1668/1644/1699 1677/1652/1699 1678/1653/1699
f 1670/1646/1700 1669/1645/1700 1678/1653/1700 1679/1654/1700
f 1671/1647/1701 1670/1646/1701 1679/1654/1701 1680/1655/1701
f 1664/1640/1702 1671/1647/1702 1680/1655/1702 1673/1648/1702
f 1681/1639/1703 1674/1649/1703 1673/1648/1703
f 1681/1639/1704 1675/1650/1704 1674/1649/1704
f 1681/1639/1705 1676/1651/1705 1675/1650/1705
f 1681/1639/1706 1677/1652/1706 1676/1651/1706
f 1681/1639/1707 1678/1653/1707 1677/1652/1707
f 1681/1639/1708 1679/1654/1708 1678/1653/1708
f 1681/1639/1709 1680/1655/1709 1679/1654/1709
f 1681/1639/1710 1673/1648/1710 1680/1655/1710
o Stem_031
v 0.107277 1.559018 -0.057242
v 0.112775 1.550073 -0.071672
v 0.102836 1.550073 -0.086493
v 0.087399 1.559018 -0.086885
v 0.081901 1.567963 -0.072455
v 0.091840 1.567963 -0.057633
v 0.267585 1.831878 -0.166460
v 0.271858 1.822807 -0.179461
v 0.262453 1.822807 -0.192918
v 0.248776 1.831878 -0.193375
v 0.244504 1.840949 -0.180375
v 0.253908 1.840949 -0.166917
v 0.423908 2.032573 -0.281101
v 0.426064 2.022533 -0.292177
v 0.416980 2.022533 -0.304245
v 0.405739 2.032573 -0.305236
v 0.403583 2.042614 -0.294160
v 0.412668 2.042614 -0.282092
v 0.576008 2.161104 -0.401013
v 0.575584 2.150192 -0.409608
v 0.566842 2.150192 -0.420410
v 0.558525 2.161104 -0.422618
v 0.558949 2.172015 -0.414024
v 0.567691 2.172015 -0.403221
v 0.723888 2.217469 -0.526204
v 0.720543 2.206454 -0.531765
v 0.712164 2.206454 -0.541420
v 0.707130 2.217469 -0.545515
v 0.710475 2.228484 -0.539954
v 0.718854 2.228484 -0.530299
v 0.867413 2.201669 -0.656551
v 0.862866 2.191517 -0.660372
v 0.855005 2.191517 -0.669120
v 0.851690 2.201669 -0.674048
v 0.856237 2.211822 -0.670227
v 0.864099 2.211822 -0.661479
vn 0.8252 -0.2903 0.4846
vn 0.6749 -0.5756 -0.4617
vn -0.1475 -0.2830 -0.9477
vn -0.8215 0.2962 -0.4872
vn -0.6713 0.5819 0.4592
vn 0.1513 0.2890 0.9453
vn 0.8019 -0.3449 0.4879
vn 0.5857 -0.6906 -0.4242
vn -0.2115 -0.3451 -0.9144
vn -0.7973 0.3507 -0.4913
vn -0.5810 0.6967 0.4208
vn 0.2163 0.3510 0.9111
vn 0.7537 -0.4157 0.5091
vn 0.4401 -0.8299 -0.3430
vn -0.3070 -0.4172 -0.8554
vn -0.7477 0.4206 -0.5138
vn -0.4338 0.8351 0.3381
vn 0.3131 0.4222 0.8507
vn 0.6661 -0.4820 0.5692
vn 0.2184 -0.9586 -0.1828
vn -0.4406 -0.4854 -0.7551
vn -0.6590 0.4846 -0.5752
vn -0.2111 0.9614 0.1766
vn 0.4478 0.4880 0.7492
vn 0.5508 -0.5012 0.6674
vn -0.0582 -0.9970 0.0514
vn -0.6048 -0.5020 -0.6182
vn -0.5440 0.5011 -0.6731
vn 0.0636 0.9964 -0.0562
vn 0.6109 0.5019 0.6123
vn -0.4807 -0.8155 0.3223
vn 0.7413 -0.0813 -0.6662
vt 0.858213 6.236073
vt 0.902199 6.200293
vt 2.174863 7.291230
vt 2.140682 7.327513
vt 0.822688 6.200293
vt 2.099627 7.291230
vt 0.699192 6.236073
vt 1.990211 7.327513
vt 0.655206 6.271852
vt 1.956029 7.363796
vt 0.734717 6.271852
vt 2.031265 7.363796
vt 3.408512 8.090131
vt 3.391264 8.130294
vt 3.335838 8.090131
vt 3.245914 8.130294
vt 3.228666 8.170457
vt 3.301341 8.170457
vt 4.604669 8.600770
vt 4.608062 8.644415
vt 4.534738 8.600770
vt 4.468201 8.644415
vt 4.471595 8.688060
vt 4.541525 8.688060
vt 5.764347 8.825814
vt 5.791107 8.869875
vt 5.697314 8.825814
vt 5.657040 8.869875
vt 5.683800 8.913936
vt 5.750833 8.913936
vt 6.902931 8.766068
vt 6.939306 8.806677
vt 6.840039 8.766068
vt 6.813521 8.806677
vt 6.849896 8.847286
vt 6.912788 8.847286
s 0
usemtl StemMat
f 1682/1656/1711 1683/1657/1711 1689/1658/1711 1688/1659/1711
f 1683/1657/1712 1684/1660/1712 1690/1661/1712 1689/1658/1712
f 1684/1660/1713 1685/1662/1713 1691/1663/1713 1690/1661/1713
f 1685/1662/1714 1686/1664/1714 1692/1665/1714 1691/1663/1714
f 1686/1664/1715 1687/1666/1715 1693/1667/1715 1692/1665/1715
f 1687/1666/1716 1682/1656/1716 1688/1659/1716 1693/1667/1716
f 1688/1659/1717 1689/1658/1717 1695/1668/1717 1694/1669/1717
f 1689/1658/1718 1690/1661/1718 1696/1670/1718 1695/1668/1718
f 1690/1661/1719 1691/1663/1719 1697/1671/1719 1696/1670/1719
f 1691/1663/1720 1692/1665/1720 1698/1672/1720 1697/1671/1720
f 1692/1665/1721 1693/1667/1721 1699/1673/1721 1698/1672/1721
f 1693/1667/1722 1688/1659/1722 1694/1669/1722 1699/1673/1722
f 1694/1669/1723 1695/1668/1723 1701/1674/1723 1700/1675/1723
f 1695/1668/1724 1696/1670/1724 1702/1676/1724 1701/1674/1724
f 1696/1670/1725 1697/1671/1725 1703/1677/1725 1702/1676/1725
f 1697/1671/1726 1698/1672/1726 1704/1678/1726 1703/1677/1726
f 1698/1672/1727 1699/1673/1727 1705/1679/1727 1704/1678/1727
f 1699/1673/1728 1694/1669/1728 1700/1675/1728 1705/1679/1728
f 1700/1675/1729 1701/1674/1729 1707/1680/1729 1706/1681/1729
f 1701/1674/1730 1702/1676/1730 1708/1682/1730 1707/1680/1730
f 1702/1676/1731 1703/1677/1731 1709/1683/1731 1708/1682/1731
f 1703/1677/1732 1704/1678/1732 1710/1684/1732 1709/1683/1732
f 1704/1678/1733 1705/1679/1733 1711/1685/1733 1710/1684/1733
f 1705/1679/1734 1700/1675/1734 1706/1681/1734 1711/1685/1734
f 1706/1681/1735 1707/1680/1735 1713/1686/1735 1712/1687/1735
f 1707/1680/1736 1708/1682/1736 1714/1688/1736 1713/1686/1736
f 1708/1682/1737 1709/1683/1737 1715/1689/1737 1714/1688/1737
f 1709/1683/1738 1710/1684/1738 1716/1690/1738 1715/1689/1738
f 1710/1684/1739 1711/1685/1739 1717/1691/1739 1716/1690/1739
f 1711/1685/1740 1706/1681/1740 1712/1687/1740 1717/1691/1740
f 1687/1666/1741 1686/1664/1741 1685/1662/1741 1684/1660/1741 1683/1657/1741 1682/1656/1741
f 1712/1687/1742 1713/1686/1742 1714/1688/1742 1715/1689/1742 1716/1690/1742 1717/1691/1742
o Leaf_031
v 1.121574 1.986080 -0.549116
v 1.046254 1.851133 -0.727872
v 0.881490 1.873005 -0.895836
v 0.723798 2.038883 -0.954617
v 0.665552 2.251599 -0.869781
v 0.740872 2.386545 -0.691025
v 0.905636 2.364673 -0.523061
v 1.063328 2.198795 -0.464281
v 0.903954 2.125408 -0.718786
v 1.106421 1.984808 -0.546456
v 1.033361 1.853909 -0.719850
v 0.873540 1.875125 -0.882775
v 0.720579 2.036027 -0.939792
v 0.664080 2.242361 -0.857502
v 0.737140 2.373259 -0.684108
v 0.896961 2.352043 -0.521183
v 1.049922 2.191141 -0.464166
v 0.893563 2.118839 -0.709449
vn 0.7082 0.3870 -0.5905
vn 0.6854 0.3763 -0.6234
vn 0.6549 0.3941 -0.6449
vn 0.6344 0.4299 -0.6424
vn 0.6360 0.4629 -0.6174
vn 0.6588 0.4736 -0.5846
vn 0.6893 0.4558 -0.5631
vn 0.7098 0.4199 -0.5656
vn 0.1652 -0.8194 0.5490
vn -0.1808 -0.9823 0.0494
vn -0.6454 -0.7118 -0.2773
vn -0.9565 -0.1663 -0.2398
vn -0.9319 0.3346 0.1400
vn -0.5860 0.4976 0.6396
vn -0.1214 0.2270 0.9663
vn 0.1898 -0.3184 0.9288
vn -0.7022 -0.3938 0.5932
vn -0.6834 -0.3850 0.6203
vn -0.6582 -0.3997 0.6380
vn -0.6413 -0.4292 0.6360
vn -0.6427 -0.4564 0.6154
vn -0.6614 -0.4653 0.5883
vn -0.6866 -0.4506 0.5705
vn -0.7035 -0.4210 0.5726
vt 0.500000 0.500000
vt 0.961940 0.691342
vt 0.691342 0.961940
vt 0.308658 0.961940
vt 0.038060 0.691342
vt 0.038060 0.308658
vt 0.308658 0.038060
vt 0.691342 0.038060
vt 0.961940 0.308658
vt 0.948082 0.685601
vt 0.685601 0.948082
vt 0.314399 0.948082
vt 0.051918 0.685601
vt 0.051918 0.314399
vt 0.314399 0.051918
vt 0.685601 0.051918
vt 0.948082 0.314399
s 0
usemtl LeafMat
f 1726/1692/1743 1718/1693/1743 1719/1694/1743
f 1726/1692/1744 1719/1694/1744 1720/1695/1744
f 1726/1692/1745 1720/1695/1745 1721/1696/1745
f 1726/1692/1746 1721/1696/1746 1722/1697/1746
f 1726/1692/1747 1722/1697/1747 1723/1698/1747
f 1726/1692/1748 1723/1698/1748 1724/1699/1748
f 1726/1692/1749 1724/1699/1749 1725/1700/1749
f 1726/1692/1750 1725/1700/1750 1718/1693/1750
f 1719/1694/1751 1718/1693/1751 1727/1701/1751 1728/1702/1751
f 1720/1695/1752 1719/1694/1752 1728/1702/1752 1729/1703/1752
f 1721/1696/1753 1720/1695/1753 1729/1703/1753 1730/1704/1753
f 1722/1697/1754 1721/1696/1754 1730/1704/1754 1731/1705/1754
f 1723/1698/1755 1722/1697/1755 1731/1705/1755 1732/1706/1755
f 1724/1699/1756 1723/1698/1756 1732/1706/1756 1733/1707/1756
f 1725/1700/1757 1724/1699/1757 1733/1707/1757 1734/1708/1757
f 1718/1693/1758 1725/1700/1758 1734/1708/1758 1727/1701/1758
f 1735/1692/1759 1728/1702/1759 1727/1701/1759
f 1735/1692/1760 1729/1703/1760 1728/1702/1760
f 1735/1692/1761 1730/1704/1761 1729/1703/1761
f 1735/1692/1762 1731/1705/1762 1730/1704/1762
f 1735/1692/1763 1732/1706/1763 1731/1705/1763
f 1735/1692/1764 1733/1707/1764 1732/1706/1764
f 1735/1692/1765 1734/1708/1765 1733/1707/1765
f 1735/1692/1766 1727/1701/1766 1734/1708/1766
o Stem_032
v -0.135275 1.707126 -0.062981
v -0.143915 1.696466 -0.058779
v -0.149379 1.696466 -0.045508
v -0.146203 1.707126 -0.036441
v -0.137562 1.717787 -0.040643
v -0.132099 1.717787 -0.053913
v -0.358410 1.851496 -0.153612
v -0.364492 1.840729 -0.148986
v -0.369546 1.840729 -0.136788
v -0.368517 1.851496 -0.129217
v -0.362436 1.862263 -0.133843
v -0.357382 1.862263 -0.146040
v -0.581113 1.887035 -0.245231
v -0.582737 1.876545 -0.239327
v -0.587431 1.876545 -0.228123
v -0.590499 1.887035 -0.222824
v -0.588874 1.897525 -0.228728
v -0.584181 1.897525 -0.239931
v -0.803406 1.813743 -0.337840
v -0.801538 1.805120 -0.330981
v -0.805896 1.805120 -0.320691
v -0.812123 1.813743 -0.317260
v -0.813991 1.822365 -0.324119
v -0.809632 1.822365 -0.334409
v -1.025292 1.631619 -0.431432
v -1.021657 1.625186 -0.424283
v -1.025705 1.625186 -0.414832
v -1.033388 1.631619 -0.412531
v -1.037022 1.638052 -0.419680
v -1.032974 1.638052 -0.429130
v -1.246788 1.340665 -0.526009
v -1.242866 1.335441 -0.519168
v -1.246610 1.335441 -0.510482
v -1.254276 1.340665 -0.508636
v -1.258198 1.345888 -0.515477
v -1.254454 1.345888 -0.524163
vn 0.0867 -0.4298 -0.8987
vn -0.4786 -0.8555 -0.1977
vn -0.5714 -0.4305 0.6987
vn -0.0930 0.4332 0.8965
vn 0.4718 0.8599 0.1948
vn 0.5654 0.4338 -0.7015
vn 0.2591 -0.5025 -0.8248
vn -0.1384 -0.9887 -0.0576
vn -0.4031 -0.5020 0.7652
vn -0.2660 0.5036 0.8220
vn 0.1312 0.9898 0.0547
vn 0.3962 0.5031 -0.7681
vn 0.4679 -0.4867 -0.7377
vn 0.2657 -0.9575 0.1119
vn -0.2014 -0.4863 0.8503
vn -0.4736 0.4850 0.7352
vn -0.2708 0.9558 -0.1141
vn 0.1956 0.4846 -0.8526
vn 0.6165 -0.4037 -0.6760
vn 0.5532 -0.7990 0.2356
vn -0.0607 -0.4037 0.9129
vn -0.6202 0.4008 0.6743
vn -0.5566 0.7963 -0.2370
vn 0.0569 0.4008 -0.9144
vn 0.6956 -0.3206 -0.6429
vn 0.7067 -0.6390 0.3036
vn 0.0117 -0.3215 0.9468
vn -0.6979 0.3178 0.6418
vn -0.7088 0.6364 -0.3045
vn -0.0140 0.3188 -0.9477
vn 0.7931 -0.5141 0.3266
vn -0.5856 -0.7703 -0.2524
vt -1.082200 6.828506
vt -1.151322 6.785864
vt -2.915936 7.362916
vt -2.867283 7.405985
vt -1.195033 6.785864
vt -2.956365 7.362916
vt -1.169622 6.828506
vt -2.948139 7.405985
vt -1.100500 6.871147
vt -2.899486 7.449054
vt -1.056789 6.871147
vt -2.859057 7.449054
vt -4.661900 7.506179
vt -4.648901 7.548140
vt -4.699445 7.506179
vt -4.723991 7.548140
vt -4.710992 7.590101
vt -4.673447 7.590101
vt -6.412304 7.220481
vt -6.427248 7.254971
vt -6.447171 7.220481
vt -6.496981 7.254971
vt -6.511924 7.289460
vt -6.477058 7.289460
vt -8.173259 6.500746
vt -8.202334 6.526478
vt -8.205644 6.500746
vt -8.267102 6.526478
vt -8.296178 6.552210
vt -8.263793 6.552210
vt -9.942924 5.341766
vt -9.974304 5.362660
vt -9.972877 5.341766
vt -10.034208 5.362660
vt -10.065588 5.383554
vt -10.035636 5.383554
s 0
usemtl StemMat
f 1736/1709/1767 1737/1710/1767 1743/1711/1767 1742/1712/1767
f 1737/1710/1768 1738/1713/1768 1744/1714/1768 1743/1711/1768
f 1738/1713/1769 1739/1715/1769 1745/1716/1769 1744/1714/1769
f 1739/1715/1770 1740/1717/1770 1746/1718/1770 1745/1716/1770
f 1740/1717/1771 1741/1719/1771 1747/1720/1771 1746/1718/1771
f 1741/1719/1772 1736/1709/1772 1742/1712/1772 1747/1720/1772
f 1742/1712/1773 1743/1711/1773 1749/1721/1773 1748/1722/1773
f 1743/1711/1774 1744/1714/1774 1750/1723/1774 1749/1721/1774
f 1744/1714/1775 1745/1716/1775 1751/1724/1775 1750/1723/1775
f 1745/1716/1776 1746/1718/1776 1752/1725/1776 1751/1724/1776
f 1746/1718/1777 1747/1720/1777 1753/1726/1777 1752/1725/1777
f 1747/1720/1778 1742/1712/1778 1748/1722/1778 1753/1726/1778
f 1748/1722/1779 1749/1721/1779 1755/1727/1779 1754/1728/1779
f 1749/1721/1780 1750/1723/1780 1756/1729/1780 1755/1727/1780
f 1750/1723/1781 1751/1724/1781 1757/1730/1781 1756/1729/1781
f 1751/1724/1782 1752/1725/1782 1758/1731/1782 1757/1730/1782
f 1752/1725/1783 1753/1726/1783 1759/1732/1783 1758/1731/1783
f 1753/1726/1784 1748/1722/1784 1754/1728/1784 1759/1732/1784
f 1754/1728/1785 1755/1727/1785 1761/1733/1785 1760/1734/1785
f 1755/1727/1786 1756/1729/1786 1762/1735/1786 1761/1733/1786
f 1756/1729/1787 1757/1730/1787 1763/1736/1787 1762/1735/1787
f 1757/1730/1788 1758/1731/1788 1764/1737/1788 1763/1736/1788
f 1758/1731/1789 1759/1732/1789 1765/1738/1789 1764/1737/1789
f 1759/1732/1790 1754/1728/1790 1760/1734/1790 1765/1738/1790
f 1760/1734/1791 1761/1733/1791 1767/1739/1791 1766/1740/1791
f 1761/1733/1792 1762/1735/1792 1768/1741/1792 1767/1739/1792
f 1762/1735/1793 1763/1736/1793 1769/1742/1793 1768/1741/1793
f 1763/1736/1794 1764/1737/1794 1770/1743/1794 1769/1742/1794
f 1764/1737/1795 1765/1738/1795 1771/1744/1795 1770/1743/1795
f 1765/1738/1796 1760/1734/1796 1766/1740/1796 1771/1744/1796
f 1741/1719/1797 1740/1717/1797 1739/1715/1797 1738/1713/1797 1737/1710/1797 1736/1709/1797
f 1766/1740/1798 1767/1739/1798 1768/1741/1798 1769/1742/1798 1770/1743/1798 1771/1744/1798
o Leaf_032
v -1.556940 1.589336 -0.323573
v -1.554219 1.723670 -0.580177
v -1.414339 1.683945 -0.830685
v -1.219239 1.493431 -0.928352
v -1.083207 1.263728 -0.815967
v -1.085927 1.129393 -0.559364
v -1.225808 1.169118 -0.308856
v -1.420907 1.359633 -0.211188
v -1.334058 1.415300 -0.575798
v -1.538646 1.593437 -0.326137
v -1.536007 1.723741 -0.575042
v -1.400323 1.685208 -0.818035
v -1.211076 1.500409 -0.912772
v -1.079125 1.277597 -0.803759
v -1.081764 1.147292 -0.554853
v -1.217448 1.185826 -0.311861
v -1.406695 1.370625 -0.217123
v -1.320073 1.426532 -0.569770
vn -0.7744 -0.5571 -0.2999
vn -0.7634 -0.5498 -0.3391
vn -0.7375 -0.5676 -0.3660
vn -0.7119 -0.6001 -0.3648
vn -0.7016 -0.6282 -0.3363
vn -0.7126 -0.6355 -0.2971
vn -0.7385 -0.6177 -0.2702
vn -0.7641 -0.5853 -0.2714
vn -0.1327 0.8787 0.4586
vn 0.0349 0.9899 -0.1375
vn 0.4287 0.7193 -0.5467
vn 0.8179 0.2253 -0.5294
vn 0.9746 -0.2026 -0.0957
vn 0.8070 -0.3138 0.5004
vn 0.4132 -0.0432 0.9096
vn 0.0240 0.4508 0.8923
vn 0.7684 0.5636 0.3032
vn 0.7593 0.5576 0.3355
vn 0.7379 0.5723 0.3577
vn 0.7168 0.5991 0.3568
vn 0.7083 0.6223 0.3333
vn 0.7174 0.6283 0.3009
vn 0.7388 0.6136 0.2787
vn 0.7599 0.5868 0.2797
vt 0.500000 0.500000
vt 0.961940 0.691342
vt 0.691342 0.961940
vt 0.308658 0.961940
vt 0.038060 0.691342
vt 0.038060 0.308658
vt 0.308658 0.038060
vt 0.691342 0.038060
vt 0.961940 0.308658
vt 0.948082 0.685601
vt 0.685601 0.948082
vt 0.314399 0.948082
vt 0.051918 0.685601
vt 0.051918 0.314399
vt 0.314399 0.051918
vt 0.685601 0.051918
vt 0.948082 0.314399
s 0
usemtl LeafMat
f 1780/1745/1799 1772/1746/1799 1773/1747/1799
f 1780/1745/1800 1773/1747/1800 1774/1748/1800
f 1780/1745/1801 1774/1748/1801 1775/1749/1801
f 1780/1745/1802 1775/1749/1802 1776/1750/1802
f 1780/1745/1803 1776/1750/1803 1777/1751/1803
f 1780/1745/1804 1777/1751/1804 1778/1752/1804
f 1780/1745/1805 1778/1752/1805 1779/1753/1805
f 1780/1745/1806 1779/1753/1806 1772/1746/1806
f 1773/1747/1807 1772/1746/1807 1781/1754/1807 1782/1755/1807
f 1774/1748/1808 1773/1747/1808 1782/1755/1808 1783/1756/1808
f 1775/1749/1809 1774/1748/1809 1783/1756/1809 1784/1757/1809
f 1776/1750/1810 1775/1749/1810 1784/1757/1810 1785/1758/1810
f 1777/1751/1811 1776/1750/1811 1785/1758/1811 1786/1759/1811
f 1778/1752/1812 1777/1751/1812 1786/1759/1812 1787/1760/1812
f 1779/1753/1813 1778/1752/1813 1787/1760/1813 1788/1761/1813
f 1772/1746/1814 1779/1753/1814 1788/1761/1814 1781/1754/1814
f 1789/1745/1815 1782/1755/1815 1781/1754/1815
f 1789/1745/1816 1783/1756/1816 1782/1755/1816
f 1789/1745/1817 1784/1757/1817 1783/1756/1817
f 1789/1745/1818 1785/1758/1818 1784/1757/1818
f 1789/1745/1819 1786/1759/1819 1785/1758/1819
f 1789/1745/1820 1787/1760/1820 1786/1759/1820
f 1789/1745/1821 1788/1761/1821 1787/1760/1821
f 1789/1745/1822 1781/1754/1822 1788/1761/1822
