# Blender 5.1.1
# www.blender.org
mtllib spider.mtl
o Pot
v 0.550000 0.000000 0.000000
v 0.388909 0.000000 -0.388909
v 0.000000 0.000000 -0.550000
v -0.388909 0.000000 -0.388909
v -0.550000 0.000000 -0.000000
v -0.388909 0.000000 0.388909
v -0.000000 0.000000 0.550000
v 0.388909 0.000000 0.388909
v 0.620000 0.100000 0.000000
v 0.438406 0.100000 -0.438406
v 0.000000 0.100000 -0.620000
v -0.438406 0.100000 -0.438406
v -0.620000 0.100000 -0.000000
v -0.438406 0.100000 0.438406
v -0.000000 0.100000 0.620000
v 0.438406 0.100000 0.438406
v 0.700000 0.400000 0.000000
v 0.494975 0.400000 -0.494975
v 0.000000 0.400000 -0.700000
v -0.494975 0.400000 -0.494975
v -0.700000 0.400000 -0.000000
v -0.494975 0.400000 0.494975
v -0.000000 0.400000 0.700000
v 0.494975 0.400000 0.494975
v 0.740000 0.750000 0.000000
v 0.523259 0.750000 -0.523259
v 0.000000 0.750000 -0.740000
v -0.523259 0.750000 -0.523259
v -0.740000 0.750000 -0.000000
v -0.523259 0.750000 0.523259
v -0.000000 0.750000 0.740000
v 0.523259 0.750000 0.523259
v 0.740000 1.000000 0.000000
v 0.523259 1.000000 -0.523259
v 0.000000 1.000000 -0.740000
v -0.523259 1.000000 -0.523259
v -0.740000 1.000000 -0.000000
v -0.523259 1.000000 0.523259
v -0.000000 1.000000 0.740000
v 0.523259 1.000000 0.523259
v 0.720000 1.100000 0.000000
v 0.509117 1.100000 -0.509117
v 0.000000 1.100000 -0.720000
v -0.509117 1.100000 -0.509117
v -0.720000 1.100000 -0.000000
v -0.509117 1.100000 0.509117
v -0.000000 1.100000 0.720000
v 0.509117 1.100000 0.509117
v 0.660000 1.100000 0.000000
v 0.466690 1.100000 -0.466690
v 0.000000 1.100000 -0.660000
v -0.466690 1.100000 -0.466690
v -0.660000 1.100000 -0.000000
v -0.466690 1.100000 0.466690
v -0.000000 1.100000 0.660000
v 0.466690 1.100000 0.466690
v 0.620000 1.050000 0.000000
v 0.438406 1.050000 -0.438406
v 0.000000 1.050000 -0.620000
v -0.438406 1.050000 -0.438406
v -0.620000 1.050000 -0.000000
v -0.438406 1.050000 0.438406
v -0.000000 1.050000 0.620000
v 0.438406 1.050000 0.438406
v 0.540000 0.700000 0.000000
v 0.381838 0.700000 -0.381838
v 0.000000 0.700000 -0.540000
v -0.381838 0.700000 -0.381838
v -0.540000 0.700000 -0.000000
v -0.381838 0.700000 0.381838
v -0.000000 0.700000 0.540000
v 0.381838 0.700000 0.381838
v 0.440000 0.300000 0.000000
v 0.311127 0.300000 -0.311127
v 0.000000 0.300000 -0.440000
v -0.311127 0.300000 -0.311127
v -0.440000 0.300000 -0.000000
v -0.311127 0.300000 0.311127
v -0.000000 0.300000 0.440000
v 0.311127 0.300000 0.311127
v 0.400000 0.150000 0.000000
v 0.282843 0.150000 -0.282843
v 0.000000 0.150000 -0.400000
v -0.282843 0.150000 -0.282843
v -0.400000 0.150000 -0.000000
v -0.282843 0.150000 0.282843
v -0.000000 0.150000 0.400000
v 0.282843 0.150000 0.282843
v 0.400000 0.080000 0.000000
v 0.282843 0.080000 -0.282843
v 0.000000 0.080000 -0.400000
v -0.282843 0.080000 -0.282843
v -0.400000 0.080000 -0.000000
v -0.282843 0.080000 0.282843
v -0.000000 0.080000 0.400000
v 0.282843 0.080000 0.282843
vn 0.7758 -0.5430 -0.3213
vn 0.3213 -0.5430 -0.7758
vn -0.3213 -0.5430 -0.7758
vn -0.7758 -0.5430 -0.3213
vn -0.7758 -0.5430 0.3213
vn -0.3213 -0.5430 0.7758
vn 0.3213 -0.5430 0.7758
vn 0.7758 -0.5430 0.3213
vn 0.8971 -0.2392 -0.3716
vn 0.3716 -0.2392 -0.8971
vn -0.3716 -0.2392 -0.8971
vn -0.8971 -0.2392 -0.3716
vn -0.8971 -0.2392 0.3716
vn -0.3716 -0.2392 0.8971
vn 0.3716 -0.2392 0.8971
vn 0.8971 -0.2392 0.3716
vn 0.9188 -0.1050 -0.3806
vn 0.3806 -0.1050 -0.9188
vn -0.3806 -0.1050 -0.9188
vn -0.9188 -0.1050 -0.3806
vn -0.9188 -0.1050 0.3806
vn -0.3806 -0.1050 0.9188
vn 0.3806 -0.1050 0.9188
vn 0.9188 -0.1050 0.3806
vn 0.9239 -0.0000 -0.3827
vn 0.3827 -0.0000 -0.9239
vn -0.3827 -0.0000 -0.9239
vn -0.9239 -0.0000 -0.3827
vn -0.9239 -0.0000 0.3827
vn -0.3827 -0.0000 0.9239
vn 0.3827 -0.0000 0.9239
vn 0.9239 -0.0000 0.3827
vn 0.9085 0.1817 -0.3763
vn 0.3763 0.1817 -0.9085
vn -0.3763 0.1817 -0.9085
vn -0.9085 0.1817 -0.3763
vn -0.9085 0.1817 0.3763
vn -0.3763 0.1817 0.9085
vn 0.3763 0.1817 0.9085
vn 0.9085 0.1817 0.3763
vn -0.0000 -1.0000 -0.0000
vn -0.0000 1.0000 -0.0000
vn -0.7430 0.5944 0.3077
vn -0.3077 0.5944 0.7430
vn 0.3077 0.5944 0.7430
vn 0.7430 0.5944 0.3077
vn 0.7430 0.5944 -0.3077
vn 0.3077 0.5944 -0.7430
vn -0.3077 0.5944 -0.7430
vn -0.7430 0.5944 -0.3077
vn -0.9039 0.2066 0.3744
vn -0.3744 0.2066 0.9039
vn 0.3744 0.2066 0.9039
vn 0.9039 0.2066 0.3744
vn 0.9039 0.2066 -0.3744
vn 0.3744 0.2066 -0.9039
vn -0.3744 0.2066 -0.9039
vn -0.9039 0.2066 -0.3744
vn -0.9002 0.2250 0.3729
vn -0.3729 0.2250 0.9002
vn 0.3729 0.2250 0.9002
vn 0.9002 0.2250 0.3729
vn 0.9002 0.2250 -0.3729
vn 0.3729 0.2250 -0.9002
vn -0.3729 0.2250 -0.9002
vn -0.9002 0.2250 -0.3729
vn -0.8971 0.2392 0.3716
vn -0.3716 0.2392 0.8971
vn 0.3716 0.2392 0.8971
vn 0.8971 0.2392 0.3716
vn 0.8971 0.2392 -0.3716
vn 0.3716 0.2392 -0.8971
vn -0.3716 0.2392 -0.8971
vn -0.8971 0.2392 -0.3716
vt 0.000000 0.000000
vt 0.972272 0.000000
vt 1.096015 0.250000
vt 0.000000 0.250000
vt 0.000000 0.000000
vt 0.000000 0.250000
vt -0.972272 0.000000
vt -1.096015 0.250000
vt 0.000000 0.000000
vt 0.000000 0.250000
vt -0.000000 0.000000
vt -0.000000 0.250000
vt 1.237437 1.000000
vt 0.000000 1.000000
vt 0.000000 1.000000
vt -1.237437 1.000000
vt 0.000000 1.000000
vt -0.000000 1.000000
vt 1.308148 1.875000
vt 0.000000 1.875000
vt 0.000000 1.875000
vt -1.308148 1.875000
vt 0.000000 1.875000
vt -0.000000 1.875000
vt 1.308148 2.500000
vt 0.000000 2.500000
vt 0.000000 2.500000
vt -1.308148 2.500000
vt 0.000000 2.500000
vt -0.000000 2.500000
vt 1.272792 2.750000
vt 0.000000 2.750000
vt 0.000000 2.750000
vt -1.272792 2.750000
vt 0.000000 2.750000
vt -0.000000 2.750000
vt 0.972272 -0.972272
vt -0.000000 -1.375000
vt -0.972272 -0.972272
vt -1.375000 0.000000
vt -0.972272 0.972272
vt 0.000000 1.375000
vt 0.972272 0.972272
vt 1.375000 0.000000
vt 1.800000 0.000000
vt 1.272792 1.272792
vt 1.166726 1.166726
vt 1.650000 0.000000
vt 0.000000 1.800000
vt 0.000000 1.650000
vt -1.272792 1.272792
vt -1.166726 1.166726
vt -1.800000 0.000000
vt -1.650000 0.000000
vt -1.272792 -1.272792
vt -1.166726 -1.166726
vt -0.000000 -1.800000
vt -0.000000 -1.650000
vt 1.272792 -1.272792
vt 1.166726 -1.166726
vt 1.166726 2.750000
vt 1.096015 2.625000
vt 0.000000 2.625000
vt 0.000000 2.750000
vt 0.000000 2.625000
vt -1.166726 2.750000
vt -1.096015 2.625000
vt 0.000000 2.750000
vt 0.000000 2.625000
vt -0.000000 2.750000
vt -0.000000 2.625000
vt 0.954594 1.750000
vt 0.000000 1.750000
vt 0.000000 1.750000
vt -0.954594 1.750000
vt 0.000000 1.750000
vt -0.000000 1.750000
vt 0.777817 0.750000
vt 0.000000 0.750000
vt 0.000000 0.750000
vt -0.777817 0.750000
vt 0.000000 0.750000
vt -0.000000 0.750000
vt 0.707107 0.375000
vt 0.000000 0.375000
vt 0.000000 0.375000
vt -0.707107 0.375000
vt 0.000000 0.375000
vt -0.000000 0.375000
vt 0.707107 0.200000
vt 0.000000 0.200000
vt 0.000000 0.200000
vt -0.707107 0.200000
vt 0.000000 0.200000
vt -0.000000 0.200000
vt 1.000000 0.000000
vt 0.707107 0.707107
vt 0.000000 1.000000
vt -0.707107 0.707107
vt -1.000000 0.000000
vt -0.707107 -0.707107
vt -0.000000 -1.000000
vt 0.707107 -0.707107
s 0
usemtl PotMat
f 1/1/1 2/2/1 10/3/1 9/4/1
f 2/2/2 3/5/2 11/6/2 10/3/2
f 3/5/3 4/7/3 12/8/3 11/6/3
f 4/2/4 5/9/4 13/10/4 12/3/4
f 5/9/5 6/7/5 14/8/5 13/10/5
f 6/7/6 7/11/6 15/12/6 14/8/6
f 7/11/7 8/2/7 16/3/7 15/12/7
f 8/7/8 1/1/8 9/4/8 16/8/8
f 9/4/9 10/3/9 18/13/9 17/14/9
f 10/3/10 11/6/10 19/15/10 18/13/10
f 11/6/11 12/8/11 20/16/11 19/15/11
f 12/3/12 13/10/12 21/17/12 20/13/12
f 13/10/13 14/8/13 22/16/13 21/17/13
f 14/8/14 15/12/14 23/18/14 22/16/14
f 15/12/15 16/3/15 24/13/15 23/18/15
f 16/8/16 9/4/16 17/14/16 24/16/16
f 17/14/17 18/13/17 26/19/17 25/20/17
f 18/13/18 19/15/18 27/21/18 26/19/18
f 19/15/19 20/16/19 28/22/19 27/21/19
f 20/13/20 21/17/20 29/23/20 28/19/20
f 21/17/21 22/16/21 30/22/21 29/23/21
f 22/16/22 23/18/22 31/24/22 30/22/22
f 23/18/23 24/13/23 32/19/23 31/24/23
f 24/16/24 17/14/24 25/20/24 32/22/24
f 25/20/25 26/19/25 34/25/25 33/26/25
f 26/19/26 27/21/26 35/27/26 34/25/26
f 27/21/27 28/22/27 36/28/27 35/27/27
f 28/19/28 29/23/28 37/29/28 36/25/28
f 29/23/29 30/22/29 38/28/29 37/29/29
f 30/22/30 31/24/30 39/30/30 38/28/30
f 31/24/31 32/19/31 40/25/31 39/30/31
f 32/22/32 25/20/32 33/26/32 40/28/32
f 33/26/33 34/25/33 42/31/33 41/32/33
f 34/25/34 35/27/34 43/33/34 42/31/34
f 35/27/35 36/28/35 44/34/35 43/33/35
f 36/25/36 37/29/36 45/35/36 44/31/36
f 37/29/37 38/28/37 46/34/37 45/35/37
f 38/28/38 39/30/38 47/36/38 46/34/38
f 39/30/39 40/25/39 48/31/39 47/36/39
f 40/28/40 33/26/40 41/32/40 48/34/40
f 8/37/41 7/38/41 6/39/41 5/40/41 4/41/41 3/42/41 2/43/41 1/44/41
f 41/45/42 42/46/42 50/47/42 49/48/42
f 42/46/42 43/49/42 51/50/42 50/47/42
f 43/49/42 44/51/42 52/52/42 51/50/42
f 44/51/42 45/53/42 53/54/42 52/52/42
f 45/53/42 46/55/42 54/56/42 53/54/42
f 46/55/42 47/57/42 55/58/42 54/56/42
f 47/57/42 48/59/42 56/60/42 55/58/42
f 48/59/42 41/45/42 49/48/42 56/60/42
f 50/61/43 58/62/43 57/63/43 49/32/43
f 51/64/44 59/65/44 58/62/44 50/61/44
f 52/66/45 60/67/45 59/65/45 51/64/45
f 53/68/46 61/69/46 60/62/46 52/61/46
f 54/66/47 62/67/47 61/69/47 53/68/47
f 55/70/48 63/71/48 62/67/48 54/66/48
f 56/61/49 64/62/49 63/71/49 55/70/49
f 49/32/50 57/63/50 64/67/50 56/66/50
f 58/62/51 66/72/51 65/73/51 57/63/51
f 59/65/52 67/74/52 66/72/52 58/62/52
f 60/67/53 68/75/53 67/74/53 59/65/53
f 61/69/54 69/76/54 68/72/54 60/62/54
f 62/67/55 70/75/55 69/76/55 61/69/55
f 63/71/56 71/77/56 70/75/56 62/67/56
f 64/62/57 72/72/57 71/77/57 63/71/57
f 57/63/58 65/73/58 72/75/58 64/67/58
f 66/72/59 74/78/59 73/79/59 65/73/59
f 67/74/60 75/80/60 74/78/60 66/72/60
f 68/75/61 76/81/61 75/80/61 67/74/61
f 69/76/62 77/82/62 76/78/62 68/72/62
f 70/75/63 78/81/63 77/82/63 69/76/63
f 71/77/64 79/83/64 78/81/64 70/75/64
f 72/72/65 80/78/65 79/83/65 71/77/65
f 65/73/66 73/79/66 80/81/66 72/75/66
f 74/78/67 82/84/67 81/85/67 73/79/67
f 75/80/68 83/86/68 82/84/68 74/78/68
f 76/81/69 84/87/69 83/86/69 75/80/69
f 77/82/70 85/88/70 84/84/70 76/78/70
f 78/81/71 86/87/71 85/88/71 77/82/71
f 79/83/72 87/89/72 86/87/72 78/81/72
f 80/78/73 88/84/73 87/89/73 79/83/73
f 73/79/74 81/85/74 88/87/74 80/81/74
f 82/84/29 90/90/29 89/91/29 81/85/29
f 83/86/30 91/92/30 90/90/30 82/84/30
f 84/87/31 92/93/31 91/92/31 83/86/31
f 85/88/32 93/94/32 92/90/32 84/84/32
f 86/87/25 94/93/25 93/94/25 85/88/25
f 87/89/26 95/95/26 94/93/26 86/87/26
f 88/84/27 96/90/27 95/95/27 87/89/27
f 81/85/28 89/91/28 96/93/28 88/87/28
f 89/96/42 90/97/42 91/98/42 92/99/42 93/100/42 94/101/42 95/102/42 96/103/42
o Soil
v 0.000000 1.060000 0.000000
v 0.300000 1.055000 0.000000
v 0.212132 1.045000 -0.212132
v 0.000000 1.055000 -0.300000
v -0.212132 1.045000 -0.212132
v -0.300000 1.055000 -0.000000
v -0.212132 1.045000 0.212132
v -0.000000 1.055000 0.300000
v 0.212132 1.045000 0.212132
v 0.572805 1.040000 -0.237264
v 0.237264 1.040000 -0.572805
v -0.237264 1.040000 -0.572805
v -0.572805 1.040000 -0.237264
v -0.572805 1.040000 0.237264
v -0.237264 1.040000 0.572805
v 0.237264 1.040000 0.572805
v 0.572805 1.040000 0.237264
vn 0.0166 0.9984 -0.0540
vn 0.0540 0.9984 -0.0166
vn -0.0540 0.9984 -0.0166
vn -0.0166 0.9984 -0.0540
vn -0.0166 0.9984 0.0540
vn -0.0540 0.9984 0.0166
vn 0.0540 0.9984 0.0166
vn 0.0166 0.9984 0.0540
vn 0.0119 0.9996 -0.0275
vn 0.0194 0.9991 -0.0380
vn -0.0275 0.9996 -0.0119
vn -0.0380 0.9991 -0.0194
vn -0.0119 0.9996 0.0275
vn -0.0194 0.9991 0.0380
vn 0.0275 0.9996 0.0119
vn 0.0380 0.9991 0.0194
vt 0.000000 0.000000
vt 1.200000 0.000000
vt 0.848528 0.848528
vt 0.000000 1.200000
vt -0.848528 0.848528
vt -1.200000 0.000000
vt -0.848528 -0.848528
vt -0.000000 -1.200000
vt 0.848528 -0.848528
vt 2.291221 0.949055
vt 0.949055 2.291221
vt -0.949055 2.291221
vt -2.291221 0.949055
vt -2.291221 -0.949055
vt -0.949055 -2.291221
vt 0.949055 -2.291221
vt 2.291221 -0.949055
s 0
usemtl SoilMat
f 97/104/75 98/105/75 99/106/75
f 97/104/76 99/106/76 100/107/76
f 97/104/77 100/107/77 101/108/77
f 97/104/78 101/108/78 102/109/78
f 97/104/79 102/109/79 103/110/79
f 97/104/80 103/110/80 104/111/80
f 97/104/81 104/111/81 105/112/81
f 97/104/82 105/112/82 98/105/82
f 98/105/83 106/113/83 107/114/83 99/106/83
f 99/106/84 107/114/84 108/115/84 100/107/84
f 100/107/85 108/115/85 109/116/85 101/108/85
f 101/108/86 109/116/86 110/117/86 102/109/86
f 102/109/87 110/117/87 111/118/87 103/110/87
f 103/110/88 111/118/88 112/119/88 104/111/88
f 104/111/89 112/119/89 113/120/89 105/112/89
f 105/112/90 113/120/90 106/113/90 98/105/90
o Saucer
v 0.780000 -0.060000 0.000000
v 0.551543 -0.060000 -0.551543
v 0.000000 -0.060000 -0.780000
v -0.551543 -0.060000 -0.551543
v -0.780000 -0.060000 -0.000000
v -0.551543 -0.060000 0.551543
v -0.000000 -0.060000 0.780000
v 0.551543 -0.060000 0.551543
v 0.820000 -0.020000 0.000000
v 0.579828 -0.020000 -0.579828
v 0.000000 -0.020000 -0.820000
v -0.579828 -0.020000 -0.579828
v -0.820000 -0.020000 -0.000000
v -0.579828 -0.020000 0.579828
v -0.000000 -0.020000 0.820000
v 0.579828 -0.020000 0.579828
v 0.780000 0.040000 0.000000
v 0.551543 0.040000 -0.551543
v 0.000000 0.040000 -0.780000
v -0.551543 0.040000 -0.551543
v -0.780000 0.040000 -0.000000
v -0.551543 0.040000 0.551543
v -0.000000 0.040000 0.780000
v 0.551543 0.040000 0.551543
vn 0.6786 -0.6786 -0.2811
vn 0.2811 -0.6786 -0.6786
vn -0.2811 -0.6786 -0.6786
vn -0.6786 -0.6786 -0.2811
vn -0.6786 -0.6786 0.2811
vn -0.2811 -0.6786 0.6786
vn 0.2811 -0.6786 0.6786
vn 0.6786 -0.6786 0.2811
vn 0.7866 0.5244 -0.3258
vn 0.3258 0.5244 -0.7866
vn -0.3258 0.5244 -0.7866
vn -0.7866 0.5244 -0.3258
vn -0.7866 0.5244 0.3258
vn -0.3258 0.5244 0.7866
vn 0.3258 0.5244 0.7866
vn 0.7866 0.5244 0.3258
vn -0.0000 -1.0000 -0.0000
vn -0.0000 1.0000 -0.0000
vt 0.000000 -0.240000
vt 2.206173 -0.240000
vt 2.319310 -0.080000
vt 0.000000 -0.080000
vt 0.000000 -0.240000
vt 0.000000 -0.080000
vt -2.206173 -0.240000
vt -2.319310 -0.080000
vt 0.000000 -0.240000
vt 0.000000 -0.080000
vt -0.000000 -0.240000
vt -0.000000 -0.080000
vt 2.206173 0.160000
vt 0.000000 0.160000
vt 0.000000 0.160000
vt -2.206173 0.160000
vt 0.000000 0.160000
vt -0.000000 0.160000
vt 2.206173 -2.206173
vt -0.000000 -3.120000
vt -2.206173 -2.206173
vt -3.120000 0.000000
vt -2.206173 2.206173
vt 0.000000 3.120000
vt 2.206173 2.206173
vt 3.120000 0.000000
s 0
usemtl SaucerMat
f 114/121/91 115/122/91 123/123/91 122/124/91
f 115/122/92 116/125/92 124/126/92 123/123/92
f 116/125/93 117/127/93 125/128/93 124/126/93
f 117/122/94 118/129/94 126/130/94 125/123/94
f 118/129/95 119/127/95 127/128/95 126/130/95
f 119/127/96 120/131/96 128/132/96 127/128/96
f 120/131/97 121/122/97 129/123/97 128/132/97
f 121/127/98 114/121/98 122/124/98 129/128/98
f 122/124/99 123/123/99 131/133/99 130/134/99
f 123/123/100 124/126/100 132/135/100 131/133/100
f 124/126/101 125/128/101 133/136/101 132/135/101
f 125/123/102 126/130/102 134/137/102 133/133/102
f 126/130/103 127/128/103 135/136/103 134/137/103
f 127/128/104 128/132/104 136/138/104 135/136/104
f 128/132/105 129/123/105 137/133/105 136/138/105
f 129/128/106 122/124/106 130/134/106 137/136/106
f 121/139/107 120/140/107 119/141/107 118/142/107 117/143/107 116/144/107 115/145/107 114/146/107
f 130/146/108 131/145/108 132/144/108 133/143/108 134/142/108 135/141/108 136/140/108 137/139/108
o Leaf_000
v 0.110828 1.079339 0.034110
v 0.050256 1.098626 0.014618
v 0.186658 1.312963 0.071017
v 0.104155 1.339933 0.044502
v 0.262202 1.534068 0.107378
v 0.158670 1.569773 0.074197
v 0.337230 1.742923 0.143129
v 0.214032 1.787878 0.103769
v 0.411468 1.939587 0.178179
v 0.270513 1.994189 0.133307
v 0.484662 2.124126 0.212444
v 0.328370 2.188638 0.162896
v 0.556580 2.296617 0.245849
v 0.387833 2.371151 0.192611
v 0.627024 2.457143 0.278330
v 0.449101 2.541642 0.222517
v 0.695827 2.605799 0.309832
v 0.512340 2.700019 0.252667
v 0.762862 2.742687 0.340318
v 0.577676 2.846178 0.283099
v 0.828047 2.867929 0.369760
v 0.645195 2.979998 0.313841
v 0.891341 2.981663 0.398152
v 0.714933 3.101340 0.344899
v 0.952761 3.084056 0.425502
v 0.786878 3.210038 0.376265
v 1.012381 3.175311 0.451845
v 0.860952 3.305887 0.407905
v 1.070356 3.255682 0.477242
v 0.937001 3.388635 0.439755
v 1.126948 3.325481 0.501798
v 1.014764 3.457971 0.471713
v 1.182574 3.385075 0.525679
v 1.093824 3.513526 0.503613
v 1.237868 3.434847 0.549130
v 1.173546 3.554917 0.535207
v 1.293727 3.475089 0.572498
v 1.253032 3.581852 0.566151
v 1.351280 3.505817 0.596207
v 1.331157 3.594317 0.596020
v 1.414200 3.526812 0.621666
v 1.404244 3.592529 0.623405
vn 0.3192 0.0459 -0.9466
vn 0.3194 0.0465 -0.9465
vn 0.3196 0.0472 -0.9464
vn 0.3198 0.0479 -0.9463
vn 0.3201 0.0487 -0.9461
vn 0.3204 0.0496 -0.9460
vn 0.3207 0.0506 -0.9458
vn 0.3212 0.0517 -0.9456
vn 0.3217 0.0530 -0.9453
vn 0.3224 0.0544 -0.9450
vn 0.3232 0.0560 -0.9447
vn 0.3242 0.0578 -0.9442
vn 0.3255 0.0599 -0.9436
vn 0.3271 0.0622 -0.9429
vn 0.3292 0.0647 -0.9420
vn 0.3319 0.0675 -0.9409
vn 0.3354 0.0705 -0.9394
vn 0.3398 0.0735 -0.9376
vn 0.3451 0.0762 -0.9355
vn 0.3515 0.0779 -0.9329
vt 0.000000 0.000000
vt 1.000000 0.000000
vt 1.000000 0.050000
vt 0.000000 0.050000
vt 1.000000 0.100000
vt 0.000000 0.100000
vt 1.000000 0.150000
vt 0.000000 0.150000
vt 1.000000 0.200000
vt 0.000000 0.200000
vt 1.000000 0.250000
vt 0.000000 0.250000
vt 1.000000 0.300000
vt 0.000000 0.300000
vt 1.000000 0.350000
vt 0.000000 0.350000
vt 1.000000 0.400000
vt 0.000000 0.400000
vt 1.000000 0.450000
vt 0.000000 0.450000
vt 1.000000 0.500000
vt 0.000000 0.500000
vt 1.000000 0.550000
vt 0.000000 0.550000
vt 1.000000 0.600000
vt 0.000000 0.600000
vt 1.000000 0.650000
vt 0.000000 0.650000
vt 1.000000 0.700000
vt 0.000000 0.700000
vt 1.000000 0.750000
vt 0.000000 0.750000
vt 1.000000 0.800000
vt 0.000000 0.800000
vt 1.000000 0.850000
vt 0.000000 0.850000
vt 1.000000 0.900000
vt 0.000000 0.900000
vt 1.000000 0.950000
vt 0.000000 0.950000
vt 1.000000 1.000000
vt 0.000000 1.000000
s 0
usemtl LeafMat
f 138/147/109 139/148/109 141/149/109 140/150/109
f 140/150/110 141/149/110 143/151/110 142/152/110
f 142/152/111 143/151/111 145/153/111 144/154/111
f 144/154/112 145/153/112 147/155/112 146/156/112
f 146/156/113 147/155/113 149/157/113 148/158/113
f 148/158/114 149/157/114 151/159/114 150/160/114
f 150/160/115 151/159/115 153/161/115 152/162/115
f 152/162/116 153/161/116 155/163/116 154/164/116
f 154/164/117 155/163/117 157/165/117 156/166/117
f 156/166/118 157/165/118 159/167/118 158/168/118
f 158/168/119 159/167/119 161/169/119 160/170/119
f 160/170/120 161/169/120 163/171/120 162/172/120
f 162/172/121 163/171/121 165/173/121 164/174/121
f 164/174/122 165/173/122 167/175/122 166/176/122
f 166/176/123 167/175/123 169/177/123 168/178/123
f 168/178/124 169/177/124 171/179/124 170/180/124
f 170/180/125 171/179/125 173/181/125 172/182/125
f 172/182/126 173/181/126 175/183/126 174/184/126
f 174/184/127 175/183/127 177/185/127 176/186/127
f 176/186/128 177/185/128 179/187/128 178/188/128
o Leaf_001
v -0.058161 1.071064 0.144637
v 0.013633 1.073843 0.134592
v -0.067108 1.211084 0.215033
v 0.030897 1.215074 0.201420
v -0.076202 1.345291 0.285286
v 0.047379 1.350833 0.268388
v -0.085127 1.473764 0.355380
v 0.062761 1.481043 0.335511
v -0.093583 1.596516 0.425269
v 0.076744 1.605690 0.402837
v -0.101293 1.713566 0.494911
v 0.089051 1.724756 0.470404
v -0.108009 1.824938 0.564276
v 0.099434 1.838215 0.538247
v -0.113522 1.930660 0.633335
v 0.107683 1.946041 0.606391
v -0.117659 2.030764 0.702075
v 0.113627 2.048202 0.674851
v -0.120296 2.125285 0.770489
v 0.117141 2.144661 0.743633
v -0.121356 2.214263 0.838584
v 0.118148 2.235380 0.812732
v -0.120813 2.297740 0.906375
v 0.116622 2.320317 0.882130
v -0.118691 2.375756 0.973894
v 0.112587 2.399430 0.951797
v -0.115066 2.448353 1.041182
v 0.106118 2.472678 1.021691
v -0.110061 2.515571 1.108295
v 0.097340 2.540023 1.091757
v -0.103847 2.577442 1.175299
v 0.086422 2.601430 1.161929
v -0.096635 2.633993 1.242271
v 0.073577 2.656874 1.232128
v -0.088675 2.685238 1.309299
v 0.059054 2.706341 1.302269
v -0.080248 2.731176 1.376473
v 0.043133 2.749829 1.372259
v -0.071657 2.771790 1.443885
v 0.026119 2.787359 1.442008
v -0.063243 2.807163 1.511931
v 0.008351 2.818845 1.511120
vn -0.1412 0.4375 -0.8881
vn -0.1407 0.4517 -0.8810
vn -0.1403 0.4667 -0.8732
vn -0.1399 0.4826 -0.8646
vn -0.1395 0.4996 -0.8550
vn -0.1391 0.5175 -0.8443
vn -0.1387 0.5366 -0.8324
vn -0.1384 0.5568 -0.8190
vn -0.1382 0.5783 -0.8041
vn -0.1380 0.6010 -0.7872
vn -0.1380 0.6250 -0.7683
vn -0.1380 0.6504 -0.7469
vn -0.1383 0.6771 -0.7228
vn -0.1387 0.7051 -0.6954
vn -0.1394 0.7341 -0.6645
vn -0.1404 0.7641 -0.6296
vn -0.1418 0.7947 -0.5902
vn -0.1437 0.8254 -0.5460
vn -0.1461 0.8557 -0.4965
vn -0.1494 0.8848 -0.4415
vt 0.000000 0.000000
vt 0.000000 0.050000
vt 1.000000 0.050000
vt 1.000000 0.000000
vt 0.000000 0.100000
vt 1.000000 0.100000
vt 0.000000 0.150000
vt 1.000000 0.150000
vt 0.000000 0.200000
vt 1.000000 0.200000
vt 0.000000 0.250000
vt 1.000000 0.250000
vt 0.000000 0.300000
vt 1.000000 0.300000
vt 0.000000 0.350000
vt 1.000000 0.350000
vt 0.000000 0.400000
vt 1.000000 0.400000
vt 0.000000 0.450000
vt 1.000000 0.450000
vt 0.000000 0.500000
vt 1.000000 0.500000
vt 0.000000 0.550000
vt 1.000000 0.550000
vt 0.000000 0.600000
vt 1.000000 0.600000
vt 0.000000 0.650000
vt 1.000000 0.650000
vt 0.000000 0.700000
vt 1.000000 0.700000
vt 0.000000 0.750000
vt 1.000000 0.750000
vt 0.000000 0.800000
vt 1.000000 0.800000
vt 0.000000 0.850000
vt 1.000000 0.850000
vt 0.000000 0.900000
vt 1.000000 0.900000
vt 0.000000 0.950000
vt 1.000000 0.950000
vt 0.000000 1.000000
vt 1.000000 1.000000
s 0
usemtl LeafMat
f 180/189/129 182/190/129 183/191/129 181/192/129
f 182/190/130 184/193/130 185/194/130 183/191/130
f 184/193/131 186/195/131 187/196/131 185/194/131
f 186/195/132 188/197/132 189/198/132 187/196/132
f 188/197/133 190/199/133 191/200/133 189/198/133
f 190/199/134 192/201/134 193/202/134 191/200/134
f 192/201/135 194/203/135 195/204/135 193/202/135
f 194/203/136 196/205/136 197/206/136 195/204/136
f 196/205/137 198/207/137 199/208/137 197/206/137
f 198/207/138 200/209/138 201/210/138 199/208/138
f 200/209/139 202/211/139 203/212/139 201/210/139
f 202/211/140 204/213/140 205/214/140 203/212/140
f 204/213/141 206/215/141 207/216/141 205/214/141
f 206/215/142 208/217/142 209/218/142 207/216/142
f 208/217/143 210/219/143 211/220/143 209/218/143
f 210/219/144 212/221/144 213/222/144 211/220/144
f 212/221/145 214/223/145 215/224/145 213/222/145
f 214/223/146 216/225/146 217/226/146 215/224/146
f 216/225/147 218/227/147 219/228/147 217/226/147
f 218/227/148 220/229/148 221/230/148 219/228/148
o Leaf_002
v -0.119758 1.066282 0.060347
v -0.063886 1.127064 0.041891
v -0.257753 1.188145 0.114627
v -0.183367 1.273026 0.090193
v -0.393264 1.296096 0.168835
v -0.304597 1.407957 0.140135
v -0.526491 1.391105 0.223053
v -0.427375 1.530888 0.191635
v -0.657080 1.473566 0.277134
v -0.552056 1.641426 0.244841
v -0.784765 1.543952 0.330962
v -0.678904 1.739098 0.299868
v -0.909410 1.602810 0.384474
v -0.808058 1.823356 0.356779
v -1.031038 1.650741 0.437673
v -0.939493 1.893599 0.415571
v -1.149868 1.688360 0.490650
v -1.072990 1.949213 0.476155
v -1.266328 1.716239 0.543589
v -1.208122 1.989625 0.538344
v -1.381041 1.734837 0.596773
v -1.344266 2.014376 0.601856
v -1.494779 1.744430 0.650562
v -1.480648 2.023190 0.666332
v -1.608387 1.745060 0.705358
v -1.616426 2.016027 0.731369
v -1.722682 1.736515 0.761562
v -1.750780 1.993096 0.796567
v -1.838360 1.718363 0.819523
v -1.883016 1.954831 0.861575
v -1.955927 1.690009 0.879503
v -2.012628 1.901825 0.926134
v -2.075665 1.650776 0.941650
v -2.139334 1.834758 0.990093
v -2.197634 1.599977 1.006002
v -2.263071 1.754315 1.053416
v -2.321708 1.536977 1.072493
v -2.383969 1.661131 1.116168
v -2.447610 1.461227 1.140975
v -2.502303 1.555756 1.178497
v -2.575771 1.371573 1.211690
v -2.617644 1.439343 1.240162
vn -0.3428 0.0301 -0.9389
vn -0.3473 0.0347 -0.9371
vn -0.3524 0.0396 -0.9350
vn -0.3582 0.0446 -0.9326
vn -0.3649 0.0496 -0.9297
vn -0.3723 0.0546 -0.9265
vn -0.3807 0.0593 -0.9228
vn -0.3899 0.0636 -0.9186
vn -0.4000 0.0674 -0.9140
vn -0.4107 0.0703 -0.9090
vn -0.4220 0.0722 -0.9037
vn -0.4335 0.0731 -0.8982
vn -0.4450 0.0728 -0.8926
vn -0.4562 0.0713 -0.8870
vn -0.4669 0.0689 -0.8816
vn -0.4768 0.0655 -0.8766
vn -0.4859 0.0616 -0.8718
vn -0.4941 0.0572 -0.8675
vn -0.5014 0.0525 -0.8636
vn -0.5079 0.0476 -0.8601
vt 0.000000 0.000000
vt 0.000000 0.050000
vt 1.000000 0.050000
vt 1.000000 0.000000
vt 0.000000 0.100000
vt 1.000000 0.100000
vt 0.000000 0.150000
vt 1.000000 0.150000
vt 0.000000 0.200000
vt 1.000000 0.200000
vt 0.000000 0.250000
vt 1.000000 0.250000
vt 0.000000 0.300000
vt 1.000000 0.300000
vt 0.000000 0.350000
vt 1.000000 0.350000
vt 0.000000 0.400000
vt 1.000000 0.400000
vt 0.000000 0.450000
vt 1.000000 0.450000
vt 0.000000 0.500000
vt 1.000000 0.500000
vt 0.000000 0.550000
vt 1.000000 0.550000
vt 0.000000 0.600000
vt 1.000000 0.600000
vt 0.000000 0.650000
vt 1.000000 0.650000
vt 0.000000 0.700000
vt 1.000000 0.700000
vt 0.000000 0.750000
vt 1.000000 0.750000
vt 0.000000 0.800000
vt 1.000000 0.800000
vt 0.000000 0.850000
vt 1.000000 0.850000
vt 0.000000 0.900000
vt 1.000000 0.900000
vt 0.000000 0.950000
vt 1.000000 0.950000
vt 0.000000 1.000000
vt 1.000000 1.000000
s 0
usemtl LeafMat
f 222/231/149 224/232/149 225/233/149 223/234/149
f 224/232/150 226/235/150 227/236/150 225/233/150
f 226/235/151 228/237/151 229/238/151 227/236/151
f 228/237/152 230/239/152 231/240/152 229/238/152
f 230/239/153 232/241/153 233/242/153 231/240/153
f 232/241/154 234/243/154 235/244/154 233/242/154
f 234/243/155 236/245/155 237/246/155 235/244/155
f 236/245/156 238/247/156 239/248/156 237/246/156
f 238/247/157 240/249/157 241/250/157 239/248/157
f 240/249/158 242/251/158 243/252/158 241/250/158
f 242/251/159 244/253/159 245/254/159 243/252/159
f 244/253/160 246/255/160 247/256/160 245/254/160
f 246/255/161 248/257/161 249/258/161 247/256/161
f 248/257/162 250/259/162 251/260/162 249/258/162
f 250/259/163 252/261/163 253/262/163 251/260/163
f 252/261/164 254/263/164 255/264/164 253/262/164
f 254/263/165 256/265/165 257/266/165 255/264/165
f 256/265/166 258/267/166 259/268/166 257/266/166
f 258/267/167 260/269/167 261/270/167 259/268/167
f 260/269/168 262/271/168 263/272/168 261/270/168
o Leaf_003
v 0.047786 1.093716 0.037403
v 0.045913 1.099934 -0.021405
v 0.180232 1.199909 0.055273
v 0.178114 1.208732 -0.024977
v 0.312115 1.293271 0.073774
v 0.310655 1.305207 -0.027341
v 0.443536 1.373967 0.092647
v 0.443436 1.389197 -0.028238
v 0.574466 1.442065 0.111643
v 0.576485 1.460632 -0.027420
v 0.704901 1.497653 0.130532
v 0.709806 1.519424 -0.024656
v 0.834872 1.540830 0.149110
v 0.843370 1.565474 -0.019743
v 0.964447 1.571697 0.167207
v 0.977107 1.598681 -0.012511
v 1.093736 1.590344 0.184691
v 1.110907 1.618956 -0.002826
v 1.222884 1.596836 0.201471
v 1.244626 1.626233 0.009401
v 1.352052 1.591201 0.217501
v 1.378102 1.620485 0.024216
v 1.481404 1.573424 0.232779
v 1.511173 1.601726 0.041623
v 1.611078 1.543454 0.247342
v 1.643699 1.570007 0.061582
v 1.741181 1.501212 0.261269
v 1.775573 1.525407 0.084016
v 1.871773 1.446607 0.274673
v 1.906735 1.468018 0.108812
v 2.002872 1.379545 0.287701
v 2.037169 1.397933 0.135823
v 2.134456 1.299942 0.300526
v 2.166894 1.315236 0.164875
v 2.266473 1.207728 0.313348
v 2.295965 1.219999 0.195769
v 2.398847 1.102846 0.326386
v 2.424455 1.112275 0.228284
v 2.531487 0.985259 0.339877
v 2.552458 0.992105 0.262186
v 2.664389 0.854832 0.354084
v 2.679976 0.859622 0.297210
vn -0.6306 0.7695 0.1013
vn -0.5842 0.8049 0.1037
vn -0.5312 0.8405 0.1066
vn -0.4709 0.8753 0.1103
vn -0.4031 0.9079 0.1150
vn -0.3280 0.9369 0.1206
vn -0.2461 0.9608 0.1274
vn -0.1587 0.9780 0.1352
vn -0.0676 0.9873 0.1439
vn 0.0248 0.9878 0.1535
vn 0.1160 0.9797 0.1636
vn 0.2038 0.9634 0.1739
vn 0.2861 0.9403 0.1843
vn 0.3618 0.9118 0.1943
vn 0.4300 0.8795 0.2039
vn 0.4907 0.8449 0.2129
vn 0.5441 0.8094 0.2212
vn 0.5907 0.7738 0.2288
vn 0.6312 0.7389 0.2357
vn 0.6663 0.7053 0.2420
vt 0.000000 0.000000
vt 0.000000 0.050000
vt 1.000000 0.050000
vt 1.000000 0.000000
vt 0.000000 0.100000
vt 1.000000 0.100000
vt 0.000000 0.150000
vt 1.000000 0.150000
vt 0.000000 0.200000
vt 1.000000 0.200000
vt 0.000000 0.250000
vt 1.000000 0.250000
vt 0.000000 0.300000
vt 1.000000 0.300000
vt 0.000000 0.350000
vt 1.000000 0.350000
vt 0.000000 0.400000
vt 1.000000 0.400000
vt 0.000000 0.450000
vt 1.000000 0.450000
vt 0.000000 0.500000
vt 1.000000 0.500000
vt 0.000000 0.550000
vt 1.000000 0.550000
vt 0.000000 0.600000
vt 1.000000 0.600000
vt 0.000000 0.650000
vt 1.000000 0.650000
vt 0.000000 0.700000
vt 1.000000 0.700000
vt 0.000000 0.750000
vt 1.000000 0.750000
vt 0.000000 0.800000
vt 1.000000 0.800000
vt 0.000000 0.850000
vt 1.000000 0.850000
vt 0.000000 0.900000
vt 1.000000 0.900000
vt 0.000000 0.950000
vt 1.000000 0.950000
vt 0.000000 1.000000
vt 1.000000 1.000000
s 0
usemtl LeafMat
f 264/273/169 266/274/169 267/275/169 265/276/169
f 266/274/170 268/277/170 269/278/170 267/275/170
f 268/277/171 270/279/171 271/280/171 269/278/171
f 270/279/172 272/281/172 273/282/172 271/280/172
f 272/281/173 274/283/173 275/284/173 273/282/173
f 274/283/174 276/285/174 277/286/174 275/284/174
f 276/285/175 278/287/175 279/288/175 277/286/175
f 278/287/176 280/289/176 281/290/176 279/288/176
f 280/289/177 282/291/177 283/292/177 281/290/177
f 282/291/178 284/293/178 285/294/178 283/292/178
f 284/293/179 286/295/179 287/296/179 285/294/179
f 286/295/180 288/297/180 289/298/180 287/296/180
f 288/297/181 290/299/181 291/300/181 289/298/181
f 290/299/182 292/301/182 293/302/182 291/300/182
f 292/301/183 294/303/183 295/304/183 293/302/183
f 294/303/184 296/305/184 297/306/184 295/304/184
f 296/305/185 298/307/185 299/308/185 297/306/185
f 298/307/186 300/309/186 301/310/186 299/308/186
f 300/309/187 302/311/187 303/312/187 301/310/187
f 302/311/188 304/313/188 305/314/188 303/312/188
o Leaf_004
v -0.109431 1.108836 -0.071689
v -0.112287 1.144124 -0.023301
v -0.185157 1.148432 -0.118584
v -0.190337 1.197317 -0.053152
v -0.259952 1.180238 -0.163861
v -0.269953 1.243502 -0.082959
v -0.334213 1.204770 -0.207505
v -0.350736 1.282167 -0.112737
v -0.407964 1.222317 -0.249338
v -0.432664 1.313020 -0.142663
v -0.481307 1.233180 -0.289232
v -0.515633 1.335760 -0.172865
v -0.554429 1.237643 -0.327114
v -0.599458 1.350105 -0.203418
v -0.627594 1.235942 -0.362959
v -0.683873 1.355817 -0.234345
v -0.701122 1.228238 -0.396789
v -0.768560 1.352736 -0.265626
v -0.775357 1.214605 -0.428654
v -0.853174 1.340789 -0.297209
v -0.850634 1.195021 -0.458628
v -0.937380 1.319995 -0.329021
v -0.927241 1.169389 -0.486792
v -1.020889 1.290455 -0.360979
v -1.005400 1.137546 -0.513234
v -1.103482 1.252328 -0.392999
v -1.085251 1.099295 -0.538040
v -1.185015 1.205813 -0.424991
v -1.166853 1.054422 -0.561301
v -1.265432 1.151125 -0.456867
v -1.250189 1.002712 -0.583109
v -1.344750 1.088477 -0.488532
v -1.335176 0.943961 -0.603566
v -1.423050 1.018074 -0.519887
v -1.421675 0.877985 -0.622777
v -1.500472 0.940100 -0.550825
v -1.509508 0.804617 -0.640859
v -1.577195 0.854721 -0.581231
v -1.598464 0.723714 -0.657934
v -1.653428 0.762082 -0.610980
v -1.688506 0.634920 -0.674179
v -1.729210 0.662537 -0.639897
vn 0.6147 0.6543 -0.4405
vn 0.5685 0.6804 -0.4625
vn 0.5173 0.7045 -0.4860
vn 0.4611 0.7254 -0.5110
vn 0.4005 0.7423 -0.5372
vn 0.3364 0.7540 -0.5642
vn 0.2699 0.7599 -0.5914
vn 0.2026 0.7596 -0.6181
vn 0.1358 0.7531 -0.6437
vn 0.0712 0.7408 -0.6679
vn 0.0098 0.7236 -0.6901
vn -0.0474 0.7024 -0.7102
vn -0.1000 0.6782 -0.7281
vn -0.1475 0.6520 -0.7438
vn -0.1902 0.6247 -0.7574
vn -0.2282 0.5970 -0.7691
vn -0.2619 0.5696 -0.7791
vn -0.2916 0.5428 -0.7876
vn -0.3178 0.5170 -0.7948
vn -0.3408 0.4921 -0.8011
vt 0.000000 0.000000
vt 0.000000 0.050000
vt 1.000000 0.050000
vt 1.000000 0.000000
vt 0.000000 0.100000
vt 1.000000 0.100000
vt 0.000000 0.150000
vt 1.000000 0.150000
vt 0.000000 0.200000
vt 1.000000 0.200000
vt 0.000000 0.250000
vt 1.000000 0.250000
vt 0.000000 0.300000
vt 1.000000 0.300000
vt 0.000000 0.350000
vt 1.000000 0.350000
vt 0.000000 0.400000
vt 1.000000 0.400000
vt 0.000000 0.450000
vt 1.000000 0.450000
vt 0.000000 0.500000
vt 1.000000 0.500000
vt 0.000000 0.550000
vt 1.000000 0.550000
vt 0.000000 0.600000
vt 1.000000 0.600000
vt 0.000000 0.650000
vt 1.000000 0.650000
vt 0.000000 0.700000
vt 1.000000 0.700000
vt 0.000000 0.750000
vt 1.000000 0.750000
vt 0.000000 0.800000
vt 1.000000 0.800000
vt 0.000000 0.850000
vt 1.000000 0.850000
vt 0.000000 0.900000
vt 1.000000 0.900000
vt 0.000000 0.950000
vt 1.000000 0.950000
vt 0.000000 1.000000
vt 1.000000 1.000000
s 0
usemtl LeafMat
f 306/315/189 308/316/189 309/317/189 307/318/189
f 308/316/190 310/319/190 311/320/190 309/317/190
f 310/319/191 312/321/191 313/322/191 311/320/191
f 312/321/192 314/323/192 315/324/192 313/322/192
f 314/323/193 316/325/193 317/326/193 315/324/193
f 316/325/194 318/327/194 319/328/194 317/326/194
f 318/327/195 320/329/195 321/330/195 319/328/195
f 320/329/196 322/331/196 323/332/196 321/330/196
f 322/331/197 324/333/197 325/334/197 323/332/197
f 324/333/198 326/335/198 327/336/198 325/334/198
f 326/335/199 328/337/199 329/338/199 327/336/199
f 328/337/200 330/339/200 331/340/200 329/338/200
f 330/339/201 332/341/201 333/342/201 331/340/201
f 332/341/202 334/343/202 335/344/202 333/342/202
f 334/343/203 336/345/203 337/346/203 335/344/203
f 336/345/204 338/347/204 339/348/204 337/346/204
f 338/347/205 340/349/205 341/350/205 339/348/205
f 340/349/206 342/351/206 343/352/206 341/350/206
f 342/351/207 344/353/207 345/354/207 343/352/207
f 344/353/208 346/355/208 347/356/208 345/354/208
o Leaf_005
v -0.042814 1.069542 -0.081242
v 0.007729 1.079643 -0.064830
v -0.073854 1.244108 -0.125622
v -0.004910 1.258271 -0.103310
v -0.104365 1.407570 -0.169950
v -0.017567 1.426426 -0.142076
v -0.134133 1.560062 -0.214166
v -0.030457 1.583974 -0.181187
v -0.162938 1.701601 -0.258182
v -0.043798 1.730897 -0.220730
v -0.190577 1.832202 -0.301913
v -0.057793 1.867180 -0.260793
v -0.216866 1.951883 -0.345272
v -0.072629 1.992807 -0.301460
v -0.241642 2.060661 -0.388174
v -0.088465 2.107758 -0.342818
v -0.264769 2.158558 -0.430531
v -0.105440 2.212013 -0.384955
v -0.286137 2.245600 -0.472247
v -0.123663 2.305545 -0.427964
v -0.305661 2.321832 -0.513218
v -0.143218 2.388311 -0.471953
v -0.323287 2.387328 -0.553317
v -0.164160 2.460234 -0.517047
v -0.338989 2.442234 -0.592403
v -0.186516 2.521170 -0.563387
v -0.352781 2.486824 -0.630340
v -0.210270 2.570844 -0.611108
v -0.364755 2.521586 -0.667092
v -0.235330 2.608770 -0.660249
v -0.375152 2.547253 -0.702937
v -0.261458 2.634212 -0.710530
v -0.384441 2.564595 -0.738769
v -0.288181 2.646403 -0.761056
v -0.393298 2.573837 -0.776110
v -0.314826 2.645116 -0.810308
v -0.402351 2.574198 -0.816421
v -0.340763 2.631130 -0.856822
v -0.411918 2.564293 -0.860228
v -0.365677 2.605836 -0.900073
v -0.422277 2.542218 -0.907974
v -0.389286 2.571133 -0.939619
vn -0.3356 0.1756 0.9255
vn -0.3370 0.1873 0.9227
vn -0.3387 0.2005 0.9193
vn -0.3407 0.2153 0.9152
vn -0.3431 0.2322 0.9101
vn -0.3460 0.2516 0.9039
vn -0.3497 0.2739 0.8959
vn -0.3542 0.2999 0.8857
vn -0.3601 0.3304 0.8725
vn -0.3676 0.3664 0.8548
vn -0.3776 0.4090 0.8307
vn -0.3910 0.4596 0.7974
vn -0.4094 0.5189 0.7504
vn -0.4347 0.5863 0.6836
vn -0.4693 0.6577 0.5893
vn -0.5149 0.7223 0.4617
vn -0.5703 0.7631 0.3039
vn -0.6295 0.7654 0.1336
vn -0.6838 0.7292 -0.0240
vn -0.7293 0.6675 -0.1504
vt 0.000000 0.000000
vt 1.000000 0.000000
vt 1.000000 0.050000
vt 0.000000 0.050000
vt 1.000000 0.100000
vt 0.000000 0.100000
vt 1.000000 0.150000
vt 0.000000 0.150000
vt 1.000000 0.200000
vt 0.000000 0.200000
vt 1.000000 0.250000
vt 0.000000 0.250000
vt 1.000000 0.300000
vt 0.000000 0.300000
vt 1.000000 0.350000
vt 0.000000 0.350000
vt 1.000000 0.400000
vt 0.000000 0.400000
vt 1.000000 0.450000
vt 0.000000 0.450000
vt 1.000000 0.500000
vt 0.000000 0.500000
vt 1.000000 0.550000
vt 0.000000 0.550000
vt 1.000000 0.600000
vt 0.000000 0.600000
vt 1.000000 0.650000
vt 0.000000 0.650000
vt 1.000000 0.700000
vt 0.000000 0.700000
vt 1.000000 0.750000
vt 0.000000 0.750000
vt 1.000000 0.800000
vt 0.000000 0.800000
vt 1.000000 0.850000
vt 0.000000 0.850000
vt 1.000000 0.900000
vt 0.000000 0.900000
vt 1.000000 0.950000
vt 0.000000 0.950000
vt 1.000000 1.000000
vt 0.000000 1.000000
s 0
usemtl LeafMat
f 348/357/209 349/358/209 351/359/209 350/360/209
f 350/360/210 351/359/210 353/361/210 352/362/210
f 352/362/211 353/361/211 355/363/211 354/364/211
f 354/364/212 355/363/212 357/365/212 356/366/212
f 356/366/213 357/365/213 359/367/213 358/368/213
f 358/368/214 359/367/214 361/369/214 360/370/214
f 360/370/215 361/369/215 363/371/215 362/372/215
f 362/372/216 363/371/216 365/373/216 364/374/216
f 364/374/217 365/373/217 367/375/217 366/376/217
f 366/376/218 367/375/218 369/377/218 368/378/218
f 368/378/219 369/377/219 371/379/219 370/380/219
f 370/380/220 371/379/220 373/381/220 372/382/220
f 372/382/221 373/381/221 375/383/221 374/384/221
f 374/384/222 375/383/222 377/385/222 376/386/222
f 376/386/223 377/385/223 379/387/223 378/388/223
f 378/388/224 379/387/224 381/389/224 380/390/224
f 380/390/225 381/389/225 383/391/225 382/392/225
f 382/392/226 383/391/226 385/393/226 384/394/226
f 384/394/227 385/393/227 387/395/227 386/396/227
f 386/396/228 387/395/228 389/397/228 388/398/228
o Leaf_006
v -0.083456 1.096113 0.019244
v -0.068992 1.121833 -0.028446
v -0.184477 1.151064 0.030273
v -0.165777 1.186772 -0.034805
v -0.284407 1.198592 0.041423
v -0.263614 1.245032 -0.040591
v -0.383504 1.239078 0.052482
v -0.362244 1.296232 -0.045592
v -0.481713 1.272712 0.063248
v -0.461722 1.340181 -0.049604
v -0.579032 1.299700 0.073536
v -0.562050 1.376675 -0.052443
v -0.675520 1.320243 0.083179
v -0.663170 1.405510 -0.053944
v -0.771296 1.334532 0.092040
v -0.764962 1.426497 -0.053967
v -0.866536 1.342725 0.100008
v -0.867251 1.439479 -0.052402
v -0.961461 1.344934 0.107007
v -0.969814 1.444342 -0.049175
v -1.056320 1.341217 0.112995
v -1.072405 1.441028 -0.044241
v -1.151368 1.331570 0.117965
v -1.174766 1.429542 -0.037593
v -1.246843 1.315931 0.121944
v -1.276660 1.409946 -0.029261
v -1.342952 1.294187 0.124994
v -1.377882 1.382352 -0.019305
v -1.439849 1.266185 0.127207
v -1.478276 1.346915 -0.007817
v -1.537632 1.231749 0.128704
v -1.577744 1.303809 0.005081
v -1.636341 1.190691 0.129630
v -1.676246 1.253223 0.019246
v -1.735959 1.142826 0.130151
v -1.773799 1.195341 0.034509
v -1.836420 1.087981 0.130451
v -1.870471 1.130337 0.050690
v -1.937616 1.025999 0.130724
v -1.966367 1.058367 0.067592
v -2.039684 0.956525 0.131192
v -2.061351 0.979787 0.084993
vn 0.4500 0.7220 0.5256
vn 0.4122 0.7439 0.5261
vn 0.3708 0.7649 0.5266
vn 0.3260 0.7846 0.5273
vn 0.2776 0.8024 0.5283
vn 0.2261 0.8177 0.5294
vn 0.1719 0.8299 0.5308
vn 0.1156 0.8385 0.5325
vn 0.0579 0.8433 0.5343
vn -0.0004 0.8439 0.5365
vn -0.0583 0.8404 0.5388
vn -0.1149 0.8330 0.5413
vn -0.1696 0.8219 0.5438
vn -0.2217 0.8076 0.5465
vn -0.2707 0.7906 0.5492
vn -0.3163 0.7716 0.5519
vn -0.3584 0.7510 0.5546
vn -0.3969 0.7294 0.5572
vn -0.4319 0.7073 0.5597
vn -0.4636 0.6848 0.5622
vt 0.000000 0.000000
vt 1.000000 0.000000
vt 1.000000 0.050000
vt 0.000000 0.050000
vt 1.000000 0.100000
vt 0.000000 0.100000
vt 1.000000 0.150000
vt 0.000000 0.150000
vt 1.000000 0.200000
vt 0.000000 0.200000
vt 1.000000 0.250000
vt 0.000000 0.250000
vt 1.000000 0.300000
vt 0.000000 0.300000
vt 1.000000 0.350000
vt 0.000000 0.350000
vt 1.000000 0.400000
vt 0.000000 0.400000
vt 1.000000 0.450000
vt 0.000000 0.450000
vt 1.000000 0.500000
vt 0.000000 0.500000
vt 1.000000 0.550000
vt 0.000000 0.550000
vt 1.000000 0.600000
vt 0.000000 0.600000
vt 1.000000 0.650000
vt 0.000000 0.650000
vt 1.000000 0.700000
vt 0.000000 0.700000
vt 1.000000 0.750000
vt 0.000000 0.750000
vt 1.000000 0.800000
vt 0.000000 0.800000
vt 1.000000 0.850000
vt 0.000000 0.850000
vt 1.000000 0.900000
vt 0.000000 0.900000
vt 1.000000 0.950000
vt 0.000000 0.950000
vt 1.000000 1.000000
vt 0.000000 1.000000
s 0
usemtl LeafMat
f 390/399/229 391/400/229 393/401/229 392/402/229
f 392/402/230 393/401/230 395/403/230 394/404/230
f 394/404/231 395/403/231 397/405/231 396/406/231
f 396/406/232 397/405/232 399/407/232 398/408/232
f 398/408/233 399/407/233 401/409/233 400/410/233
f 400/410/234 401/409/234 403/411/234 402/412/234
f 402/412/235 403/411/235 405/413/235 404/414/235
f 404/414/236 405/413/236 407/415/236 406/416/236
f 406/416/237 407/415/237 409/417/237 408/418/237
f 408/418/238 409/417/238 411/419/238 410/420/238
f 410/420/239 411/419/239 413/421/239 412/422/239
f 412/422/240 413/421/240 415/423/240 414/424/240
f 414/424/241 415/423/241 417/425/241 416/426/241
f 416/426/242 417/425/242 419/427/242 418/428/242
f 418/428/243 419/427/243 421/429/243 420/430/243
f 420/430/244 421/429/244 423/431/244 422/432/244
f 422/432/245 423/431/245 425/433/245 424/434/245
f 424/434/246 425/433/246 427/435/246 426/436/246
f 426/436/247 427/435/247 429/437/247 428/438/247
f 428/438/248 429/437/248 431/439/248 430/440/248
o Leaf_007
v -0.104156 1.103397 -0.115409
v -0.067821 1.150184 -0.074831
v -0.196225 1.215555 -0.185447
v -0.147998 1.281306 -0.131063
v -0.286285 1.314155 -0.254799
v -0.229293 1.401906 -0.189049
v -0.374431 1.400034 -0.323451
v -0.311613 1.511148 -0.248805
v -0.460340 1.473484 -0.391083
v -0.395281 1.608738 -0.310648
v -0.543744 1.534911 -0.457418
v -0.480563 1.694272 -0.374857
v -0.624471 1.584839 -0.522249
v -0.567632 1.767225 -0.441638
v -0.702497 1.623910 -0.585490
v -0.656512 1.826954 -0.511077
v -0.778007 1.652844 -0.647225
v -0.747019 1.872742 -0.583092
v -0.851431 1.672349 -0.707748
v -0.838722 1.903878 -0.657386
v -0.923447 1.683003 -0.767572
v -0.930944 1.919785 -0.733448
v -0.994909 1.685116 -0.827384
v -1.022829 1.920152 -0.810591
v -1.066721 1.678651 -0.887940
v -1.113474 1.905019 -0.888057
v -1.139687 1.663218 -0.949945
v -1.202075 1.874773 -0.965143
v -1.214391 1.638174 -1.013944
v -1.288049 1.830058 -1.041304
v -1.291139 1.602757 -1.080267
v -1.371089 1.771637 -1.116209
v -1.369979 1.556212 -1.149029
v -1.451147 1.700262 -1.189743
v -1.450750 1.497886 -1.220171
v -1.528383 1.616590 -1.261966
v -1.533154 1.427254 -1.293510
v -1.603097 1.521143 -1.333060
v -1.616813 1.343931 -1.368788
v -1.675667 1.414308 -1.403283
v -1.701795 1.246964 -1.446164
v -1.746023 1.297036 -1.472478
vn 0.6789 0.1033 -0.7270
vn 0.6769 0.1060 -0.7284
vn 0.6746 0.1090 -0.7301
vn 0.6720 0.1120 -0.7321
vn 0.6688 0.1152 -0.7345
vn 0.6651 0.1185 -0.7373
vn 0.6608 0.1216 -0.7407
vn 0.6559 0.1245 -0.7445
vn 0.6504 0.1270 -0.7489
vn 0.6444 0.1288 -0.7537
vn 0.6382 0.1298 -0.7588
vn 0.6319 0.1299 -0.7641
vn 0.6258 0.1291 -0.7693
vn 0.6200 0.1274 -0.7742
vn 0.6148 0.1251 -0.7787
vn 0.6102 0.1224 -0.7828
vn 0.6061 0.1194 -0.7863
vn 0.6027 0.1163 -0.7894
vn 0.5998 0.1133 -0.7921
vn 0.5974 0.1103 -0.7943
vt 0.000000 0.000000
vt 0.000000 0.050000
vt 1.000000 0.050000
vt 1.000000 0.000000
vt 0.000000 0.100000
vt 1.000000 0.100000
vt 0.000000 0.150000
vt 1.000000 0.150000
vt 0.000000 0.200000
vt 1.000000 0.200000
vt 0.000000 0.250000
vt 1.000000 0.250000
vt 0.000000 0.300000
vt 1.000000 0.300000
vt 0.000000 0.350000
vt 1.000000 0.350000
vt 0.000000 0.400000
vt 1.000000 0.400000
vt 0.000000 0.450000
vt 1.000000 0.450000
vt 0.000000 0.500000
vt 1.000000 0.500000
vt 0.000000 0.550000
vt 1.000000 0.550000
vt 0.000000 0.600000
vt 1.000000 0.600000
vt 0.000000 0.650000
vt 1.000000 0.650000
vt 0.000000 0.700000
vt 1.000000 0.700000
vt 0.000000 0.750000
vt 1.000000 0.750000
vt 0.000000 0.800000
vt 1.000000 0.800000
vt 0.000000 0.850000
vt 1.000000 0.850000
vt 0.000000 0.900000
vt 1.000000 0.900000
vt 0.000000 0.950000
vt 1.000000 0.950000
vt 0.000000 1.000000
vt 1.000000 1.000000
s 0
usemtl LeafMat
f 432/441/249 434/442/249 435/443/249 433/444/249
f 434/442/250 436/445/250 437/446/250 435/443/250
f 436/445/251 438/447/251 439/448/251 437/446/251
f 438/447/252 440/449/252 441/450/252 439/448/252
f 440/449/253 442/451/253 443/452/253 441/450/253
f 442/451/254 444/453/254 445/454/254 443/452/254
f 444/453/255 446/455/255 447/456/255 445/454/255
f 446/455/256 448/457/256 449/458/256 447/456/256
f 448/457/257 450/459/257 451/460/257 449/458/257
f 450/459/258 452/461/258 453/462/258 451/460/258
f 452/461/259 454/463/259 455/464/259 453/462/259
f 454/463/260 456/465/260 457/466/260 455/464/260
f 456/465/261 458/467/261 459/468/261 457/466/261
f 458/467/262 460/469/262 461/470/262 459/468/262
f 460/469/263 462/471/263 463/472/263 461/470/263
f 462/471/264 464/473/264 465/474/264 463/472/264
f 464/473/265 466/475/265 467/476/265 465/474/265
f 466/475/266 468/477/266 469/478/266 467/476/266
f 468/477/267 470/479/267 471/480/267 469/478/267
f 470/479/268 472/481/268 473/482/268 471/480/268
o Leaf_008
v 0.018933 1.060079 0.081001
v -0.014483 1.099586 0.052958
v 0.045925 1.137203 0.180008
v 0.000598 1.192296 0.143076
v 0.071821 1.204728 0.277644
v 0.015398 1.277103 0.234773
v 0.096550 1.263280 0.374111
v 0.029989 1.353383 0.327850
v 0.119974 1.313136 0.469209
v 0.044508 1.420857 0.422503
v 0.141977 1.354625 0.562811
v 0.059071 1.479196 0.518862
v 0.162472 1.388116 0.654884
v 0.073765 1.528032 0.616958
v 0.181409 1.414000 0.745520
v 0.088641 1.566974 0.716700
v 0.198769 1.432652 0.834946
v 0.103716 1.595647 0.817862
v 0.214570 1.444392 0.923526
v 0.118974 1.613730 0.920078
v 0.228854 1.449437 1.011737
v 0.134372 1.621005 1.022872
v 0.241686 1.447872 1.100123
v 0.149846 1.617391 1.125700
v 0.253141 1.439625 1.189230
v 0.165319 1.602957 1.228016
v 0.263298 1.424488 1.279542
v 0.180714 1.577910 1.329334
v 0.272237 1.402148 1.371434
v 0.195950 1.542567 1.429284
v 0.280035 1.372226 1.465136
v 0.210951 1.497303 1.527631
v 0.286769 1.334327 1.560737
v 0.225639 1.442515 1.624288
v 0.292518 1.288076 1.658195
v 0.239935 1.378577 1.719298
v 0.297362 1.233136 1.757360
v 0.253759 1.305827 1.812808
v 0.301388 1.169224 1.858009
v 0.267025 1.224548 1.905044
v 0.304712 1.095703 1.960325
v 0.279616 1.135377 1.995821
vn 0.8067 0.3391 -0.4840
vn 0.8112 0.3580 -0.4624
vn 0.8160 0.3775 -0.4378
vn 0.8213 0.3971 -0.4097
vn 0.8269 0.4163 -0.3780
vn 0.8331 0.4346 -0.3423
vn 0.8395 0.4512 -0.3027
vn 0.8462 0.4653 -0.2596
vn 0.8531 0.4762 -0.2133
vn 0.8599 0.4832 -0.1648
vn 0.8665 0.4857 -0.1151
vn 0.8728 0.4837 -0.0655
vn 0.8785 0.4774 -0.0170
vn 0.8837 0.4671 0.0291
vn 0.8883 0.4537 0.0722
vn 0.8922 0.4377 0.1116
vn 0.8955 0.4201 0.1472
vn 0.8982 0.4015 0.1791
vn 0.9004 0.3825 0.2072
vn 0.9023 0.3634 0.2318
vt 0.000000 0.000000
vt 1.000000 0.000000
vt 1.000000 0.050000
vt 0.000000 0.050000
vt 1.000000 0.100000
vt 0.000000 0.100000
vt 1.000000 0.150000
vt 0.000000 0.150000
vt 1.000000 0.200000
vt 0.000000 0.200000
vt 1.000000 0.250000
vt 0.000000 0.250000
vt 1.000000 0.300000
vt 0.000000 0.300000
vt 1.000000 0.350000
vt 0.000000 0.350000
vt 1.000000 0.400000
vt 0.000000 0.400000
vt 1.000000 0.450000
vt 0.000000 0.450000
vt 1.000000 0.500000
vt 0.000000 0.500000
vt 1.000000 0.550000
vt 0.000000 0.550000
vt 1.000000 0.600000
vt 0.000000 0.600000
vt 1.000000 0.650000
vt 0.000000 0.650000
vt 1.000000 0.700000
vt 0.000000 0.700000
vt 1.000000 0.750000
vt 0.000000 0.750000
vt 1.000000 0.800000
vt 0.000000 0.800000
vt 1.000000 0.850000
vt 0.000000 0.850000
vt 1.000000 0.900000
vt 0.000000 0.900000
vt 1.000000 0.950000
vt 0.000000 0.950000
vt 1.000000 1.000000
vt 0.000000 1.000000
s 0
usemtl LeafMat
f 474/483/269 475/484/269 477/485/269 476/486/269
f 476/486/270 477/485/270 479/487/270 478/488/270
f 478/488/271 479/487/271 481/489/271 480/490/271
f 480/490/272 481/489/272 483/491/272 482/492/272
f 482/492/273 483/491/273 485/493/273 484/494/273
f 484/494/274 485/493/274 487/495/274 486/496/274
f 486/496/275 487/495/275 489/497/275 488/498/275
f 488/498/276 489/497/276 491/499/276 490/500/276
f 490/500/277 491/499/277 493/501/277 492/502/277
f 492/502/278 493/501/278 495/503/278 494/504/278
f 494/504/279 495/503/279 497/505/279 496/506/279
f 496/506/280 497/505/280 499/507/280 498/508/280
f 498/508/281 499/507/281 501/509/281 500/510/281
f 500/510/282 501/509/282 503/511/282 502/512/282
f 502/512/283 503/511/283 505/513/283 504/514/283
f 504/514/284 505/513/284 507/515/284 506/516/284
f 506/516/285 507/515/285 509/517/285 508/518/285
f 508/518/286 509/517/286 511/519/286 510/520/286
f 510/520/287 511/519/287 513/521/287 512/522/287
f 512/522/288 513/521/288 515/523/288 514/524/288
o Leaf_009
v 0.004864 1.074696 -0.163038
v 0.023447 1.133866 -0.101921
v -0.004237 1.133295 -0.239616
v 0.020960 1.216240 -0.158301
v -0.012619 1.183121 -0.313778
v 0.018739 1.293257 -0.217115
v -0.020256 1.225196 -0.385666
v 0.016757 1.363895 -0.278218
v -0.027080 1.259911 -0.454793
v 0.014947 1.427761 -0.342100
v -0.033041 1.287779 -0.520766
v 0.013259 1.484344 -0.409151
v -0.038109 1.309438 -0.583350
v 0.011662 1.533007 -0.479608
v -0.042271 1.325627 -0.642539
v 0.010145 1.573009 -0.553477
v -0.045531 1.337138 -0.698627
v 0.008709 1.603558 -0.630464
v -0.047903 1.344715 -0.752247
v 0.007371 1.623911 -0.709935
v -0.049403 1.348932 -0.804357
v 0.006145 1.633494 -0.790932
v -0.050041 1.350068 -0.856138
v 0.005042 1.632028 -0.872275
v -0.049816 1.348042 -0.908832
v 0.004061 1.619592 -0.952722
v -0.048721 1.342427 -0.963553
v 0.003194 1.596615 -1.031157
v -0.046747 1.332536 -1.021139
v 0.002433 1.563784 -1.106745
v -0.043890 1.317557 -1.082077
v 0.001773 1.521911 -1.178997
v -0.040161 1.296673 -1.146512
v 0.001227 1.471812 -1.247769
v -0.035588 1.269153 -1.214299
v 0.000821 1.414219 -1.313205
v -0.030218 1.234391 -1.285089
v 0.000603 1.349737 -1.375654
v -0.024114 1.191919 -1.358399
v 0.000635 1.278835 -1.435600
v -0.017295 1.140622 -1.434462
v 0.000938 1.202628 -1.492810
vn -0.9751 0.1043 0.1956
vn -0.9758 0.1139 0.1865
vn -0.9766 0.1241 0.1758
vn -0.9773 0.1347 0.1633
vn -0.9781 0.1456 0.1487
vn -0.9789 0.1563 0.1317
vn -0.9796 0.1666 0.1122
vn -0.9803 0.1759 0.0902
vn -0.9808 0.1835 0.0659
vn -0.9812 0.1890 0.0397
vn -0.9814 0.1917 0.0124
vn -0.9814 0.1915 -0.0152
vn -0.9812 0.1885 -0.0422
vn -0.9808 0.1829 -0.0676
vn -0.9803 0.1753 -0.0910
vn -0.9797 0.1662 -0.1120
vn -0.9791 0.1563 -0.1305
vn -0.9784 0.1460 -0.1465
vn -0.9777 0.1356 -0.1604
vn -0.9771 0.1253 -0.1721
vt 0.000000 0.000000
vt 1.000000 0.000000
vt 1.000000 0.050000
vt 0.000000 0.050000
vt 1.000000 0.100000
vt 0.000000 0.100000
vt 1.000000 0.150000
vt 0.000000 0.150000
vt 1.000000 0.200000
vt 0.000000 0.200000
vt 1.000000 0.250000
vt 0.000000 0.250000
vt 1.000000 0.300000
vt 0.000000 0.300000
vt 1.000000 0.350000
vt 0.000000 0.350000
vt 1.000000 0.400000
vt 0.000000 0.400000
vt 1.000000 0.450000
vt 0.000000 0.450000
vt 1.000000 0.500000
vt 0.000000 0.500000
vt 1.000000 0.550000
vt 0.000000 0.550000
vt 1.000000 0.600000
vt 0.000000 0.600000
vt 1.000000 0.650000
vt 0.000000 0.650000
vt 1.000000 0.700000
vt 0.000000 0.700000
vt 1.000000 0.750000
vt 0.000000 0.750000
vt 1.000000 0.800000
vt 0.000000 0.800000
vt 1.000000 0.850000
vt 0.000000 0.850000
vt 1.000000 0.900000
vt 0.000000 0.900000
vt 1.000000 0.950000
vt 0.000000 0.950000
vt 1.000000 1.000000
vt 0.000000 1.000000
s 0
usemtl LeafMat
f 516/525/289 517/526/289 519/527/289 518/528/289
f 518/528/290 519/527/290 521/529/290 520/530/290
f 520/530/291 521/529/291 523/531/291 522/532/291
f 522/532/292 523/531/292 525/533/292 524/534/292
f 524/534/293 525/533/293 527/535/293 526/536/293
f 526/536/294 527/535/294 529/537/294 528/538/294
f 528/538/295 529/537/295 531/539/295 530/540/295
f 530/540/296 531/539/296 533/541/296 532/542/296
f 532/542/297 533/541/297 535/543/297 534/544/297
f 534/544/298 535/543/298 537/545/298 536/546/298
f 536/546/299 537/545/299 539/547/299 538/548/299
f 538/548/300 539/547/300 541/549/300 540/550/300
f 540/550/301 541/549/301 543/551/301 542/552/301
f 542/552/302 543/551/302 545/553/302 544/554/302
f 544/554/303 545/553/303 547/555/303 546/556/303
f 546/556/304 547/555/304 549/557/304 548/558/304
f 548/558/305 549/557/305 551/559/305 550/560/305
f 550/560/306 551/559/306 553/561/306 552/562/306
f 552/562/307 553/561/307 555/563/307 554/564/307
f 554/564/308 555/563/308 557/565/308 556/566/308
o Leaf_010
v 0.069287 1.093848 0.034114
v 0.064093 1.104974 -0.039984
v 0.206053 1.209090 0.055725
v 0.199314 1.224566 -0.045399
v 0.342455 1.312387 0.076770
v 0.334920 1.332606 -0.050680
v 0.478559 1.403900 0.096928
v 0.470843 1.428934 -0.055508
v 0.614328 1.483703 0.115891
v 0.607120 1.513474 -0.059574
v 0.749741 1.551884 0.133375
v 0.743772 1.586140 -0.062594
v 0.884802 1.608536 0.149128
v 0.880796 1.646837 -0.064315
v 1.019541 1.653757 0.162936
v 1.018160 1.695470 -0.064525
v 1.154021 1.687637 0.174629
v 1.155803 1.731946 -0.063052
v 1.288334 1.710253 0.184083
v 1.293632 1.756190 -0.059774
v 1.422597 1.721656 0.191226
v 1.431530 1.768149 -0.054617
v 1.556940 1.721865 0.196036
v 1.569368 1.767807 -0.047561
v 1.691492 1.710863 0.198544
v 1.707016 1.755178 -0.038635
v 1.826368 1.688600 0.198831
v 1.844358 1.730313 -0.027922
v 1.961658 1.655001 0.197027
v 1.981307 1.693287 -0.015550
v 2.097416 1.609974 0.193307
v 2.117806 1.644194 -0.001696
v 2.233662 1.553418 0.187886
v 2.253837 1.583132 0.013427
v 2.370384 1.485238 0.181017
v 2.389412 1.510197 0.029564
v 2.507540 1.405345 0.172982
v 2.524569 1.425478 0.046436
v 2.645074 1.313663 0.164084
v 2.659371 1.329052 0.063736
v 2.783026 1.210023 0.154648
v 2.793772 1.221086 0.081141
vn -0.6507 0.7429 0.1571
vn -0.6114 0.7751 0.1592
vn -0.5669 0.8078 0.1615
vn -0.5166 0.8404 0.1640
vn -0.4603 0.8720 0.1666
vn -0.3977 0.9017 0.1695
vn -0.3289 0.9285 0.1725
vn -0.2544 0.9510 0.1757
vn -0.1751 0.9682 0.1789
vn -0.0923 0.9789 0.1821
vn -0.0076 0.9827 0.1853
vn 0.0771 0.9791 0.1883
vn 0.1599 0.9684 0.1911
vn 0.2393 0.9514 0.1937
vn 0.3139 0.9290 0.1961
vn 0.3827 0.9024 0.1982
vn 0.4455 0.8727 0.2000
vn 0.5019 0.8411 0.2015
vn 0.5523 0.8086 0.2028
vn 0.5969 0.7759 0.2040
vt 0.000000 0.000000
vt 0.000000 0.050000
vt 1.000000 0.050000
vt 1.000000 0.000000
vt 0.000000 0.100000
vt 1.000000 0.100000
vt 0.000000 0.150000
vt 1.000000 0.150000
vt 0.000000 0.200000
vt 1.000000 0.200000
vt 0.000000 0.250000
vt 1.000000 0.250000
vt 0.000000 0.300000
vt 1.000000 0.300000
vt 0.000000 0.350000
vt 1.000000 0.350000
vt 0.000000 0.400000
vt 1.000000 0.400000
vt 0.000000 0.450000
vt 1.000000 0.450000
vt 0.000000 0.500000
vt 1.000000 0.500000
vt 0.000000 0.550000
vt 1.000000 0.550000
vt 0.000000 0.600000
vt 1.000000 0.600000
vt 0.000000 0.650000
vt 1.000000 0.650000
vt 0.000000 0.700000
vt 1.000000 0.700000
vt 0.000000 0.750000
vt 1.000000 0.750000
vt 0.000000 0.800000
vt 1.000000 0.800000
vt 0.000000 0.850000
vt 1.000000 0.850000
vt 0.000000 0.900000
vt 1.000000 0.900000
vt 0.000000 0.950000
vt 1.000000 0.950000
vt 0.000000 1.000000
vt 1.000000 1.000000
s 0
usemtl LeafMat
f 558/567/309 560/568/309 561/569/309 559/570/309
f 560/568/310 562/571/310 563/572/310 561/569/310
f 562/571/311 564/573/311 565/574/311 563/572/311
f 564/573/312 566/575/312 567/576/312 565/574/312
f 566/575/313 568/577/313 569/578/313 567/576/313
f 568/577/314 570/579/314 571/580/314 569/578/314
f 570/579/315 572/581/315 573/582/315 571/580/315
f 572/581/316 574/583/316 575/584/316 573/582/316
f 574/583/317 576/585/317 577/586/317 575/584/317
f 576/585/318 578/587/318 579/588/318 577/586/318
f 578/587/319 580/589/319 581/590/319 579/588/319
f 580/589/320 582/591/320 583/592/320 581/590/320
f 582/591/321 584/593/321 585/594/321 583/592/321
f 584/593/322 586/595/322 587/596/322 585/594/322
f 586/595/323 588/597/323 589/598/323 587/596/323
f 588/597/324 590/599/324 591/600/324 589/598/324
f 590/599/325 592/601/325 593/602/325 591/600/325
f 592/601/326 594/603/326 595/604/326 593/602/326
f 594/603/327 596/605/327 597/606/327 595/604/327
f 596/605/328 598/607/328 599/608/328 597/606/328
o Leaf_011
v -0.135645 1.073763 0.028506
v -0.109309 1.139925 0.038218
v -0.267901 1.108408 0.054215
v -0.234612 1.199649 0.068045
v -0.397685 1.134102 0.078592
v -0.362644 1.251209 0.097499
v -0.525810 1.151653 0.101904
v -0.492594 1.293800 0.126316
v -0.652282 1.161529 0.124231
v -0.624454 1.326951 0.154414
v -0.777229 1.164182 0.145673
v -0.758097 1.350213 0.181695
v -0.900900 1.160017 0.166342
v -0.893274 1.363181 0.208044
v -1.023644 1.149362 0.186359
v -1.029636 1.365523 0.233343
v -1.145888 1.132451 0.205843
v -1.166756 1.357009 0.257471
v -1.268099 1.109404 0.224905
v -1.304166 1.337518 0.280319
v -1.390752 1.080226 0.243639
v -1.441392 1.307045 0.301790
v -1.514290 1.044815 0.262119
v -1.577992 1.265691 0.321812
v -1.639095 1.002975 0.280391
v -1.713581 1.213653 0.340339
v -1.765471 0.954438 0.298476
v -1.847858 1.151199 0.357351
v -1.893626 0.898885 0.316364
v -1.980613 1.078648 0.372856
v -2.023670 0.835969 0.334021
v -2.111737 0.996346 0.386887
v -2.155620 0.765334 0.351392
v -2.241213 0.904650 0.399502
v -2.289401 0.686629 0.368401
v -2.369117 0.803910 0.410776
v -2.424864 0.599525 0.384957
v -2.495595 0.694457 0.420800
v -2.561796 0.503718 0.400958
v -2.620862 0.576593 0.429676
v -2.700408 0.398513 0.416337
v -2.744707 0.451014 0.437469
vn -0.1371 0.1971 -0.9707
vn -0.1428 0.1992 -0.9695
vn -0.1487 0.2009 -0.9682
vn -0.1550 0.2024 -0.9670
vn -0.1616 0.2035 -0.9657
vn -0.1682 0.2042 -0.9644
vn -0.1750 0.2044 -0.9631
vn -0.1818 0.2042 -0.9619
vn -0.1884 0.2035 -0.9608
vn -0.1949 0.2024 -0.9597
vn -0.2012 0.2010 -0.9587
vn -0.2072 0.1992 -0.9578
vn -0.2128 0.1972 -0.9570
vn -0.2181 0.1949 -0.9563
vn -0.2230 0.1925 -0.9556
vn -0.2275 0.1900 -0.9551
vn -0.2317 0.1874 -0.9546
vn -0.2355 0.1848 -0.9542
vn -0.2389 0.1822 -0.9538
vn -0.2421 0.1795 -0.9535
vt 0.000000 0.000000
vt 0.000000 0.050000
vt 1.000000 0.050000
vt 1.000000 0.000000
vt 0.000000 0.100000
vt 1.000000 0.100000
vt 0.000000 0.150000
vt 1.000000 0.150000
vt 0.000000 0.200000
vt 1.000000 0.200000
vt 0.000000 0.250000
vt 1.000000 0.250000
vt 0.000000 0.300000
vt 1.000000 0.300000
vt 0.000000 0.350000
vt 1.000000 0.350000
vt 0.000000 0.400000
vt 1.000000 0.400000
vt 0.000000 0.450000
vt 1.000000 0.450000
vt 0.000000 0.500000
vt 1.000000 0.500000
vt 0.000000 0.550000
vt 1.000000 0.550000
vt 0.000000 0.600000
vt 1.000000 0.600000
vt 0.000000 0.650000
vt 1.000000 0.650000
vt 0.000000 0.700000
vt 1.000000 0.700000
vt 0.000000 0.750000
vt 1.000000 0.750000
vt 0.000000 0.800000
vt 1.000000 0.800000
vt 0.000000 0.850000
vt 1.000000 0.850000
vt 0.000000 0.900000
vt 1.000000 0.900000
vt 0.000000 0.950000
vt 1.000000 0.950000
vt 0.000000 1.000000
vt 1.000000 1.000000
s 0
usemtl LeafMat
f 600/609/329 602/610/329 603/611/329 601/612/329
f 602/610/330 604/613/330 605/614/330 603/611/330
f 604/613/331 606/615/331 607/616/331 605/614/331
f 606/615/332 608/617/332 609/618/332 607/616/332
f 608/617/333 610/619/333 611/620/333 609/618/333
f 610/619/334 612/621/334 613/622/334 611/620/334
f 612/621/335 614/623/335 615/624/335 613/622/335
f 614/623/336 616/625/336 617/626/336 615/624/336
f 616/625/337 618/627/337 619/628/337 617/626/337
f 618/627/338 620/629/338 621/630/338 619/628/338
f 620/629/339 622/631/339 623/632/339 621/630/339
f 622/631/340 624/633/340 625/634/340 623/632/340
f 624/633/341 626/635/341 627/636/341 625/634/341
f 626/635/342 628/637/342 629/638/342 627/636/342
f 628/637/343 630/639/343 631/640/343 629/638/343
f 630/639/344 632/641/344 633/642/344 631/640/344
f 632/641/345 634/643/345 635/644/345 633/642/345
f 634/643/346 636/645/346 637/646/346 635/644/346
f 636/645/347 638/647/347 639/648/347 637/646/347
f 638/647/348 640/649/348 641/650/348 639/648/348
o Leaf_012
v -0.111922 1.090238 -0.028096
v -0.109465 1.093211 0.030869
v -0.148008 1.302939 -0.048123
v -0.144661 1.307035 0.032364
v -0.184137 1.503879 -0.067489
v -0.179936 1.509147 0.033987
v -0.220298 1.693081 -0.085936
v -0.215298 1.699523 0.035479
v -0.256480 1.870556 -0.103218
v -0.250760 1.878153 0.036595
v -0.292672 2.036311 -0.119109
v -0.286331 2.045029 0.037108
v -0.328864 2.190357 -0.133406
v -0.322023 2.200142 0.036816
v -0.365047 2.332700 -0.145937
v -0.357845 2.343484 0.035545
v -0.401211 2.463347 -0.156562
v -0.393805 2.475049 0.033158
v -0.437349 2.582301 -0.165179
v -0.429912 2.594833 0.029552
v -0.473452 2.689568 -0.171727
v -0.466173 2.702832 0.024664
v -0.509512 2.785147 -0.176184
v -0.502598 2.799044 0.018474
v -0.545518 2.869041 -0.178570
v -0.539198 2.883469 0.011002
v -0.581453 2.941250 -0.178946
v -0.575988 2.956105 0.002309
v -0.617295 3.001784 -0.177415
v -0.612992 3.016943 -0.007504
v -0.653010 3.050668 -0.174114
v -0.650242 3.065958 -0.018298
v -0.688568 3.087973 -0.169217
v -0.687771 3.103078 -0.029899
v -0.723993 3.113851 -0.162934
v -0.725552 3.128152 -0.042098
v -0.759500 3.128494 -0.155507
v -0.763371 3.140987 -0.054652
v -0.795515 3.131901 -0.147200
v -0.800803 3.141586 -0.067297
v -0.832619 3.123564 -0.138276
v -0.837266 3.130455 -0.079772
vn 0.9855 0.1626 -0.0493
vn 0.9838 0.1721 -0.0497
vn 0.9819 0.1828 -0.0501
vn 0.9795 0.1948 -0.0507
vn 0.9767 0.2083 -0.0513
vn 0.9732 0.2238 -0.0520
vn 0.9689 0.2417 -0.0528
vn 0.9635 0.2623 -0.0538
vn 0.9565 0.2866 -0.0550
vn 0.9473 0.3154 -0.0564
vn 0.9349 0.3501 -0.0582
vn 0.9178 0.3924 -0.0605
vn 0.8935 0.4446 -0.0635
vn 0.8575 0.5101 -0.0674
vn 0.8023 0.5924 -0.0728
vn 0.7148 0.6947 -0.0802
vn 0.5738 0.8140 -0.0903
vn 0.3554 0.9290 -0.1036
vn 0.0610 0.9911 -0.1185
vn -0.2476 0.9597 -0.1327
vt 0.000000 0.000000
vt 0.000000 0.050000
vt 1.000000 0.050000
vt 1.000000 0.000000
vt 0.000000 0.100000
vt 1.000000 0.100000
vt 0.000000 0.150000
vt 1.000000 0.150000
vt 0.000000 0.200000
vt 1.000000 0.200000
vt 0.000000 0.250000
vt 1.000000 0.250000
vt 0.000000 0.300000
vt 1.000000 0.300000
vt 0.000000 0.350000
vt 1.000000 0.350000
vt 0.000000 0.400000
vt 1.000000 0.400000
vt 0.000000 0.450000
vt 1.000000 0.450000
vt 0.000000 0.500000
vt 1.000000 0.500000
vt 0.000000 0.550000
vt 1.000000 0.550000
vt 0.000000 0.600000
vt 1.000000 0.600000
vt 0.000000 0.650000
vt 1.000000 0.650000
vt 0.000000 0.700000
vt 1.000000 0.700000
vt 0.000000 0.750000
vt 1.000000 0.750000
vt 0.000000 0.800000
vt 1.000000 0.800000
vt 0.000000 0.850000
vt 1.000000 0.850000
vt 0.000000 0.900000
vt 1.000000 0.900000
vt 0.000000 0.950000
vt 1.000000 0.950000
vt 0.000000 1.000000
vt 1.000000 1.000000
s 0
usemtl LeafMat
f 642/651/349 644/652/349 645/653/349 643/654/349
f 644/652/350 646/655/350 647/656/350 645/653/350
f 646/655/351 648/657/351 649/658/351 647/656/351
f 648/657/352 650/659/352 651/660/352 649/658/352
f 650/659/353 652/661/353 653/662/353 651/660/353
f 652/661/354 654/663/354 655/664/354 653/662/354
f 654/663/355 656/665/355 657/666/355 655/664/355
f 656/665/356 658/667/356 659/668/356 657/666/356
f 658/667/357 660/669/357 661/670/357 659/668/357
f 660/669/358 662/671/358 663/672/358 661/670/358
f 662/671/359 664/673/359 665/674/359 663/672/359
f 664/673/360 666/675/360 667/676/360 665/674/360
f 666/675/361 668/677/361 669/678/361 667/676/361
f 668/677/362 670/679/362 671/680/362 669/678/362
f 670/679/363 672/681/363 673/682/363 671/680/363
f 672/681/364 674/683/364 675/684/364 673/682/364
f 674/683/365 676/685/365 677/686/365 675/684/365
f 676/685/366 678/687/366 679/688/366 677/686/366
f 678/687/367 680/689/367 681/690/367 679/688/367
f 680/689/368 682/691/368 683/692/368 681/690/368
o Leaf_013
v -0.097890 1.058899 0.042566
v -0.089968 1.088520 -0.013500
v -0.217028 1.110428 0.066247
v -0.207027 1.151230 -0.010199
v -0.335397 1.154369 0.088688
v -0.324928 1.206657 -0.007497
v -0.453235 1.191028 0.109677
v -0.443434 1.254497 -0.005183
v -0.570531 1.220585 0.128988
v -0.562557 1.294566 -0.003031
v -0.687311 1.243222 0.146416
v -0.682269 1.326685 -0.000836
v -0.803639 1.259109 0.161782
v -0.802507 1.350685 0.001581
v -0.919617 1.268391 0.174934
v -0.923168 1.366416 0.004372
v -1.035377 1.271189 0.185753
v -1.044122 1.373763 0.007656
v -1.151073 1.267580 0.194153
v -1.165212 1.372645 0.011519
v -1.266870 1.257602 0.200083
v -1.286276 1.363025 0.016013
v -1.382933 1.241246 0.203527
v -1.407148 1.344912 0.021152
v -1.499410 1.218463 0.204507
v -1.527681 1.318357 0.026916
v -1.616426 1.189164 0.203080
v -1.647746 1.283445 0.033247
v -1.734077 1.153233 0.199338
v -1.767251 1.240295 0.040053
v -1.852421 1.110531 0.193405
v -1.886137 1.189046 0.047209
v -1.971479 1.060904 0.185439
v -2.004384 1.129850 0.054560
v -2.091235 1.004195 0.175622
v -2.122005 1.062866 0.061920
v -2.211642 0.940246 0.164162
v -2.239049 0.988251 0.069085
v -2.332623 0.868907 0.151283
v -2.355593 0.906155 0.075827
v -2.454279 0.789887 0.137215
v -2.471537 0.816870 0.081920
vn 0.4274 0.7731 0.4687
vn 0.3839 0.7930 0.4731
vn 0.3372 0.8114 0.4774
vn 0.2875 0.8279 0.4816
vn 0.2352 0.8419 0.4856
vn 0.1806 0.8532 0.4894
vn 0.1242 0.8612 0.4928
vn 0.0666 0.8659 0.4958
vn 0.0085 0.8669 0.4984
vn -0.0495 0.8643 0.5006
vn -0.1066 0.8581 0.5023
vn -0.1623 0.8486 0.5035
vn -0.2160 0.8361 0.5043
vn -0.2672 0.8209 0.5047
vn -0.3156 0.8036 0.5047
vn -0.3610 0.7844 0.5043
vn -0.4033 0.7640 0.5036
vn -0.4425 0.7426 0.5027
vn -0.4785 0.7207 0.5016
vn -0.5115 0.6984 0.5005
vt 0.000000 0.000000
vt 1.000000 0.000000
vt 1.000000 0.050000
vt 0.000000 0.050000
vt 1.000000 0.100000
vt 0.000000 0.100000
vt 1.000000 0.150000
vt 0.000000 0.150000
vt 1.000000 0.200000
vt 0.000000 0.200000
vt 1.000000 0.250000
vt 0.000000 0.250000
vt 1.000000 0.300000
vt 0.000000 0.300000
vt 1.000000 0.350000
vt 0.000000 0.350000
vt 1.000000 0.400000
vt 0.000000 0.400000
vt 1.000000 0.450000
vt 0.000000 0.450000
vt 1.000000 0.500000
vt 0.000000 0.500000
vt 1.000000 0.550000
vt 0.000000 0.550000
vt 1.000000 0.600000
vt 0.000000 0.600000
vt 1.000000 0.650000
vt 0.000000 0.650000
vt 1.000000 0.700000
vt 0.000000 0.700000
vt 1.000000 0.750000
vt 0.000000 0.750000
vt 1.000000 0.800000
vt 0.000000 0.800000
vt 1.000000 0.850000
vt 0.000000 0.850000
vt 1.000000 0.900000
vt 0.000000 0.900000
vt 1.000000 0.950000
vt 0.000000 0.950000
vt 1.000000 1.000000
vt 0.000000 1.000000
s 0
usemtl LeafMat
f 684/693/369 685/694/369 687/695/369 686/696/369
f 686/696/370 687/695/370 689/697/370 688/698/370
f 688/698/371 689/697/371 691/699/371 690/700/371
f 690/700/372 691/699/372 693/701/372 692/702/372
f 692/702/373 693/701/373 695/703/373 694/704/373
f 694/704/374 695/703/374 697/705/374 696/706/374
f 696/706/375 697/705/375 699/707/375 698/708/375
f 698/708/376 699/707/376 701/709/376 700/710/376
f 700/710/377 701/709/377 703/711/377 702/712/377
f 702/712/378 703/711/378 705/713/378 704/714/378
f 704/714/379 705/713/379 707/715/379 706/716/379
f 706/716/380 707/715/380 709/717/380 708/718/380
f 708/718/381 709/717/381 711/719/381 710/720/381
f 710/720/382 711/719/382 713/721/382 712/722/382
f 712/722/383 713/721/383 715/723/383 714/724/383
f 714/724/384 715/723/384 717/725/384 716/726/384
f 716/726/385 717/725/385 719/727/385 718/728/385
f 718/728/386 719/727/386 721/729/386 720/730/386
f 720/730/387 721/729/387 723/731/387 722/732/387
f 722/732/388 723/731/388 725/733/388 724/734/388
o Leaf_014
v -0.056842 1.089135 0.018764
v -0.009022 1.110668 0.041059
v -0.133894 1.163725 0.085410
v -0.069022 1.193565 0.116267
v -0.209903 1.230578 0.152113
v -0.129187 1.269293 0.192177
v -0.284773 1.289962 0.219088
v -0.189612 1.337581 0.268573
v -0.358299 1.342014 0.286414
v -0.250503 1.398294 0.345377
v -0.430305 1.386880 0.354179
v -0.312034 1.451286 0.422501
v -0.500660 1.424711 0.422488
v -0.374338 1.496405 0.499839
v -0.569277 1.455662 0.491458
v -0.437502 1.533497 0.577275
v -0.636119 1.479872 0.561224
v -0.501562 1.562423 0.654674
v -0.701203 1.497460 0.631932
v -0.566501 1.583063 0.731889
v -0.764592 1.508509 0.703735
v -0.632256 1.595335 0.808768
v -0.826391 1.513058 0.776785
v -0.698724 1.599199 0.885159
v -0.886733 1.511096 0.851216
v -0.765768 1.594667 0.960928
v -0.945773 1.502564 0.927133
v -0.833236 1.581797 1.035969
v -1.003672 1.487359 1.004603
v -0.900967 1.560693 1.110216
v -1.060592 1.465345 1.083640
v -0.968798 1.531491 1.183654
v -1.116685 1.436364 1.164208
v -1.036578 1.494348 1.256320
v -1.172094 1.400252 1.246216
v -1.104162 1.449428 1.328306
v -1.226953 1.356848 1.329525
v -1.171418 1.396893 1.399748
v -1.281384 1.306002 1.413958
v -1.238223 1.336893 1.470825
v -1.335637 1.247417 1.499493
v -1.304327 1.269725 1.541559
vn 0.0319 0.6841 -0.7287
vn 0.0078 0.7109 -0.7033
vn -0.0187 0.7379 -0.6747
vn -0.0479 0.7645 -0.6428
vn -0.0799 0.7903 -0.6074
vn -0.1147 0.8147 -0.5685
vn -0.1523 0.8368 -0.5260
vn -0.1923 0.8559 -0.4801
vn -0.2344 0.8713 -0.4312
vn -0.2781 0.8823 -0.3799
vn -0.3226 0.8883 -0.3269
vn -0.3673 0.8891 -0.2731
vn -0.4114 0.8846 -0.2194
vn -0.4542 0.8751 -0.1667
vn -0.4951 0.8611 -0.1158
vn -0.5335 0.8431 -0.0674
vn -0.5691 0.8220 -0.0220
vn -0.6018 0.7984 0.0201
vn -0.6315 0.7732 0.0588
vn -0.6583 0.7468 0.0940
vt 0.000000 0.000000
vt 0.000000 0.050000
vt 1.000000 0.050000
vt 1.000000 0.000000
vt 0.000000 0.100000
vt 1.000000 0.100000
vt 0.000000 0.150000
vt 1.000000 0.150000
vt 0.000000 0.200000
vt 1.000000 0.200000
vt 0.000000 0.250000
vt 1.000000 0.250000
vt 0.000000 0.300000
vt 1.000000 0.300000
vt 0.000000 0.350000
vt 1.000000 0.350000
vt 0.000000 0.400000
vt 1.000000 0.400000
vt 0.000000 0.450000
vt 1.000000 0.450000
vt 0.000000 0.500000
vt 1.000000 0.500000
vt 0.000000 0.550000
vt 1.000000 0.550000
vt 0.000000 0.600000
vt 1.000000 0.600000
vt 0.000000 0.650000
vt 1.000000 0.650000
vt 0.000000 0.700000
vt 1.000000 0.700000
vt 0.000000 0.750000
vt 1.000000 0.750000
vt 0.000000 0.800000
vt 1.000000 0.800000
vt 0.000000 0.850000
vt 1.000000 0.850000
vt 0.000000 0.900000
vt 1.000000 0.900000
vt 0.000000 0.950000
vt 1.000000 0.950000
vt 0.000000 1.000000
vt 1.000000 1.000000
s 0
usemtl LeafMat
f 726/735/389 728/736/389 729/737/389 727/738/389
f 728/736/390 730/739/390 731/740/390 729/737/390
f 730/739/391 732/741/391 733/742/391 731/740/391
f 732/741/392 734/743/392 735/744/392 733/742/392
f 734/743/393 736/745/393 737/746/393 735/744/393
f 736/745/394 738/747/394 739/748/394 737/746/394
f 738/747/395 740/749/395 741/750/395 739/748/395
f 740/749/396 742/751/396 743/752/396 741/750/396
f 742/751/397 744/753/397 745/754/397 743/752/397
f 744/753/398 746/755/398 747/756/398 745/754/398
f 746/755/399 748/757/399 749/758/399 747/756/399
f 748/757/400 750/759/400 751/760/400 749/758/400
f 750/759/401 752/761/401 753/762/401 751/760/401
f 752/761/402 754/763/402 755/764/402 753/762/402
f 754/763/403 756/765/403 757/766/403 755/764/403
f 756/765/404 758/767/404 759/768/404 757/766/404
f 758/767/405 760/769/405 761/770/405 759/768/405
f 760/769/406 762/771/406 763/772/406 761/770/406
f 762/771/407 764/773/407 765/774/407 763/772/407
f 764/773/408 766/775/408 767/776/408 765/774/408
o Leaf_015
v -0.089489 1.060699 0.012344
v -0.056514 1.103389 -0.043515
v -0.225069 1.119850 -0.002793
v -0.181562 1.178856 -0.079349
v -0.358959 1.169449 -0.018347
v -0.308075 1.245530 -0.115729
v -0.491506 1.210036 -0.034666
v -0.435708 1.302871 -0.152309
v -0.622605 1.241909 -0.051982
v -0.564563 1.350580 -0.188856
v -0.752236 1.265372 -0.070527
v -0.694663 1.388352 -0.225137
v -0.880462 1.280714 -0.090528
v -0.825943 1.415900 -0.260927
v -1.007429 1.288188 -0.112199
v -0.958258 1.432971 -0.296010
v -1.133356 1.287990 -0.135738
v -1.091389 1.439368 -0.330189
v -1.258515 1.280246 -0.161317
v -1.225064 1.434965 -0.363291
v -1.383206 1.265002 -0.189078
v -1.358982 1.419717 -0.395176
v -1.507735 1.242220 -0.219119
v -1.492839 1.393660 -0.425745
v -1.632384 1.211793 -0.251491
v -1.626351 1.356904 -0.454946
v -1.757396 1.173548 -0.286192
v -1.759276 1.309619 -0.482782
v -1.882961 1.127270 -0.323167
v -1.891424 1.252021 -0.509308
v -2.009210 1.072716 -0.362303
v -2.022664 1.184354 -0.534637
v -2.136210 1.009634 -0.403437
v -2.152928 1.106869 -0.558932
v -2.263977 0.937771 -0.446360
v -2.282202 1.019820 -0.582402
v -2.392473 0.856889 -0.490820
v -2.410521 0.923444 -0.605298
v -2.521625 0.766768 -0.536536
v -2.537961 0.817962 -0.627902
v -2.651642 0.666929 -0.583297
v -2.664312 0.703850 -0.650426
vn 0.2312 0.7025 0.6731
vn 0.1902 0.7227 0.6645
vn 0.1459 0.7415 0.6549
vn 0.0986 0.7583 0.6444
vn 0.0485 0.7725 0.6332
vn -0.0040 0.7837 0.6211
vn -0.0583 0.7914 0.6085
vn -0.1136 0.7954 0.5954
vn -0.1693 0.7954 0.5820
vn -0.2244 0.7915 0.5685
vn -0.2784 0.7838 0.5551
vn -0.3304 0.7728 0.5420
vn -0.3799 0.7586 0.5293
vn -0.4265 0.7420 0.5172
vn -0.4700 0.7234 0.5058
vn -0.5102 0.7033 0.4951
vn -0.5471 0.6822 0.4851
vn -0.5807 0.6605 0.4759
vn -0.6113 0.6386 0.4674
vn -0.6389 0.6167 0.4598
vt 0.000000 0.000000
vt 1.000000 0.000000
vt 1.000000 0.050000
vt 0.000000 0.050000
vt 1.000000 0.100000
vt 0.000000 0.100000
vt 1.000000 0.150000
vt 0.000000 0.150000
vt 1.000000 0.200000
vt 0.000000 0.200000
vt 1.000000 0.250000
vt 0.000000 0.250000
vt 1.000000 0.300000
vt 0.000000 0.300000
vt 1.000000 0.350000
vt 0.000000 0.350000
vt 1.000000 0.400000
vt 0.000000 0.400000
vt 1.000000 0.450000
vt 0.000000 0.450000
vt 1.000000 0.500000
vt 0.000000 0.500000
vt 1.000000 0.550000
vt 0.000000 0.550000
vt 1.000000 0.600000
vt 0.000000 0.600000
vt 1.000000 0.650000
vt 0.000000 0.650000
vt 1.000000 0.700000
vt 0.000000 0.700000
vt 1.000000 0.750000
vt 0.000000 0.750000
vt 1.000000 0.800000
vt 0.000000 0.800000
vt 1.000000 0.850000
vt 0.000000 0.850000
vt 1.000000 0.900000
vt 0.000000 0.900000
vt 1.000000 0.950000
vt 0.000000 0.950000
vt 1.000000 1.000000
vt 0.000000 1.000000
s 0
usemtl LeafMat
f 768/777/409 769/778/409 771/779/409 770/780/409
f 770/780/410 771/779/410 773/781/410 772/782/410
f 772/782/411 773/781/411 775/783/411 774/784/411
f 774/784/412 775/783/412 777/785/412 776/786/412
f 776/786/413 777/785/413 779/787/413 778/788/413
f 778/788/414 779/787/414 781/789/414 780/790/414
f 780/790/415 781/789/415 783/791/415 782/792/415
f 782/792/416 783/791/416 785/793/416 784/794/416
f 784/794/417 785/793/417 787/795/417 786/796/417
f 786/796/418 787/795/418 789/797/418 788/798/418
f 788/798/419 789/797/419 791/799/419 790/800/419
f 790/800/420 791/799/420 793/801/420 792/802/420
f 792/802/421 793/801/421 795/803/421 794/804/421
f 794/804/422 795/803/422 797/805/422 796/806/422
f 796/806/423 797/805/423 799/807/423 798/808/423
f 798/808/424 799/807/424 801/809/424 800/810/424
f 800/810/425 801/809/425 803/811/425 802/812/425
f 802/812/426 803/811/426 805/813/426 804/814/426
f 804/814/427 805/813/427 807/815/427 806/816/427
f 806/816/428 807/815/428 809/817/428 808/818/428
o Leaf_016
v -0.065834 1.090525 0.116529
v -0.121761 1.099985 0.069573
v -0.131560 1.120957 0.222018
v -0.208324 1.134024 0.158462
v -0.196702 1.141938 0.327117
v -0.294582 1.158673 0.248379
v -0.261670 1.153609 0.431821
v -0.380126 1.173790 0.339328
v -0.326728 1.156059 0.535973
v -0.464690 1.179286 0.431468
v -0.392142 1.149362 0.639453
v -0.548010 1.175087 0.524917
v -0.458168 1.133575 0.742180
v -0.629829 1.161136 0.619757
v -0.525040 1.108731 0.844110
v -0.709913 1.137401 0.716032
v -0.592963 1.074839 0.945227
v -0.788057 1.103872 0.813758
v -0.662101 1.031883 1.045541
v -0.864098 1.060564 0.912924
v -0.732572 0.979833 1.145082
v -0.937917 1.007511 1.013501
v -0.804440 0.918639 1.243900
v -1.009449 0.944758 1.115441
v -0.877719 0.848249 1.342055
v -1.078682 0.872360 1.218680
v -0.952366 0.768603 1.439625
v -1.145658 0.790375 1.323142
v -1.028289 0.679646 1.536699
v -1.210469 0.698861 1.428738
v -1.105346 0.581323 1.633379
v -1.273258 0.597870 1.535366
v -1.183355 0.473588 1.729779
v -1.334206 0.487451 1.642911
v -1.262094 0.356398 1.826025
v -1.393534 0.367643 1.751250
v -1.341314 0.229720 1.922248
v -1.451493 0.238483 1.860247
v -1.420739 0.093527 2.018591
v -1.508358 0.099996 1.969764
v -1.500115 -0.052284 2.115251
v -1.564384 -0.047716 2.079602
vn 0.2588 0.9590 -0.1153
vn 0.2157 0.9746 -0.0606
vn 0.1709 0.9853 -0.0035
vn 0.1252 0.9906 0.0553
vn 0.0794 0.9902 0.1148
vn 0.0343 0.9842 0.1738
vn -0.0093 0.9728 0.2316
vn -0.0508 0.9566 0.2870
vn -0.0897 0.9363 0.3396
vn -0.1258 0.9127 0.3887
vn -0.1588 0.8868 0.4341
vn -0.1887 0.8592 0.4756
vn -0.2156 0.8306 0.5134
vn -0.2397 0.8018 0.5475
vn -0.2612 0.7730 0.5782
vn -0.2802 0.7447 0.6057
vn -0.2971 0.7172 0.6303
vn -0.3121 0.6907 0.6524
vn -0.3254 0.6651 0.6721
vn -0.3371 0.6408 0.6898
vt 0.000000 0.000000
vt 1.000000 0.000000
vt 1.000000 0.050000
vt 0.000000 0.050000
vt 1.000000 0.100000
vt 0.000000 0.100000
vt 1.000000 0.150000
vt 0.000000 0.150000
vt 1.000000 0.200000
vt 0.000000 0.200000
vt 1.000000 0.250000
vt 0.000000 0.250000
vt 1.000000 0.300000
vt 0.000000 0.300000
vt 1.000000 0.350000
vt 0.000000 0.350000
vt 1.000000 0.400000
vt 0.000000 0.400000
vt 1.000000 0.450000
vt 0.000000 0.450000
vt 1.000000 0.500000
vt 0.000000 0.500000
vt 1.000000 0.550000
vt 0.000000 0.550000
vt 1.000000 0.600000
vt 0.000000 0.600000
vt 1.000000 0.650000
vt 0.000000 0.650000
vt 1.000000 0.700000
vt 0.000000 0.700000
vt 1.000000 0.750000
vt 0.000000 0.750000
vt 1.000000 0.800000
vt 0.000000 0.800000
vt 1.000000 0.850000
vt 0.000000 0.850000
vt 1.000000 0.900000
vt 0.000000 0.900000
vt 1.000000 0.950000
vt 0.000000 0.950000
vt 1.000000 1.000000
vt 0.000000 1.000000
s 0
usemtl LeafMat
f 810/819/429 811/820/429 813/821/429 812/822/429
f 812/822/430 813/821/430 815/823/430 814/824/430
f 814/824/431 815/823/431 817/825/431 816/826/431
f 816/826/432 817/825/432 819/827/432 818/828/432
f 818/828/433 819/827/433 821/829/433 820/830/433
f 820/830/434 821/829/434 823/831/434 822/832/434
f 822/832/435 823/831/435 825/833/435 824/834/435
f 824/834/436 825/833/436 827/835/436 826/836/436
f 826/836/437 827/835/437 829/837/437 828/838/437
f 828/838/438 829/837/438 831/839/438 830/840/438
f 830/840/439 831/839/439 833/841/439 832/842/439
f 832/842/440 833/841/440 835/843/440 834/844/440
f 834/844/441 835/843/441 837/845/441 836/846/441
f 836/846/442 837/845/442 839/847/442 838/848/442
f 838/848/443 839/847/443 841/849/443 840/850/443
f 840/850/444 841/849/444 843/851/444 842/852/444
f 842/852/445 843/851/445 845/853/445 844/854/445
f 844/854/446 845/853/446 847/855/446 846/856/446
f 846/856/447 847/855/447 849/857/447 848/858/447
f 848/858/448 849/857/448 851/859/448 850/860/448
o Leaf_017
v -0.011306 1.114778 0.143056
v -0.084948 1.121426 0.114399
v -0.003891 1.267357 0.199446
v -0.104413 1.276457 0.160337
v 0.002560 1.411320 0.255544
v -0.124185 1.422861 0.206259
v 0.007722 1.546703 0.311226
v -0.143940 1.560602 0.252289
v 0.011290 1.673532 0.366372
v -0.163371 1.689653 0.298546
v 0.012981 1.791833 0.420869
v -0.182196 1.809989 0.345143
v 0.012543 1.901628 0.474619
v -0.200164 1.921587 0.392180
v 0.009762 2.002938 0.527535
v -0.217059 2.024426 0.439741
v 0.004464 2.095780 0.579549
v -0.232708 2.118490 0.487897
v -0.003477 2.180169 0.630609
v -0.246987 2.203763 0.536697
v -0.014136 2.256116 0.680682
v -0.259817 2.280235 0.586176
v -0.027540 2.323632 0.729758
v -0.271174 2.347895 0.636343
v -0.043660 2.382722 0.777846
v -0.281086 2.406738 0.687191
v -0.062418 2.433393 0.824976
v -0.289631 2.456755 0.738687
v -0.083689 2.475651 0.871204
v -0.296934 2.497942 0.790777
v -0.107301 2.509501 0.916610
v -0.303167 2.530293 0.843381
v -0.133047 2.534944 0.961302
v -0.308538 2.553808 0.896390
v -0.160685 2.551969 1.005414
v -0.313287 2.568497 0.949670
v -0.189948 2.560545 1.049097
v -0.317683 2.574392 1.003070
v -0.220543 2.560617 1.092504
v -0.322017 2.571548 1.056439
v -0.252181 2.552086 1.135837
v -0.326580 2.560062 1.109573
vn 0.3691 0.3063 -0.8774
vn 0.3684 0.3232 -0.8717
vn 0.3675 0.3417 -0.8650
vn 0.3663 0.3624 -0.8571
vn 0.3647 0.3853 -0.8477
vn 0.3627 0.4109 -0.8364
vn 0.3601 0.4397 -0.8228
vn 0.3567 0.4720 -0.8062
vn 0.3523 0.5086 -0.7857
vn 0.3464 0.5498 -0.7601
vn 0.3385 0.5964 -0.7278
vn 0.3279 0.6486 -0.6869
vn 0.3136 0.7065 -0.6344
vn 0.2944 0.7691 -0.5672
vn 0.2687 0.8342 -0.4816
vn 0.2351 0.8969 -0.3746
vn 0.1927 0.9501 -0.2453
vn 0.1421 0.9850 -0.0975
vn 0.0862 0.9945 0.0596
vn 0.0293 0.9765 0.2136
vt 0.000000 0.000000
vt 1.000000 0.000000
vt 1.000000 0.050000
vt 0.000000 0.050000
vt 1.000000 0.100000
vt 0.000000 0.100000
vt 1.000000 0.150000
vt 0.000000 0.150000
vt 1.000000 0.200000
vt 0.000000 0.200000
vt 1.000000 0.250000
vt 0.000000 0.250000
vt 1.000000 0.300000
vt 0.000000 0.300000
vt 1.000000 0.350000
vt 0.000000 0.350000
vt 1.000000 0.400000
vt 0.000000 0.400000
vt 1.000000 0.450000
vt 0.000000 0.450000
vt 1.000000 0.500000
vt 0.000000 0.500000
vt 1.000000 0.550000
vt 0.000000 0.550000
vt 1.000000 0.600000
vt 0.000000 0.600000
vt 1.000000 0.650000
vt 0.000000 0.650000
vt 1.000000 0.700000
vt 0.000000 0.700000
vt 1.000000 0.750000
vt 0.000000 0.750000
vt 1.000000 0.800000
vt 0.000000 0.800000
vt 1.000000 0.850000
vt 0.000000 0.850000
vt 1.000000 0.900000
vt 0.000000 0.900000
vt 1.000000 0.950000
vt 0.000000 0.950000
vt 1.000000 1.000000
vt 0.000000 1.000000
s 0
usemtl LeafMat
f 852/861/449 853/862/449 855/863/449 854/864/449
f 854/864/450 855/863/450 857/865/450 856/866/450
f 856/866/451 857/865/451 859/867/451 858/868/451
f 858/868/452 859/867/452 861/869/452 860/870/452
f 860/870/453 861/869/453 863/871/453 862/872/453
f 862/872/454 863/871/454 865/873/454 864/874/454
f 864/874/455 865/873/455 867/875/455 866/876/455
f 866/876/456 867/875/456 869/877/456 868/878/456
f 868/878/457 869/877/457 871/879/457 870/880/457
f 870/880/458 871/879/458 873/881/458 872/882/458
f 872/882/459 873/881/459 875/883/459 874/884/459
f 874/884/460 875/883/460 877/885/460 876/886/460
f 876/886/461 877/885/461 879/887/461 878/888/461
f 878/888/462 879/887/462 881/889/462 880/890/462
f 880/890/463 881/889/463 883/891/463 882/892/463
f 882/892/464 883/891/464 885/893/464 884/894/464
f 884/894/465 885/893/465 887/895/465 886/896/465
f 886/896/466 887/895/466 889/897/466 888/898/466
f 888/898/467 889/897/467 891/899/467 890/900/467
f 890/900/468 891/899/468 893/901/468 892/902/468
o Leaf_018
v 0.047750 1.092388 0.062451
v 0.061878 1.114949 -0.002488
v 0.135812 1.206773 0.135188
v 0.155774 1.238410 0.046994
v 0.223253 1.308774 0.207151
v 0.250330 1.350788 0.097191
v 0.310272 1.398782 0.278141
v 0.345348 1.451692 0.148300
v 0.396852 1.476951 0.347842
v 0.440845 1.540967 0.200641
v 0.482993 1.543479 0.415972
v 0.536819 1.618415 0.254494
v 0.568737 1.598615 0.482305
v 0.633231 1.683788 0.310084
v 0.654181 1.642647 0.546690
v 0.729981 1.736798 0.367563
v 0.739503 1.675879 0.609069
v 0.826893 1.777140 0.426991
v 0.824971 1.698595 0.669485
v 0.923697 1.804531 0.488321
v 0.910939 1.711008 0.728087
v 1.020042 1.818757 0.551407
v 0.997805 1.713215 0.785101
v 1.115528 1.819722 0.616022
v 1.085964 1.705171 0.840802
v 1.209760 1.807470 0.681891
v 1.175741 1.686696 0.895473
v 1.302413 1.782181 0.748731
v 1.267344 1.657518 0.949372
v 1.393280 1.744129 0.816283
v 1.360845 1.617319 1.002720
v 1.482288 1.693629 0.884329
v 1.456185 1.565786 1.055693
v 1.569497 1.630996 0.952689
v 1.553193 1.502644 1.108439
v 1.655076 1.556504 1.021218
v 1.651623 1.427669 1.161084
v 1.739273 1.470379 1.089789
v 1.751175 1.340690 1.213747
v 1.822387 1.372789 1.158283
v 1.851766 1.241283 1.266696
v 1.904502 1.264161 1.226433
vn -0.8018 0.5966 0.0327
vn -0.7753 0.6297 0.0500
vn -0.7440 0.6645 0.0702
vn -0.7073 0.7007 0.0939
vn -0.6644 0.7375 0.1214
vn -0.6146 0.7738 0.1534
vn -0.5575 0.8082 0.1899
vn -0.4931 0.8388 0.2310
vn -0.4219 0.8635 0.2763
vn -0.3456 0.8803 0.3250
vn -0.2660 0.8878 0.3756
vn -0.1859 0.8851 0.4266
vn -0.1079 0.8727 0.4763
vn -0.0344 0.8516 0.5231
vn 0.0329 0.8237 0.5660
vn 0.0931 0.7912 0.6044
vn 0.1459 0.7559 0.6382
vn 0.1917 0.7195 0.6675
vn 0.2310 0.6833 0.6927
vn 0.2643 0.6480 0.7144
vt 0.000000 0.000000
vt 0.000000 0.050000
vt 1.000000 0.050000
vt 1.000000 0.000000
vt 0.000000 0.100000
vt 1.000000 0.100000
vt 0.000000 0.150000
vt 1.000000 0.150000
vt 0.000000 0.200000
vt 1.000000 0.200000
vt 0.000000 0.250000
vt 1.000000 0.250000
vt 0.000000 0.300000
vt 1.000000 0.300000
vt 0.000000 0.350000
vt 1.000000 0.350000
vt 0.000000 0.400000
vt 1.000000 0.400000
vt 0.000000 0.450000
vt 1.000000 0.450000
vt 0.000000 0.500000
vt 1.000000 0.500000
vt 0.000000 0.550000
vt 1.000000 0.550000
vt 0.000000 0.600000
vt 1.000000 0.600000
vt 0.000000 0.650000
vt 1.000000 0.650000
vt 0.000000 0.700000
vt 1.000000 0.700000
vt 0.000000 0.750000
vt 1.000000 0.750000
vt 0.000000 0.800000
vt 1.000000 0.800000
vt 0.000000 0.850000
vt 1.000000 0.850000
vt 0.000000 0.900000
vt 1.000000 0.900000
vt 0.000000 0.950000
vt 1.000000 0.950000
vt 0.000000 1.000000
vt 1.000000 1.000000
s 0
usemtl LeafMat
f 894/903/469 896/904/469 897/905/469 895/906/469
f 896/904/470 898/907/470 899/908/470 897/905/470
f 898/907/471 900/909/471 901/910/471 899/908/471
f 900/909/472 902/911/472 903/912/472 901/910/472
f 902/911/473 904/913/473 905/914/473 903/912/473
f 904/913/474 906/915/474 907/916/474 905/914/474
f 906/915/475 908/917/475 909/918/475 907/916/475
f 908/917/476 910/919/476 911/920/476 909/918/476
f 910/919/477 912/921/477 913/922/477 911/920/477
f 912/921/478 914/923/478 915/924/478 913/922/478
f 914/923/479 916/925/479 917/926/479 915/924/479
f 916/925/480 918/927/480 919/928/480 917/926/480
f 918/927/481 920/929/481 921/930/481 919/928/481
f 920/929/482 922/931/482 923/932/482 921/930/482
f 922/931/483 924/933/483 925/934/483 923/932/483
f 924/933/484 926/935/484 927/936/484 925/934/484
f 926/935/485 928/937/485 929/938/485 927/936/485
f 928/937/486 930/939/486 931/940/486 929/938/486
f 930/939/487 932/941/487 933/942/487 931/940/487
f 932/941/488 934/943/488 935/944/488 933/942/488
o Leaf_019
v -0.065198 1.103409 -0.003434
v -0.025599 1.108763 -0.051603
v -0.162701 1.176459 -0.060628
v -0.108644 1.183766 -0.126376
v -0.259533 1.240741 -0.118635
v -0.191366 1.249946 -0.201523
v -0.355521 1.296276 -0.177663
v -0.273941 1.307282 -0.276833
v -0.450498 1.343085 -0.237915
v -0.356534 1.355751 -0.352106
v -0.544313 1.381190 -0.299576
v -0.439296 1.395334 -0.427156
v -0.636830 1.410607 -0.362809
v -0.522364 1.426014 -0.501818
v -0.727931 1.431352 -0.427756
v -0.605856 1.447775 -0.575953
v -0.817523 1.443438 -0.494530
v -0.689864 1.460604 -0.649447
v -0.905537 1.446871 -0.563212
v -0.774458 1.464494 -0.722218
v -0.991929 1.441659 -0.633853
v -0.859680 1.459438 -0.794216
v -1.076685 1.427803 -0.706468
v -0.945547 1.445435 -0.865425
v -1.159817 1.405302 -0.781040
v -1.032045 1.422486 -0.935863
v -1.241367 1.374150 -0.857518
v -1.119133 1.390597 -1.005582
v -1.321402 1.334339 -0.935818
v -1.206742 1.349775 -1.074664
v -1.400016 1.285857 -1.015826
v -1.294781 1.300033 -1.143223
v -1.477325 1.228689 -1.097402
v -1.383132 1.241386 -1.211401
v -1.553464 1.162817 -1.180380
v -1.471660 1.173852 -1.279362
v -1.628587 1.088221 -1.264576
v -1.560212 1.097451 -1.347291
v -1.702859 1.004878 -1.349789
v -1.648623 1.012205 -1.415388
v -1.776453 0.912767 -1.435809
v -1.736719 0.918137 -1.483865
vn 0.3828 0.8294 0.4069
vn 0.3439 0.8594 0.3783
vn 0.3011 0.8885 0.3463
vn 0.2542 0.9159 0.3108
vn 0.2034 0.9406 0.2717
vn 0.1491 0.9619 0.2294
vn 0.0917 0.9786 0.1840
vn 0.0321 0.9902 0.1362
vn -0.0288 0.9958 0.0867
vn -0.0897 0.9953 0.0363
vn -0.1497 0.9886 -0.0139
vn -0.2077 0.9762 -0.0630
vn -0.2627 0.9586 -0.1104
vn -0.3140 0.9366 -0.1552
vn -0.3614 0.9113 -0.1971
vn -0.4045 0.8836 -0.2358
vn -0.4434 0.8543 -0.2713
vn -0.4783 0.8241 -0.3034
vn -0.5093 0.7938 -0.3324
vn -0.5368 0.7637 -0.3585
vt 0.000000 0.000000
vt 1.000000 0.000000
vt 1.000000 0.050000
vt 0.000000 0.050000
vt 1.000000 0.100000
vt 0.000000 0.100000
vt 1.000000 0.150000
vt 0.000000 0.150000
vt 1.000000 0.200000
vt 0.000000 0.200000
vt 1.000000 0.250000
vt 0.000000 0.250000
vt 1.000000 0.300000
vt 0.000000 0.300000
vt 1.000000 0.350000
vt 0.000000 0.350000
vt 1.000000 0.400000
vt 0.000000 0.400000
vt 1.000000 0.450000
vt 0.000000 0.450000
vt 1.000000 0.500000
vt 0.000000 0.500000
vt 1.000000 0.550000
vt 0.000000 0.550000
vt 1.000000 0.600000
vt 0.000000 0.600000
vt 1.000000 0.650000
vt 0.000000 0.650000
vt 1.000000 0.700000
vt 0.000000 0.700000
vt 1.000000 0.750000
vt 0.000000 0.750000
vt 1.000000 0.800000
vt 0.000000 0.800000
vt 1.000000 0.850000
vt 0.000000 0.850000
vt 1.000000 0.900000
vt 0.000000 0.900000
vt 1.000000 0.950000
vt 0.000000 0.950000
vt 1.000000 1.000000
vt 0.000000 1.000000
s 0
usemtl LeafMat
f 936/945/489 937/946/489 939/947/489 938/948/489
f 938/948/490 939/947/490 941/949/490 940/950/490
f 940/950/491 941/949/491 943/951/491 942/952/491
f 942/952/492 943/951/492 945/953/492 944/954/492
f 944/954/493 945/953/493 947/955/493 946/956/493
f 946/956/494 947/955/494 949/957/494 948/958/494
f 948/958/495 949/957/495 951/959/495 950/960/495
f 950/960/496 951/959/496 953/961/496 952/962/496
f 952/962/497 953/961/497 955/963/497 954/964/497
f 954/964/498 955/963/498 957/965/498 956/966/498
f 956/966/499 957/965/499 959/967/499 958/968/499
f 958/968/500 959/967/500 961/969/500 960/970/500
f 960/970/501 961/969/501 963/971/501 962/972/501
f 962/972/502 963/971/502 965/973/502 964/974/502
f 964/974/503 965/973/503 967/975/503 966/976/503
f 966/976/504 967/975/504 969/977/504 968/978/504
f 968/978/505 969/977/505 971/979/505 970/980/505
f 970/980/506 971/979/506 973/981/506 972/982/506
f 972/982/507 973/981/507 975/983/507 974/984/507
f 974/984/508 975/983/508 977/985/508 976/986/508
o Leaf_020
v 0.046711 1.071217 -0.109878
v 0.111652 1.076977 -0.071667
v 0.083569 1.141212 -0.210349
v 0.172259 1.149134 -0.158273
v 0.120997 1.202940 -0.310387
v 0.232937 1.213068 -0.244951
v 0.159290 1.256453 -0.409850
v 0.293388 1.268730 -0.331844
v 0.198719 1.301782 -0.508577
v 0.353343 1.316087 -0.419113
v 0.239535 1.338961 -0.606425
v 0.412551 1.355107 -0.506899
v 0.281964 1.368021 -0.703272
v 0.470786 1.385758 -0.595327
v 0.326203 1.388991 -0.799019
v 0.527850 1.408011 -0.684493
v 0.372415 1.401894 -0.893594
v 0.583580 1.421842 -0.774472
v 0.420723 1.406749 -0.986952
v 0.637854 1.427233 -0.865306
v 0.471209 1.403565 -1.079076
v 0.690591 1.424176 -0.957014
v 0.523908 1.392341 -1.169975
v 0.741753 1.412671 -1.049586
v 0.578809 1.373071 -1.259683
v 0.791353 1.392724 -1.142989
v 0.635853 1.345738 -1.348256
v 0.839450 1.364352 -1.237165
v 0.694934 1.310320 -1.435771
v 0.886148 1.327576 -1.332040
v 0.755903 1.266793 -1.522321
v 0.931599 1.282422 -1.427519
v 0.818569 1.215128 -1.608018
v 0.975992 1.228918 -1.523490
v 0.882707 1.155295 -1.692985
v 1.019554 1.167094 -1.619831
v 0.948060 1.087266 -1.777357
v 1.062539 1.096977 -1.716405
v 1.014351 1.011013 -1.861281
v 1.105227 1.018597 -1.813068
v 1.081296 0.926488 -1.944925
v 1.147900 0.932001 -1.909650
vn -0.3386 0.8258 0.4510
vn -0.3168 0.8556 0.4094
vn -0.2924 0.8846 0.3633
vn -0.2654 0.9120 0.3127
vn -0.2357 0.9371 0.2576
vn -0.2035 0.9588 0.1984
vn -0.1691 0.9762 0.1355
vn -0.1329 0.9887 0.0698
vn -0.0953 0.9954 0.0023
vn -0.0570 0.9962 -0.0658
vn -0.0188 0.9909 -0.1334
vn 0.0187 0.9798 -0.1992
vn 0.0549 0.9635 -0.2621
vn 0.0892 0.9427 -0.3214
vn 0.1214 0.9184 -0.3765
vn 0.1512 0.8915 -0.4270
vn 0.1784 0.8628 -0.4730
vn 0.2032 0.8331 -0.5144
vn 0.2256 0.8031 -0.5515
vn 0.2457 0.7732 -0.5847
vt 0.000000 0.000000
vt 1.000000 0.000000
vt 1.000000 0.050000
vt 0.000000 0.050000
vt 1.000000 0.100000
vt 0.000000 0.100000
vt 1.000000 0.150000
vt 0.000000 0.150000
vt 1.000000 0.200000
vt 0.000000 0.200000
vt 1.000000 0.250000
vt 0.000000 0.250000
vt 1.000000 0.300000
vt 0.000000 0.300000
vt 1.000000 0.350000
vt 0.000000 0.350000
vt 1.000000 0.400000
vt 0.000000 0.400000
vt 1.000000 0.450000
vt 0.000000 0.450000
vt 1.000000 0.500000
vt 0.000000 0.500000
vt 1.000000 0.550000
vt 0.000000 0.550000
vt 1.000000 0.600000
vt 0.000000 0.600000
vt 1.000000 0.650000
vt 0.000000 0.650000
vt 1.000000 0.700000
vt 0.000000 0.700000
vt 1.000000 0.750000
vt 0.000000 0.750000
vt 1.000000 0.800000
vt 0.000000 0.800000
vt 1.000000 0.850000
vt 0.000000 0.850000
vt 1.000000 0.900000
vt 0.000000 0.900000
vt 1.000000 0.950000
vt 0.000000 0.950000
vt 1.000000 1.000000
vt 0.000000 1.000000
s 0
usemtl LeafMat
f 978/987/509 979/988/509 981/989/509 980/990/509
f 980/990/510 981/989/510 983/991/510 982/992/510
f 982/992/511 983/991/511 985/993/511 984/994/511
f 984/994/512 985/993/512 987/995/512 986/996/512
f 986/996/513 987/995/513 989/997/513 988/998/513
f 988/998/514 989/997/514 991/999/514 990/1000/514
f 990/1000/515 991/999/515 993/1001/515 992/1002/515
f 992/1002/516 993/1001/516 995/1003/516 994/1004/516
f 994/1004/517 995/1003/517 997/1005/517 996/1006/517
f 996/1006/518 997/1005/518 999/1007/518 998/1008/518
f 998/1008/519 999/1007/519 1001/1009/519 1000/1010/519
f 1000/1010/520 1001/1009/520 1003/1011/520 1002/1012/520
f 1002/1012/521 1003/1011/521 1005/1013/521 1004/1014/521
f 1004/1014/522 1005/1013/522 1007/1015/522 1006/1016/522
f 1006/1016/523 1007/1015/523 1009/1017/523 1008/1018/523
f 1008/1018/524 1009/1017/524 1011/1019/524 1010/1020/524
f 1010/1020/525 1011/1019/525 1013/1021/525 1012/1022/525
f 1012/1022/526 1013/1021/526 1015/1023/526 1014/1024/526
f 1014/1024/527 1015/1023/527 1017/1025/527 1016/1026/527
f 1016/1026/528 1017/1025/528 1019/1027/528 1018/1028/528
o Leaf_021
v -0.069377 1.118593 -0.053591
v 0.011366 1.137839 -0.045021
v -0.116980 1.272536 -0.099083
v -0.006896 1.299427 -0.087563
v -0.163702 1.416525 -0.144593
v -0.025265 1.452075 -0.130575
v -0.209212 1.550808 -0.190113
v -0.044071 1.595536 -0.174067
v -0.253156 1.675434 -0.235574
v -0.063669 1.729759 -0.218106
v -0.295202 1.790460 -0.280907
v -0.084389 1.854688 -0.262763
v -0.335052 1.895948 -0.326037
v -0.106531 1.970262 -0.308111
v -0.372444 1.991971 -0.370890
v -0.130355 2.076406 -0.354226
v -0.407163 2.078618 -0.415387
v -0.156078 2.173033 -0.401187
v -0.439039 2.155998 -0.459445
v -0.183869 2.260032 -0.449075
v -0.467959 2.224258 -0.502982
v -0.213841 2.337257 -0.497973
v -0.493875 2.283602 -0.545924
v -0.246043 2.404504 -0.547955
v -0.516812 2.334315 -0.588232
v -0.280448 2.461490 -0.599061
v -0.536902 2.376786 -0.629942
v -0.316926 2.507823 -0.651253
v -0.554415 2.411517 -0.671261
v -0.355206 2.543001 -0.704327
v -0.569810 2.439047 -0.712666
v -0.394829 2.566486 -0.757802
v -0.583748 2.459765 -0.754980
v -0.435134 2.577890 -0.810858
v -0.597015 2.473638 -0.799270
v -0.475335 2.577246 -0.862427
v -0.610352 2.480047 -0.846509
v -0.514692 2.565169 -0.911537
v -0.624255 2.477951 -0.897183
v -0.552707 2.542705 -0.957700
v -0.639503 2.465525 -0.952428
v -0.588603 2.511678 -0.999781
vn -0.1577 0.2347 0.9592
vn -0.1608 0.2497 0.9549
vn -0.1645 0.2663 0.9498
vn -0.1687 0.2848 0.9436
vn -0.1738 0.3056 0.9362
vn -0.1799 0.3290 0.9270
vn -0.1872 0.3554 0.9158
vn -0.1962 0.3853 0.9017
vn -0.2072 0.4192 0.8839
vn -0.2210 0.4577 0.8612
vn -0.2385 0.5011 0.8319
vn -0.2606 0.5497 0.7937
vn -0.2887 0.6027 0.7439
vn -0.3242 0.6584 0.6793
vn -0.3684 0.7127 0.5969
vn -0.4216 0.7594 0.4956
vn -0.4820 0.7905 0.3779
vn -0.5458 0.7993 0.2515
vn -0.6076 0.7841 0.1269
vn -0.6639 0.7477 0.0151
vt 0.000000 0.000000
vt 1.000000 0.000000
vt 1.000000 0.050000
vt 0.000000 0.050000
vt 1.000000 0.100000
vt 0.000000 0.100000
vt 1.000000 0.150000
vt 0.000000 0.150000
vt 1.000000 0.200000
vt 0.000000 0.200000
vt 1.000000 0.250000
vt 0.000000 0.250000
vt 1.000000 0.300000
vt 0.000000 0.300000
vt 1.000000 0.350000
vt 0.000000 0.350000
vt 1.000000 0.400000
vt 0.000000 0.400000
vt 1.000000 0.450000
vt 0.000000 0.450000
vt 1.000000 0.500000
vt 0.000000 0.500000
vt 1.000000 0.550000
vt 0.000000 0.550000
vt 1.000000 0.600000
vt 0.000000 0.600000
vt 1.000000 0.650000
vt 0.000000 0.650000
vt 1.000000 0.700000
vt 0.000000 0.700000
vt 1.000000 0.750000
vt 0.000000 0.750000
vt 1.000000 0.800000
vt 0.000000 0.800000
vt 1.000000 0.850000
vt 0.000000 0.850000
vt 1.000000 0.900000
vt 0.000000 0.900000
vt 1.000000 0.950000
vt 0.000000 0.950000
vt 1.000000 1.000000
vt 0.000000 1.000000
s 0
usemtl LeafMat
f 1020/1029/529 1021/1030/529 1023/1031/529 1022/1032/529
f 1022/1032/530 1023/1031/530 1025/1033/530 1024/1034/530
f 1024/1034/531 1025/1033/531 1027/1035/531 1026/1036/531
f 1026/1036/532 1027/1035/532 1029/1037/532 1028/1038/532
f 1028/1038/533 1029/1037/533 1031/1039/533 1030/1040/533
f 1030/1040/534 1031/1039/534 1033/1041/534 1032/1042/534
f 1032/1042/535 1033/1041/535 1035/1043/535 1034/1044/535
f 1034/1044/536 1035/1043/536 1037/1045/536 1036/1046/536
f 1036/1046/537 1037/1045/537 1039/1047/537 1038/1048/537
f 1038/1048/538 1039/1047/538 1041/1049/538 1040/1050/538
f 1040/1050/539 1041/1049/539 1043/1051/539 1042/1052/539
f 1042/1052/540 1043/1051/540 1045/1053/540 1044/1054/540
f 1044/1054/541 1045/1053/541 1047/1055/541 1046/1056/541
f 1046/1056/542 1047/1055/542 1049/1057/542 1048/1058/542
f 1048/1058/543 1049/1057/543 1051/1059/543 1050/1060/543
f 1050/1060/544 1051/1059/544 1053/1061/544 1052/1062/544
f 1052/1062/545 1053/1061/545 1055/1063/545 1054/1064/545
f 1054/1064/546 1055/1063/546 1057/1065/546 1056/1066/546
f 1056/1066/547 1057/1065/547 1059/1067/547 1058/1068/547
f 1058/1068/548 1059/1067/548 1061/1069/548 1060/1070/548
o Leaf_022
v -0.055571 1.066203 -0.080150
v -0.066309 1.108436 -0.025308
v -0.145789 1.140615 -0.171438
v -0.161526 1.199177 -0.097511
v -0.235304 1.205441 -0.261213
v -0.258063 1.281476 -0.170472
v -0.324481 1.261256 -0.349512
v -0.355554 1.354756 -0.244155
v -0.413353 1.308353 -0.436105
v -0.453967 1.418725 -0.318788
v -0.502001 1.347042 -0.520824
v -0.553220 1.473073 -0.394541
v -0.590558 1.377643 -0.603571
v -0.653182 1.517479 -0.471512
v -0.679214 1.400457 -0.684323
v -0.753660 1.551643 -0.549723
v -0.768215 1.415750 -0.763137
v -0.854411 1.575299 -0.629118
v -0.857848 1.423722 -0.840137
v -0.955147 1.588245 -0.709571
v -0.948423 1.424494 -0.915509
v -1.055557 1.590363 -0.790899
v -1.040252 1.418090 -0.989476
v -1.155329 1.581628 -0.872877
v -1.133621 1.404440 -1.062280
v -1.254179 1.562109 -0.955263
v -1.228759 1.383385 -1.134162
v -1.351875 1.531966 -1.037816
v -1.325827 1.354696 -1.205347
v -1.448258 1.491427 -1.120312
v -1.424899 1.318098 -1.276031
v -1.543254 1.440768 -1.202555
v -1.525961 1.273288 -1.346375
v -1.636877 1.380291 -1.284382
v -1.628914 1.219964 -1.416509
v -1.729226 1.310299 -1.365666
v -1.733585 1.157832 -1.486531
v -1.820472 1.231086 -1.446306
v -1.839740 1.086628 -1.556513
v -1.910853 1.142915 -1.526232
v -1.947444 1.005787 -1.626758
v -2.000300 1.046352 -1.605140
vn 0.7664 0.5727 -0.2907
vn 0.7420 0.5935 -0.3117
vn 0.7149 0.6140 -0.3345
vn 0.6851 0.6335 -0.3595
vn 0.6527 0.6517 -0.3864
vn 0.6176 0.6680 -0.4153
vn 0.5801 0.6817 -0.4458
vn 0.5405 0.6925 -0.4778
vn 0.4994 0.6998 -0.5108
vn 0.4572 0.7033 -0.5443
vn 0.4148 0.7029 -0.5778
vn 0.3726 0.6986 -0.6108
vn 0.3315 0.6906 -0.6428
vn 0.2919 0.6793 -0.6734
vn 0.2543 0.6651 -0.7022
vn 0.2190 0.6486 -0.7290
vn 0.1863 0.6303 -0.7536
vn 0.1562 0.6108 -0.7762
vn 0.1287 0.5906 -0.7966
vn 0.1039 0.5698 -0.8152
vt 0.000000 0.000000
vt 0.000000 0.050000
vt 1.000000 0.050000
vt 1.000000 0.000000
vt 0.000000 0.100000
vt 1.000000 0.100000
vt 0.000000 0.150000
vt 1.000000 0.150000
vt 0.000000 0.200000
vt 1.000000 0.200000
vt 0.000000 0.250000
vt 1.000000 0.250000
vt 0.000000 0.300000
vt 1.000000 0.300000
vt 0.000000 0.350000
vt 1.000000 0.350000
vt 0.000000 0.400000
vt 1.000000 0.400000
vt 0.000000 0.450000
vt 1.000000 0.450000
vt 0.000000 0.500000
vt 1.000000 0.500000
vt 0.000000 0.550000
vt 1.000000 0.550000
vt 0.000000 0.600000
vt 1.000000 0.600000
vt 0.000000 0.650000
vt 1.000000 0.650000
vt 0.000000 0.700000
vt 1.000000 0.700000
vt 0.000000 0.750000
vt 1.000000 0.750000
vt 0.000000 0.800000
vt 1.000000 0.800000
vt 0.000000 0.850000
vt 1.000000 0.850000
vt 0.000000 0.900000
vt 1.000000 0.900000
vt 0.000000 0.950000
vt 1.000000 0.950000
vt 0.000000 1.000000
vt 1.000000 1.000000
s 0
usemtl LeafMat
f 1062/1071/549 1064/1072/549 1065/1073/549 1063/1074/549
f 1064/1072/550 1066/1075/550 1067/1076/550 1065/1073/550
f 1066/1075/551 1068/1077/551 1069/1078/551 1067/1076/551
f 1068/1077/552 1070/1079/552 1071/1080/552 1069/1078/552
f 1070/1079/553 1072/1081/553 1073/1082/553 1071/1080/553
f 1072/1081/554 1074/1083/554 1075/1084/554 1073/1082/554
f 1074/1083/555 1076/1085/555 1077/1086/555 1075/1084/555
f 1076/1085/556 1078/1087/556 1079/1088/556 1077/1086/556
f 1078/1087/557 1080/1089/557 1081/1090/557 1079/1088/557
f 1080/1089/558 1082/1091/558 1083/1092/558 1081/1090/558
f 1082/1091/559 1084/1093/559 1085/1094/559 1083/1092/559
f 1084/1093/560 1086/1095/560 1087/1096/560 1085/1094/560
f 1086/1095/561 1088/1097/561 1089/1098/561 1087/1096/561
f 1088/1097/562 1090/1099/562 1091/1100/562 1089/1098/562
f 1090/1099/563 1092/1101/563 1093/1102/563 1091/1100/563
f 1092/1101/564 1094/1103/564 1095/1104/564 1093/1102/564
f 1094/1103/565 1096/1105/565 1097/1106/565 1095/1104/565
f 1096/1105/566 1098/1107/566 1099/1108/566 1097/1106/566
f 1098/1107/567 1100/1109/567 1101/1110/567 1099/1108/567
f 1100/1109/568 1102/1111/568 1103/1112/568 1101/1110/568
o Leaf_023
v -0.046803 1.056662 0.091903
v -0.040837 1.097303 0.056200
v -0.114261 1.142261 0.193189
v -0.106952 1.198857 0.145625
v -0.181446 1.217306 0.292699
v -0.174528 1.291448 0.235879
v -0.248541 1.282429 0.390585
v -0.243381 1.374448 0.326812
v -0.315476 1.337915 0.486660
v -0.313580 1.447566 0.418608
v -0.382224 1.384094 0.580804
v -0.385154 1.510476 0.511390
v -0.448809 1.421327 0.672978
v -0.458077 1.562816 0.605196
v -0.515323 1.449980 0.763242
v -0.532259 1.604220 0.699966
v -0.581930 1.470398 0.851758
v -0.607535 1.634343 0.795537
v -0.648862 1.482865 0.938788
v -0.683672 1.652901 0.891648
v -0.716409 1.487571 1.024669
v -0.760382 1.659704 0.987962
v -0.784888 1.484584 1.109785
v -0.837346 1.654685 1.084095
v -0.854617 1.473840 1.194523
v -0.914248 1.637906 1.179661
v -0.925875 1.455152 1.279233
v -0.990807 1.609555 1.274307
v -0.998877 1.428238 1.364199
v -1.066810 1.569914 1.367752
v -1.073753 1.392754 1.449617
v -1.142126 1.519327 1.459798
v -1.150547 1.348331 1.535593
v -1.216710 1.458163 1.550340
v -1.229218 1.294608 1.622149
v -1.290605 1.386784 1.639357
v -1.309652 1.231251 1.709235
v -1.363922 1.305522 1.726897
v -1.391681 1.157972 1.796750
v -1.436833 1.214666 1.813061
v -1.475422 1.074138 1.884904
v -1.509219 1.114850 1.897642
vn 0.8877 0.2235 0.4025
vn 0.8785 0.2360 0.4154
vn 0.8680 0.2488 0.4298
vn 0.8561 0.2615 0.4459
vn 0.8426 0.2738 0.4637
vn 0.8276 0.2853 0.4834
vn 0.8111 0.2956 0.5048
vn 0.7931 0.3042 0.5277
vn 0.7738 0.3108 0.5519
vn 0.7537 0.3149 0.5769
vn 0.7330 0.3163 0.6022
vn 0.7122 0.3150 0.6273
vn 0.6918 0.3111 0.6517
vn 0.6720 0.3047 0.6749
vn 0.6533 0.2963 0.6967
vn 0.6359 0.2863 0.7166
vn 0.6199 0.2752 0.7348
vn 0.6054 0.2633 0.7511
vn 0.5923 0.2510 0.7656
vn 0.5807 0.2385 0.7784
vt 0.000000 0.000000
vt 1.000000 0.000000
vt 1.000000 0.050000
vt 0.000000 0.050000
vt 1.000000 0.100000
vt 0.000000 0.100000
vt 1.000000 0.150000
vt 0.000000 0.150000
vt 1.000000 0.200000
vt 0.000000 0.200000
vt 1.000000 0.250000
vt 0.000000 0.250000
vt 1.000000 0.300000
vt 0.000000 0.300000
vt 1.000000 0.350000
vt 0.000000 0.350000
vt 1.000000 0.400000
vt 0.000000 0.400000
vt 1.000000 0.450000
vt 0.000000 0.450000
vt 1.000000 0.500000
vt 0.000000 0.500000
vt 1.000000 0.550000
vt 0.000000 0.550000
vt 1.000000 0.600000
vt 0.000000 0.600000
vt 1.000000 0.650000
vt 0.000000 0.650000
vt 1.000000 0.700000
vt 0.000000 0.700000
vt 1.000000 0.750000
vt 0.000000 0.750000
vt 1.000000 0.800000
vt 0.000000 0.800000
vt 1.000000 0.850000
vt 0.000000 0.850000
vt 1.000000 0.900000
vt 0.000000 0.900000
vt 1.000000 0.950000
vt 0.000000 0.950000
vt 1.000000 1.000000
vt 0.000000 1.000000
s 0
usemtl LeafMat
f 1104/1113/569 1105/1114/569 1107/1115/569 1106/1116/569
f 1106/1116/570 1107/1115/570 1109/1117/570 1108/1118/570
f 1108/1118/571 1109/1117/571 1111/1119/571 1110/1120/571
f 1110/1120/572 1111/1119/572 1113/1121/572 1112/1122/572
f 1112/1122/573 1113/1121/573 1115/1123/573 1114/1124/573
f 1114/1124/574 1115/1123/574 1117/1125/574 1116/1126/574
f 1116/1126/575 1117/1125/575 1119/1127/575 1118/1128/575
f 1118/1128/576 1119/1127/576 1121/1129/576 1120/1130/576
f 1120/1130/577 1121/1129/577 1123/1131/577 1122/1132/577
f 1122/1132/578 1123/1131/578 1125/1133/578 1124/1134/578
f 1124/1134/579 1125/1133/579 1127/1135/579 1126/1136/579
f 1126/1136/580 1127/1135/580 1129/1137/580 1128/1138/580
f 1128/1138/581 1129/1137/581 1131/1139/581 1130/1140/581
f 1130/1140/582 1131/1139/582 1133/1141/582 1132/1142/582
f 1132/1142/583 1133/1141/583 1135/1143/583 1134/1144/583
f 1134/1144/584 1135/1143/584 1137/1145/584 1136/1146/584
f 1136/1146/585 1137/1145/585 1139/1147/585 1138/1148/585
f 1138/1148/586 1139/1147/586 1141/1149/586 1140/1150/586
f 1140/1150/587 1141/1149/587 1143/1151/587 1142/1152/587
f 1142/1152/588 1143/1151/588 1145/1153/588 1144/1154/588
o Leaf_024
v -0.053171 1.080394 -0.064918
v -0.048395 1.140255 -0.042194
v -0.137684 1.116156 -0.174428
v -0.132544 1.198599 -0.145137
v -0.221040 1.143562 -0.282115
v -0.218157 1.249148 -0.249652
v -0.303710 1.163276 -0.388495
v -0.304761 1.291237 -0.355226
v -0.385734 1.175689 -0.493553
v -0.392316 1.324476 -0.461871
v -0.467210 1.181180 -0.597349
v -0.480724 1.348486 -0.569529
v -0.548290 1.180088 -0.700016
v -0.569835 1.362927 -0.678066
v -0.629171 1.172695 -0.801751
v -0.659450 1.367517 -0.787286
v -0.710084 1.159209 -0.902799
v -0.749339 1.362050 -0.896944
v -0.791277 1.139750 -1.003436
v -0.839252 1.346403 -1.006763
v -0.873002 1.114347 -1.103950
v -0.928940 1.320549 -1.116456
v -0.955493 1.082942 -1.204618
v -1.018167 1.284546 -1.225745
v -1.038951 1.045396 -1.305688
v -1.106733 1.238533 -1.334383
v -1.123537 1.001501 -1.407370
v -1.194475 1.182718 -1.442158
v -1.209361 0.951000 -1.509820
v -1.281286 1.117356 -1.548918
v -1.296474 0.893603 -1.613136
v -1.367113 1.042740 -1.654560
v -1.384875 0.828999 -1.717363
v -1.451958 0.959179 -1.759044
v -1.474510 0.756874 -1.822485
v -1.535874 0.866988 -1.862381
v -1.565277 0.676924 -1.928442
v -1.618963 0.766469 -1.964634
v -1.657033 0.588862 -2.035127
v -1.701369 0.657912 -2.065910
v -1.749889 0.492074 -2.142737
v -1.782981 0.541930 -2.166012
vn 0.8059 0.1529 -0.5720
vn 0.7999 0.1562 -0.5795
vn 0.7935 0.1591 -0.5874
vn 0.7869 0.1615 -0.5955
vn 0.7801 0.1633 -0.6040
vn 0.7731 0.1645 -0.6126
vn 0.7660 0.1650 -0.6213
vn 0.7589 0.1649 -0.6300
vn 0.7518 0.1641 -0.6386
vn 0.7449 0.1627 -0.6471
vn 0.7381 0.1606 -0.6553
vn 0.7316 0.1581 -0.6631
vn 0.7254 0.1551 -0.6706
vn 0.7195 0.1517 -0.6777
vn 0.7140 0.1480 -0.6844
vn 0.7088 0.1440 -0.6906
vn 0.7040 0.1399 -0.6963
vn 0.6995 0.1357 -0.7017
vn 0.6953 0.1314 -0.7066
vn 0.6916 0.1271 -0.7110
vt 0.000000 0.000000
vt 0.000000 0.050000
vt 1.000000 0.050000
vt 1.000000 0.000000
vt 0.000000 0.100000
vt 1.000000 0.100000
vt 0.000000 0.150000
vt 1.000000 0.150000
vt 0.000000 0.200000
vt 1.000000 0.200000
vt 0.000000 0.250000
vt 1.000000 0.250000
vt 0.000000 0.300000
vt 1.000000 0.300000
vt 0.000000 0.350000
vt 1.000000 0.350000
vt 0.000000 0.400000
vt 1.000000 0.400000
vt 0.000000 0.450000
vt 1.000000 0.450000
vt 0.000000 0.500000
vt 1.000000 0.500000
vt 0.000000 0.550000
vt 1.000000 0.550000
vt 0.000000 0.600000
vt 1.000000 0.600000
vt 0.000000 0.650000
vt 1.000000 0.650000
vt 0.000000 0.700000
vt 1.000000 0.700000
vt 0.000000 0.750000
vt 1.000000 0.750000
vt 0.000000 0.800000
vt 1.000000 0.800000
vt 0.000000 0.850000
vt 1.000000 0.850000
vt 0.000000 0.900000
vt 1.000000 0.900000
vt 0.000000 0.950000
vt 1.000000 0.950000
vt 0.000000 1.000000
vt 1.000000 1.000000
s 0
usemtl LeafMat
f 1146/1155/589 1148/1156/589 1149/1157/589 1147/1158/589
f 1148/1156/590 1150/1159/590 1151/1160/590 1149/1157/590
f 1150/1159/591 1152/1161/591 1153/1162/591 1151/1160/591
f 1152/1161/592 1154/1163/592 1155/1164/592 1153/1162/592
f 1154/1163/593 1156/1165/593 1157/1166/593 1155/1164/593
f 1156/1165/594 1158/1167/594 1159/1168/594 1157/1166/594
f 1158/1167/595 1160/1169/595 1161/1170/595 1159/1168/595
f 1160/1169/596 1162/1171/596 1163/1172/596 1161/1170/596
f 1162/1171/597 1164/1173/597 1165/1174/597 1163/1172/597
f 1164/1173/598 1166/1175/598 1167/1176/598 1165/1174/598
f 1166/1175/599 1168/1177/599 1169/1178/599 1167/1176/599
f 1168/1177/600 1170/1179/600 1171/1180/600 1169/1178/600
f 1170/1179/601 1172/1181/601 1173/1182/601 1171/1180/601
f 1172/1181/602 1174/1183/602 1175/1184/602 1173/1182/602
f 1174/1183/603 1176/1185/603 1177/1186/603 1175/1184/603
f 1176/1185/604 1178/1187/604 1179/1188/604 1177/1186/604
f 1178/1187/605 1180/1189/605 1181/1190/605 1179/1188/605
f 1180/1189/606 1182/1191/606 1183/1192/606 1181/1190/606
f 1182/1191/607 1184/1193/607 1185/1194/607 1183/1192/607
f 1184/1193/608 1186/1195/608 1187/1196/608 1185/1194/608
o Leaf_025
v 0.146636 1.099509 -0.020000
v 0.104788 1.144995 -0.050909
v 0.252659 1.160785 -0.045205
v 0.197443 1.224169 -0.088007
v 0.356795 1.212525 -0.069257
v 0.292322 1.295560 -0.124881
v 0.459384 1.255497 -0.092485
v 0.389084 1.358397 -0.161203
v 0.560215 1.290075 -0.115023
v 0.487938 1.412307 -0.196839
v 0.659195 1.316676 -0.137026
v 0.588979 1.456872 -0.231633
v 0.756367 1.335737 -0.158675
v 0.692164 1.491656 -0.265404
v 0.851927 1.347670 -0.180171
v 0.797297 1.516247 -0.297953
v 0.946216 1.352826 -0.201726
v 0.904036 1.530295 -0.329066
v 1.039696 1.351446 -0.223556
v 1.011920 1.533556 -0.358527
v 1.132901 1.343639 -0.245857
v 1.120415 1.525924 -0.386141
v 1.226383 1.329363 -0.268792
v 1.228968 1.507439 -0.411744
v 1.320653 1.308445 -0.292474
v 1.337069 1.478276 -0.435225
v 1.416135 1.280601 -0.316954
v 1.444293 1.438717 -0.456531
v 1.513139 1.245479 -0.342221
v 1.550331 1.389115 -0.475673
v 1.611850 1.202700 -0.368201
v 1.654999 1.329849 -0.492726
v 1.712333 1.151883 -0.394767
v 1.758230 1.261299 -0.507817
v 1.814548 1.092680 -0.421745
v 1.860064 1.183815 -0.521119
v 1.918373 1.024778 -0.448926
v 1.960624 1.097707 -0.532842
v 2.023622 0.947918 -0.476077
v 2.060095 1.003237 -0.543218
v 2.130520 0.861449 -0.503035
v 2.158253 0.901056 -0.552411
vn -0.0870 0.5042 0.8592
vn -0.0620 0.5214 0.8511
vn -0.0342 0.5383 0.8420
vn -0.0032 0.5544 0.8322
vn 0.0308 0.5691 0.8217
vn 0.0678 0.5818 0.8105
vn 0.1074 0.5920 0.7988
vn 0.1489 0.5990 0.7868
vn 0.1917 0.6025 0.7748
vn 0.2349 0.6023 0.7629
vn 0.2776 0.5984 0.7516
vn 0.3189 0.5910 0.7409
vn 0.3582 0.5807 0.7311
vn 0.3949 0.5679 0.7222
vn 0.4287 0.5532 0.7142
vn 0.4595 0.5373 0.7072
vn 0.4872 0.5206 0.7012
vn 0.5119 0.5036 0.6959
vn 0.5340 0.4866 0.6914
vn 0.5535 0.4698 0.6877
vt 0.000000 0.000000
vt 0.000000 0.050000
vt 1.000000 0.050000
vt 1.000000 0.000000
vt 0.000000 0.100000
vt 1.000000 0.100000
vt 0.000000 0.150000
vt 1.000000 0.150000
vt 0.000000 0.200000
vt 1.000000 0.200000
vt 0.000000 0.250000
vt 1.000000 0.250000
vt 0.000000 0.300000
vt 1.000000 0.300000
vt 0.000000 0.350000
vt 1.000000 0.350000
vt 0.000000 0.400000
vt 1.000000 0.400000
vt 0.000000 0.450000
vt 1.000000 0.450000
vt 0.000000 0.500000
vt 1.000000 0.500000
vt 0.000000 0.550000
vt 1.000000 0.550000
vt 0.000000 0.600000
vt 1.000000 0.600000
vt 0.000000 0.650000
vt 1.000000 0.650000
vt 0.000000 0.700000
vt 1.000000 0.700000
vt 0.000000 0.750000
vt 1.000000 0.750000
vt 0.000000 0.800000
vt 1.000000 0.800000
vt 0.000000 0.850000
vt 1.000000 0.850000
vt 0.000000 0.900000
vt 1.000000 0.900000
vt 0.000000 0.950000
vt 1.000000 0.950000
vt 0.000000 1.000000
vt 1.000000 1.000000
s 0
usemtl LeafMat
f 1188/1197/609 1190/1198/609 1191/1199/609 1189/1200/609
f 1190/1198/610 1192/1201/610 1193/1202/610 1191/1199/610
f 1192/1201/611 1194/1203/611 1195/1204/611 1193/1202/611
f 1194/1203/612 1196/1205/612 1197/1206/612 1195/1204/612
f 1196/1205/613 1198/1207/613 1199/1208/613 1197/1206/613
f 1198/1207/614 1200/1209/614 1201/1210/614 1199/1208/614
f 1200/1209/615 1202/1211/615 1203/1212/615 1201/1210/615
f 1202/1211/616 1204/1213/616 1205/1214/616 1203/1212/616
f 1204/1213/617 1206/1215/617 1207/1216/617 1205/1214/617
f 1206/1215/618 1208/1217/618 1209/1218/618 1207/1216/618
f 1208/1217/619 1210/1219/619 1211/1220/619 1209/1218/619
f 1210/1219/620 1212/1221/620 1213/1222/620 1211/1220/620
f 1212/1221/621 1214/1223/621 1215/1224/621 1213/1222/621
f 1214/1223/622 1216/1225/622 1217/1226/622 1215/1224/622
f 1216/1225/623 1218/1227/623 1219/1228/623 1217/1226/623
f 1218/1227/624 1220/1229/624 1221/1230/624 1219/1228/624
f 1220/1229/625 1222/1231/625 1223/1232/625 1221/1230/625
f 1222/1231/626 1224/1233/626 1225/1234/626 1223/1232/626
f 1224/1233/627 1226/1235/627 1227/1236/627 1225/1234/627
f 1226/1235/628 1228/1237/628 1229/1238/628 1227/1236/628
o Leaf_026
v 0.071351 1.073642 0.000231
v 0.030815 1.101715 -0.065653
v 0.221311 1.106127 -0.059435
v 0.166561 1.144587 -0.149664
v 0.370244 1.131180 -0.119693
v 0.302701 1.179951 -0.234226
v 0.518196 1.149000 -0.180946
v 0.439191 1.207605 -0.318939
v 0.665032 1.159736 -0.243482
v 0.576164 1.227403 -0.403512
v 0.810648 1.163522 -0.307581
v 0.713725 1.239208 -0.487667
v 0.954974 1.160480 -0.373502
v 0.851943 1.242901 -0.571144
v 1.097972 1.150707 -0.441481
v 0.990857 1.238382 -0.653707
v 1.239636 1.134277 -0.511719
v 1.130473 1.225579 -0.735157
v 1.379986 1.111237 -0.584379
v 1.270770 1.204445 -0.815328
v 1.519070 1.081604 -0.659580
v 1.411701 1.174962 -0.894102
v 1.656956 1.045368 -0.737392
v 1.553197 1.137141 -0.971411
v 1.793730 1.002490 -0.817832
v 1.695174 1.091020 -1.047235
v 1.929490 0.952907 -0.900864
v 1.837532 1.036662 -1.121612
v 2.064344 0.896538 -0.986398
v 1.980164 0.974150 -1.194631
v 2.198405 0.833280 -1.074293
v 2.122956 0.903584 -1.266434
v 2.331790 0.763021 -1.164356
v 2.265792 0.825077 -1.337212
v 2.464617 0.685640 -1.256354
v 2.408554 0.738752 -1.407200
v 2.597000 0.601009 -1.350014
v 2.551126 0.644734 -1.476672
v 2.729053 0.509004 -1.445030
v 2.693398 0.543149 -1.545930
v 2.861002 0.409402 -1.541152
v 2.835140 0.434220 -1.615228
vn -0.0345 0.9116 0.4096
vn 0.0032 0.9207 0.3903
vn 0.0417 0.9279 0.3704
vn 0.0809 0.9333 0.3499
vn 0.1206 0.9366 0.3289
vn 0.1605 0.9379 0.3076
vn 0.2003 0.9370 0.2862
vn 0.2398 0.9340 0.2647
vn 0.2787 0.9290 0.2433
vn 0.3168 0.9221 0.2222
vn 0.3539 0.9133 0.2014
vn 0.3898 0.9029 0.1811
vn 0.4243 0.8910 0.1614
vn 0.4574 0.8778 0.1424
vn 0.4889 0.8635 0.1241
vn 0.5188 0.8482 0.1065
vn 0.5471 0.8322 0.0898
vn 0.5738 0.8157 0.0739
vn 0.5988 0.7987 0.0588
vn 0.6223 0.7815 0.0445
vt 0.000000 0.000000
vt 0.000000 0.050000
vt 1.000000 0.050000
vt 1.000000 0.000000
vt 0.000000 0.100000
vt 1.000000 0.100000
vt 0.000000 0.150000
vt 1.000000 0.150000
vt 0.000000 0.200000
vt 1.000000 0.200000
vt 0.000000 0.250000
vt 1.000000 0.250000
vt 0.000000 0.300000
vt 1.000000 0.300000
vt 0.000000 0.350000
vt 1.000000 0.350000
vt 0.000000 0.400000
vt 1.000000 0.400000
vt 0.000000 0.450000
vt 1.000000 0.450000
vt 0.000000 0.500000
vt 1.000000 0.500000
vt 0.000000 0.550000
vt 1.000000 0.550000
vt 0.000000 0.600000
vt 1.000000 0.600000
vt 0.000000 0.650000
vt 1.000000 0.650000
vt 0.000000 0.700000
vt 1.000000 0.700000
vt 0.000000 0.750000
vt 1.000000 0.750000
vt 0.000000 0.800000
vt 1.000000 0.800000
vt 0.000000 0.850000
vt 1.000000 0.850000
vt 0.000000 0.900000
vt 1.000000 0.900000
vt 0.000000 0.950000
vt 1.000000 0.950000
vt 0.000000 1.000000
vt 1.000000 1.000000
s 0
usemtl LeafMat
f 1230/1239/629 1232/1240/629 1233/1241/629 1231/1242/629
f 1232/1240/630 1234/1243/630 1235/1244/630 1233/1241/630
f 1234/1243/631 1236/1245/631 1237/1246/631 1235/1244/631
f 1236/1245/632 1238/1247/632 1239/1248/632 1237/1246/632
f 1238/1247/633 1240/1249/633 1241/1250/633 1239/1248/633
f 1240/1249/634 1242/1251/634 1243/1252/634 1241/1250/634
f 1242/1251/635 1244/1253/635 1245/1254/635 1243/1252/635
f 1244/1253/636 1246/1255/636 1247/1256/636 1245/1254/636
f 1246/1255/637 1248/1257/637 1249/1258/637 1247/1256/637
f 1248/1257/638 1250/1259/638 1251/1260/638 1249/1258/638
f 1250/1259/639 1252/1261/639 1253/1262/639 1251/1260/639
f 1252/1261/640 1254/1263/640 1255/1264/640 1253/1262/640
f 1254/1263/641 1256/1265/641 1257/1266/641 1255/1264/641
f 1256/1265/642 1258/1267/642 1259/1268/642 1257/1266/642
f 1258/1267/643 1260/1269/643 1261/1270/643 1259/1268/643
f 1260/1269/644 1262/1271/644 1263/1272/644 1261/1270/644
f 1262/1271/645 1264/1273/645 1265/1274/645 1263/1272/645
f 1264/1273/646 1266/1275/646 1267/1276/646 1265/1274/646
f 1266/1275/647 1268/1277/647 1269/1278/647 1267/1276/647
f 1268/1277/648 1270/1279/648 1271/1280/648 1269/1278/648
o Leaf_027
v 0.020285 1.068925 0.086346
v 0.041782 1.125570 0.031309
v 0.062599 1.160417 0.219232
v 0.092734 1.239383 0.146156
v 0.104295 1.239277 0.349817
v 0.144482 1.342882 0.263236
v 0.145677 1.306432 0.478391
v 0.196724 1.435142 0.382261
v 0.186799 1.362313 0.604648
v 0.249402 1.515731 0.503532
v 0.227753 1.407416 0.728404
v 0.302427 1.584154 0.627236
v 0.268671 1.442281 0.849631
v 0.355666 1.639870 0.753401
v 0.309736 1.467449 0.968476
v 0.408935 1.682340 0.881879
v 0.351184 1.483410 1.085276
v 0.462000 1.711071 1.012335
v 0.393293 1.490546 1.200534
v 0.514582 1.725682 1.144263
v 0.436364 1.489081 1.314880
v 0.566381 1.725950 1.277035
v 0.480690 1.479045 1.429000
v 0.617101 1.711845 1.409965
v 0.526531 1.460276 1.543560
v 0.666486 1.683528 1.542387
v 0.574077 1.432447 1.659137
v 0.714343 1.641326 1.673723
v 0.623434 1.395116 1.776173
v 0.760567 1.585682 1.803532
v 0.674616 1.347776 1.894948
v 0.805144 1.517102 1.931533
v 0.727547 1.289915 2.015585
v 0.848151 1.436099 2.057603
v 0.782071 1.221047 2.138070
v 0.889742 1.343158 2.181758
v 0.837970 1.140740 2.262272
v 0.930137 1.238712 2.304125
v 0.894974 1.048628 2.387983
v 0.969604 1.123126 2.424918
v 0.953021 0.943855 2.515500
v 1.008206 0.997256 2.543835
vn -0.9238 0.3816 0.0316
vn -0.9157 0.3984 0.0522
vn -0.9065 0.4153 0.0754
vn -0.8962 0.4319 0.1015
vn -0.8846 0.4478 0.1305
vn -0.8717 0.4622 0.1625
vn -0.8578 0.4747 0.1974
vn -0.8428 0.4845 0.2346
vn -0.8270 0.4911 0.2736
vn -0.8108 0.4942 0.3137
vn -0.7945 0.4935 0.3539
vn -0.7784 0.4892 0.3934
vn -0.7630 0.4814 0.4314
vn -0.7485 0.4707 0.4671
vn -0.7350 0.4578 0.5002
vn -0.7227 0.4431 0.5304
vn -0.7116 0.4273 0.5577
vn -0.7017 0.4110 0.5820
vn -0.6929 0.3944 0.6035
vn -0.6853 0.3779 0.6225
vt 0.000000 0.000000
vt 0.000000 0.050000
vt 1.000000 0.050000
vt 1.000000 0.000000
vt 0.000000 0.100000
vt 1.000000 0.100000
vt 0.000000 0.150000
vt 1.000000 0.150000
vt 0.000000 0.200000
vt 1.000000 0.200000
vt 0.000000 0.250000
vt 1.000000 0.250000
vt 0.000000 0.300000
vt 1.000000 0.300000
vt 0.000000 0.350000
vt 1.000000 0.350000
vt 0.000000 0.400000
vt 1.000000 0.400000
vt 0.000000 0.450000
vt 1.000000 0.450000
vt 0.000000 0.500000
vt 1.000000 0.500000
vt 0.000000 0.550000
vt 1.000000 0.550000
vt 0.000000 0.600000
vt 1.000000 0.600000
vt 0.000000 0.650000
vt 1.000000 0.650000
vt 0.000000 0.700000
vt 1.000000 0.700000
vt 0.000000 0.750000
vt 1.000000 0.750000
vt 0.000000 0.800000
vt 1.000000 0.800000
vt 0.000000 0.850000
vt 1.000000 0.850000
vt 0.000000 0.900000
vt 1.000000 0.900000
vt 0.000000 0.950000
vt 1.000000 0.950000
vt 0.000000 1.000000
vt 1.000000 1.000000
s 0
usemtl LeafMat
f 1272/1281/649 1274/1282/649 1275/1283/649 1273/1284/649
f 1274/1282/650 1276/1285/650 1277/1286/650 1275/1283/650
f 1276/1285/651 1278/1287/651 1279/1288/651 1277/1286/651
f 1278/1287/652 1280/1289/652 1281/1290/652 1279/1288/652
f 1280/1289/653 1282/1291/653 1283/1292/653 1281/1290/653
f 1282/1291/654 1284/1293/654 1285/1294/654 1283/1292/654
f 1284/1293/655 1286/1295/655 1287/1296/655 1285/1294/655
f 1286/1295/656 1288/1297/656 1289/1298/656 1287/1296/656
f 1288/1297/657 1290/1299/657 1291/1300/657 1289/1298/657
f 1290/1299/658 1292/1301/658 1293/1302/658 1291/1300/658
f 1292/1301/659 1294/1303/659 1295/1304/659 1293/1302/659
f 1294/1303/660 1296/1305/660 1297/1306/660 1295/1304/660
f 1296/1305/661 1298/1307/661 1299/1308/661 1297/1306/661
f 1298/1307/662 1300/1309/662 1301/1310/662 1299/1308/662
f 1300/1309/663 1302/1311/663 1303/1312/663 1301/1310/663
f 1302/1311/664 1304/1313/664 1305/1314/664 1303/1312/664
f 1304/1313/665 1306/1315/665 1307/1316/665 1305/1314/665
f 1306/1315/666 1308/1317/666 1309/1318/666 1307/1316/666
f 1308/1317/667 1310/1319/667 1311/1320/667 1309/1318/667
f 1310/1319/668 1312/1321/668 1313/1322/668 1311/1320/668
o Leaf_028
v 0.014155 1.088946 0.101665
v -0.043842 1.091131 0.068740
v 0.008816 1.279575 0.148398
v -0.070373 1.282829 0.103514
v 0.004114 1.460645 0.195080
v -0.095790 1.465465 0.138654
v -0.000210 1.632242 0.241580
v -0.119831 1.638954 0.174293
v -0.004398 1.794363 0.287751
v -0.142256 1.803297 0.210576
v -0.008673 1.947012 0.333460
v -0.162841 1.958491 0.247637
v -0.013233 2.090198 0.378585
v -0.181389 2.104528 0.285597
v -0.018250 2.223934 0.423020
v -0.197727 2.241394 0.324563
v -0.023861 2.348240 0.466677
v -0.211719 2.369069 0.364623
v -0.030168 2.463143 0.509489
v -0.223262 2.487528 0.405843
v -0.037236 2.568676 0.551409
v -0.232292 2.596734 0.448272
v -0.045088 2.664884 0.592410
v -0.238785 2.696645 0.491934
v -0.053709 2.751822 0.632488
v -0.242756 2.787205 0.536836
v -0.063045 2.829565 0.671662
v -0.244260 2.868340 0.582957
v -0.073004 2.898211 0.709975
v -0.243388 2.939950 0.630255
v -0.083460 2.957896 0.747503
v -0.240267 3.001902 0.678653
v -0.094258 3.008808 0.784373
v -0.235051 3.054005 0.728025
v -0.105219 3.051204 0.820803
v -0.227920 3.096004 0.778153
v -0.116144 3.085395 0.857178
v -0.219072 3.127586 0.828651
v -0.126815 3.111667 0.894134
v -0.208725 3.148467 0.878884
v -0.137043 3.130342 0.934334
v -0.197069 3.158324 0.926189
vn 0.4878 0.2207 -0.8446
vn 0.4870 0.2299 -0.8426
vn 0.4861 0.2400 -0.8403
vn 0.4852 0.2511 -0.8376
vn 0.4841 0.2634 -0.8344
vn 0.4830 0.2772 -0.8306
vn 0.4817 0.2926 -0.8261
vn 0.4802 0.3100 -0.8206
vn 0.4786 0.3297 -0.8138
vn 0.4767 0.3521 -0.8055
vn 0.4745 0.3779 -0.7950
vn 0.4720 0.4077 -0.7816
vn 0.4692 0.4424 -0.7643
vn 0.4658 0.4828 -0.7416
vn 0.4618 0.5302 -0.7111
vn 0.4572 0.5854 -0.6696
vn 0.4517 0.6487 -0.6125
vn 0.4455 0.7189 -0.5336
vn 0.4390 0.7910 -0.4262
vn 0.4365 0.8533 -0.2853
vt 0.000000 0.000000
vt 1.000000 0.000000
vt 1.000000 0.050000
vt 0.000000 0.050000
vt 1.000000 0.100000
vt 0.000000 0.100000
vt 1.000000 0.150000
vt 0.000000 0.150000
vt 1.000000 0.200000
vt 0.000000 0.200000
vt 1.000000 0.250000
vt 0.000000 0.250000
vt 1.000000 0.300000
vt 0.000000 0.300000
vt 1.000000 0.350000
vt 0.000000 0.350000
vt 1.000000 0.400000
vt 0.000000 0.400000
vt 1.000000 0.450000
vt 0.000000 0.450000
vt 1.000000 0.500000
vt 0.000000 0.500000
vt 1.000000 0.550000
vt 0.000000 0.550000
vt 1.000000 0.600000
vt 0.000000 0.600000
vt 1.000000 0.650000
vt 0.000000 0.650000
vt 1.000000 0.700000
vt 0.000000 0.700000
vt 1.000000 0.750000
vt 0.000000 0.750000
vt 1.000000 0.800000
vt 0.000000 0.800000
vt 1.000000 0.850000
vt 0.000000 0.850000
vt 1.000000 0.900000
vt 0.000000 0.900000
vt 1.000000 0.950000
vt 0.000000 0.950000
vt 1.000000 1.000000
vt 0.000000 1.000000
s 0
usemtl LeafMat
f 1314/1323/669 1315/1324/669 1317/1325/669 1316/1326/669
f 1316/1326/670 1317/1325/670 1319/1327/670 1318/1328/670
f 1318/1328/671 1319/1327/671 1321/1329/671 1320/1330/671
f 1320/1330/672 1321/1329/672 1323/1331/672 1322/1332/672
f 1322/1332/673 1323/1331/673 1325/1333/673 1324/1334/673
f 1324/1334/674 1325/1333/674 1327/1335/674 1326/1336/674
f 1326/1336/675 1327/1335/675 1329/1337/675 1328/1338/675
f 1328/1338/676 1329/1337/676 1331/1339/676 1330/1340/676
f 1330/1340/677 1331/1339/677 1333/1341/677 1332/1342/677
f 1332/1342/678 1333/1341/678 1335/1343/678 1334/1344/678
f 1334/1344/679 1335/1343/679 1337/1345/679 1336/1346/679
f 1336/1346/680 1337/1345/680 1339/1347/680 1338/1348/680
f 1338/1348/681 1339/1347/681 1341/1349/681 1340/1350/681
f 1340/1350/682 1341/1349/682 1343/1351/682 1342/1352/682
f 1342/1352/683 1343/1351/683 1345/1353/683 1344/1354/683
f 1344/1354/684 1345/1353/684 1347/1355/684 1346/1356/684
f 1346/1356/685 1347/1355/685 1349/1357/685 1348/1358/685
f 1348/1358/686 1349/1357/686 1351/1359/686 1350/1360/686
f 1350/1360/687 1351/1359/687 1353/1361/687 1352/1362/687
f 1352/1362/688 1353/1361/688 1355/1363/688 1354/1364/688
o Leaf_029
v 0.008148 1.078155 -0.088191
v 0.010122 1.093359 -0.019299
v 0.021344 1.238901 -0.137240
v 0.024090 1.260268 -0.043341
v 0.034244 1.389805 -0.185913
v 0.037851 1.418382 -0.067910
v 0.046867 1.531093 -0.233928
v 0.051385 1.567477 -0.093287
v 0.059215 1.662787 -0.280975
v 0.064693 1.707529 -0.119784
v 0.071285 1.784916 -0.326758
v 0.077775 1.838510 -0.147695
v 0.083077 1.897510 -0.371008
v 0.090635 1.960389 -0.177291
v 0.094582 2.000602 -0.413479
v 0.103277 2.073134 -0.208816
v 0.105792 2.094229 -0.453954
v 0.115712 2.176710 -0.242489
v 0.116692 2.178431 -0.492243
v 0.127954 2.271073 -0.278498
v 0.127260 2.253262 -0.528181
v 0.140027 2.356172 -0.317010
v 0.137463 2.318796 -0.561615
v 0.151962 2.431930 -0.358176
v 0.147258 2.375159 -0.592403
v 0.163802 2.498224 -0.402139
v 0.156590 2.422571 -0.620409
v 0.175602 2.554832 -0.449035
v 0.165402 2.461446 -0.645532
v 0.187420 2.601342 -0.498965
v 0.173673 2.492526 -0.667831
v 0.199276 2.637011 -0.551871
v 0.181508 2.516993 -0.687845
v 0.211066 2.660656 -0.607213
v 0.189288 2.536260 -0.707127
v 0.222408 2.670864 -0.663436
v 0.197733 2.551051 -0.728485
v 0.232583 2.666913 -0.717735
v 0.207588 2.560282 -0.754963
v 0.240845 2.649886 -0.767066
v 0.219942 2.560091 -0.790970
v 0.246105 2.623645 -0.807019
vn -0.9963 0.0848 0.0098
vn -0.9961 0.0881 0.0091
vn -0.9957 0.0918 0.0082
vn -0.9954 0.0959 0.0072
vn -0.9949 0.1006 0.0059
vn -0.9944 0.1059 0.0044
vn -0.9937 0.1120 0.0025
vn -0.9929 0.1191 0.0001
vn -0.9919 0.1273 -0.0030
vn -0.9906 0.1370 -0.0070
vn -0.9888 0.1484 -0.0123
vn -0.9866 0.1621 -0.0195
vn -0.9835 0.1786 -0.0294
vn -0.9792 0.1984 -0.0435
vn -0.9730 0.2217 -0.0636
vn -0.9643 0.2479 -0.0928
vn -0.9522 0.2744 -0.1340
vn -0.9367 0.2951 -0.1883
vn -0.9193 0.3031 -0.2509
vn -0.9038 0.2933 -0.3117
vt 0.000000 0.000000
vt 1.000000 0.000000
vt 1.000000 0.050000
vt 0.000000 0.050000
vt 1.000000 0.100000
vt 0.000000 0.100000
vt 1.000000 0.150000
vt 0.000000 0.150000
vt 1.000000 0.200000
vt 0.000000 0.200000
vt 1.000000 0.250000
vt 0.000000 0.250000
vt 1.000000 0.300000
vt 0.000000 0.300000
vt 1.000000 0.350000
vt 0.000000 0.350000
vt 1.000000 0.400000
vt 0.000000 0.400000
vt 1.000000 0.450000
vt 0.000000 0.450000
vt 1.000000 0.500000
vt 0.000000 0.500000
vt 1.000000 0.550000
vt 0.000000 0.550000
vt 1.000000 0.600000
vt 0.000000 0.600000
vt 1.000000 0.650000
vt 0.000000 0.650000
vt 1.000000 0.700000
vt 0.000000 0.700000
vt 1.000000 0.750000
vt 0.000000 0.750000
vt 1.000000 0.800000
vt 0.000000 0.800000
vt 1.000000 0.850000
vt 0.000000 0.850000
vt 1.000000 0.900000
vt 0.000000 0.900000
vt 1.000000 0.950000
vt 0.000000 0.950000
vt 1.000000 1.000000
vt 0.000000 1.000000
s 0
usemtl LeafMat
f 1356/1365/689 1357/1366/689 1359/1367/689 1358/1368/689
f 1358/1368/690 1359/1367/690 1361/1369/690 1360/1370/690
f 1360/1370/691 1361/1369/691 1363/1371/691 1362/1372/691
f 1362/1372/692 1363/1371/692 1365/1373/692 1364/1374/692
f 1364/1374/693 1365/1373/693 1367/1375/693 1366/1376/693
f 1366/1376/694 1367/1375/694 1369/1377/694 1368/1378/694
f 1368/1378/695 1369/1377/695 1371/1379/695 1370/1380/695
f 1370/1380/696 1371/1379/696 1373/1381/696 1372/1382/696
f 1372/1382/697 1373/1381/697 1375/1383/697 1374/1384/697
f 1374/1384/698 1375/1383/698 1377/1385/698 1376/1386/698
f 1376/1386/699 1377/1385/699 1379/1387/699 1378/1388/699
f 1378/1388/700 1379/1387/700 1381/1389/700 1380/1390/700
f 1380/1390/701 1381/1389/701 1383/1391/701 1382/1392/701
f 1382/1392/702 1383/1391/702 1385/1393/702 1384/1394/702
f 1384/1394/703 1385/1393/703 1387/1395/703 1386/1396/703
f 1386/1396/704 1387/1395/704 1389/1397/704 1388/1398/704
f 1388/1398/705 1389/1397/705 1391/1399/705 1390/1400/705
f 1390/1400/706 1391/1399/706 1393/1401/706 1392/1402/706
f 1392/1402/707 1393/1401/707 1395/1403/707 1394/1404/707
f 1394/1404/708 1395/1403/708 1397/1405/708 1396/1406/708
o Leaf_030
v 0.042893 1.106246 -0.149167
v 0.031543 1.148631 -0.112085
v 0.092265 1.215675 -0.275350
v 0.077421 1.275081 -0.226360
v 0.141159 1.310464 -0.399626
v 0.124248 1.389260 -0.342347
v 0.189657 1.391391 -0.522171
v 0.171945 1.490388 -0.459865
v 0.237651 1.458794 -0.642695
v 0.220618 1.578128 -0.579207
v 0.285068 1.513103 -0.761001
v 0.270342 1.652050 -0.700569
v 0.331891 1.554824 -0.877034
v 0.321132 1.711648 -0.824008
v 0.378178 1.584509 -0.990921
v 0.372931 1.756371 -0.949393
v 0.424075 1.602686 -1.103008
v 0.425594 1.785689 -1.076383
v 0.469811 1.609781 -1.213840
v 0.478889 1.799176 -1.204428
v 0.515682 1.606037 -1.324114
v 0.532523 1.796591 -1.332834
v 0.562005 1.591464 -1.434581
v 0.586178 1.777923 -1.460849
v 0.609077 1.565846 -1.545934
v 0.639558 1.743388 -1.587780
v 0.657131 1.528791 -1.658724
v 0.692427 1.693377 -1.713076
v 0.706319 1.479807 -1.773309
v 0.744636 1.628384 -1.836381
v 0.756706 1.418383 -1.889844
v 0.796118 1.548919 -1.957537
v 0.808282 1.344039 -2.008319
v 0.846886 1.455460 -2.076556
v 0.860975 1.256369 -2.128587
v 0.897008 1.348418 -2.193584
v 0.914673 1.155038 -2.250415
v 0.946598 1.228122 -2.308854
v 0.969238 1.039794 -2.373512
v 0.995794 1.094829 -2.422658
v 1.024700 0.909957 -2.497967
v 1.044567 0.949216 -2.534905
vn -0.9418 0.0400 -0.3339
vn -0.9405 0.0432 -0.3372
vn -0.9389 0.0465 -0.3410
vn -0.9371 0.0499 -0.3454
vn -0.9350 0.0532 -0.3505
vn -0.9327 0.0563 -0.3563
vn -0.9300 0.0591 -0.3629
vn -0.9270 0.0613 -0.3700
vn -0.9238 0.0628 -0.3776
vn -0.9205 0.0635 -0.3855
vn -0.9172 0.0633 -0.3933
vn -0.9140 0.0622 -0.4010
vn -0.9109 0.0604 -0.4082
vn -0.9081 0.0579 -0.4148
vn -0.9055 0.0551 -0.4207
vn -0.9033 0.0519 -0.4259
vn -0.9013 0.0487 -0.4305
vn -0.8996 0.0455 -0.4344
vn -0.8981 0.0423 -0.4378
vn -0.8968 0.0393 -0.4406
vt 0.000000 0.000000
vt 1.000000 0.000000
vt 1.000000 0.050000
vt 0.000000 0.050000
vt 1.000000 0.100000
vt 0.000000 0.100000
vt 1.000000 0.150000
vt 0.000000 0.150000
vt 1.000000 0.200000
vt 0.000000 0.200000
vt 1.000000 0.250000
vt 0.000000 0.250000
vt 1.000000 0.300000
vt 0.000000 0.300000
vt 1.000000 0.350000
vt 0.000000 0.350000
vt 1.000000 0.400000
vt 0.000000 0.400000
vt 1.000000 0.450000
vt 0.000000 0.450000
vt 1.000000 0.500000
vt 0.000000 0.500000
vt 1.000000 0.550000
vt 0.000000 0.550000
vt 1.000000 0.600000
vt 0.000000 0.600000
vt 1.000000 0.650000
vt 0.000000 0.650000
vt 1.000000 0.700000
vt 0.000000 0.700000
vt 1.000000 0.750000
vt 0.000000 0.750000
vt 1.000000 0.800000
vt 0.000000 0.800000
vt 1.000000 0.850000
vt 0.000000 0.850000
vt 1.000000 0.900000
vt 0.000000 0.900000
vt 1.000000 0.950000
vt 0.000000 0.950000
vt 1.000000 1.000000
vt 0.000000 1.000000
s 0
usemtl LeafMat
f 1398/1407/709 1399/1408/709 1401/1409/709 1400/1410/709
f 1400/1410/710 1401/1409/710 1403/1411/710 1402/1412/710
f 1402/1412/711 1403/1411/711 1405/1413/711 1404/1414/711
f 1404/1414/712 1405/1413/712 1407/1415/712 1406/1416/712
f 1406/1416/713 1407/1415/713 1409/1417/713 1408/1418/713
f 1408/1418/714 1409/1417/714 1411/1419/714 1410/1420/714
f 1410/1420/715 1411/1419/715 1413/1421/715 1412/1422/715
f 1412/1422/716 1413/1421/716 1415/1423/716 1414/1424/716
f 1414/1424/717 1415/1423/717 1417/1425/717 1416/1426/717
f 1416/1426/718 1417/1425/718 1419/1427/718 1418/1428/718
f 1418/1428/719 1419/1427/719 1421/1429/719 1420/1430/719
f 1420/1430/720 1421/1429/720 1423/1431/720 1422/1432/720
f 1422/1432/721 1423/1431/721 1425/1433/721 1424/1434/721
f 1424/1434/722 1425/1433/722 1427/1435/722 1426/1436/722
f 1426/1436/723 1427/1435/723 1429/1437/723 1428/1438/723
f 1428/1438/724 1429/1437/724 1431/1439/724 1430/1440/724
f 1430/1440/725 1431/1439/725 1433/1441/725 1432/1442/725
f 1432/1442/726 1433/1441/726 1435/1443/726 1434/1444/726
f 1434/1444/727 1435/1443/727 1437/1445/727 1436/1446/727
f 1436/1446/728 1437/1445/728 1439/1447/728 1438/1448/728
o Leaf_031
v 0.033449 1.077708 -0.079833
v 0.047157 1.149448 -0.048769
v 0.108933 1.110806 -0.226539
v 0.128994 1.209478 -0.186549
v 0.183224 1.133960 -0.370887
v 0.212031 1.259957 -0.326684
v 0.256884 1.147927 -0.513625
v 0.295704 1.300128 -0.468426
v 0.330047 1.153176 -0.654755
v 0.379881 1.329522 -0.611773
v 0.402889 1.150145 -0.794381
v 0.464384 1.347701 -0.756620
v 0.475632 1.139216 -0.932701
v 0.548992 1.354282 -0.902769
v 0.548525 1.120693 -1.069994
v 0.633457 1.348961 -1.049942
v 0.621830 1.094786 -1.206596
v 0.717515 1.331531 -1.197804
v 0.695810 1.061597 -1.342871
v 0.800905 1.301887 -1.345988
v 0.770708 1.021124 -1.479193
v 0.883382 1.260031 -1.494123
v 0.846733 0.973267 -1.615912
v 0.964739 1.206066 -1.641858
v 0.924049 0.917838 -1.753335
v 1.044810 1.140176 -1.788884
v 1.002765 0.854582 -1.891716
v 1.123487 1.062618 -1.934950
v 1.082931 0.783194 -2.031238
v 1.200720 0.973698 -2.079871
v 1.164538 0.703336 -2.172014
v 1.276519 0.873752 -2.223534
v 1.247517 0.614656 -2.314087
v 1.350951 0.763133 -2.365898
v 1.331746 0.516802 -2.457432
v 1.424139 0.642192 -2.506987
v 1.417058 0.409437 -2.601964
v 1.496251 0.511269 -2.646885
v 1.503245 0.292242 -2.747548
v 1.567493 0.370680 -2.785726
v 1.590305 0.164517 -2.894420
v 1.637869 0.221125 -2.923278
vn -0.8682 0.3275 -0.3729
vn -0.8591 0.3326 -0.3890
vn -0.8496 0.3369 -0.4058
vn -0.8398 0.3402 -0.4231
vn -0.8298 0.3423 -0.4408
vn -0.8197 0.3431 -0.4586
vn -0.8096 0.3428 -0.4766
vn -0.7995 0.3412 -0.4943
vn -0.7897 0.3385 -0.5117
vn -0.7802 0.3347 -0.5285
vn -0.7710 0.3299 -0.5447
vn -0.7623 0.3242 -0.5601
vn -0.7541 0.3179 -0.5747
vn -0.7464 0.3111 -0.5883
vn -0.7392 0.3038 -0.6011
vn -0.7325 0.2962 -0.6129
vn -0.7263 0.2885 -0.6239
vn -0.7207 0.2806 -0.6340
vn -0.7154 0.2728 -0.6432
vn -0.7107 0.2649 -0.6517
vt 0.000000 0.000000
vt 1.000000 0.000000
vt 1.000000 0.050000
vt 0.000000 0.050000
vt 1.000000 0.100000
vt 0.000000 0.100000
vt 1.000000 0.150000
vt 0.000000 0.150000
vt 1.000000 0.200000
vt 0.000000 0.200000
vt 1.000000 0.250000
vt 0.000000 0.250000
vt 1.000000 0.300000
vt 0.000000 0.300000
vt 1.000000 0.350000
vt 0.000000 0.350000
vt 1.000000 0.400000
vt 0.000000 0.400000
vt 1.000000 0.450000
vt 0.000000 0.450000
vt 1.000000 0.500000
vt 0.000000 0.500000
vt 1.000000 0.550000
vt 0.000000 0.550000
vt 1.000000 0.600000
vt 0.000000 0.600000
vt 1.000000 0.650000
vt 0.000000 0.650000
vt 1.000000 0.700000
vt 0.000000 0.700000
vt 1.000000 0.750000
vt 0.000000 0.750000
vt 1.000000 0.800000
vt 0.000000 0.800000
vt 1.000000 0.850000
vt 0.000000 0.850000
vt 1.000000 0.900000
vt 0.000000 0.900000
vt 1.000000 0.950000
vt 0.000000 0.950000
vt 1.000000 1.000000
vt 0.000000 1.000000
s 0
usemtl LeafMat
f 1440/1449/729 1441/1450/729 1443/1451/729 1442/1452/729
f 1442/1452/730 1443/1451/730 1445/1453/730 1444/1454/730
f 1444/1454/731 1445/1453/731 1447/1455/731 1446/1456/731
f 1446/1456/732 1447/1455/732 1449/1457/732 1448/1458/732
f 1448/1458/733 1449/1457/733 1451/1459/733 1450/1460/733
f 1450/1460/734 1451/1459/734 1453/1461/734 1452/1462/734
f 1452/1462/735 1453/1461/735 1455/1463/735 1454/1464/735
f 1454/1464/736 1455/1463/736 1457/1465/736 1456/1466/736
f 1456/1466/737 1457/1465/737 1459/1467/737 1458/1468/737
f 1458/1468/738 1459/1467/738 1461/1469/738 1460/1470/738
f 1460/1470/739 1461/1469/739 1463/1471/739 1462/1472/739
f 1462/1472/740 1463/1471/740 1465/1473/740 1464/1474/740
f 1464/1474/741 1465/1473/741 1467/1475/741 1466/1476/741
f 1466/1476/742 1467/1475/742 1469/1477/742 1468/1478/742
f 1468/1478/743 1469/1477/743 1471/1479/743 1470/1480/743
f 1470/1480/744 1471/1479/744 1473/1481/744 1472/1482/744
f 1472/1482/745 1473/1481/745 1475/1483/745 1474/1484/745
f 1474/1484/746 1475/1483/746 1477/1485/746 1476/1486/746
f 1476/1486/747 1477/1485/747 1479/1487/747 1478/1488/747
f 1478/1488/748 1479/1487/748 1481/1489/748 1480/1490/748
o Leaf_032
v 0.098096 1.083328 0.058937
v 0.026054 1.096931 0.109652
v 0.197642 1.125913 0.160325
v 0.099469 1.144561 0.229764
v 0.296330 1.161029 0.262023
v 0.172977 1.184709 0.350126
v 0.393905 1.188779 0.364331
v 0.246831 1.217276 0.470438
v 0.490076 1.209233 0.467472
v 0.321322 1.242188 0.590478
v 0.584580 1.222459 0.571658
v 0.396712 1.259378 0.710033
v 0.677190 1.228518 0.677088
v 0.473230 1.268787 0.828905
v 0.767718 1.227460 0.783941
v 0.551061 1.270363 0.946913
v 0.856024 1.219323 0.892373
v 0.630349 1.264069 1.063903
v 0.942009 1.204132 1.002508
v 0.711190 1.249879 1.179751
v 1.025626 1.181899 1.114436
v 0.793633 1.227782 1.294365
v 1.106875 1.152618 1.228212
v 0.877676 1.197784 1.407692
v 1.185802 1.116273 1.343846
v 0.963274 1.159900 1.519720
v 1.262501 1.072833 1.461310
v 1.050334 1.114161 1.630479
v 1.337105 1.022259 1.580533
v 1.138721 1.060607 1.740040
v 1.409791 0.964502 1.701404
v 1.228260 0.999287 1.848513
v 1.480766 0.899507 1.823773
v 1.318741 0.930256 1.956048
v 1.550272 0.827215 1.947458
v 1.409926 0.853573 2.062827
v 1.618570 0.747563 2.072247
v 1.501551 0.769299 2.169062
v 1.685944 0.660492 2.197907
v 1.593332 0.677496 2.274987
v 1.752721 0.565896 2.324233
v 1.684945 0.578267 2.380805
vn -0.0594 0.9398 -0.3364
vn -0.0307 0.9536 -0.2994
vn -0.0010 0.9654 -0.2608
vn 0.0295 0.9749 -0.2208
vn 0.0607 0.9819 -0.1796
vn 0.0923 0.9862 -0.1376
vn 0.1241 0.9877 -0.0952
vn 0.1557 0.9864 -0.0526
vn 0.1869 0.9823 -0.0103
vn 0.2175 0.9756 0.0315
vn 0.2471 0.9663 0.0723
vn 0.2758 0.9547 0.1120
vn 0.3031 0.9410 0.1502
vn 0.3292 0.9256 0.1868
vn 0.3538 0.9087 0.2216
vn 0.3769 0.8906 0.2545
vn 0.3985 0.8716 0.2856
vn 0.4186 0.8519 0.3147
vn 0.4373 0.8318 0.3419
vn 0.4547 0.8114 0.3673
vt 0.000000 0.000000
vt 1.000000 0.000000
vt 1.000000 0.050000
vt 0.000000 0.050000
vt 1.000000 0.100000
vt 0.000000 0.100000
vt 1.000000 0.150000
vt 0.000000 0.150000
vt 1.000000 0.200000
vt 0.000000 0.200000
vt 1.000000 0.250000
vt 0.000000 0.250000
vt 1.000000 0.300000
vt 0.000000 0.300000
vt 1.000000 0.350000
vt 0.000000 0.350000
vt 1.000000 0.400000
vt 0.000000 0.400000
vt 1.000000 0.450000
vt 0.000000 0.450000
vt 1.000000 0.500000
vt 0.000000 0.500000
vt 1.000000 0.550000
vt 0.000000 0.550000
vt 1.000000 0.600000
vt 0.000000 0.600000
vt 1.000000 0.650000
vt 0.000000 0.650000
vt 1.000000 0.700000
vt 0.000000 0.700000
vt 1.000000 0.750000
vt 0.000000 0.750000
vt 1.000000 0.800000
vt 0.000000 0.800000
vt 1.000000 0.850000
vt 0.000000 0.850000
vt 1.000000 0.900000
vt 0.000000 0.900000
vt 1.000000 0.950000
vt 0.000000 0.950000
vt 1.000000 1.000000
vt 0.000000 1.000000
s 0
usemtl LeafMat
f 1482/1491/749 1483/1492/749 1485/1493/749 1484/1494/749
f 1484/1494/750 1485/1493/750 1487/1495/750 1486/1496/750
f 1486/1496/751 1487/1495/751 1489/1497/751 1488/1498/751
f 1488/1498/752 1489/1497/752 1491/1499/752 1490/1500/752
f 1490/1500/753 1491/1499/753 1493/1501/753 1492/1502/753
f 1492/1502/754 1493/1501/754 1495/1503/754 1494/1504/754
f 1494/1504/755 1495/1503/755 1497/1505/755 1496/1506/755
f 1496/1506/756 1497/1505/756 1499/1507/756 1498/1508/756
f 1498/1508/757 1499/1507/757 1501/1509/757 1500/1510/757
f 1500/1510/758 1501/1509/758 1503/1511/758 1502/1512/758
f 1502/1512/759 1503/1511/759 1505/1513/759 1504/1514/759
f 1504/1514/760 1505/1513/760 1507/1515/760 1506/1516/760
f 1506/1516/761 1507/1515/761 1509/1517/761 1508/1518/761
f 1508/1518/762 1509/1517/762 1511/1519/762 1510/1520/762
f 1510/1520/763 1511/1519/763 1513/1521/763 1512/1522/763
f 1512/1522/764 1513/1521/764 1515/1523/764 1514/1524/764
f 1514/1524/765 1515/1523/765 1517/1525/765 1516/1526/765
f 1516/1526/766 1517/1525/766 1519/1527/766 1518/1528/766
f 1518/1528/767 1519/1527/767 1521/1529/767 1520/1530/767
f 1520/1530/768 1521/1529/768 1523/1531/768 1522/1532/768
o Leaf_033
v 0.139029 1.114316 -0.057827
v 0.074320 1.132021 -0.098161
v 0.220164 1.237348 -0.106269
v 0.132370 1.262449 -0.161764
v 0.300580 1.346655 -0.154220
v 0.191437 1.380734 -0.225468
v 0.380050 1.442584 -0.201904
v 0.251749 1.486529 -0.289047
v 0.458175 1.525229 -0.249389
v 0.313704 1.579741 -0.352435
v 0.534578 1.594749 -0.296724
v 0.377680 1.660208 -0.415581
v 0.608926 1.651403 -0.343961
v 0.444009 1.727676 -0.478433
v 0.680985 1.695560 -0.391187
v 0.512925 1.781771 -0.540906
v 0.750688 1.727692 -0.438570
v 0.584496 1.822024 -0.602830
v 0.818201 1.748300 -0.486413
v 0.658555 1.847933 -0.663903
v 0.883948 1.757782 -0.535163
v 0.734678 1.859101 -0.723678
v 0.948540 1.756282 -0.585353
v 0.812255 1.855382 -0.781623
v 1.012628 1.743630 -0.637473
v 0.890634 1.836947 -0.837246
v 1.076744 1.719406 -0.691849
v 0.969283 1.804217 -0.890221
v 1.141227 1.683095 -0.748581
v 1.047864 1.757707 -0.940450
v 1.206231 1.634216 -0.807561
v 1.126222 1.697896 -0.988038
v 1.271789 1.572404 -0.868536
v 1.204325 1.625151 -1.033242
v 1.337875 1.497412 -0.931160
v 1.282197 1.539717 -1.076405
v 1.404453 1.409092 -0.995046
v 1.359877 1.441744 -1.117915
v 1.471493 1.307365 -1.059786
v 1.437392 1.331310 -1.158179
v 1.539155 1.191892 -1.125097
v 1.514585 1.208754 -1.197482
vn -0.3395 0.5300 0.7771
vn -0.3182 0.5675 0.7594
vn -0.2918 0.6090 0.7375
vn -0.2592 0.6543 0.7104
vn -0.2185 0.7030 0.6768
vn -0.1680 0.7538 0.6352
vn -0.1061 0.8046 0.5843
vn -0.0315 0.8516 0.5232
vn 0.0555 0.8901 0.4523
vn 0.1526 0.9150 0.3736
vn 0.2551 0.9221 0.2909
vn 0.3570 0.9103 0.2094
vn 0.4524 0.8817 0.1338
vn 0.5370 0.8409 0.0672
vn 0.6092 0.7929 0.0108
vn 0.6691 0.7423 -0.0355
vn 0.7179 0.6923 -0.0729
vn 0.7574 0.6448 -0.1030
vn 0.7893 0.6007 -0.1270
vn 0.8152 0.5604 -0.1462
vt 0.000000 0.000000
vt 0.000000 0.050000
vt 1.000000 0.050000
vt 1.000000 0.000000
vt 0.000000 0.100000
vt 1.000000 0.100000
vt 0.000000 0.150000
vt 1.000000 0.150000
vt 0.000000 0.200000
vt 1.000000 0.200000
vt 0.000000 0.250000
vt 1.000000 0.250000
vt 0.000000 0.300000
vt 1.000000 0.300000
vt 0.000000 0.350000
vt 1.000000 0.350000
vt 0.000000 0.400000
vt 1.000000 0.400000
vt 0.000000 0.450000
vt 1.000000 0.450000
vt 0.000000 0.500000
vt 1.000000 0.500000
vt 0.000000 0.550000
vt 1.000000 0.550000
vt 0.000000 0.600000
vt 1.000000 0.600000
vt 0.000000 0.650000
vt 1.000000 0.650000
vt 0.000000 0.700000
vt 1.000000 0.700000
vt 0.000000 0.750000
vt 1.000000 0.750000
vt 0.000000 0.800000
vt 1.000000 0.800000
vt 0.000000 0.850000
vt 1.000000 0.850000
vt 0.000000 0.900000
vt 1.000000 0.900000
vt 0.000000 0.950000
vt 1.000000 0.950000
vt 0.000000 1.000000
vt 1.000000 1.000000
s 0
usemtl LeafMat
f 1524/1533/769 1526/1534/769 1527/1535/769 1525/1536/769
f 1526/1534/770 1528/1537/770 1529/1538/770 1527/1535/770
f 1528/1537/771 1530/1539/771 1531/1540/771 1529/1538/771
f 1530/1539/772 1532/1541/772 1533/1542/772 1531/1540/772
f 1532/1541/773 1534/1543/773 1535/1544/773 1533/1542/773
f 1534/1543/774 1536/1545/774 1537/1546/774 1535/1544/774
f 1536/1545/775 1538/1547/775 1539/1548/775 1537/1546/775
f 1538/1547/776 1540/1549/776 1541/1550/776 1539/1548/776
f 1540/1549/777 1542/1551/777 1543/1552/777 1541/1550/777
f 1542/1551/778 1544/1553/778 1545/1554/778 1543/1552/778
f 1544/1553/779 1546/1555/779 1547/1556/779 1545/1554/779
f 1546/1555/780 1548/1557/780 1549/1558/780 1547/1556/780
f 1548/1557/781 1550/1559/781 1551/1560/781 1549/1558/781
f 1550/1559/782 1552/1561/782 1553/1562/782 1551/1560/782
f 1552/1561/783 1554/1563/783 1555/1564/783 1553/1562/783
f 1554/1563/784 1556/1565/784 1557/1566/784 1555/1564/784
f 1556/1565/785 1558/1567/785 1559/1568/785 1557/1566/785
f 1558/1567/786 1560/1569/786 1561/1570/786 1559/1568/786
f 1560/1569/787 1562/1571/787 1563/1572/787 1561/1570/787
f 1562/1571/788 1564/1573/788 1565/1574/788 1563/1572/788
o Leaf_034
v -0.069788 1.083106 -0.099430
v 0.002428 1.102026 -0.116082
v -0.128523 1.180559 -0.179323
v -0.030311 1.207157 -0.202726
v -0.186570 1.266417 -0.258580
v -0.063757 1.301896 -0.289997
v -0.243677 1.341036 -0.337396
v -0.098163 1.385888 -0.377697
v -0.299497 1.404560 -0.415756
v -0.133872 1.458986 -0.465844
v -0.353726 1.457188 -0.493666
v -0.171192 1.520993 -0.554430
v -0.406114 1.499170 -0.571181
v -0.210371 1.571658 -0.643401
v -0.456494 1.530797 -0.648429
v -0.251577 1.610690 -0.732629
v -0.504794 1.552364 -0.725636
v -0.294880 1.637796 -0.821888
v -0.551047 1.564122 -0.803130
v -0.340250 1.652722 -0.910850
v -0.595379 1.566220 -0.881315
v -0.387558 1.655322 -0.999111
v -0.637983 1.558665 -0.960613
v -0.436614 1.645586 -1.086249
v -0.679079 1.541328 -1.041392
v -0.487195 1.623646 -1.171896
v -0.718887 1.513972 -1.123907
v -0.539083 1.589736 -1.255795
v -0.757608 1.476316 -1.208276
v -0.592076 1.544139 -1.337832
v -0.795425 1.428078 -1.294478
v -0.645992 1.487136 -1.418025
v -0.832505 1.369015 -1.382382
v -0.700662 1.418972 -1.496506
v -0.869017 1.298929 -1.471775
v -0.755920 1.339842 -1.573487
v -0.905133 1.217675 -1.562394
v -0.811592 1.249893 -1.649233
v -0.941035 1.125151 -1.653943
v -0.867497 1.149227 -1.724038
v -0.977004 1.021042 -1.746284
v -0.923352 1.038158 -1.798042
vn 0.0106 0.6379 0.7701
vn -0.0071 0.6759 0.7369
vn -0.0280 0.7161 0.6975
vn -0.0527 0.7576 0.6506
vn -0.0819 0.7993 0.5953
vn -0.1158 0.8395 0.5309
vn -0.1548 0.8759 0.4569
vn -0.1983 0.9060 0.3740
vn -0.2458 0.9268 0.2839
vn -0.2956 0.9364 0.1892
vn -0.3460 0.9336 0.0935
vn -0.3949 0.9187 0.0007
vn -0.4408 0.8935 -0.0861
vn -0.4823 0.8604 -0.1646
vn -0.5191 0.8221 -0.2338
vn -0.5509 0.7812 -0.2936
vn -0.5780 0.7397 -0.3446
vn -0.6011 0.6989 -0.3876
vn -0.6205 0.6598 -0.4239
vn -0.6369 0.6229 -0.4542
vt 0.000000 0.000000
vt 1.000000 0.000000
vt 1.000000 0.050000
vt 0.000000 0.050000
vt 1.000000 0.100000
vt 0.000000 0.100000
vt 1.000000 0.150000
vt 0.000000 0.150000
vt 1.000000 0.200000
vt 0.000000 0.200000
vt 1.000000 0.250000
vt 0.000000 0.250000
vt 1.000000 0.300000
vt 0.000000 0.300000
vt 1.000000 0.350000
vt 0.000000 0.350000
vt 1.000000 0.400000
vt 0.000000 0.400000
vt 1.000000 0.450000
vt 0.000000 0.450000
vt 1.000000 0.500000
vt 0.000000 0.500000
vt 1.000000 0.550000
vt 0.000000 0.550000
vt 1.000000 0.600000
vt 0.000000 0.600000
vt 1.000000 0.650000
vt 0.000000 0.650000
vt 1.000000 0.700000
vt 0.000000 0.700000
vt 1.000000 0.750000
vt 0.000000 0.750000
vt 1.000000 0.800000
vt 0.000000 0.800000
vt 1.000000 0.850000
vt 0.000000 0.850000
vt 1.000000 0.900000
vt 0.000000 0.900000
vt 1.000000 0.950000
vt 0.000000 0.950000
vt 1.000000 1.000000
vt 0.000000 1.000000
s 0
usemtl LeafMat
f 1566/1575/789 1567/1576/789 1569/1577/789 1568/1578/789
f 1568/1578/790 1569/1577/790 1571/1579/790 1570/1580/790
f 1570/1580/791 1571/1579/791 1573/1581/791 1572/1582/791
f 1572/1582/792 1573/1581/792 1575/1583/792 1574/1584/792
f 1574/1584/793 1575/1583/793 1577/1585/793 1576/1586/793
f 1576/1586/794 1577/1585/794 1579/1587/794 1578/1588/794
f 1578/1588/795 1579/1587/795 1581/1589/795 1580/1590/795
f 1580/1590/796 1581/1589/796 1583/1591/796 1582/1592/796
f 1582/1592/797 1583/1591/797 1585/1593/797 1584/1594/797
f 1584/1594/798 1585/1593/798 1587/1595/798 1586/1596/798
f 1586/1596/799 1587/1595/799 1589/1597/799 1588/1598/799
f 1588/1598/800 1589/1597/800 1591/1599/800 1590/1600/800
f 1590/1600/801 1591/1599/801 1593/1601/801 1592/1602/801
f 1592/1602/802 1593/1601/802 1595/1603/802 1594/1604/802
f 1594/1604/803 1595/1603/803 1597/1605/803 1596/1606/803
f 1596/1606/804 1597/1605/804 1599/1607/804 1598/1608/804
f 1598/1608/805 1599/1607/805 1601/1609/805 1600/1610/805
f 1600/1610/806 1601/1609/806 1603/1611/806 1602/1612/806
f 1602/1612/807 1603/1611/807 1605/1613/807 1604/1614/807
f 1604/1614/808 1605/1613/808 1607/1615/808 1606/1616/808
o Leaf_035
v 0.060436 1.062252 0.014643
v 0.018104 1.120505 0.052893
v 0.193974 1.098048 0.076207
v 0.137649 1.178073 0.129230
v 0.325575 1.126441 0.137846
v 0.258305 1.228462 0.206833
v 0.455589 1.147952 0.200024
v 0.379723 1.271147 0.285241
v 0.583914 1.162917 0.262931
v 0.502007 1.305797 0.364260
v 0.710510 1.171652 0.326778
v 0.625196 1.332093 0.443681
v 0.835400 1.174445 0.391787
v 0.749266 1.349748 0.523281
v 0.958668 1.171538 0.458189
v 0.874134 1.358520 0.602831
v 1.080448 1.163115 0.526209
v 0.999666 1.358224 0.682105
v 1.200915 1.149298 0.596060
v 1.125688 1.348739 0.760888
v 1.320270 1.130137 0.667936
v 1.251997 1.330016 0.838989
v 1.438727 1.105611 0.741995
v 1.378379 1.302073 0.916249
v 1.556504 1.075633 0.818353
v 1.504618 1.264999 0.992551
v 1.673804 1.040056 0.897079
v 1.630509 1.218942 1.067827
v 1.790810 0.998681 0.978186
v 1.755870 1.164100 1.142065
v 1.907678 0.951268 1.061630
v 1.880545 1.100711 1.215306
v 2.024529 0.897551 1.147310
v 2.004412 1.029044 1.287652
v 2.141454 0.837247 1.235072
v 2.127382 0.949380 1.359260
v 2.258504 0.770067 1.324709
v 2.249402 0.862009 1.430333
v 2.375702 0.695729 1.415974
v 2.370450 0.767214 1.501122
v 2.493363 0.613695 1.508814
v 2.490211 0.665530 1.571676
vn 0.1805 0.6283 -0.7567
vn 0.2094 0.6385 -0.7406
vn 0.2392 0.6475 -0.7236
vn 0.2700 0.6549 -0.7058
vn 0.3016 0.6608 -0.6873
vn 0.3336 0.6648 -0.6684
vn 0.3659 0.6670 -0.6490
vn 0.3983 0.6673 -0.6293
vn 0.4305 0.6657 -0.6095
vn 0.4622 0.6622 -0.5898
vn 0.4932 0.6569 -0.5703
vn 0.5234 0.6499 -0.5511
vn 0.5524 0.6414 -0.5323
vn 0.5803 0.6316 -0.5142
vn 0.6068 0.6205 -0.4967
vn 0.6320 0.6085 -0.4799
vn 0.6557 0.5957 -0.4639
vn 0.6780 0.5822 -0.4487
vn 0.6989 0.5683 -0.4343
vn 0.7183 0.5540 -0.4208
vt 0.000000 0.000000
vt 1.000000 0.000000
vt 1.000000 0.050000
vt 0.000000 0.050000
vt 1.000000 0.100000
vt 0.000000 0.100000
vt 1.000000 0.150000
vt 0.000000 0.150000
vt 1.000000 0.200000
vt 0.000000 0.200000
vt 1.000000 0.250000
vt 0.000000 0.250000
vt 1.000000 0.300000
vt 0.000000 0.300000
vt 1.000000 0.350000
vt 0.000000 0.350000
vt 1.000000 0.400000
vt 0.000000 0.400000
vt 1.000000 0.450000
vt 0.000000 0.450000
vt 1.000000 0.500000
vt 0.000000 0.500000
vt 1.000000 0.550000
vt 0.000000 0.550000
vt 1.000000 0.600000
vt 0.000000 0.600000
vt 1.000000 0.650000
vt 0.000000 0.650000
vt 1.000000 0.700000
vt 0.000000 0.700000
vt 1.000000 0.750000
vt 0.000000 0.750000
vt 1.000000 0.800000
vt 0.000000 0.800000
vt 1.000000 0.850000
vt 0.000000 0.850000
vt 1.000000 0.900000
vt 0.000000 0.900000
vt 1.000000 0.950000
vt 0.000000 0.950000
vt 1.000000 1.000000
vt 0.000000 1.000000
s 0
usemtl LeafMat
f 1608/1617/809 1609/1618/809 1611/1619/809 1610/1620/809
f 1610/1620/810 1611/1619/810 1613/1621/810 1612/1622/810
f 1612/1622/811 1613/1621/811 1615/1623/811 1614/1624/811
f 1614/1624/812 1615/1623/812 1617/1625/812 1616/1626/812
f 1616/1626/813 1617/1625/813 1619/1627/813 1618/1628/813
f 1618/1628/814 1619/1627/814 1621/1629/814 1620/1630/814
f 1620/1630/815 1621/1629/815 1623/1631/815 1622/1632/815
f 1622/1632/816 1623/1631/816 1625/1633/816 1624/1634/816
f 1624/1634/817 1625/1633/817 1627/1635/817 1626/1636/817
f 1626/1636/818 1627/1635/818 1629/1637/818 1628/1638/818
f 1628/1638/819 1629/1637/819 1631/1639/819 1630/1640/819
f 1630/1640/820 1631/1639/820 1633/1641/820 1632/1642/820
f 1632/1642/821 1633/1641/821 1635/1643/821 1634/1644/821
f 1634/1644/822 1635/1643/822 1637/1645/822 1636/1646/822
f 1636/1646/823 1637/1645/823 1639/1647/823 1638/1648/823
f 1638/1648/824 1639/1647/824 1641/1649/824 1640/1650/824
f 1640/1650/825 1641/1649/825 1643/1651/825 1642/1652/825
f 1642/1652/826 1643/1651/826 1645/1653/826 1644/1654/826
f 1644/1654/827 1645/1653/827 1647/1655/827 1646/1656/827
f 1646/1656/828 1647/1655/828 1649/1657/828 1648/1658/828
o Leaf_036
v 0.102332 1.086900 -0.001292
v 0.045857 1.107230 -0.004104
v 0.191439 1.300017 -0.015788
v 0.114527 1.328251 -0.019661
v 0.280113 1.504439 -0.030300
v 0.183616 1.541293 -0.035276
v 0.368154 1.700411 -0.044849
v 0.253324 1.746114 -0.050927
v 0.455319 1.888018 -0.059445
v 0.323893 1.942626 -0.066605
v 0.541385 2.067354 -0.074099
v 0.395546 2.130738 -0.082299
v 0.626160 2.238517 -0.088819
v 0.468476 2.310350 -0.098001
v 0.709481 2.401608 -0.103614
v 0.542846 2.481362 -0.113702
v 0.791227 2.556732 -0.118493
v 0.618776 2.643669 -0.129393
v 0.871316 2.703994 -0.133464
v 0.696348 2.797166 -0.145066
v 0.949715 2.843498 -0.148534
v 0.775597 2.941746 -0.160713
v 1.026435 2.975349 -0.163711
v 0.856510 3.077309 -0.176328
v 1.101539 3.099646 -0.179002
v 0.939024 3.203753 -0.191903
v 1.175141 3.216480 -0.194414
v 1.023027 3.320987 -0.207430
v 1.247402 3.325938 -0.209956
v 1.108355 3.428926 -0.222901
v 1.318537 3.428091 -0.225637
v 1.194796 3.527497 -0.238307
v 1.388806 3.522998 -0.241470
v 1.282087 3.616641 -0.253636
v 1.458517 3.610694 -0.257466
v 1.369922 3.696324 -0.268875
v 1.528018 3.691186 -0.273645
v 1.457954 3.766540 -0.284005
v 1.597690 3.764439 -0.290024
v 1.545799 3.827321 -0.299009
v 1.668768 3.830961 -0.306803
v 1.632224 3.878160 -0.313687
vn -0.0219 0.0770 0.9968
vn -0.0209 0.0798 0.9966
vn -0.0198 0.0829 0.9964
vn -0.0185 0.0861 0.9961
vn -0.0171 0.0896 0.9958
vn -0.0155 0.0933 0.9955
vn -0.0137 0.0973 0.9952
vn -0.0116 0.1016 0.9948
vn -0.0093 0.1062 0.9943
vn -0.0067 0.1112 0.9938
vn -0.0037 0.1166 0.9932
vn -0.0003 0.1224 0.9925
vn 0.0036 0.1286 0.9917
vn 0.0082 0.1354 0.9908
vn 0.0134 0.1427 0.9897
vn 0.0196 0.1506 0.9884
vn 0.0268 0.1590 0.9869
vn 0.0352 0.1679 0.9852
vn 0.0450 0.1773 0.9831
vn 0.0566 0.1869 0.9807
vt 0.000000 0.000000
vt 0.000000 0.050000
vt 1.000000 0.050000
vt 1.000000 0.000000
vt 0.000000 0.100000
vt 1.000000 0.100000
vt 0.000000 0.150000
vt 1.000000 0.150000
vt 0.000000 0.200000
vt 1.000000 0.200000
vt 0.000000 0.250000
vt 1.000000 0.250000
vt 0.000000 0.300000
vt 1.000000 0.300000
vt 0.000000 0.350000
vt 1.000000 0.350000
vt 0.000000 0.400000
vt 1.000000 0.400000
vt 0.000000 0.450000
vt 1.000000 0.450000
vt 0.000000 0.500000
vt 1.000000 0.500000
vt 0.000000 0.550000
vt 1.000000 0.550000
vt 0.000000 0.600000
vt 1.000000 0.600000
vt 0.000000 0.650000
vt 1.000000 0.650000
vt 0.000000 0.700000
vt 1.000000 0.700000
vt 0.000000 0.750000
vt 1.000000 0.750000
vt 0.000000 0.800000
vt 1.000000 0.800000
vt 0.000000 0.850000
vt 1.000000 0.850000
vt 0.000000 0.900000
vt 1.000000 0.900000
vt 0.000000 0.950000
vt 1.000000 0.950000
vt 0.000000 1.000000
vt 1.000000 1.000000
s 0
usemtl LeafMat
f 1650/1659/829 1652/1660/829 1653/1661/829 1651/1662/829
f 1652/1660/830 1654/1663/830 1655/1664/830 1653/1661/830
f 1654/1663/831 1656/1665/831 1657/1666/831 1655/1664/831
f 1656/1665/832 1658/1667/832 1659/1668/832 1657/1666/832
f 1658/1667/833 1660/1669/833 1661/1670/833 1659/1668/833
f 1660/1669/834 1662/1671/834 1663/1672/834 1661/1670/834
f 1662/1671/835 1664/1673/835 1665/1674/835 1663/1672/835
f 1664/1673/836 1666/1675/836 1667/1676/836 1665/1674/836
f 1666/1675/837 1668/1677/837 1669/1678/837 1667/1676/837
f 1668/1677/838 1670/1679/838 1671/1680/838 1669/1678/838
f 1670/1679/839 1672/1681/839 1673/1682/839 1671/1680/839
f 1672/1681/840 1674/1683/840 1675/1684/840 1673/1682/840
f 1674/1683/841 1676/1685/841 1677/1686/841 1675/1684/841
f 1676/1685/842 1678/1687/842 1679/1688/842 1677/1686/842
f 1678/1687/843 1680/1689/843 1681/1690/843 1679/1688/843
f 1680/1689/844 1682/1691/844 1683/1692/844 1681/1690/844
f 1682/1691/845 1684/1693/845 1685/1694/845 1683/1692/845
f 1684/1693/846 1686/1695/846 1687/1696/846 1685/1694/846
f 1686/1695/847 1688/1697/847 1689/1698/847 1687/1696/847
f 1688/1697/848 1690/1699/848 1691/1700/848 1689/1698/848
o Leaf_037
v -0.049051 1.071569 0.057998
v 0.000688 1.101852 0.056251
v -0.115718 1.168343 0.191805
v -0.048230 1.210383 0.190392
v -0.180843 1.252630 0.324975
v -0.096816 1.307327 0.325838
v -0.244326 1.324865 0.457768
v -0.145171 1.392250 0.462328
v -0.305961 1.385269 0.590156
v -0.193499 1.464929 0.599891
v -0.365578 1.434087 0.722160
v -0.241971 1.525120 0.738506
v -0.423052 1.471570 0.853865
v -0.290713 1.572573 0.878089
v -0.478304 1.497958 0.985422
v -0.339801 1.607046 1.018488
v -0.531305 1.513458 1.117051
v -0.389267 1.628333 1.159483
v -0.582072 1.518219 1.249021
v -0.439092 1.636285 1.300804
v -0.630660 1.512316 1.381636
v -0.489224 1.630829 1.442150
v -0.677151 1.495738 1.515195
v -0.539577 1.611971 1.583219
v -0.721650 1.468399 1.649969
v -0.590049 1.579802 1.723741
v -0.764269 1.430145 1.786172
v -0.640526 1.534473 1.863502
v -0.805130 1.380779 1.923945
v -0.690888 1.476183 2.002361
v -0.844356 1.320079 2.063348
v -0.741010 1.405152 2.140258
v -0.882074 1.247819 2.204366
v -0.790766 1.321607 2.277209
v -0.918415 1.163784 2.346914
v -0.840025 1.225764 2.413298
v -0.953512 1.067778 2.490851
v -0.888654 1.117817 2.548665
v -0.987504 0.959629 2.635994
v -0.936513 0.997939 2.683494
v -1.020597 0.838952 2.782383
v -0.983398 0.866516 2.817746
vn -0.4074 0.6316 -0.6597
vn -0.4226 0.6583 -0.6230
vn -0.4390 0.6846 -0.5819
vn -0.4570 0.7098 -0.5361
vn -0.4764 0.7330 -0.4855
vn -0.4970 0.7534 -0.4305
vn -0.5188 0.7700 -0.3714
vn -0.5412 0.7821 -0.3089
vn -0.5640 0.7888 -0.2443
vn -0.5866 0.7900 -0.1786
vn -0.6086 0.7854 -0.1133
vn -0.6296 0.7754 -0.0496
vn -0.6492 0.7605 0.0113
vn -0.6673 0.7416 0.0686
vn -0.6837 0.7196 0.1216
vn -0.6983 0.6953 0.1700
vn -0.7112 0.6697 0.2138
vn -0.7225 0.6433 0.2532
vn -0.7324 0.6168 0.2882
vn -0.7411 0.5906 0.3193
vt 0.000000 0.000000
vt 0.000000 0.050000
vt 1.000000 0.050000
vt 1.000000 0.000000
vt 0.000000 0.100000
vt 1.000000 0.100000
vt 0.000000 0.150000
vt 1.000000 0.150000
vt 0.000000 0.200000
vt 1.000000 0.200000
vt 0.000000 0.250000
vt 1.000000 0.250000
vt 0.000000 0.300000
vt 1.000000 0.300000
vt 0.000000 0.350000
vt 1.000000 0.350000
vt 0.000000 0.400000
vt 1.000000 0.400000
vt 0.000000 0.450000
vt 1.000000 0.450000
vt 0.000000 0.500000
vt 1.000000 0.500000
vt 0.000000 0.550000
vt 1.000000 0.550000
vt 0.000000 0.600000
vt 1.000000 0.600000
vt 0.000000 0.650000
vt 1.000000 0.650000
vt 0.000000 0.700000
vt 1.000000 0.700000
vt 0.000000 0.750000
vt 1.000000 0.750000
vt 0.000000 0.800000
vt 1.000000 0.800000
vt 0.000000 0.850000
vt 1.000000 0.850000
vt 0.000000 0.900000
vt 1.000000 0.900000
vt 0.000000 0.950000
vt 1.000000 0.950000
vt 0.000000 1.000000
vt 1.000000 1.000000
s 0
usemtl LeafMat
f 1692/1701/849 1694/1702/849 1695/1703/849 1693/1704/849
f 1694/1702/850 1696/1705/850 1697/1706/850 1695/1703/850
f 1696/1705/851 1698/1707/851 1699/1708/851 1697/1706/851
f 1698/1707/852 1700/1709/852 1701/1710/852 1699/1708/852
f 1700/1709/853 1702/1711/853 1703/1712/853 1701/1710/853
f 1702/1711/854 1704/1713/854 1705/1714/854 1703/1712/854
f 1704/1713/855 1706/1715/855 1707/1716/855 1705/1714/855
f 1706/1715/856 1708/1717/856 1709/1718/856 1707/1716/856
f 1708/1717/857 1710/1719/857 1711/1720/857 1709/1718/857
f 1710/1719/858 1712/1721/858 1713/1722/858 1711/1720/858
f 1712/1721/859 1714/1723/859 1715/1724/859 1713/1722/859
f 1714/1723/860 1716/1725/860 1717/1726/860 1715/1724/860
f 1716/1725/861 1718/1727/861 1719/1728/861 1717/1726/861
f 1718/1727/862 1720/1729/862 1721/1730/862 1719/1728/862
f 1720/1729/863 1722/1731/863 1723/1732/863 1721/1730/863
f 1722/1731/864 1724/1733/864 1725/1734/864 1723/1732/864
f 1724/1733/865 1726/1735/865 1727/1736/865 1725/1734/865
f 1726/1735/866 1728/1737/866 1729/1738/866 1727/1736/866
f 1728/1737/867 1730/1739/867 1731/1740/867 1729/1738/867
f 1730/1739/868 1732/1741/868 1733/1742/868 1731/1740/868
o Leaf_038
v 0.090876 1.076023 -0.092730
v 0.036748 1.093131 -0.033571
v 0.117789 1.240857 -0.136510
v 0.043966 1.264824 -0.055878
v 0.144866 1.396648 -0.179558
v 0.051969 1.428495 -0.078229
v 0.171881 1.543636 -0.221641
v 0.060983 1.583901 -0.100858
v 0.198596 1.681865 -0.262498
v 0.071246 1.730999 -0.124025
v 0.224789 1.811384 -0.301888
v 0.082980 1.869741 -0.147973
v 0.250260 1.932246 -0.339591
v 0.096384 2.000072 -0.172920
v 0.274832 2.044509 -0.375417
v 0.111636 2.121936 -0.199056
v 0.298357 2.148237 -0.409209
v 0.128884 2.235268 -0.226540
v 0.320715 2.243498 -0.440842
v 0.148247 2.340000 -0.255494
v 0.341819 2.330369 -0.470230
v 0.169814 2.436056 -0.286007
v 0.361609 2.408939 -0.497322
v 0.193642 2.523347 -0.318130
v 0.380057 2.479316 -0.522100
v 0.219762 2.601763 -0.351878
v 0.397159 2.541642 -0.544584
v 0.248177 2.671162 -0.387232
v 0.412942 2.596126 -0.564834
v 0.278859 2.731339 -0.424134
v 0.427468 2.643074 -0.582961
v 0.311747 2.781985 -0.462472
v 0.440882 2.682971 -0.599174
v 0.346696 2.822613 -0.502035
v 0.453502 2.716546 -0.613888
v 0.383387 2.852498 -0.542411
v 0.466032 2.744754 -0.627916
v 0.421117 2.870682 -0.582786
v 0.479808 2.768448 -0.642681
v 0.458551 2.876314 -0.621736
v 0.500056 2.788062 -0.663355
v 0.490460 2.868960 -0.654090
vn 0.7446 0.0551 0.6653
vn 0.7445 0.0545 0.6654
vn 0.7444 0.0537 0.6656
vn 0.7443 0.0529 0.6657
vn 0.7442 0.0520 0.6659
vn 0.7440 0.0510 0.6662
vn 0.7439 0.0499 0.6665
vn 0.7436 0.0486 0.6668
vn 0.7434 0.0471 0.6672
vn 0.7430 0.0453 0.6677
vn 0.7425 0.0433 0.6684
vn 0.7419 0.0410 0.6692
vn 0.7411 0.0382 0.6703
vn 0.7400 0.0349 0.6717
vn 0.7384 0.0310 0.6737
vn 0.7361 0.0263 0.6763
vn 0.7329 0.0209 0.6800
vn 0.7282 0.0147 0.6853
vn 0.7214 0.0085 0.6924
vn 0.7124 0.0041 0.7017
vt 0.000000 0.000000
vt 0.000000 0.050000
vt 1.000000 0.050000
vt 1.000000 0.000000
vt 0.000000 0.100000
vt 1.000000 0.100000
vt 0.000000 0.150000
vt 1.000000 0.150000
vt 0.000000 0.200000
vt 1.000000 0.200000
vt 0.000000 0.250000
vt 1.000000 0.250000
vt 0.000000 0.300000
vt 1.000000 0.300000
vt 0.000000 0.350000
vt 1.000000 0.350000
vt 0.000000 0.400000
vt 1.000000 0.400000
vt 0.000000 0.450000
vt 1.000000 0.450000
vt 0.000000 0.500000
vt 1.000000 0.500000
vt 0.000000 0.550000
vt 1.000000 0.550000
vt 0.000000 0.600000
vt 1.000000 0.600000
vt 0.000000 0.650000
vt 1.000000 0.650000
vt 0.000000 0.700000
vt 1.000000 0.700000
vt 0.000000 0.750000
vt 1.000000 0.750000
vt 0.000000 0.800000
vt 1.000000 0.800000
vt 0.000000 0.850000
vt 1.000000 0.850000
vt 0.000000 0.900000
vt 1.000000 0.900000
vt 0.000000 0.950000
vt 1.000000 0.950000
vt 0.000000 1.000000
vt 1.000000 1.000000
s 0
usemtl LeafMat
f 1734/1743/869 1736/1744/869 1737/1745/869 1735/1746/869
f 1736/1744/870 1738/1747/870 1739/1748/870 1737/1745/870
f 1738/1747/871 1740/1749/871 1741/1750/871 1739/1748/871
f 1740/1749/872 1742/1751/872 1743/1752/872 1741/1750/872
f 1742/1751/873 1744/1753/873 1745/1754/873 1743/1752/873
f 1744/1753/874 1746/1755/874 1747/1756/874 1745/1754/874
f 1746/1755/875 1748/1757/875 1749/1758/875 1747/1756/875
f 1748/1757/876 1750/1759/876 1751/1760/876 1749/1758/876
f 1750/1759/877 1752/1761/877 1753/1762/877 1751/1760/877
f 1752/1761/878 1754/1763/878 1755/1764/878 1753/1762/878
f 1754/1763/879 1756/1765/879 1757/1766/879 1755/1764/879
f 1756/1765/880 1758/1767/880 1759/1768/880 1757/1766/880
f 1758/1767/881 1760/1769/881 1761/1770/881 1759/1768/881
f 1760/1769/882 1762/1771/882 1763/1772/882 1761/1770/882
f 1762/1771/883 1764/1773/883 1765/1774/883 1763/1772/883
f 1764/1773/884 1766/1775/884 1767/1776/884 1765/1774/884
f 1766/1775/885 1768/1777/885 1769/1778/885 1767/1776/885
f 1768/1777/886 1770/1779/886 1771/1780/886 1769/1778/886
f 1770/1779/887 1772/1781/887 1773/1782/887 1771/1780/887
f 1772/1781/888 1774/1783/888 1775/1784/888 1773/1782/888
o Leaf_039
v 0.086151 1.083856 0.063408
v 0.039630 1.109363 0.103848
v 0.181358 1.122093 0.128732
v 0.118265 1.157101 0.184280
v 0.275582 1.154979 0.194344
v 0.197085 1.199551 0.265288
v 0.368766 1.182718 0.260546
v 0.276143 1.236508 0.346569
v 0.460737 1.205444 0.327520
v 0.355616 1.267836 0.427943
v 0.551348 1.223288 0.395445
v 0.435649 1.293408 0.509228
v 0.640484 1.236366 0.464497
v 0.516358 1.313104 0.590250
v 0.728065 1.244781 0.534844
v 0.597821 1.326822 0.670842
v 0.814045 1.248617 0.606635
v 0.680084 1.334481 0.750852
v 0.898415 1.247930 0.680003
v 0.763159 1.336021 0.830150
v 0.981195 1.242752 0.755054
v 0.847024 1.331412 0.908627
v 1.062437 1.233089 0.831867
v 0.931627 1.320648 0.986206
v 1.142218 1.218917 0.910486
v 1.016891 1.303753 1.062844
v 1.220638 1.200187 0.990918
v 1.102717 1.280775 1.138531
v 1.297813 1.176827 1.073131
v 1.188986 1.251787 1.213301
v 1.373877 1.148746 1.157057
v 1.275569 1.216880 1.287222
v 1.448969 1.115836 1.242586
v 1.362322 1.176162 1.360404
v 1.523240 1.077978 1.329574
v 1.449098 1.129750 1.432990
v 1.596838 1.035048 1.417844
v 1.535745 1.077771 1.505158
v 1.669917 0.986919 1.507191
v 1.622113 1.020351 1.577112
v 1.742733 0.933379 1.597503
v 1.707943 0.957701 1.648965
vn 0.0148 0.8534 -0.5211
vn 0.0435 0.8668 -0.4967
vn 0.0732 0.8791 -0.4711
vn 0.1039 0.8898 -0.4443
vn 0.1355 0.8990 -0.4165
vn 0.1677 0.9064 -0.3878
vn 0.2005 0.9118 -0.3583
vn 0.2336 0.9153 -0.3282
vn 0.2668 0.9166 -0.2977
vn 0.2998 0.9159 -0.2670
vn 0.3325 0.9130 -0.2364
vn 0.3646 0.9081 -0.2059
vn 0.3960 0.9012 -0.1759
vn 0.4265 0.8926 -0.1464
vn 0.4559 0.8822 -0.1177
vn 0.4841 0.8704 -0.0898
vn 0.5110 0.8573 -0.0630
vn 0.5366 0.8430 -0.0372
vn 0.5608 0.8279 -0.0126
vn 0.5836 0.8120 0.0108
vt 0.000000 0.000000
vt 1.000000 0.000000
vt 1.000000 0.050000
vt 0.000000 0.050000
vt 1.000000 0.100000
vt 0.000000 0.100000
vt 1.000000 0.150000
vt 0.000000 0.150000
vt 1.000000 0.200000
vt 0.000000 0.200000
vt 1.000000 0.250000
vt 0.000000 0.250000
vt 1.000000 0.300000
vt 0.000000 0.300000
vt 1.000000 0.350000
vt 0.000000 0.350000
vt 1.000000 0.400000
vt 0.000000 0.400000
vt 1.000000 0.450000
vt 0.000000 0.450000
vt 1.000000 0.500000
vt 0.000000 0.500000
vt 1.000000 0.550000
vt 0.000000 0.550000
vt 1.000000 0.600000
vt 0.000000 0.600000
vt 1.000000 0.650000
vt 0.000000 0.650000
vt 1.000000 0.700000
vt 0.000000 0.700000
vt 1.000000 0.750000
vt 0.000000 0.750000
vt 1.000000 0.800000
vt 0.000000 0.800000
vt 1.000000 0.850000
vt 0.000000 0.850000
vt 1.000000 0.900000
vt 0.000000 0.900000
vt 1.000000 0.950000
vt 0.000000 0.950000
vt 1.000000 1.000000
vt 0.000000 1.000000
s 0
usemtl LeafMat
f 1776/1785/889 1777/1786/889 1779/1787/889 1778/1788/889
f 1778/1788/890 1779/1787/890 1781/1789/890 1780/1790/890
f 1780/1790/891 1781/1789/891 1783/1791/891 1782/1792/891
f 1782/1792/892 1783/1791/892 1785/1793/892 1784/1794/892
f 1784/1794/893 1785/1793/893 1787/1795/893 1786/1796/893
f 1786/1796/894 1787/1795/894 1789/1797/894 1788/1798/894
f 1788/1798/895 1789/1797/895 1791/1799/895 1790/1800/895
f 1790/1800/896 1791/1799/896 1793/1801/896 1792/1802/896
f 1792/1802/897 1793/1801/897 1795/1803/897 1794/1804/897
f 1794/1804/898 1795/1803/898 1797/1805/898 1796/1806/898
f 1796/1806/899 1797/1805/899 1799/1807/899 1798/1808/899
f 1798/1808/900 1799/1807/900 1801/1809/900 1800/1810/900
f 1800/1810/901 1801/1809/901 1803/1811/901 1802/1812/901
f 1802/1812/902 1803/1811/902 1805/1813/902 1804/1814/902
f 1804/1814/903 1805/1813/903 1807/1815/903 1806/1816/903
f 1806/1816/904 1807/1815/904 1809/1817/904 1808/1818/904
f 1808/1818/905 1809/1817/905 1811/1819/905 1810/1820/905
f 1810/1820/906 1811/1819/906 1813/1821/906 1812/1822/906
f 1812/1822/907 1813/1821/907 1815/1823/907 1814/1824/907
f 1814/1824/908 1815/1823/908 1817/1825/908 1816/1826/908
o Leaf_040
v -0.117918 1.070758 0.031708
v -0.102795 1.126595 0.032669
v -0.237276 1.091516 0.069300
v -0.218812 1.168275 0.071325
v -0.354426 1.104343 0.106620
v -0.336753 1.202235 0.111039
v -0.470119 1.109835 0.143935
v -0.455869 1.227879 0.151545
v -0.584424 1.108365 0.181287
v -0.576090 1.244833 0.192801
v -0.697502 1.100275 0.218747
v -0.697255 1.252754 0.234734
v -0.809588 1.085858 0.256413
v -0.819129 1.251351 0.277248
v -0.920980 1.065333 0.294400
v -0.941414 1.240403 0.320226
v -1.032009 1.038841 0.332838
v -1.063780 1.219772 0.363540
v -1.143017 1.006434 0.371858
v -1.185884 1.189403 0.407059
v -1.254331 0.968082 0.411583
v -1.307398 1.149328 0.450658
v -1.366246 0.923682 0.452124
v -1.428030 1.099649 0.494227
v -1.479000 0.873066 0.493570
v -1.547538 1.040533 0.537678
v -1.592775 0.816025 0.535984
v -1.665743 0.972192 0.580947
v -1.707683 0.752313 0.579403
v -1.782532 0.894869 0.623997
v -1.823768 0.681672 0.623835
v -1.897862 0.808824 0.666821
v -1.941011 0.603835 0.669260
v -2.011750 0.714322 0.709437
v -2.059337 0.518542 0.715636
v -2.124273 0.611625 0.751890
v -2.178617 0.425547 0.762896
v -2.235558 0.500978 0.794244
v -2.298685 0.324620 0.810956
v -2.345773 0.382611 0.836584
v -2.419647 0.215236 0.859843
v -2.454811 0.257050 0.878883
vn -0.2843 0.0935 -0.9542
vn -0.2927 0.0957 -0.9514
vn -0.3014 0.0974 -0.9485
vn -0.3104 0.0986 -0.9455
vn -0.3195 0.0992 -0.9424
vn -0.3286 0.0992 -0.9393
vn -0.3376 0.0985 -0.9361
vn -0.3465 0.0973 -0.9330
vn -0.3550 0.0956 -0.9300
vn -0.3632 0.0934 -0.9270
vn -0.3710 0.0907 -0.9242
vn -0.3783 0.0878 -0.9215
vn -0.3851 0.0845 -0.9190
vn -0.3914 0.0811 -0.9166
vn -0.3973 0.0775 -0.9144
vn -0.4026 0.0739 -0.9124
vn -0.4075 0.0702 -0.9105
vn -0.4120 0.0666 -0.9087
vn -0.4161 0.0630 -0.9071
vn -0.4198 0.0594 -0.9057
vt 0.000000 0.000000
vt 0.000000 0.050000
vt 1.000000 0.050000
vt 1.000000 0.000000
vt 0.000000 0.100000
vt 1.000000 0.100000
vt 0.000000 0.150000
vt 1.000000 0.150000
vt 0.000000 0.200000
vt 1.000000 0.200000
vt 0.000000 0.250000
vt 1.000000 0.250000
vt 0.000000 0.300000
vt 1.000000 0.300000
vt 0.000000 0.350000
vt 1.000000 0.350000
vt 0.000000 0.400000
vt 1.000000 0.400000
vt 0.000000 0.450000
vt 1.000000 0.450000
vt 0.000000 0.500000
vt 1.000000 0.500000
vt 0.000000 0.550000
vt 1.000000 0.550000
vt 0.000000 0.600000
vt 1.000000 0.600000
vt 0.000000 0.650000
vt 1.000000 0.650000
vt 0.000000 0.700000
vt 1.000000 0.700000
vt 0.000000 0.750000
vt 1.000000 0.750000
vt 0.000000 0.800000
vt 1.000000 0.800000
vt 0.000000 0.850000
vt 1.000000 0.850000
vt 0.000000 0.900000
vt 1.000000 0.900000
vt 0.000000 0.950000
vt 1.000000 0.950000
vt 0.000000 1.000000
vt 1.000000 1.000000
s 0
usemtl LeafMat
f 1818/1827/909 1820/1828/909 1821/1829/909 1819/1830/909
f 1820/1828/910 1822/1831/910 1823/1832/910 1821/1829/910
f 1822/1831/911 1824/1833/911 1825/1834/911 1823/1832/911
f 1824/1833/912 1826/1835/912 1827/1836/912 1825/1834/912
f 1826/1835/913 1828/1837/913 1829/1838/913 1827/1836/913
f 1828/1837/914 1830/1839/914 1831/1840/914 1829/1838/914
f 1830/1839/915 1832/1841/915 1833/1842/915 1831/1840/915
f 1832/1841/916 1834/1843/916 1835/1844/916 1833/1842/916
f 1834/1843/917 1836/1845/917 1837/1846/917 1835/1844/917
f 1836/1845/918 1838/1847/918 1839/1848/918 1837/1846/918
f 1838/1847/919 1840/1849/919 1841/1850/919 1839/1848/919
f 1840/1849/920 1842/1851/920 1843/1852/920 1841/1850/920
f 1842/1851/921 1844/1853/921 1845/1854/921 1843/1852/921
f 1844/1853/922 1846/1855/922 1847/1856/922 1845/1854/922
f 1846/1855/923 1848/1857/923 1849/1858/923 1847/1856/923
f 1848/1857/924 1850/1859/924 1851/1860/924 1849/1858/924
f 1850/1859/925 1852/1861/925 1853/1862/925 1851/1860/925
f 1852/1861/926 1854/1863/926 1855/1864/926 1853/1862/926
f 1854/1863/927 1856/1865/927 1857/1866/927 1855/1864/927
f 1856/1865/928 1858/1867/928 1859/1868/928 1857/1866/928
o Leaf_041
v 0.070351 1.072438 -0.019756
v 0.021852 1.127292 -0.024258
v 0.189781 1.154348 -0.090479
v 0.125453 1.230733 -0.097846
v 0.307616 1.224454 -0.159205
v 0.231563 1.324441 -0.171782
v 0.424149 1.283645 -0.226313
v 0.339892 1.407526 -0.245686
v 0.539130 1.332345 -0.291814
v 0.450687 1.479565 -0.319550
v 0.652418 1.371030 -0.355776
v 0.564090 1.540082 -0.393303
v 0.764010 1.400200 -0.418341
v 0.680105 1.588577 -0.466806
v 0.874052 1.420340 -0.479719
v 0.798586 1.624563 -0.539846
v 0.982843 1.431877 -0.540193
v 0.919232 1.647616 -0.612143
v 1.090817 1.435130 -0.600091
v 1.041611 1.657416 -0.683366
v 1.198503 1.430270 -0.659768
v 1.165193 1.653791 -0.753162
v 1.306473 1.417305 -0.719566
v 1.289406 1.636734 -0.821188
v 1.415282 1.396077 -0.779782
v 1.413696 1.606403 -0.887147
v 1.525417 1.366290 -0.840642
v 1.537574 1.563093 -0.950815
v 1.637259 1.327548 -0.902278
v 1.660662 1.507201 -1.012057
v 1.751061 1.279401 -0.964728
v 1.782704 1.439176 -1.070837
v 1.866950 1.221388 -1.027939
v 1.903574 1.359481 -1.127207
v 1.984936 1.153067 -1.091778
v 2.023263 1.268556 -1.181301
v 2.104929 1.074037 -1.156048
v 2.141860 1.166803 -1.233314
v 2.226765 0.983954 -1.220505
v 2.259530 1.054566 -1.283492
v 2.350759 0.882011 -1.285135
v 2.375956 0.932650 -1.331849
vn 0.2979 0.3369 0.8932
vn 0.3101 0.3469 0.8851
vn 0.3237 0.3569 0.8763
vn 0.3389 0.3665 0.8665
vn 0.3557 0.3754 0.8559
vn 0.3740 0.3834 0.8445
vn 0.3938 0.3901 0.8323
vn 0.4148 0.3951 0.8197
vn 0.4366 0.3983 0.8067
vn 0.4589 0.3994 0.7936
vn 0.4813 0.3985 0.7807
vn 0.5033 0.3955 0.7683
vn 0.5246 0.3906 0.7565
vn 0.5447 0.3841 0.7455
vn 0.5634 0.3764 0.7354
vn 0.5807 0.3677 0.7263
vn 0.5965 0.3584 0.7182
vn 0.6107 0.3487 0.7109
vn 0.6235 0.3389 0.7046
vn 0.6349 0.3290 0.6991
vt 0.000000 0.000000
vt 0.000000 0.050000
vt 1.000000 0.050000
vt 1.000000 0.000000
vt 0.000000 0.100000
vt 1.000000 0.100000
vt 0.000000 0.150000
vt 1.000000 0.150000
vt 0.000000 0.200000
vt 1.000000 0.200000
vt 0.000000 0.250000
vt 1.000000 0.250000
vt 0.000000 0.300000
vt 1.000000 0.300000
vt 0.000000 0.350000
vt 1.000000 0.350000
vt 0.000000 0.400000
vt 1.000000 0.400000
vt 0.000000 0.450000
vt 1.000000 0.450000
vt 0.000000 0.500000
vt 1.000000 0.500000
vt 0.000000 0.550000
vt 1.000000 0.550000
vt 0.000000 0.600000
vt 1.000000 0.600000
vt 0.000000 0.650000
vt 1.000000 0.650000
vt 0.000000 0.700000
vt 1.000000 0.700000
vt 0.000000 0.750000
vt 1.000000 0.750000
vt 0.000000 0.800000
vt 1.000000 0.800000
vt 0.000000 0.850000
vt 1.000000 0.850000
vt 0.000000 0.900000
vt 1.000000 0.900000
vt 0.000000 0.950000
vt 1.000000 0.950000
vt 0.000000 1.000000
vt 1.000000 1.000000
s 0
usemtl LeafMat
f 1860/1869/929 1862/1870/929 1863/1871/929 1861/1872/929
f 1862/1870/930 1864/1873/930 1865/1874/930 1863/1871/930
f 1864/1873/931 1866/1875/931 1867/1876/931 1865/1874/931
f 1866/1875/932 1868/1877/932 1869/1878/932 1867/1876/932
f 1868/1877/933 1870/1879/933 1871/1880/933 1869/1878/933
f 1870/1879/934 1872/1881/934 1873/1882/934 1871/1880/934
f 1872/1881/935 1874/1883/935 1875/1884/935 1873/1882/935
f 1874/1883/936 1876/1885/936 1877/1886/936 1875/1884/936
f 1876/1885/937 1878/1887/937 1879/1888/937 1877/1886/937
f 1878/1887/938 1880/1889/938 1881/1890/938 1879/1888/938
f 1880/1889/939 1882/1891/939 1883/1892/939 1881/1890/939
f 1882/1891/940 1884/1893/940 1885/1894/940 1883/1892/940
f 1884/1893/941 1886/1895/941 1887/1896/941 1885/1894/941
f 1886/1895/942 1888/1897/942 1889/1898/942 1887/1896/942
f 1888/1897/943 1890/1899/943 1891/1900/943 1889/1898/943
f 1890/1899/944 1892/1901/944 1893/1902/944 1891/1900/944
f 1892/1901/945 1894/1903/945 1895/1904/945 1893/1902/945
f 1894/1903/946 1896/1905/946 1897/1906/946 1895/1904/946
f 1896/1905/947 1898/1907/947 1899/1908/947 1897/1906/947
f 1898/1907/948 1900/1909/948 1901/1910/948 1899/1908/948
o Leaf_042
v 0.010777 1.067269 0.125481
v 0.062575 1.077887 0.054875
v 0.039112 1.272555 0.197252
v 0.109874 1.287357 0.100964
v 0.067710 1.467360 0.268556
v 0.157090 1.486831 0.147399
v 0.096813 1.651821 0.339103
v 0.203984 1.676174 0.194471
v 0.126628 1.825972 0.408590
v 0.250345 1.855349 0.242484
v 0.157350 1.989857 0.476736
v 0.295982 2.024315 0.291717
v 0.189149 2.143519 0.543291
v 0.340723 2.183028 0.342422
v 0.222170 2.287007 0.608040
v 0.384423 2.331437 0.394811
v 0.256532 2.420376 0.670810
v 0.426963 2.469491 0.449060
v 0.292319 2.543682 0.731477
v 0.468259 2.597130 0.505292
v 0.329584 2.656991 0.789962
v 0.508260 2.714291 0.563585
v 0.368345 2.760375 0.846244
v 0.546945 2.820899 0.623961
v 0.408588 2.853917 0.900358
v 0.584329 2.916873 0.686386
v 0.450272 2.937712 0.952398
v 0.620453 3.002118 0.750764
v 0.493334 3.011870 1.002526
v 0.655381 3.076524 0.816934
v 0.537696 3.076512 1.050976
v 0.689190 3.139970 0.884661
v 0.583283 3.131765 1.098067
v 0.721955 3.192328 0.953629
v 0.630036 3.177741 1.144206
v 0.753736 3.233488 1.023427
v 0.677916 3.214493 1.189893
v 0.784570 3.263393 1.093557
v 0.726904 3.241966 1.235691
v 0.814479 3.282102 1.163457
v 0.777584 3.260000 1.283010
v 0.842876 3.289775 1.231715
vn -0.7908 0.2964 -0.5356
vn -0.7882 0.3103 -0.5315
vn -0.7851 0.3254 -0.5269
vn -0.7816 0.3420 -0.5216
vn -0.7775 0.3602 -0.5155
vn -0.7727 0.3801 -0.5083
vn -0.7671 0.4022 -0.4998
vn -0.7603 0.4266 -0.4898
vn -0.7523 0.4537 -0.4778
vn -0.7425 0.4837 -0.4634
vn -0.7305 0.5172 -0.4459
vn -0.7159 0.5543 -0.4246
vn -0.6977 0.5954 -0.3983
vn -0.6751 0.6407 -0.3657
vn -0.6469 0.6898 -0.3252
vn -0.6116 0.7419 -0.2750
vn -0.5678 0.7951 -0.2130
vn -0.5143 0.8465 -0.1377
vn -0.4507 0.8914 -0.0485
vn -0.3790 0.9238 0.0538
vt 0.000000 0.000000
vt 0.000000 0.050000
vt 1.000000 0.050000
vt 1.000000 0.000000
vt 0.000000 0.100000
vt 1.000000 0.100000
vt 0.000000 0.150000
vt 1.000000 0.150000
vt 0.000000 0.200000
vt 1.000000 0.200000
vt 0.000000 0.250000
vt 1.000000 0.250000
vt 0.000000 0.300000
vt 1.000000 0.300000
vt 0.000000 0.350000
vt 1.000000 0.350000
vt 0.000000 0.400000
vt 1.000000 0.400000
vt 0.000000 0.450000
vt 1.000000 0.450000
vt 0.000000 0.500000
vt 1.000000 0.500000
vt 0.000000 0.550000
vt 1.000000 0.550000
vt 0.000000 0.600000
vt 1.000000 0.600000
vt 0.000000 0.650000
vt 1.000000 0.650000
vt 0.000000 0.700000
vt 1.000000 0.700000
vt 0.000000 0.750000
vt 1.000000 0.750000
vt 0.000000 0.800000
vt 1.000000 0.800000
vt 0.000000 0.850000
vt 1.000000 0.850000
vt 0.000000 0.900000
vt 1.000000 0.900000
vt 0.000000 0.950000
vt 1.000000 0.950000
vt 0.000000 1.000000
vt 1.000000 1.000000
s 0
usemtl LeafMat
f 1902/1911/949 1904/1912/949 1905/1913/949 1903/1914/949
f 1904/1912/950 1906/1915/950 1907/1916/950 1905/1913/950
f 1906/1915/951 1908/1917/951 1909/1918/951 1907/1916/951
f 1908/1917/952 1910/1919/952 1911/1920/952 1909/1918/952
f 1910/1919/953 1912/1921/953 1913/1922/953 1911/1920/953
f 1912/1921/954 1914/1923/954 1915/1924/954 1913/1922/954
f 1914/1923/955 1916/1925/955 1917/1926/955 1915/1924/955
f 1916/1925/956 1918/1927/956 1919/1928/956 1917/1926/956
f 1918/1927/957 1920/1929/957 1921/1930/957 1919/1928/957
f 1920/1929/958 1922/1931/958 1923/1932/958 1921/1930/958
f 1922/1931/959 1924/1933/959 1925/1934/959 1923/1932/959
f 1924/1933/960 1926/1935/960 1927/1936/960 1925/1934/960
f 1926/1935/961 1928/1937/961 1929/1938/961 1927/1936/961
f 1928/1937/962 1930/1939/962 1931/1940/962 1929/1938/962
f 1930/1939/963 1932/1941/963 1933/1942/963 1931/1940/963
f 1932/1941/964 1934/1943/964 1935/1944/964 1933/1942/964
f 1934/1943/965 1936/1945/965 1937/1946/965 1935/1944/965
f 1936/1945/966 1938/1947/966 1939/1948/966 1937/1946/966
f 1938/1947/967 1940/1949/967 1941/1950/967 1939/1948/967
f 1940/1949/968 1942/1951/968 1943/1952/968 1941/1950/968
o Leaf_043
v 0.023532 1.080901 0.147219
v 0.008772 1.148647 0.119897
v 0.048962 1.120819 0.269445
v 0.029523 1.214850 0.235850
v 0.073825 1.148624 0.387964
v 0.051190 1.270609 0.355439
v 0.098272 1.165528 0.503836
v 0.073623 1.314715 0.477601
v 0.122265 1.172212 0.617099
v 0.096859 1.346484 0.602299
v 0.145817 1.169346 0.728039
v 0.120885 1.365246 0.729248
v 0.168992 1.157504 0.837175
v 0.145638 1.370429 0.857927
v 0.191896 1.137091 0.945209
v 0.171010 1.361628 0.987636
v 0.214662 1.108301 1.052935
v 0.196871 1.338646 1.117580
v 0.237429 1.071116 1.161141
v 0.223079 1.301504 1.246971
v 0.260330 1.025333 1.270530
v 0.249503 1.250404 1.375107
v 0.283475 0.970620 1.381658
v 0.276032 1.185679 1.501430
v 0.306952 0.906567 1.494915
v 0.302578 1.107736 1.625552
v 0.330820 0.832742 1.610522
v 0.329083 1.017011 1.747251
v 0.355113 0.748719 1.728548
v 0.355512 0.913927 1.866459
v 0.379847 0.654105 1.848933
v 0.381849 0.798878 1.983234
v 0.405020 0.548548 1.971516
v 0.408097 0.672216 2.097739
v 0.430619 0.431744 2.096053
v 0.434268 0.534245 2.210216
v 0.456620 0.303433 2.222244
v 0.460386 0.385226 2.320967
v 0.482994 0.163396 2.349745
v 0.486481 0.225376 2.430335
v 0.509784 0.010978 2.478532
v 0.512509 0.055351 2.538345
vn 0.9645 0.1143 -0.2379
vn 0.9660 0.1177 -0.2301
vn 0.9677 0.1207 -0.2215
vn 0.9694 0.1231 -0.2123
vn 0.9713 0.1246 -0.2026
vn 0.9732 0.1253 -0.1926
vn 0.9752 0.1250 -0.1827
vn 0.9771 0.1238 -0.1729
vn 0.9790 0.1218 -0.1637
vn 0.9807 0.1190 -0.1551
vn 0.9823 0.1158 -0.1472
vn 0.9837 0.1123 -0.1402
vn 0.9850 0.1085 -0.1339
vn 0.9862 0.1046 -0.1283
vn 0.9872 0.1008 -0.1235
vn 0.9881 0.0970 -0.1193
vn 0.9889 0.0934 -0.1156
vn 0.9896 0.0900 -0.1124
vn 0.9902 0.0867 -0.1096
vn 0.9907 0.0836 -0.1072
vt 0.000000 0.000000
vt 1.000000 0.000000
vt 1.000000 0.050000
vt 0.000000 0.050000
vt 1.000000 0.100000
vt 0.000000 0.100000
vt 1.000000 0.150000
vt 0.000000 0.150000
vt 1.000000 0.200000
vt 0.000000 0.200000
vt 1.000000 0.250000
vt 0.000000 0.250000
vt 1.000000 0.300000
vt 0.000000 0.300000
vt 1.000000 0.350000
vt 0.000000 0.350000
vt 1.000000 0.400000
vt 0.000000 0.400000
vt 1.000000 0.450000
vt 0.000000 0.450000
vt 1.000000 0.500000
vt 0.000000 0.500000
vt 1.000000 0.550000
vt 0.000000 0.550000
vt 1.000000 0.600000
vt 0.000000 0.600000
vt 1.000000 0.650000
vt 0.000000 0.650000
vt 1.000000 0.700000
vt 0.000000 0.700000
vt 1.000000 0.750000
vt 0.000000 0.750000
vt 1.000000 0.800000
vt 0.000000 0.800000
vt 1.000000 0.850000
vt 0.000000 0.850000
vt 1.000000 0.900000
vt 0.000000 0.900000
vt 1.000000 0.950000
vt 0.000000 0.950000
vt 1.000000 1.000000
vt 0.000000 1.000000
s 0
usemtl LeafMat
f 1944/1953/969 1945/1954/969 1947/1955/969 1946/1956/969
f 1946/1956/970 1947/1955/970 1949/1957/970 1948/1958/970
f 1948/1958/971 1949/1957/971 1951/1959/971 1950/1960/971
f 1950/1960/972 1951/1959/972 1953/1961/972 1952/1962/972
f 1952/1962/973 1953/1961/973 1955/1963/973 1954/1964/973
f 1954/1964/974 1955/1963/974 1957/1965/974 1956/1966/974
f 1956/1966/975 1957/1965/975 1959/1967/975 1958/1968/975
f 1958/1968/976 1959/1967/976 1961/1969/976 1960/1970/976
f 1960/1970/977 1961/1969/977 1963/1971/977 1962/1972/977
f 1962/1972/978 1963/1971/978 1965/1973/978 1964/1974/978
f 1964/1974/979 1965/1973/979 1967/1975/979 1966/1976/979
f 1966/1976/980 1967/1975/980 1969/1977/980 1968/1978/980
f 1968/1978/981 1969/1977/981 1971/1979/981 1970/1980/981
f 1970/1980/982 1971/1979/982 1973/1981/982 1972/1982/982
f 1972/1982/983 1973/1981/983 1975/1983/983 1974/1984/983
f 1974/1984/984 1975/1983/984 1977/1985/984 1976/1986/984
f 1976/1986/985 1977/1985/985 1979/1987/985 1978/1988/985
f 1978/1988/986 1979/1987/986 1981/1989/986 1980/1990/986
f 1980/1990/987 1981/1989/987 1983/1991/987 1982/1992/987
f 1982/1992/988 1983/1991/988 1985/1993/988 1984/1994/988
o Leaf_044
v -0.058839 1.063063 -0.115650
v -0.087692 1.090447 -0.073255
v -0.098064 1.135613 -0.203750
v -0.137930 1.173782 -0.146731
v -0.137140 1.199404 -0.290689
v -0.188750 1.249470 -0.221115
v -0.176316 1.254866 -0.376495
v -0.239901 1.317082 -0.296378
v -0.215684 1.302199 -0.460953
v -0.291292 1.376417 -0.372735
v -0.255350 1.341634 -0.543902
v -0.342818 1.427245 -0.450347
v -0.295439 1.373427 -0.625251
v -0.394351 1.469311 -0.529305
v -0.336104 1.397840 -0.704997
v -0.445741 1.502350 -0.609613
v -0.377521 1.415121 -0.783229
v -0.496811 1.526118 -0.691181
v -0.419891 1.425468 -0.860128
v -0.547359 1.540412 -0.773828
v -0.463426 1.429011 -0.935949
v -0.597174 1.545107 -0.857299
v -0.508332 1.425784 -1.010993
v -0.646050 1.540167 -0.941293
v -0.554784 1.415722 -1.085574
v -0.693811 1.525655 -1.025496
v -0.602908 1.398675 -1.159981
v -0.740333 1.501724 -1.109620
v -0.652764 1.374428 -1.234453
v -0.785554 1.468588 -1.193424
v -0.704339 1.342729 -1.309171
v -0.829489 1.426499 -1.276729
v -0.757547 1.303320 -1.384248
v -0.872221 1.375714 -1.359421
v -0.812242 1.255956 -1.459742
v -0.913900 1.316480 -1.441442
v -0.868221 1.200418 -1.535665
v -0.954725 1.249014 -1.522781
v -0.925245 1.136522 -1.611996
v -0.994937 1.173500 -1.603458
v -0.983215 1.063844 -1.688943
v -1.034636 1.090364 -1.683264
vn 0.7852 0.6018 0.1459
vn 0.7682 0.6296 0.1163
vn 0.7487 0.6578 0.0828
vn 0.7264 0.6858 0.0449
vn 0.7013 0.7128 0.0024
vn 0.6732 0.7381 -0.0447
vn 0.6422 0.7604 -0.0964
vn 0.6086 0.7788 -0.1522
vn 0.5727 0.7921 -0.2112
vn 0.5353 0.7996 -0.2723
vn 0.4971 0.8007 -0.3343
vn 0.4592 0.7954 -0.3956
vn 0.4224 0.7841 -0.4548
vn 0.3873 0.7674 -0.5109
vn 0.3546 0.7465 -0.5629
vn 0.3247 0.7225 -0.6104
vn 0.2976 0.6962 -0.6532
vn 0.2733 0.6688 -0.6914
vn 0.2517 0.6410 -0.7251
vn 0.2329 0.6133 -0.7547
vt 0.000000 0.000000
vt 0.000000 0.050000
vt 1.000000 0.050000
vt 1.000000 0.000000
vt 0.000000 0.100000
vt 1.000000 0.100000
vt 0.000000 0.150000
vt 1.000000 0.150000
vt 0.000000 0.200000
vt 1.000000 0.200000
vt 0.000000 0.250000
vt 1.000000 0.250000
vt 0.000000 0.300000
vt 1.000000 0.300000
vt 0.000000 0.350000
vt 1.000000 0.350000
vt 0.000000 0.400000
vt 1.000000 0.400000
vt 0.000000 0.450000
vt 1.000000 0.450000
vt 0.000000 0.500000
vt 1.000000 0.500000
vt 0.000000 0.550000
vt 1.000000 0.550000
vt 0.000000 0.600000
vt 1.000000 0.600000
vt 0.000000 0.650000
vt 1.000000 0.650000
vt 0.000000 0.700000
vt 1.000000 0.700000
vt 0.000000 0.750000
vt 1.000000 0.750000
vt 0.000000 0.800000
vt 1.000000 0.800000
vt 0.000000 0.850000
vt 1.000000 0.850000
vt 0.000000 0.900000
vt 1.000000 0.900000
vt 0.000000 0.950000
vt 1.000000 0.950000
vt 0.000000 1.000000
vt 1.000000 1.000000
s 0
usemtl LeafMat
f 1986/1995/989 1988/1996/989 1989/1997/989 1987/1998/989
f 1988/1996/990 1990/1999/990 1991/2000/990 1989/1997/990
f 1990/1999/991 1992/2001/991 1993/2002/991 1991/2000/991
f 1992/2001/992 1994/2003/992 1995/2004/992 1993/2002/992
f 1994/2003/993 1996/2005/993 1997/2006/993 1995/2004/993
f 1996/2005/994 1998/2007/994 1999/2008/994 1997/2006/994
f 1998/2007/995 2000/2009/995 2001/2010/995 1999/2008/995
f 2000/2009/996 2002/2011/996 2003/2012/996 2001/2010/996
f 2002/2011/997 2004/2013/997 2005/2014/997 2003/2012/997
f 2004/2013/998 2006/2015/998 2007/2016/998 2005/2014/998
f 2006/2015/999 2008/2017/999 2009/2018/999 2007/2016/999
f 2008/2017/1000 2010/2019/1000 2011/2020/1000 2009/2018/1000
f 2010/2019/1001 2012/2021/1001 2013/2022/1001 2011/2020/1001
f 2012/2021/1002 2014/2023/1002 2015/2024/1002 2013/2022/1002
f 2014/2023/1003 2016/2025/1003 2017/2026/1003 2015/2024/1003
f 2016/2025/1004 2018/2027/1004 2019/2028/1004 2017/2026/1004
f 2018/2027/1005 2020/2029/1005 2021/2030/1005 2019/2028/1005
f 2020/2029/1006 2022/2031/1006 2023/2032/1006 2021/2030/1006
f 2022/2031/1007 2024/2033/1007 2025/2034/1007 2023/2032/1007
f 2024/2033/1008 2026/2035/1008 2027/2036/1008 2025/2034/1008
o Leaf_045
v 0.155161 1.111004 -0.003897
v 0.133233 1.113329 0.070311
v 0.198036 1.300011 -0.011888
v 0.168064 1.302992 0.089401
v 0.240502 1.480303 -0.018647
v 0.202602 1.483555 0.109040
v 0.282453 1.651838 -0.023850
v 0.236952 1.655061 0.128905
v 0.323802 1.814631 -0.027185
v 0.271201 1.817495 0.148682
v 0.364470 1.968695 -0.028364
v 0.305429 1.970843 0.168085
v 0.404384 2.114037 -0.027131
v 0.339708 2.115100 0.186856
v 0.443485 2.250657 -0.023263
v 0.374098 2.250264 0.204774
v 0.481726 2.378550 -0.016581
v 0.408646 2.376340 0.221659
v 0.519071 2.497704 -0.006953
v 0.443386 2.493341 0.237379
v 0.555503 2.608100 0.005705
v 0.478337 2.601286 0.251850
v 0.591019 2.709708 0.021427
v 0.513502 2.700204 0.265038
v 0.625630 2.802490 0.040194
v 0.548868 2.790133 0.276962
v 0.659366 2.886395 0.061938
v 0.584408 2.871126 0.287690
v 0.692267 2.961355 0.086542
v 0.620080 2.943249 0.297340
v 0.724383 3.027279 0.113838
v 0.655834 3.006594 0.306078
v 0.755767 3.084044 0.143614
v 0.691618 3.061284 0.314117
v 0.786448 3.131480 0.175601
v 0.727402 3.107488 0.321726
v 0.816406 3.169363 0.209461
v 0.763206 3.145429 0.329244
v 0.845507 3.197443 0.244749
v 0.799166 3.175361 0.337114
v 0.872349 3.215125 0.280147
v 0.836681 3.197876 0.346655
vn -0.9378 0.2007 -0.2834
vn -0.9359 0.2098 -0.2831
vn -0.9337 0.2198 -0.2827
vn -0.9312 0.2307 -0.2823
vn -0.9283 0.2429 -0.2816
vn -0.9249 0.2564 -0.2808
vn -0.9209 0.2714 -0.2797
vn -0.9162 0.2884 -0.2783
vn -0.9105 0.3076 -0.2765
vn -0.9035 0.3294 -0.2741
vn -0.8950 0.3545 -0.2709
vn -0.8843 0.3834 -0.2665
vn -0.8707 0.4171 -0.2607
vn -0.8531 0.4566 -0.2526
vn -0.8299 0.5030 -0.2414
vn -0.7988 0.5578 -0.2254
vn -0.7562 0.6223 -0.2023
vn -0.6972 0.6967 -0.1687
vn -0.6153 0.7791 -0.1197
vn -0.5051 0.8617 -0.0474
vt 0.000000 0.000000
vt 1.000000 0.000000
vt 1.000000 0.050000
vt 0.000000 0.050000
vt 1.000000 0.100000
vt 0.000000 0.100000
vt 1.000000 0.150000
vt 0.000000 0.150000
vt 1.000000 0.200000
vt 0.000000 0.200000
vt 1.000000 0.250000
vt 0.000000 0.250000
vt 1.000000 0.300000
vt 0.000000 0.300000
vt 1.000000 0.350000
vt 0.000000 0.350000
vt 1.000000 0.400000
vt 0.000000 0.400000
vt 1.000000 0.450000
vt 0.000000 0.450000
vt 1.000000 0.500000
vt 0.000000 0.500000
vt 1.000000 0.550000
vt 0.000000 0.550000
vt 1.000000 0.600000
vt 0.000000 0.600000
vt 1.000000 0.650000
vt 0.000000 0.650000
vt 1.000000 0.700000
vt 0.000000 0.700000
vt 1.000000 0.750000
vt 0.000000 0.750000
vt 1.000000 0.800000
vt 0.000000 0.800000
vt 1.000000 0.850000
vt 0.000000 0.850000
vt 1.000000 0.900000
vt 0.000000 0.900000
vt 1.000000 0.950000
vt 0.000000 0.950000
vt 1.000000 1.000000
vt 0.000000 1.000000
s 0
usemtl LeafMat
f 2028/2037/1009 2029/2038/1009 2031/2039/1009 2030/2040/1009
f 2030/2040/1010 2031/2039/1010 2033/2041/1010 2032/2042/1010
f 2032/2042/1011 2033/2041/1011 2035/2043/1011 2034/2044/1011
f 2034/2044/1012 2035/2043/1012 2037/2045/1012 2036/2046/1012
f 2036/2046/1013 2037/2045/1013 2039/2047/1013 2038/2048/1013
f 2038/2048/1014 2039/2047/1014 2041/2049/1014 2040/2050/1014
f 2040/2050/1015 2041/2049/1015 2043/2051/1015 2042/2052/1015
f 2042/2052/1016 2043/2051/1016 2045/2053/1016 2044/2054/1016
f 2044/2054/1017 2045/2053/1017 2047/2055/1017 2046/2056/1017
f 2046/2056/1018 2047/2055/1018 2049/2057/1018 2048/2058/1018
f 2048/2058/1019 2049/2057/1019 2051/2059/1019 2050/2060/1019
f 2050/2060/1020 2051/2059/1020 2053/2061/1020 2052/2062/1020
f 2052/2062/1021 2053/2061/1021 2055/2063/1021 2054/2064/1021
f 2054/2064/1022 2055/2063/1022 2057/2065/1022 2056/2066/1022
f 2056/2066/1023 2057/2065/1023 2059/2067/1023 2058/2068/1023
f 2058/2068/1024 2059/2067/1024 2061/2069/1024 2060/2070/1024
f 2060/2070/1025 2061/2069/1025 2063/2071/1025 2062/2072/1025
f 2062/2072/1026 2063/2071/1026 2065/2073/1026 2064/2074/1026
f 2064/2074/1027 2065/2073/1027 2067/2075/1027 2066/2076/1027
f 2066/2076/1028 2067/2075/1028 2069/2077/1028 2068/2078/1028
o Leaf_046
v 0.062615 1.089574 -0.056087
v 0.021905 1.089610 -0.092131
v 0.140722 1.121143 -0.129304
v 0.084980 1.121125 -0.178308
v 0.218172 1.143747 -0.203354
v 0.147441 1.143608 -0.264625
v 0.294720 1.157342 -0.278323
v 0.209535 1.157104 -0.350994
v 0.370182 1.161908 -0.354347
v 0.271445 1.161633 -0.437280
v 0.444381 1.157427 -0.431543
v 0.333348 1.157212 -0.523367
v 0.517150 1.143889 -0.510000
v 0.395413 1.143852 -0.609164
v 0.588336 1.121293 -0.589790
v 0.457790 1.121554 -0.694602
v 0.657815 1.089646 -0.670959
v 0.520605 1.090311 -0.779632
v 0.725487 1.048962 -0.753533
v 0.583957 1.050108 -0.864229
v 0.791286 0.999261 -0.837522
v 0.647912 1.000927 -0.948383
v 0.855182 0.940563 -0.922915
v 0.712500 0.942746 -1.032106
v 0.917178 0.872890 -1.009684
v 0.777720 0.875544 -1.115426
v 0.977311 0.796260 -1.097781
v 0.843532 0.799302 -1.198388
v 1.035654 0.710689 -1.187145
v 0.909865 0.714006 -1.281057
v 1.092306 0.616188 -1.277694
v 0.976619 0.619643 -1.363512
v 1.147397 0.512762 -1.369334
v 1.043664 0.516209 -1.445849
v 1.201078 0.400415 -1.461954
v 1.110850 0.403700 -1.528177
v 1.253521 0.279142 -1.555434
v 1.178004 0.282120 -1.610617
v 1.304912 0.148939 -1.649646
v 1.244941 0.151474 -1.693299
v 1.355436 0.009824 -1.744435
v 1.311475 0.011744 -1.776376
vn -0.1878 0.9588 0.2131
vn -0.1369 0.9783 0.1556
vn -0.0837 0.9920 0.0946
vn -0.0292 0.9991 0.0312
vn 0.0254 0.9991 -0.0333
vn 0.0790 0.9921 -0.0976
vn 0.1305 0.9784 -0.1603
vn 0.1790 0.9589 -0.2203
vn 0.2239 0.9345 -0.2767
vn 0.2647 0.9065 -0.3289
vn 0.3014 0.8760 -0.3765
vn 0.3340 0.8441 -0.4195
vn 0.3628 0.8115 -0.4581
vn 0.3881 0.7790 -0.4925
vn 0.4102 0.7471 -0.5230
vn 0.4295 0.7162 -0.5501
vn 0.4463 0.6865 -0.5740
vn 0.4609 0.6582 -0.5953
vn 0.4737 0.6313 -0.6141
vn 0.4848 0.6059 -0.6308
vt 0.000000 0.000000
vt 0.000000 0.050000
vt 1.000000 0.050000
vt 1.000000 0.000000
vt 0.000000 0.100000
vt 1.000000 0.100000
vt 0.000000 0.150000
vt 1.000000 0.150000
vt 0.000000 0.200000
vt 1.000000 0.200000
vt 0.000000 0.250000
vt 1.000000 0.250000
vt 0.000000 0.300000
vt 1.000000 0.300000
vt 0.000000 0.350000
vt 1.000000 0.350000
vt 0.000000 0.400000
vt 1.000000 0.400000
vt 0.000000 0.450000
vt 1.000000 0.450000
vt 0.000000 0.500000
vt 1.000000 0.500000
vt 0.000000 0.550000
vt 1.000000 0.550000
vt 0.000000 0.600000
vt 1.000000 0.600000
vt 0.000000 0.650000
vt 1.000000 0.650000
vt 0.000000 0.700000
vt 1.000000 0.700000
vt 0.000000 0.750000
vt 1.000000 0.750000
vt 0.000000 0.800000
vt 1.000000 0.800000
vt 0.000000 0.850000
vt 1.000000 0.850000
vt 0.000000 0.900000
vt 1.000000 0.900000
vt 0.000000 0.950000
vt 1.000000 0.950000
vt 0.000000 1.000000
vt 1.000000 1.000000
s 0
usemtl LeafMat
f 2070/2079/1029 2072/2080/1029 2073/2081/1029 2071/2082/1029
f 2072/2080/1030 2074/2083/1030 2075/2084/1030 2073/2081/1030
f 2074/2083/1031 2076/2085/1031 2077/2086/1031 2075/2084/1031
f 2076/2085/1032 2078/2087/1032 2079/2088/1032 2077/2086/1032
f 2078/2087/1033 2080/2089/1033 2081/2090/1033 2079/2088/1033
f 2080/2089/1034 2082/2091/1034 2083/2092/1034 2081/2090/1034
f 2082/2091/1035 2084/2093/1035 2085/2094/1035 2083/2092/1035
f 2084/2093/1036 2086/2095/1036 2087/2096/1036 2085/2094/1036
f 2086/2095/1037 2088/2097/1037 2089/2098/1037 2087/2096/1037
f 2088/2097/1038 2090/2099/1038 2091/2100/1038 2089/2098/1038
f 2090/2099/1039 2092/2101/1039 2093/2102/1039 2091/2100/1039
f 2092/2101/1040 2094/2103/1040 2095/2104/1040 2093/2102/1040
f 2094/2103/1041 2096/2105/1041 2097/2106/1041 2095/2104/1041
f 2096/2105/1042 2098/2107/1042 2099/2108/1042 2097/2106/1042
f 2098/2107/1043 2100/2109/1043 2101/2110/1043 2099/2108/1043
f 2100/2109/1044 2102/2111/1044 2103/2112/1044 2101/2110/1044
f 2102/2111/1045 2104/2113/1045 2105/2114/1045 2103/2112/1045
f 2104/2113/1046 2106/2115/1046 2107/2116/1046 2105/2114/1046
f 2106/2115/1047 2108/2117/1047 2109/2118/1047 2107/2116/1047
f 2108/2117/1048 2110/2119/1048 2111/2120/1048 2109/2118/1048
o Leaf_047
v -0.103139 1.051302 0.099757
v -0.092277 1.093035 0.025765
v -0.184659 1.132702 0.151782
v -0.171186 1.191121 0.051424
v -0.264681 1.204410 0.202986
v -0.251447 1.281725 0.078199
v -0.343462 1.267132 0.253178
v -0.332798 1.364139 0.106278
v -0.420847 1.321152 0.301997
v -0.415398 1.438080 0.136023
v -0.496736 1.366822 0.349128
v -0.499347 1.503197 0.167749
v -0.571111 1.404558 0.394325
v -0.584659 1.559072 0.201703
v -0.644075 1.434828 0.437430
v -0.671235 1.605239 0.238041
v -0.715871 1.458112 0.478392
v -0.758831 1.641216 0.276816
v -0.786899 1.474855 0.517278
v -0.847046 1.666559 0.317960
v -0.857705 1.485403 0.554269
v -0.935335 1.680922 0.361292
v -0.928932 1.489940 0.589645
v -1.023054 1.684122 0.406533
v -1.001247 1.488448 0.623745
v -1.109537 1.676176 0.453342
v -1.075255 1.480708 0.656935
v -1.194179 1.657302 0.501355
v -1.151420 1.466335 0.689559
v -1.276515 1.627887 0.550227
v -1.230017 1.444839 0.721919
v -1.356271 1.588419 0.599657
v -1.311120 1.415699 0.754260
v -1.433373 1.539421 0.649397
v -1.394615 1.378417 0.786775
v -1.507933 1.481390 0.699258
v -1.480246 1.332554 0.819611
v -1.580210 1.414765 0.749091
v -1.567646 1.277754 0.852886
v -1.650570 1.339901 0.798778
v -1.656926 1.213205 0.886963
v -1.718902 1.257612 0.847956
vn 0.7627 0.5091 0.3989
vn 0.7398 0.5338 0.4096
vn 0.7134 0.5596 0.4218
vn 0.6829 0.5861 0.4360
vn 0.6479 0.6129 0.4522
vn 0.6081 0.6392 0.4709
vn 0.5631 0.6640 0.4919
vn 0.5130 0.6864 0.5154
vn 0.4583 0.7050 0.5412
vn 0.3998 0.7187 0.5690
vn 0.3387 0.7264 0.5980
vn 0.2766 0.7276 0.6277
vn 0.2152 0.7223 0.6572
vn 0.1562 0.7108 0.6858
vn 0.1009 0.6941 0.7127
vn 0.0501 0.6734 0.7376
vn 0.0044 0.6497 0.7602
vn -0.0362 0.6243 0.7804
vn -0.0718 0.5981 0.7982
vn -0.1027 0.5717 0.8140
vt 0.000000 0.000000
vt 1.000000 0.000000
vt 1.000000 0.050000
vt 0.000000 0.050000
vt 1.000000 0.100000
vt 0.000000 0.100000
vt 1.000000 0.150000
vt 0.000000 0.150000
vt 1.000000 0.200000
vt 0.000000 0.200000
vt 1.000000 0.250000
vt 0.000000 0.250000
vt 1.000000 0.300000
vt 0.000000 0.300000
vt 1.000000 0.350000
vt 0.000000 0.350000
vt 1.000000 0.400000
vt 0.000000 0.400000
vt 1.000000 0.450000
vt 0.000000 0.450000
vt 1.000000 0.500000
vt 0.000000 0.500000
vt 1.000000 0.550000
vt 0.000000 0.550000
vt 1.000000 0.600000
vt 0.000000 0.600000
vt 1.000000 0.650000
vt 0.000000 0.650000
vt 1.000000 0.700000
vt 0.000000 0.700000
vt 1.000000 0.750000
vt 0.000000 0.750000
vt 1.000000 0.800000
vt 0.000000 0.800000
vt 1.000000 0.850000
vt 0.000000 0.850000
vt 1.000000 0.900000
vt 0.000000 0.900000
vt 1.000000 0.950000
vt 0.000000 0.950000
vt 1.000000 1.000000
vt 0.000000 1.000000
s 0
usemtl LeafMat
f 2112/2121/1049 2113/2122/1049 2115/2123/1049 2114/2124/1049
f 2114/2124/1050 2115/2123/1050 2117/2125/1050 2116/2126/1050
f 2116/2126/1051 2117/2125/1051 2119/2127/1051 2118/2128/1051
f 2118/2128/1052 2119/2127/1052 2121/2129/1052 2120/2130/1052
f 2120/2130/1053 2121/2129/1053 2123/2131/1053 2122/2132/1053
f 2122/2132/1054 2123/2131/1054 2125/2133/1054 2124/2134/1054
f 2124/2134/1055 2125/2133/1055 2127/2135/1055 2126/2136/1055
f 2126/2136/1056 2127/2135/1056 2129/2137/1056 2128/2138/1056
f 2128/2138/1057 2129/2137/1057 2131/2139/1057 2130/2140/1057
f 2130/2140/1058 2131/2139/1058 2133/2141/1058 2132/2142/1058
f 2132/2142/1059 2133/2141/1059 2135/2143/1059 2134/2144/1059
f 2134/2144/1060 2135/2143/1060 2137/2145/1060 2136/2146/1060
f 2136/2146/1061 2137/2145/1061 2139/2147/1061 2138/2148/1061
f 2138/2148/1062 2139/2147/1062 2141/2149/1062 2140/2150/1062
f 2140/2150/1063 2141/2149/1063 2143/2151/1063 2142/2152/1063
f 2142/2152/1064 2143/2151/1064 2145/2153/1064 2144/2154/1064
f 2144/2154/1065 2145/2153/1065 2147/2155/1065 2146/2156/1065
f 2146/2156/1066 2147/2155/1066 2149/2157/1066 2148/2158/1066
f 2148/2158/1067 2149/2157/1067 2151/2159/1067 2150/2160/1067
f 2150/2160/1068 2151/2159/1068 2153/2161/1068 2152/2162/1068
o Leaf_048
v 0.028563 1.072338 -0.138154
v -0.039121 1.082772 -0.135621
v 0.049739 1.151369 -0.236243
v -0.042635 1.165753 -0.232965
v 0.069697 1.220592 -0.334140
v -0.046733 1.239068 -0.330507
v 0.088148 1.280111 -0.431876
v -0.051123 1.302615 -0.428215
v 0.104809 1.329986 -0.529431
v -0.055526 1.356331 -0.526109
v 0.119425 1.370287 -0.626795
v -0.059683 1.400149 -0.624200
v 0.131766 1.401082 -0.723973
v -0.063367 1.433999 -0.722480
v 0.141637 1.422439 -0.820993
v -0.066382 1.457814 -0.820925
v 0.148883 1.434416 -0.917896
v -0.068572 1.471537 -0.919491
v 0.153391 1.437051 -1.014745
v -0.069825 1.475127 -1.018116
v 0.155089 1.430362 -1.111608
v -0.070069 1.468569 -1.116733
v 0.153953 1.414343 -1.208555
v -0.069280 1.451867 -1.215271
v 0.150006 1.388966 -1.305643
v -0.067481 1.425050 -1.313672
v 0.143317 1.354186 -1.402918
v -0.064741 1.388163 -1.411892
v 0.133999 1.309950 -1.500404
v -0.061172 1.341258 -1.509906
v 0.122208 1.256202 -1.598109
v -0.056932 1.284393 -1.607706
v 0.108141 1.192884 -1.696026
v -0.052216 1.217624 -1.705299
v 0.092026 1.119941 -1.794137
v -0.047254 1.141006 -1.802704
v 0.074124 1.037323 -1.892415
v -0.042305 1.054590 -1.899945
v 0.054715 0.944984 -1.990831
v -0.037650 0.958423 -1.997056
v 0.034092 0.842836 -2.089386
v -0.033581 0.852591 -2.094031
vn 0.1404 0.7560 0.6394
vn 0.1445 0.7939 0.5907
vn 0.1486 0.8320 0.5346
vn 0.1527 0.8692 0.4703
vn 0.1566 0.9041 0.3975
vn 0.1603 0.9350 0.3163
vn 0.1635 0.9599 0.2276
vn 0.1660 0.9771 0.1328
vn 0.1677 0.9852 0.0342
vn 0.1686 0.9835 -0.0654
vn 0.1685 0.9721 -0.1630
vn 0.1676 0.9520 -0.2560
vn 0.1659 0.9248 -0.3424
vn 0.1637 0.8923 -0.4208
vn 0.1611 0.8563 -0.4907
vn 0.1583 0.8185 -0.5522
vn 0.1554 0.7803 -0.6058
vn 0.1524 0.7426 -0.6521
vn 0.1494 0.7062 -0.6921
vn 0.1466 0.6713 -0.7265
vt 0.000000 0.000000
vt 0.000000 0.050000
vt 1.000000 0.050000
vt 1.000000 0.000000
vt 0.000000 0.100000
vt 1.000000 0.100000
vt 0.000000 0.150000
vt 1.000000 0.150000
vt 0.000000 0.200000
vt 1.000000 0.200000
vt 0.000000 0.250000
vt 1.000000 0.250000
vt 0.000000 0.300000
vt 1.000000 0.300000
vt 0.000000 0.350000
vt 1.000000 0.350000
vt 0.000000 0.400000
vt 1.000000 0.400000
vt 0.000000 0.450000
vt 1.000000 0.450000
vt 0.000000 0.500000
vt 1.000000 0.500000
vt 0.000000 0.550000
vt 1.000000 0.550000
vt 0.000000 0.600000
vt 1.000000 0.600000
vt 0.000000 0.650000
vt 1.000000 0.650000
vt 0.000000 0.700000
vt 1.000000 0.700000
vt 0.000000 0.750000
vt 1.000000 0.750000
vt 0.000000 0.800000
vt 1.000000 0.800000
vt 0.000000 0.850000
vt 1.000000 0.850000
vt 0.000000 0.900000
vt 1.000000 0.900000
vt 0.000000 0.950000
vt 1.000000 0.950000
vt 0.000000 1.000000
vt 1.000000 1.000000
s 0
usemtl LeafMat
f 2154/2163/1069 2156/2164/1069 2157/2165/1069 2155/2166/1069
f 2156/2164/1070 2158/2167/1070 2159/2168/1070 2157/2165/1070
f 2158/2167/1071 2160/2169/1071 2161/2170/1071 2159/2168/1071
f 2160/2169/1072 2162/2171/1072 2163/2172/1072 2161/2170/1072
f 2162/2171/1073 2164/2173/1073 2165/2174/1073 2163/2172/1073
f 2164/2173/1074 2166/2175/1074 2167/2176/1074 2165/2174/1074
f 2166/2175/1075 2168/2177/1075 2169/2178/1075 2167/2176/1075
f 2168/2177/1076 2170/2179/1076 2171/2180/1076 2169/2178/1076
f 2170/2179/1077 2172/2181/1077 2173/2182/1077 2171/2180/1077
f 2172/2181/1078 2174/2183/1078 2175/2184/1078 2173/2182/1078
f 2174/2183/1079 2176/2185/1079 2177/2186/1079 2175/2184/1079
f 2176/2185/1080 2178/2187/1080 2179/2188/1080 2177/2186/1080
f 2178/2187/1081 2180/2189/1081 2181/2190/1081 2179/2188/1081
f 2180/2189/1082 2182/2191/1082 2183/2192/1082 2181/2190/1082
f 2182/2191/1083 2184/2193/1083 2185/2194/1083 2183/2192/1083
f 2184/2193/1084 2186/2195/1084 2187/2196/1084 2185/2194/1084
f 2186/2195/1085 2188/2197/1085 2189/2198/1085 2187/2196/1085
f 2188/2197/1086 2190/2199/1086 2191/2200/1086 2189/2198/1086
f 2190/2199/1087 2192/2201/1087 2193/2202/1087 2191/2200/1087
f 2192/2201/1088 2194/2203/1088 2195/2204/1088 2193/2202/1088
o Leaf_049
v 0.079597 1.049018 0.057715
v 0.050165 1.092708 0.028871
v 0.177775 1.135635 0.111528
v 0.139037 1.196693 0.072899
v 0.274398 1.211375 0.164443
v 0.229495 1.291927 0.117762
v 0.369672 1.276973 0.216507
v 0.321334 1.377676 0.163414
v 0.463379 1.332741 0.267552
v 0.414773 1.453629 0.210024
v 0.555374 1.379058 0.317452
v 0.509957 1.519405 0.257715
v 0.645614 1.416358 0.366140
v 0.606928 1.574572 0.306556
v 0.734189 1.445110 0.413625
v 0.705595 1.618660 0.356539
v 0.821342 1.465774 0.459998
v 0.805717 1.651209 0.407572
v 0.907470 1.478748 0.505437
v 0.906896 1.671821 0.459475
v 0.993101 1.484312 0.550198
v 1.008605 1.680216 0.511996
v 1.078840 1.482581 0.594581
v 1.110237 1.676280 0.564832
v 1.165298 1.473479 0.638900
v 1.211183 1.660088 0.617669
v 1.253018 1.456757 0.683444
v 1.310899 1.631888 0.670220
v 1.342415 1.432032 0.728445
v 1.408971 1.592065 0.722252
v 1.433743 1.398844 0.774063
v 1.505144 1.541078 0.773604
v 1.527092 1.356714 0.820385
v 1.599328 1.479407 0.824190
v 1.622405 1.305189 0.867427
v 1.691580 1.407503 0.873993
v 1.719508 1.243870 0.915156
v 1.782074 1.325767 0.923048
v 1.818143 1.172426 0.963498
v 1.871070 1.234528 0.971428
v 1.918493 1.090101 1.012603
v 1.958382 1.134544 1.018982
vn -0.5722 0.1473 0.8068
vn -0.5649 0.1546 0.8105
vn -0.5566 0.1621 0.8148
vn -0.5472 0.1698 0.8196
vn -0.5364 0.1773 0.8251
vn -0.5242 0.1846 0.8313
vn -0.5107 0.1912 0.8382
vn -0.4959 0.1969 0.8458
vn -0.4799 0.2014 0.8539
vn -0.4631 0.2044 0.8624
vn -0.4458 0.2056 0.8712
vn -0.4285 0.2050 0.8800
vn -0.4117 0.2027 0.8885
vn -0.3956 0.1988 0.8966
vn -0.3807 0.1936 0.9042
vn -0.3670 0.1875 0.9111
vn -0.3548 0.1807 0.9173
vn -0.3438 0.1735 0.9229
vn -0.3342 0.1661 0.9277
vn -0.3259 0.1587 0.9320
vt 0.000000 0.000000
vt 0.000000 0.050000
vt 1.000000 0.050000
vt 1.000000 0.000000
vt 0.000000 0.100000
vt 1.000000 0.100000
vt 0.000000 0.150000
vt 1.000000 0.150000
vt 0.000000 0.200000
vt 1.000000 0.200000
vt 0.000000 0.250000
vt 1.000000 0.250000
vt 0.000000 0.300000
vt 1.000000 0.300000
vt 0.000000 0.350000
vt 1.000000 0.350000
vt 0.000000 0.400000
vt 1.000000 0.400000
vt 0.000000 0.450000
vt 1.000000 0.450000
vt 0.000000 0.500000
vt 1.000000 0.500000
vt 0.000000 0.550000
vt 1.000000 0.550000
vt 0.000000 0.600000
vt 1.000000 0.600000
vt 0.000000 0.650000
vt 1.000000 0.650000
vt 0.000000 0.700000
vt 1.000000 0.700000
vt 0.000000 0.750000
vt 1.000000 0.750000
vt 0.000000 0.800000
vt 1.000000 0.800000
vt 0.000000 0.850000
vt 1.000000 0.850000
vt 0.000000 0.900000
vt 1.000000 0.900000
vt 0.000000 0.950000
vt 1.000000 0.950000
vt 0.000000 1.000000
vt 1.000000 1.000000
s 0
usemtl LeafMat
f 2196/2205/1089 2198/2206/1089 2199/2207/1089 2197/2208/1089
f 2198/2206/1090 2200/2209/1090 2201/2210/1090 2199/2207/1090
f 2200/2209/1091 2202/2211/1091 2203/2212/1091 2201/2210/1091
f 2202/2211/1092 2204/2213/1092 2205/2214/1092 2203/2212/1092
f 2204/2213/1093 2206/2215/1093 2207/2216/1093 2205/2214/1093
f 2206/2215/1094 2208/2217/1094 2209/2218/1094 2207/2216/1094
f 2208/2217/1095 2210/2219/1095 2211/2220/1095 2209/2218/1095
f 2210/2219/1096 2212/2221/1096 2213/2222/1096 2211/2220/1096
f 2212/2221/1097 2214/2223/1097 2215/2224/1097 2213/2222/1097
f 2214/2223/1098 2216/2225/1098 2217/2226/1098 2215/2224/1098
f 2216/2225/1099 2218/2227/1099 2219/2228/1099 2217/2226/1099
f 2218/2227/1100 2220/2229/1100 2221/2230/1100 2219/2228/1100
f 2220/2229/1101 2222/2231/1101 2223/2232/1101 2221/2230/1101
f 2222/2231/1102 2224/2233/1102 2225/2234/1102 2223/2232/1102
f 2224/2233/1103 2226/2235/1103 2227/2236/1103 2225/2234/1103
f 2226/2235/1104 2228/2237/1104 2229/2238/1104 2227/2236/1104
f 2228/2237/1105 2230/2239/1105 2231/2240/1105 2229/2238/1105
f 2230/2239/1106 2232/2241/1106 2233/2242/1106 2231/2240/1106
f 2232/2241/1107 2234/2243/1107 2235/2244/1107 2233/2242/1107
f 2234/2243/1108 2236/2245/1108 2237/2246/1108 2235/2244/1108
